num_poliza,nombre_producto,riesgo,sexo,moneda,fecha nacimiento,fecha inicio,fecha fin,gastos_adm,monto prima,suma_asegurada
c-02010007310620033093,producto02,Vida grupo particular,F,PEN,1951-03-03,2021-06-30,2025-07-04,0.1,60.0,1200.0
c-02010012739870033085,producto02,Vida grupo particular,F,PEN,1965-07-10,2021-06-28,2025-07-02,0.1,87.0,1185.0
c-02010018338770033089,producto02,Vida grupo particular,F,PEN,1949-01-25,2021-06-30,2025-07-04,0.1,32.0,1000.0
c-02010022357720033089,producto02,Vida grupo particular,M,PEN,1952-03-16,2021-06-30,2027-07-05,0.1,101.0,1500.0
c-02010044258230033081,producto02,Vida grupo particular,F,PEN,1953-06-06,2021-06-28,2025-07-02,0.1,15.0,1300.0
c-02010060125410033087,producto02,Vida grupo particular,F,PEN,1969-08-19,2021-06-30,2025-07-05,0.1,204.0,3640.0
c-02010067705750033087,producto02,Vida grupo particular,F,PEN,1974-06-09,2021-06-30,2026-07-17,0.1,30.0,500.0
c-02010071369110033083,producto02,Vida grupo particular,F,PEN,1957-06-29,2021-06-28,2025-07-02,0.1,181.0,2035.0
c-02010071798140033094,producto02,Vida grupo particular,F,PEN,1950-07-26,2021-06-30,2026-04-04,0.1,110.0,1780.0
c-02010074668420033081,producto02,Vida grupo particular,F,PEN,1960-09-12,2021-06-28,2025-07-02,0.1,107.0,1850.0
c-02010074934730033082,producto02,Vida grupo particular,F,PEN,1966-05-23,2021-06-28,2025-07-02,0.1,80.0,1200.0
c-02010081529120033091,producto02,Vida grupo particular,F,PEN,1940-12-18,2021-06-30,2025-07-24,0.1,108.0,2025.0
c-02010086061340033094,producto02,Vida grupo particular,F,PEN,1956-10-31,2021-06-30,2025-07-04,0.1,311.0,3640.0
c-02010086593510033094,producto02,Vida grupo particular,F,PEN,1942-12-11,2021-06-30,2026-07-04,0.1,4.0,1000.0
c-02010088949440033083,producto02,Vida grupo particular,F,PEN,1978-11-27,2021-06-28,2026-02-02,0.1,130.0,1685.0
c-02010095216500033091,producto02,Vida grupo particular,F,PEN,1946-06-01,2021-06-30,2027-07-05,0.1,1.0,1300.0
c-02010115048180033083,producto02,Vida grupo particular,F,PEN,1967-08-11,2021-06-28,2027-07-26,0.1,174.0,3000.0
c-02010117125110033081,producto02,Vida grupo particular,M,PEN,1970-09-13,2021-06-28,2025-07-03,0.1,45.0,1000.0
c-02010121187530033089,producto02,Vida grupo particular,M,PEN,1967-06-23,2021-06-30,2026-07-04,0.1,161.0,2385.0
c-02010153276760033084,producto02,Vida grupo particular,M,PEN,1983-11-22,2021-06-28,2027-07-02,0.1,59.0,1350.0
c-02010153603010033093,producto02,Vida grupo particular,M,PEN,1960-06-25,2021-06-30,2027-07-05,0.1,79.0,1150.0
c-02010156926620033094,producto02,Vida grupo particular,M,PEN,1951-04-18,2021-06-30,2025-01-09,0.1,43.0,1080.0
c-02010158747050033089,producto02,Vida grupo particular,M,PEN,1972-10-09,2021-06-30,2026-07-10,0.1,29.0,400.0
c-02010162789940033080,producto02,Vida grupo particular,M,PEN,1979-03-17,2021-06-28,2027-07-26,0.1,25.0,1505.0
c-02010165035350033092,producto02,Vida grupo particular,M,PEN,1948-10-11,2021-06-30,2025-07-04,0.1,134.0,1500.1
c-02010166500550033093,producto02,Vida grupo particular,M,PEN,1967-07-01,2021-06-30,2025-07-04,0.1,74.0,1900.0
c-02010179713450033086,producto02,Vida grupo particular,F,PEN,1949-11-09,2021-06-28,2027-07-10,0.1,61.0,800.0
c-02010183129850033091,producto02,Vida grupo particular,F,PEN,1982-01-04,2021-06-30,2026-07-04,0.1,24.0,3000.0
c-02010188017120033090,producto02,Vida grupo particular,F,PEN,1969-10-04,2021-06-30,2025-07-04,0.1,46.0,1200.0
c-02010195451300033093,producto02,Vida grupo particular,F,PEN,1908-12-17,2021-06-30,2027-07-05,0.1,118.0,1900.0
c-02010198799930033082,producto02,Vida grupo particular,F,PEN,1958-09-26,2021-06-28,2027-07-02,0.1,51.0,1850.0
c-02010199677810033083,producto02,Vida grupo particular,F,PEN,1943-04-05,2021-06-28,2025-07-12,0.1,27.0,2950.0
c-02010200155780033089,producto02,Vida grupo particular,F,PEN,1980-05-10,2021-06-30,2026-07-04,0.1,193.0,3000.0
c-02010214732000033084,producto 03,Vida grupo particular,F,PEN,1949-06-28,2026-06-28,2025-07-02,0.1,107.0,2000.0
c-02010216371080033087,producto02,Vida grupo particular,F,PEN,1974-07-22,2021-06-30,2027-07-03,0.1,47.0,1050.0
c-02010218209870033090,producto02,Vida grupo particular,F,PEN,1983-05-27,2021-06-30,2025-07-30,0.1,31.0,3000.0
c-02010224069050033083,producto02,Vida grupo particular,F,PEN,1957-02-09,2021-06-28,2025-07-02,0.1,10.0,1350.0
c-02010227782360033090,producto02,Vida grupo particular,F,PEN,1984-04-05,2021-06-30,2025-07-04,0.1,22.0,550.0
c-02010228533320033085,producto02,Vida grupo particular,F,PEN,1957-09-16,2021-06-28,2026-01-02,0.1,151.0,2295.0
c-02010231210190033081,producto02,Vida grupo particular,F,PEN,1950-05-18,2021-06-28,2025-07-02,0.1,47.0,1185.0
c-02010244942030033092,producto02,Vida grupo particular,F,PEN,1971-12-07,2021-06-30,2025-07-04,0.1,44.0,3000.0
c-02010250863510033084,producto02,Vida grupo particular,F,PEN,1966-07-07,2021-06-28,2027-07-05,0.1,221.0,2600.0
c-02010250919830033082,producto02,Vida grupo particular,F,PEN,1965-09-15,2021-06-28,2025-07-02,0.1,44.0,3000.0
c-02010251960320033081,producto02,Vida grupo particular,F,PEN,1945-04-14,2021-06-28,2025-07-02,0.1,21.0,350.0
c-02010253766620033083,producto02,Vida grupo particular,F,PEN,1978-01-15,2021-06-28,2027-07-02,0.1,40.0,1050.0
c-02010264665530033085,producto02,Vida grupo particular,F,PEN,1965-08-23,2021-06-28,2025-07-10,0.1,49.0,950.0
c-02010266573170033091,producto02,Vida grupo particular,F,PEN,1973-04-25,2021-06-30,2027-07-05,0.1,230.0,3000.0
c-02010285462910033091,producto02,Vida grupo particular,F,PEN,1950-11-18,2021-06-30,2025-07-04,0.1,10.0,1850.0
c-02010287661700033083,producto02,Vida grupo particular,F,PEN,1970-03-05,2021-06-28,2027-07-02,0.1,5.0,1250.0
c-02010294005530033088,producto02,Vida grupo particular,F,PEN,1968-03-13,2021-06-30,2027-07-05,0.1,45.0,1850.0
c-02010294759730033092,producto02,Vida grupo particular,F,PEN,1972-11-06,2021-06-30,2027-07-16,0.1,54.0,1250.0
c-02010296035750033080,producto02,Vida grupo particular,F,PEN,1975-12-14,2021-06-28,2025-07-03,0.1,39.0,950.0
c-02010298499230033083,producto02,Vida grupo particular,F,PEN,1966-05-16,2021-06-28,2025-07-02,0.1,42.0,2000.0
c-02010300995310033093,producto02,Vida grupo particular,F,PEN,1980-02-11,2021-06-30,2027-07-27,0.1,21.0,950.0
c-02010302754070033084,producto02,Vida grupo particular,F,PEN,1975-01-19,2021-06-28,2027-07-03,0.1,2.0,365.0
c-02010304896160033083,producto02,Vida grupo particular,F,PEN,1974-10-19,2021-06-28,2026-07-03,0.1,41.0,1050.0
c-02010309093510033081,producto02,Vida grupo particular,F,PEN,1957-09-28,2021-06-28,2027-07-05,0.1,58.0,1350.0
c-02010314845300033084,producto02,Vida grupo particular,F,PEN,1953-02-07,2021-06-28,2027-07-02,0.1,46.0,960.0
c-02010315514180033094,producto02,Vida grupo particular,F,PEN,1963-01-30,2021-06-30,2025-07-04,0.1,137.0,2800.0
c-02010317733510033088,producto 03,Vida grupo particular,F,PEN,1949-01-17,2027-06-30,2025-07-04,0.1,92.0,1185.0
c-02010318253060033085,producto02,Vida grupo particular,F,PEN,1961-03-31,2021-06-28,2026-07-27,0.1,137.0,2800.0
c-02010319961710033089,producto02,Vida grupo particular,F,PEN,1965-05-05,2021-06-30,2026-07-09,0.1,59.0,1000.0
c-02010321892210033089,producto02,Vida grupo particular,F,PEN,1946-11-09,2021-06-30,2026-07-04,0.1,159.0,1850.0
c-02010322723630033085,producto02,Vida grupo particular,F,PEN,1971-01-19,2021-06-28,2026-07-02,0.1,97.0,1700.0
c-02010324334630033084,producto02,Vida grupo particular,F,PEN,1965-04-19,2021-06-28,2027-07-02,0.1,81.0,3000.0
c-02010325381710033086,producto02,Vida grupo particular,F,PEN,1941-01-21,2021-06-28,2025-07-16,0.1,26.0,900.0
c-02010325586260033086,producto02,Vida grupo particular,F,PEN,1983-11-20,2021-06-28,2027-07-02,0.1,93.0,2500.0
c-02010332561710033089,producto02,Vida grupo particular,F,PEN,1966-12-08,2021-06-30,2026-07-04,0.1,11.0,1850.0
c-02010332867800033091,producto02,Vida grupo particular,F,PEN,1962-09-19,2021-06-30,2027-07-05,0.1,126.0,1400.0
c-02010334208800033081,producto02,Vida grupo particular,F,PEN,1965-10-15,2021-06-28,2026-07-02,0.1,8.0,1000.0
c-02010337475800033088,producto02,Vida grupo particular,F,PEN,1953-09-28,2021-06-30,2026-07-30,0.1,38.0,1890.0
c-02010337936820033090,producto02,Vida grupo particular,F,PEN,1944-06-18,2021-06-30,2026-07-14,0.1,31.0,700.0
c-02010340814080033083,producto02,Vida grupo particular,F,PEN,1963-03-15,2021-06-28,2025-07-02,0.1,109.0,1890.0
c-02010346646910033094,producto02,Vida grupo particular,F,PEN,1973-01-17,2021-06-30,2026-07-20,0.1,147.0,1755.0
c-02010347473540033084,producto02,Vida grupo particular,F,PEN,1958-01-17,2021-06-28,2025-07-02,0.1,82.0,2200.0
c-02010349123330033082,producto02,Vida grupo particular,F,PEN,1970-12-10,2021-06-28,2026-02-02,0.1,181.0,2023.0
c-02010351084520033092,producto02,Vida grupo particular,F,PEN,1976-08-08,2021-06-30,2025-07-04,0.1,30.0,500.1
c-02010352854730033088,producto02,Vida grupo particular,F,PEN,1951-11-24,2021-06-30,2026-02-10,0.1,182.0,2800.0
c-02010357558400033094,producto02,Vida grupo particular,F,PEN,1960-06-02,2021-06-30,2025-07-04,0.1,10.0,800.0
c-02010358533010033084,producto02,Vida grupo particular,F,PEN,1961-09-19,2021-06-28,2024-11-02,0.1,77.0,1790.0
c-02010367138720033092,producto02,Vida grupo particular,F,PEN,1970-09-14,2021-06-30,2027-07-05,0.1,92.0,1965.0
c-02010370742410033091,producto02,Vida grupo particular,F,PEN,1952-06-11,2021-06-30,2025-07-10,0.1,65.0,2000.0
c-02010371602630033093,producto02,Vida grupo particular,F,PEN,1964-08-13,2021-06-30,2026-07-04,0.1,75.0,1045.0
c-02010375843920033086,producto02,Vida grupo particular,F,PEN,1981-06-15,2021-06-28,2025-07-02,0.1,23.0,950.0
c-02010377946460033084,producto02,Vida grupo particular,F,PEN,1953-01-03,2021-06-28,2025-07-02,0.1,70.0,800.0
c-02010389443510033095,producto02,Vida grupo particular,F,PEN,1956-08-25,2021-06-30,2025-07-04,0.1,26.0,1850.0
c-02010391568500033091,producto02,Vida grupo particular,F,PEN,1947-10-25,2021-06-30,2025-03-04,0.1,78.0,1050.0
c-02010391877110033087,producto02,Vida grupo particular,F,PEN,1967-09-13,2021-06-30,2027-07-05,0.1,8.0,865.0
c-02010394177960033082,producto02,Vida grupo particular,F,PEN,1957-04-12,2021-06-28,2025-07-02,0.1,17.0,1050.0
c-02010394397830033085,producto02,Vida grupo particular,F,PEN,1975-09-14,2021-06-28,2025-07-12,0.1,23.0,3000.0
c-02010395825500033081,producto02,Vida grupo particular,F,PEN,1904-03-04,2021-06-28,2027-07-09,0.1,37.0,515.0
c-02010396110800033094,producto02,Vida grupo particular,F,PEN,1965-09-02,2021-06-30,2025-07-07,0.1,79.0,1300.1
c-02010398408140033095,producto02,Vida grupo particular,F,PEN,1977-01-06,2021-06-30,2025-07-10,0.1,2.0,950.0
c-02010401409550033085,producto02,Vida grupo particular,F,PEN,1964-09-18,2021-06-28,2026-07-02,0.1,5.0,2085.0
c-02010401643640033095,producto02,Vida grupo particular,F,PEN,1991-03-19,2021-06-30,2025-07-04,0.1,24.0,1150.0
c-02010405461530033089,producto02,Vida grupo particular,F,PEN,1963-09-19,2021-06-30,2026-07-04,0.1,87.0,1350.0
c-02010408726100033092,producto02,Vida grupo particular,F,PEN,1947-01-20,2021-06-30,2025-07-30,0.1,300.0,3845.0
c-02010410110030033091,producto02,Vida grupo particular,F,PEN,1975-02-03,2021-06-30,2025-07-19,0.1,153.0,1800.0
c-02010410203270033091,producto02,Vida grupo particular,F,PEN,1954-07-22,2021-06-30,2025-07-04,0.1,72.0,1350.0
c-02010412172650033083,producto02,Vida grupo particular,F,PEN,1946-06-21,2021-06-28,2025-07-02,0.1,253.0,3000.0
c-02010414749010033085,producto02,Vida grupo particular,F,PEN,1949-12-31,2021-06-28,2026-07-02,0.1,90.0,1850.0
c-02010415061740033082,producto02,Vida grupo particular,F,PEN,1942-09-06,2021-06-28,2025-07-02,0.1,119.0,2730.0
c-02010415451710033082,producto02,Vida grupo particular,F,PEN,1970-08-08,2021-06-28,2025-07-02,0.1,70.0,1100.0
c-02010419500810033088,producto02,Vida grupo particular,F,PEN,1970-12-13,2021-06-30,2027-07-05,0.1,39.0,1400.0
c-02010420572710033084,producto02,Vida grupo particular,F,PEN,1953-04-04,2021-06-28,2025-07-02,0.1,83.0,1050.0
c-02010421766020033086,producto02,Vida grupo particular,F,PEN,1991-12-26,2021-06-28,2027-07-03,0.1,90.0,1050.0
c-02010426716830033093,producto02,Vida grupo particular,F,PEN,1955-09-16,2021-06-30,2026-07-04,0.1,147.0,1950.0
c-02010428927050033083,producto02,Vida grupo particular,F,PEN,1946-08-05,2021-06-28,2027-07-17,0.1,109.0,1305.0
c-02010430028020033086,producto02,Vida grupo particular,F,PEN,1952-11-27,2021-06-28,2027-07-02,0.1,5.0,1029.9
c-02010431008570033090,producto02,Vida grupo particular,F,PEN,1992-03-28,2021-06-30,2027-07-05,0.1,68.0,950.0
c-02010431237350033090,producto02,Vida grupo particular,F,PEN,1951-06-16,2021-06-30,2025-07-04,0.1,23.0,1050.0
c-02010431472070033088,producto02,Vida grupo particular,F,PEN,1961-03-14,2021-06-30,2025-07-04,0.1,19.0,500.0
c-02010432480970033085,producto02,Vida grupo particular,F,PEN,1967-11-23,2021-06-28,2027-07-02,0.1,262.0,3000.0
c-02010435967930033089,producto02,Vida grupo particular,F,PEN,1960-07-17,2021-06-30,2025-07-04,0.1,16.0,1850.0
c-02010436040200033083,producto02,Vida grupo particular,F,PEN,1965-10-23,2021-06-28,2027-07-10,0.1,100.0,2500.0
c-02010440611840033088,producto02,Vida grupo particular,F,PEN,1992-12-09,2021-06-30,2025-07-02,0.1,75.0,1050.0
c-02010441912810033083,producto02,Vida grupo particular,F,PEN,1963-10-07,2021-06-28,2026-07-02,0.1,32.0,1850.0
c-02010442450720033087,producto02,Vida grupo particular,F,PEN,1977-08-11,2021-06-30,2025-07-02,0.1,59.0,720.0
c-02010445069900033088,producto02,Vida grupo particular,F,PEN,1949-07-28,2021-06-30,2025-07-16,0.1,13.0,600.0
c-02010445555110033084,producto02,Vida grupo particular,F,PEN,1970-02-17,2021-06-28,2025-07-02,0.1,8.0,1000.0
c-02010445632760033083,producto02,Vida grupo particular,F,PEN,1965-04-07,2021-06-28,2027-07-02,0.1,93.0,1575.0
c-02010447542310033087,producto02,Vida grupo particular,M,PEN,1964-06-20,2021-06-30,2027-07-05,0.1,38.0,1200.0
c-02010448566220033082,producto02,Vida grupo particular,M,PEN,1973-11-30,2021-06-28,2027-07-03,0.1,93.0,1050.0
c-02010448741360033081,producto02,Vida grupo particular,M,PEN,1963-01-28,2021-06-28,2026-07-02,0.1,21.0,1400.0
c-02010448865020033080,producto02,Vida grupo particular,M,PEN,1975-05-21,2021-06-28,2025-07-02,0.1,35.0,800.0
c-02010454192120033090,producto02,Vida grupo particular,M,PEN,1957-08-05,2021-06-30,2027-07-06,0.1,31.0,1050.0
c-02010454379140033094,producto02,Vida grupo particular,M,PEN,1972-03-09,2021-06-30,2026-07-25,0.1,112.0,1755.0
c-02010455225950033081,producto02,Vida grupo particular,M,PEN,1966-06-05,2021-06-28,2026-07-02,0.1,8.0,3000.0
c-02010455415940033094,producto02,Vida grupo particular,M,PEN,1968-12-05,2021-06-30,2026-07-04,0.1,42.0,550.0
c-02010457569010033092,producto02,Vida grupo particular,F,PEN,1961-06-19,2021-06-30,2027-07-07,0.1,63.0,1660.0
c-02010457843820033091,producto02,Vida grupo particular,F,PEN,1990-09-21,2021-06-30,2025-07-11,0.1,74.0,950.0
c-02010458165260033087,producto02,Vida grupo particular,F,PEN,1985-07-23,2021-06-30,2027-07-05,0.1,3.0,1060.0
c-02010459911530033080,producto02,Vida grupo particular,F,PEN,1971-07-20,2021-06-28,2026-07-02,0.1,109.0,2000.0
c-02010462489620033082,producto02,Vida grupo particular,F,PEN,1958-11-06,2021-06-28,2025-07-03,0.1,17.0,1020.0
c-02010464357350033091,producto02,Vida grupo particular,F,PEN,1958-08-08,2021-06-30,2026-07-06,0.1,158.0,1850.0
c-02010464752110033094,producto02,Vida grupo particular,F,PEN,1980-04-05,2021-06-30,2026-07-04,0.1,42.0,900.0
c-02010464868010033087,producto02,Vida grupo particular,F,PEN,1978-04-01,2021-06-30,2027-07-03,0.1,41.0,640.0
c-02010464945230033082,producto02,Vida grupo particular,F,PEN,1960-02-14,2021-06-28,2025-07-21,0.1,126.0,1850.0
c-02010466191460033090,producto02,Vida grupo particular,F,PEN,1951-04-14,2021-06-30,2027-07-05,0.1,19.0,1850.0
c-02010466341670033094,producto02,Vida grupo particular,F,PEN,1991-05-20,2021-06-30,2025-07-04,0.1,70.0,1365.0
c-02010468506440033083,producto02,Vida grupo particular,F,PEN,1967-02-14,2021-06-28,2027-07-06,0.1,26.0,320.0
c-02010470084610033090,producto02,Vida grupo particular,F,PEN,1952-10-30,2021-06-30,2026-07-04,0.1,90.0,3000.0
c-02010471972700033084,producto02,Vida grupo particular,F,PEN,1990-05-09,2021-06-28,2025-07-02,0.1,21.0,1060.0
c-02010474636070033090,producto02,Vida grupo particular,F,PEN,1988-01-21,2021-06-30,2026-07-17,0.1,77.0,1000.0
c-02010476777350033092,producto02,Vida grupo particular,F,PEN,1971-10-02,2021-06-30,2027-07-05,0.1,149.0,1850.0
c-02010484779160033089,producto02,Vida grupo particular,F,PEN,1976-09-13,2021-06-30,2025-07-04,0.1,45.0,1050.0
c-02010486575830033090,producto02,Vida grupo particular,F,PEN,1971-11-02,2021-06-30,2026-07-04,0.1,73.0,2000.0
c-02010501854320033089,producto02,Vida grupo particular,F,PEN,1980-06-05,2021-06-30,2025-07-21,0.1,19.0,1100.0
c-02010502011010033082,producto02,Vida grupo particular,F,PEN,1987-06-06,2021-06-28,2026-07-10,0.1,46.0,1250.0
c-02010502045480033091,producto02,Vida grupo particular,F,PEN,1985-07-22,2021-06-30,2025-07-18,0.1,18.0,200.0
c-02010502046560033088,producto02,Vida grupo particular,F,PEN,1974-11-20,2021-06-30,2027-07-30,0.1,34.0,600.0
c-02010502076350033080,producto02,Vida grupo particular,F,PEN,1953-03-01,2021-06-28,2025-07-02,0.1,96.0,1500.0
c-02010502081030033080,producto02,Vida grupo particular,F,PEN,1975-01-31,2021-06-28,2025-07-25,0.1,31.0,1000.0
c-02010502081210033081,producto02,Vida grupo particular,F,PEN,1984-09-01,2021-06-28,2025-07-02,0.1,60.0,950.0
c-02010502083910033088,producto02,Vida grupo particular,F,PEN,1974-05-24,2021-06-30,2025-07-09,0.1,51.0,1000.0
c-02010502084540033082,producto02,Vida grupo particular,F,PEN,1985-09-04,2021-06-28,2025-07-02,0.1,25.0,950.0
c-02010502085080033081,producto02,Vida grupo particular,F,PEN,1953-04-22,2021-06-28,2027-07-02,0.1,6.0,650.0
c-02010502085710033081,producto02,Vida grupo particular,F,PEN,1980-08-29,2021-06-28,2025-07-02,0.1,62.0,1150.0
c-02010502090570033084,producto02,Vida grupo particular,F,PEN,1984-09-17,2021-06-28,2025-07-17,0.1,9.0,700.1
c-02010502091020033081,producto02,Vida grupo particular,F,PEN,1981-04-25,2021-06-28,2025-07-02,0.1,28.0,950.0
c-02010502097140033094,producto02,Vida grupo particular,F,PEN,1992-03-17,2021-06-30,2025-07-07,0.1,4.0,1100.0
c-02010502111090033083,producto02,Vida grupo particular,F,PEN,1956-01-16,2021-06-28,2025-07-02,0.1,25.0,440.0
c-02010502112260033084,producto02,Vida grupo particular,F,PEN,1985-09-14,2021-06-28,2027-07-27,0.1,84.0,950.0
c-02010502116220033084,producto02,Vida grupo particular,F,PEN,1959-01-26,2021-06-28,2025-07-03,0.1,3.0,900.1
c-02010502123600033085,producto02,Vida grupo particular,F,PEN,1969-09-15,2021-06-28,2025-07-02,0.1,41.0,950.0
c-02010502129810033086,producto02,Vida grupo particular,F,PEN,1984-04-10,2021-06-28,2026-06-27,0.1,40.0,845.0
c-02010502135750033089,producto02,Vida grupo particular,F,PEN,1957-02-10,2021-06-30,2025-07-09,0.1,8.0,1300.0
c-02010502143670033093,producto02,Vida grupo particular,F,PEN,1958-11-12,2021-06-30,2026-07-04,0.1,1.0,500.0
c-02010502145740033090,producto02,Vida grupo particular,F,PEN,1977-08-01,2021-06-30,2026-07-06,0.1,2.0,500.0
c-02010502152310033089,producto02,Vida grupo particular,F,PEN,1988-03-10,2021-06-30,2025-07-04,0.1,10.0,600.0
c-02010502158160033093,producto02,Vida grupo particular,F,PEN,1964-04-14,2021-06-30,2025-07-10,0.1,90.0,1100.0
c-02010502168060033093,producto02,Vida grupo particular,F,PEN,1953-06-07,2021-06-30,2027-07-05,0.1,61.0,850.0
c-02010502172110033091,producto02,Vida grupo particular,F,PEN,1966-05-14,2021-06-30,2025-07-04,0.1,21.0,850.0
c-02010502175260033091,producto02,Vida grupo particular,F,PEN,1943-10-04,2021-06-30,2026-07-04,0.1,103.0,1300.0
c-02010502178500033093,producto02,Vida grupo particular,F,PEN,1978-02-28,2021-06-30,2025-07-05,0.1,24.0,700.0
c-02010502181740033094,producto02,Vida grupo particular,F,PEN,1984-05-29,2021-06-30,2025-01-04,0.1,20.0,1325.0
c-02010502195960033094,producto02,Vida grupo particular,F,PEN,1985-07-22,2021-06-30,2027-07-09,0.1,19.0,315.0
c-02010502197040033095,producto02,Vida grupo particular,F,PEN,1943-02-08,2021-06-30,2025-07-30,0.1,58.0,850.0
c-6701003023350,producto 01,Vida grupo particular,F,PEN,1977-02-10,2019-10-18,2024-10-18,0.1,83.0,1400.0
c-6701003037634,producto 01,Vida grupo particular,F,PEN,1995-07-09,2019-11-04,2024-12-04,0.1,232.0,2700.0
c-6701003053068,producto 01,Vida grupo particular,F,PEN,1974-04-22,2019-11-16,2024-07-16,0.1,31.0,3000.0
c-6701003069858,producto 01,Vida grupo particular,F,PEN,1946-09-27,2019-12-02,2024-12-02,0.1,150.0,3160.0
c-6701003070036,producto 01,Vida grupo particular,F,PEN,1959-04-05,2019-12-02,2024-12-02,0.1,5.0,2200.0
c-6701003070441,producto 01,Vida grupo particular,F,PEN,1969-03-18,2019-12-02,2024-12-02,0.1,28.0,1500.0
c-6701003070688,producto 01,Vida grupo particular,F,PEN,1944-09-20,2019-12-03,2024-12-03,0.1,127.0,2570.0
c-6701003070836,producto 01,Vida grupo particular,F,PEN,1948-09-26,2019-12-03,2024-12-03,0.1,55.0,2575.0
c-6701003070934,producto 01,Vida grupo particular,F,PEN,1977-10-26,2019-12-03,2024-12-03,0.1,115.0,1800.0
c-6701003071226,producto 01,Vida grupo particular,F,PEN,1946-11-16,2019-12-03,2024-12-03,0.1,211.0,2500.0
c-6701003071255,producto 01,Vida grupo particular,F,PEN,1940-03-12,2019-12-03,2024-12-03,0.1,28.0,1120.0
c-6701003071363,producto 01,Vida grupo particular,F,PEN,1948-04-10,2019-12-03,2024-12-03,0.1,138.0,2150.0
c-6701003071717,producto 01,Vida grupo particular,F,PEN,1972-09-18,2019-12-03,2024-12-03,0.1,63.0,1500.0
c-6701003071769,producto 01,Vida grupo particular,F,PEN,1949-02-01,2019-12-03,2024-12-03,0.1,137.0,1650.0
c-6701003071846,producto 01,Vida grupo particular,F,PEN,1940-04-02,2019-12-03,2024-12-03,0.1,157.0,2410.0
c-6701003072024,producto 01,Vida grupo particular,F,PEN,1967-07-12,2019-12-03,2024-12-03,0.1,159.0,2800.0
c-6701003072041,producto 01,Vida grupo particular,F,PEN,1953-09-08,2019-12-04,2024-12-04,0.1,196.0,4000.0
c-6701003072079,producto 01,Vida grupo particular,F,PEN,1952-11-05,2019-12-04,2024-12-04,0.1,138.0,2700.0
c-6701003072220,producto 01,Vida grupo particular,F,PEN,1956-05-29,2019-12-04,2024-12-04,0.1,100.0,1300.0
c-6701003072230,producto 01,Vida grupo particular,F,PEN,1950-03-11,2019-12-04,2024-12-04,0.1,191.0,2715.0
c-6701003072543,producto 01,Vida grupo particular,F,PEN,1977-10-05,2019-12-04,2024-12-04,0.1,141.0,1800.0
c-6701003072861,producto 01,Vida grupo particular,F,PEN,1951-04-12,2019-12-04,2024-12-04,0.1,162.0,2200.0
c-6701003072876,producto 01,Vida grupo particular,F,PEN,1946-08-23,2019-12-04,2024-12-04,0.1,32.0,2200.0
c-6701003073198,producto 01,Vida grupo particular,F,PEN,1943-01-08,2019-12-04,2024-12-04,0.1,34.0,800.0
c-6701003073264,producto 01,Vida grupo particular,F,PEN,1965-02-16,2019-12-04,2024-12-04,0.1,153.0,2000.0
c-6701003073573,producto 01,Vida grupo particular,F,PEN,1967-08-07,2019-12-05,2024-12-05,0.1,133.0,2000.0
c-6701003073656,producto 01,Vida grupo particular,F,PEN,1964-08-27,2019-12-05,2024-12-05,0.1,4.0,1000.1
c-6701003073667,producto 01,Vida grupo particular,F,PEN,1943-02-16,2019-12-05,2024-12-05,0.1,46.0,1650.0
c-6701003073687,producto 01,Vida grupo particular,F,PEN,1962-03-24,2019-12-05,2024-12-05,0.1,105.0,1200.0
c-6701003073818,producto 01,Vida grupo particular,F,PEN,1971-07-21,2019-12-05,2024-12-05,0.1,202.0,2900.0
c-6701003073820,producto 01,Vida grupo particular,F,PEN,1941-10-12,2019-12-05,2024-12-05,0.1,61.0,800.0
c-6701003073910,producto 01,Vida grupo particular,F,PEN,1952-09-11,2019-12-05,2024-12-05,0.1,152.0,3500.0
c-6701003073983,producto 01,Vida grupo particular,F,PEN,1963-05-04,2019-12-05,2024-12-05,0.1,46.0,2200.0
c-6701003074263,producto 01,Vida grupo particular,F,PEN,1949-12-18,2019-12-05,2024-12-05,0.1,112.0,1600.0
c-6701003074274,producto 01,Vida grupo particular,F,PEN,1965-08-17,2019-12-05,2024-12-05,0.1,88.0,2000.0
c-6701003074274,producto 01,Vida grupo particular,F,PEN,1965-08-17,2019-12-05,2024-12-09,0.1,58.0,2000.0
c-6701003074314,producto 01,Vida grupo particular,F,PEN,1964-08-03,2019-12-05,2024-12-05,0.1,161.0,2300.0
c-6701003075070,producto 01,Vida grupo particular,F,PEN,1941-12-19,2019-12-06,2024-12-06,0.1,52.0,1200.0
c-6701003075187,producto 01,Vida grupo particular,F,PEN,1940-04-17,2019-12-06,2024-12-06,0.1,1.0,1000.0
c-6701003075193,producto 01,Vida grupo particular,F,PEN,1941-06-30,2019-12-06,2024-12-06,0.1,263.0,3000.0
c-6701003075199,producto 01,Vida grupo particular,F,PEN,1958-03-11,2019-12-06,2024-12-06,0.1,176.0,2800.0
c-6701003075203,producto 01,Vida grupo particular,F,PEN,1957-08-18,2019-12-06,2024-12-06,0.1,164.0,2780.0
c-6701003075304,producto 01,Vida grupo particular,F,PEN,1943-01-25,2019-12-06,2024-12-06,0.1,12.0,1000.0
c-6701003075380,producto 01,Vida grupo particular,F,PEN,1967-06-20,2019-12-06,2024-12-06,0.1,21.0,1500.0
c-6701003075464,producto 01,Vida grupo particular,F,PEN,1973-06-14,2019-12-06,2024-12-06,0.1,70.0,1900.0
c-6701003075904,producto 01,Vida grupo particular,F,PEN,1978-07-25,2019-12-06,2024-12-06,0.1,171.0,2105.0
c-6701003075976,producto 01,Vida grupo particular,F,PEN,1988-07-20,2019-12-06,2024-12-06,0.1,71.0,1400.0
c-6701003075992,producto 01,Vida grupo particular,F,PEN,1968-11-17,2019-12-06,2024-12-06,0.1,43.0,3500.0
c-6701003076034,producto 01,Vida grupo particular,F,PEN,1943-12-19,2019-12-06,2024-12-06,0.1,169.0,3640.0
c-6701003076040,producto 01,Vida grupo particular,F,PEN,1942-04-13,2019-12-06,2024-12-06,0.1,2.0,1765.0
c-6701003076536,producto 01,Vida grupo particular,F,PEN,1975-01-13,2019-12-07,2024-12-07,0.1,142.0,1855.0
c-6701003076541,producto 01,Vida grupo particular,F,PEN,1949-05-18,2019-12-07,2024-12-07,0.1,165.0,2200.0
c-6701003076558,producto 01,Vida grupo particular,F,PEN,1976-10-05,2019-12-07,2024-12-07,0.1,17.0,1230.0
c-6701003076572,producto 01,Vida grupo particular,F,PEN,1961-08-04,2019-12-07,2024-12-07,0.1,15.0,1800.0
c-6701003076635,producto 01,Vida grupo particular,F,PEN,1971-12-26,2019-12-07,2024-12-07,0.1,81.0,1300.0
c-6701003076677,producto 01,Vida grupo particular,F,PEN,1939-04-17,2019-12-07,2024-12-07,0.1,73.0,3200.0
c-6701003076719,producto 01,Vida grupo particular,F,PEN,1975-02-20,2019-12-07,2024-12-07,0.1,16.0,1045.0
c-6701003076821,producto 01,Vida grupo particular,F,PEN,1981-09-30,2019-12-07,2024-12-07,0.1,123.0,1900.0
c-6701003076829,producto 01,Vida grupo particular,F,PEN,1963-01-07,2019-12-07,2024-12-07,0.1,277.0,3200.0
c-6701003076918,producto 01,Vida grupo particular,F,PEN,1945-06-14,2019-12-07,2024-12-07,0.1,3.0,2200.0
c-6701003077152,producto 01,Vida grupo particular,F,PEN,1952-04-08,2019-12-07,2024-12-07,0.1,63.0,700.0
c-6701003077422,producto 01,Vida grupo particular,F,PEN,1960-10-27,2019-12-09,2024-12-09,0.1,165.0,2200.0
c-6701003077554,producto 01,Vida grupo particular,F,PEN,1970-11-30,2019-12-09,2024-12-09,0.1,28.0,2000.0
c-6701003077598,producto 01,Vida grupo particular,F,PEN,1981-02-26,2019-12-09,2024-12-09,0.1,38.0,1000.0
c-6701003077764,producto 01,Vida grupo particular,F,PEN,1963-10-13,2019-12-09,2024-11-09,0.1,21.0,250.0
c-6701003077823,producto 01,Vida grupo particular,F,PEN,1966-12-24,2019-12-09,2024-12-09,0.1,42.0,2200.0
c-6701003077938,producto 01,Vida grupo particular,F,PEN,1941-08-30,2019-12-09,2024-12-09,0.1,68.0,1500.0
c-6701003078105,producto 01,Vida grupo particular,F,PEN,1968-07-16,2019-12-09,2024-12-09,0.1,54.0,3000.0
c-6701003078241,producto 01,Vida grupo particular,F,PEN,1956-06-09,2019-12-09,2024-12-09,0.1,62.0,1500.0
c-6701003078271,producto 01,Vida grupo particular,F,PEN,1950-12-26,2019-12-09,2024-12-09,0.1,148.0,2900.0
c-6701003078430,producto 01,Vida grupo particular,F,PEN,1962-08-30,2019-12-09,2024-12-09,0.1,228.0,2900.0
c-6701003078477,producto 01,Vida grupo particular,F,PEN,1984-07-11,2019-12-09,2024-12-09,0.1,6.0,400.0
c-6701003078615,producto 01,Vida grupo particular,F,PEN,1968-12-24,2019-12-09,2024-12-09,0.1,48.0,4000.0
c-6701003078755,producto 01,Vida grupo particular,F,PEN,1973-10-09,2019-12-10,2024-12-10,0.1,139.0,1900.0
c-6701003078791,producto 01,Vida grupo particular,F,PEN,1946-11-07,2019-12-10,2024-12-10,0.1,191.0,2200.0
c-6701003079248,producto 01,Vida grupo particular,F,PEN,1956-03-24,2019-12-10,2024-12-10,0.1,136.0,2500.0
c-6701003079586,producto 01,Vida grupo particular,F,PEN,1968-01-20,2019-12-10,2024-12-10,0.1,29.0,800.0
c-6701003079711,producto 01,Vida grupo particular,F,PEN,1958-07-11,2019-12-10,2024-12-10,0.1,92.0,2200.0
c-6701003079802,producto 01,Vida grupo particular,F,PEN,1970-07-12,2019-12-10,2024-12-10,0.1,19.0,2700.0
c-6701003079840,producto 01,Vida grupo particular,F,PEN,1956-01-08,2019-12-10,2024-12-10,0.1,19.0,2200.0
c-6701003079918,producto 01,Vida grupo particular,F,PEN,1956-08-04,2019-12-10,2024-12-10,0.1,35.0,1300.0
c-6701003080069,producto 01,Vida grupo particular,F,PEN,1975-09-17,2019-12-11,2024-12-11,0.1,10.0,900.0
c-6701003080112,producto 01,Vida grupo particular,F,PEN,1952-12-15,2019-12-11,2024-12-11,0.1,5.0,200.0
c-6701003080204,producto 01,Vida grupo particular,F,PEN,1970-04-10,2019-12-11,2024-12-11,0.1,260.0,3000.0
c-6701003080226,producto 01,Vida grupo particular,F,PEN,1964-07-30,2019-12-11,2024-12-11,0.1,236.0,3640.0
c-6701003080264,producto 01,Vida grupo particular,F,PEN,1943-09-01,2019-12-11,2024-12-11,0.1,136.0,1530.0
c-6701003080290,producto 01,Vida grupo particular,F,PEN,1945-03-05,2019-12-11,2024-12-11,0.1,193.0,3200.0
c-6701003080426,producto 01,Vida grupo particular,F,PEN,1977-03-11,2019-12-11,2024-12-11,0.1,23.0,800.0
c-6701003080466,producto 01,Vida grupo particular,F,PEN,1975-07-01,2019-12-11,2024-12-11,0.1,79.0,2820.0
c-6701003080494,producto 01,Vida grupo particular,F,PEN,1971-02-17,2019-12-11,2024-12-11,0.1,162.0,2465.0
c-6701003080552,producto 01,Vida grupo particular,F,PEN,1954-09-26,2019-12-11,2024-12-11,0.1,93.0,1500.0
c-6701003080569,producto 01,Vida grupo particular,F,PEN,1952-01-28,2019-12-11,2024-12-11,0.1,137.0,2000.0
c-6701003081356,producto 01,Vida grupo particular,F,PEN,1977-04-13,2019-12-12,2024-12-12,0.1,34.0,900.0
c-6701003081458,producto 01,Vida grupo particular,F,PEN,1946-01-12,2019-12-12,2024-12-12,0.1,69.0,1200.0
c-6701003081507,producto 01,Vida grupo particular,F,PEN,1971-04-22,2019-12-12,2024-12-12,0.1,122.0,1500.0
c-6701003081534,producto 01,Vida grupo particular,F,PEN,1975-10-29,2019-12-12,2024-12-12,0.1,39.0,1300.1
c-6701003081610,producto 01,Vida grupo particular,F,PEN,1979-10-18,2019-12-12,2024-12-12,0.1,68.0,1400.0
c-6701003081616,producto 01,Vida grupo particular,F,PEN,1978-09-22,2019-12-12,2024-12-12,0.1,47.0,1500.1
c-6701003081684,producto 01,Vida grupo particular,M,PEN,1954-02-12,2019-12-12,2024-12-12,0.1,35.0,1400.0
c-6701003081804,producto 01,Vida grupo particular,M,PEN,1974-04-29,2019-12-12,2024-12-12,0.1,233.0,2600.0
c-6701003081918,producto 01,Vida grupo particular,M,PEN,1941-11-19,2019-12-12,2024-12-12,0.1,14.0,1500.0
c-6701003081961,producto 01,Vida grupo particular,M,PEN,1987-08-15,2019-12-12,2024-12-12,0.1,6.0,1000.0
c-6701003082013,producto 01,Vida grupo particular,M,PEN,1970-07-28,2019-12-12,2024-12-12,0.1,88.0,1000.0
c-6701003082401,producto 01,Vida grupo particular,M,PEN,1971-12-08,2019-12-12,2024-12-12,0.1,129.0,2400.0
c-6701003082461,producto 01,Vida grupo particular,M,PEN,1960-02-25,2019-12-12,2024-12-12,0.1,20.0,600.0
c-6701003082654,producto 01,Vida grupo particular,M,PEN,1967-02-06,2019-12-13,2024-12-13,0.1,147.0,2020.0
c-6701003082721,producto 01,Vida grupo particular,M,PEN,1958-06-08,2019-12-13,2024-12-13,0.1,163.0,3640.0
c-6701003082808,producto 01,Vida grupo particular,M,PEN,1947-06-02,2019-12-13,2024-12-13,0.1,152.0,2300.0
c-6701003082849,producto 01,Vida grupo particular,M,PEN,1981-03-26,2019-12-13,2024-12-13,0.1,24.0,700.0
c-6701003082937,producto 01,Vida grupo particular,M,PEN,1968-11-13,2019-12-13,2024-12-13,0.1,133.0,2500.0
c-6701003083021,producto 01,Vida grupo particular,M,PEN,1941-02-01,2019-12-13,2024-12-13,0.1,128.0,2660.0
c-6701003083077,producto 01,Vida grupo particular,F,PEN,1953-04-08,2019-12-13,2024-12-13,0.1,34.0,1100.1
c-6701003083172,producto 01,Vida grupo particular,F,PEN,1957-03-14,2019-12-13,2024-12-13,0.1,39.0,1100.0
c-6701003083184,producto 01,Vida grupo particular,F,PEN,1946-05-06,2019-12-13,2024-12-13,0.1,13.0,2300.0
c-6701003083233,producto 01,Vida grupo particular,F,PEN,1982-09-05,2019-12-13,2024-12-13,0.1,40.0,1040.0
c-6701003083254,producto 01,Vida grupo particular,F,PEN,1968-05-16,2019-12-13,2024-12-13,0.1,182.0,3500.0
c-6701003083265,producto 01,Vida grupo particular,F,PEN,1982-06-07,2019-12-13,2024-12-13,0.1,229.0,2900.0
c-6701003083271,producto 01,Vida grupo particular,F,PEN,1950-06-20,2019-12-13,2024-12-13,0.1,13.0,2000.0
c-6701003083274,producto 01,Vida grupo particular,F,PEN,1975-04-07,2019-12-13,2024-12-13,0.1,176.0,2700.0
c-6701003083531,producto 01,Vida grupo particular,F,PEN,1964-02-06,2019-12-13,2024-12-13,0.1,118.0,1600.0
c-6701003083537,producto 01,Vida grupo particular,F,PEN,1955-04-27,2019-12-13,2024-05-13,0.1,103.0,1600.0
c-6701003083804,producto 01,Vida grupo particular,F,PEN,1968-03-05,2019-12-14,2024-12-14,0.1,272.0,3700.0
c-6701003083925,producto 01,Vida grupo particular,F,PEN,1958-08-26,2019-12-14,2024-12-14,0.1,7.0,1840.0
c-6701003083976,producto 01,Vida grupo particular,F,PEN,1944-06-05,2019-12-14,2024-12-14,0.1,69.0,2800.0
c-6701003084030,producto 01,Vida grupo particular,F,PEN,1948-01-20,2019-12-14,2024-12-14,0.1,70.0,1500.0
c-6701003084049,producto 01,Vida grupo particular,F,PEN,1947-12-13,2019-12-14,2024-12-14,0.1,34.0,900.0
c-6701003084261,producto 01,Vida grupo particular,F,PEN,1991-01-05,2019-12-14,2024-12-14,0.1,35.0,400.0
c-6701003084526,producto 01,Vida grupo particular,F,PEN,1946-12-30,2019-12-14,2024-12-14,0.1,103.0,1630.0
c-6701003084531,producto 01,Vida grupo particular,F,PEN,1960-12-23,2019-12-14,2024-12-14,0.1,174.0,4000.0
c-6701003084541,producto 01,Vida grupo particular,F,PEN,1983-11-14,2019-12-14,2024-12-14,0.1,81.0,1445.0
c-6701003084668,producto 01,Vida grupo particular,F,PEN,1988-02-03,2019-12-16,2024-12-16,0.1,7.0,1000.0
c-6701003084756,producto 01,Vida grupo particular,F,PEN,1942-07-09,2019-12-16,2024-12-16,0.1,43.0,560.0
c-6701003084778,producto 01,Vida grupo particular,F,PEN,1940-11-18,2019-12-16,2024-12-16,0.1,59.0,2500.0
c-6701003084873,producto 01,Vida grupo particular,F,PEN,1960-05-31,2019-12-16,2024-12-16,0.1,88.0,1440.0
c-6701003085033,producto 01,Vida grupo particular,F,PEN,1960-04-06,2019-12-16,2024-12-16,0.1,58.0,2000.0
c-6701003085091,producto 01,Vida grupo particular,F,PEN,1967-09-24,2019-12-16,2024-12-16,0.1,356.0,4000.0
c-6701003085104,producto 01,Vida grupo particular,F,PEN,1954-11-24,2019-12-16,2024-12-16,0.1,4.0,1280.0
c-6701003085161,producto 01,Vida grupo particular,F,PEN,1963-09-07,2019-12-16,2024-12-16,0.1,21.0,1000.0
c-6701003085188,producto 01,Vida grupo particular,F,PEN,1980-02-09,2019-12-16,2024-12-16,0.1,103.0,1900.0
c-6701003085376,producto 01,Vida grupo particular,F,PEN,1974-05-15,2019-12-16,2024-12-16,0.1,7.0,865.0
c-6701003085492,producto 01,Vida grupo particular,F,PEN,1982-10-04,2019-12-16,2024-12-16,0.1,22.0,1250.0
c-6701003085557,producto 01,Vida grupo particular,F,PEN,1962-05-26,2019-12-16,2024-12-16,0.1,5.0,1405.0
c-6701003085638,producto 01,Vida grupo particular,F,PEN,1955-07-06,2019-12-16,2024-12-16,0.1,225.0,2770.0
c-6701003085732,producto 01,Vida grupo particular,F,PEN,1977-05-22,2019-12-16,2024-12-16,0.1,38.0,2000.0
c-6701003086037,producto 01,Vida grupo particular,F,PEN,1950-08-26,2019-12-17,2024-12-17,0.1,114.0,2300.0
c-6701003086126,producto 01,Vida grupo particular,F,PEN,1942-09-13,2019-12-17,2024-12-17,0.1,43.0,720.0
c-6701003086218,producto 01,Vida grupo particular,F,PEN,1961-06-14,2019-12-17,2024-12-17,0.1,65.0,1400.0
c-6701003086321,producto 01,Vida grupo particular,F,PEN,1985-02-27,2019-12-17,2024-12-17,0.1,77.0,2200.0
c-6701003086526,producto 01,Vida grupo particular,F,PEN,1949-02-28,2019-12-17,2024-12-17,0.1,90.0,1500.0
c-6701003086653,producto 01,Vida grupo particular,F,PEN,1986-10-09,2019-12-17,2024-12-17,0.1,3.0,1100.0
c-6701003086994,producto 01,Vida grupo particular,F,PEN,1991-11-24,2019-12-17,2024-12-17,0.1,36.0,1250.0
c-6701003087247,producto 01,Vida grupo particular,F,PEN,1963-01-01,2019-12-18,2024-12-18,0.1,49.0,1500.0
c-6701003087422,producto 01,Vida grupo particular,F,PEN,1948-04-02,2019-12-18,2024-12-18,0.1,59.0,1200.0
c-6701003087480,producto 01,Vida grupo particular,F,PEN,1940-01-27,2019-12-18,2024-12-18,0.1,20.0,1200.0
c-6701003087504,producto 01,Vida grupo particular,F,PEN,1967-03-08,2019-12-18,2024-12-18,0.1,131.0,1900.0
c-6701003087569,producto 01,Vida grupo particular,F,PEN,1952-05-16,2019-12-18,2024-12-18,0.1,153.0,3200.0
c-6701003087569,producto 01,Vida grupo particular,F,PEN,1952-05-16,2019-12-18,2024-12-23,0.1,75.0,3200.0
c-6701003087581,producto 01,Vida grupo particular,F,PEN,1965-11-30,2019-12-18,2024-12-18,0.1,25.0,1655.0
c-6701003087586,producto 01,Vida grupo particular,F,PEN,1944-07-17,2019-12-18,2024-12-18,0.1,136.0,3185.0
c-6701003087668,producto 01,Vida grupo particular,F,PEN,1975-05-21,2019-12-18,2024-12-18,0.1,87.0,3000.0
c-6701003087751,producto 01,Vida grupo particular,F,PEN,1976-10-30,2019-12-18,2024-12-18,0.1,42.0,1365.0
c-6701003087811,producto 01,Vida grupo particular,F,PEN,1944-05-31,2019-12-18,2024-12-18,0.1,151.0,3080.0
c-6701003087828,producto 01,Vida grupo particular,F,PEN,1958-09-26,2019-12-18,2024-12-18,0.1,163.0,2650.0
c-6701003087915,producto 01,Vida grupo particular,F,PEN,1991-08-16,2019-12-18,2024-12-18,0.1,42.0,505.0
c-6701003087920,producto 01,Vida grupo particular,F,PEN,1970-08-21,2019-12-18,2024-12-18,0.1,1.0,1100.0
c-6701003088077,producto 01,Vida grupo particular,F,PEN,1972-06-11,2019-12-18,2024-12-18,0.1,130.0,2800.0
c-6701003088082,producto 01,Vida grupo particular,F,PEN,1944-04-23,2019-12-18,2024-12-18,0.1,34.0,999.9
c-6701003088236,producto 01,Vida grupo particular,F,PEN,1949-06-30,2019-12-18,2024-12-18,0.1,37.0,800.0
c-6701003088386,producto 01,Vida grupo particular,F,PEN,1982-10-07,2019-12-19,2024-12-19,0.1,5.0,942.0
c-6701003088455,producto 01,Vida grupo particular,F,PEN,1948-07-07,2019-12-19,2024-12-19,0.1,165.0,3200.0
c-6701003088456,producto 01,Vida grupo particular,F,PEN,1942-05-27,2019-12-19,2024-12-19,0.1,41.0,2200.0
c-6701003088569,producto 01,Vida grupo particular,F,PEN,1985-08-30,2019-12-19,2024-12-19,0.1,17.0,900.0
c-6701003088595,producto 01,Vida grupo particular,F,PEN,1962-04-19,2019-12-19,2024-12-19,0.1,104.0,2715.0
c-6701003088703,producto 01,Vida grupo particular,F,PEN,1982-02-23,2019-12-19,2024-12-19,0.1,90.0,1400.0
c-6701003088795,producto 01,Vida grupo particular,F,PEN,1976-02-07,2019-12-19,2024-12-19,0.1,124.0,3075.0
c-6701003088826,producto 01,Vida grupo particular,F,PEN,1945-06-01,2019-12-19,2024-12-19,0.1,28.0,600.0
c-6701003088927,producto 01,Vida grupo particular,F,PEN,1969-08-01,2019-12-19,2024-12-19,0.1,27.0,3500.0
c-6701003088939,producto 01,Vida grupo particular,F,PEN,1966-02-18,2019-12-19,2024-12-19,0.1,38.0,1940.0
c-6701003088995,producto 01,Vida grupo particular,F,PEN,1963-01-28,2019-12-19,2024-12-19,0.1,188.0,3000.0
c-6701003089232,producto 01,Vida grupo particular,F,PEN,1957-10-23,2019-12-19,2024-12-19,0.1,160.0,2900.0
c-6701003089282,producto 01,Vida grupo particular,F,PEN,1971-12-01,2019-12-19,2024-12-19,0.1,199.0,2625.0
c-6701003089325,producto 01,Vida grupo particular,F,PEN,1960-09-24,2019-12-19,2024-12-19,0.1,102.0,2275.0
c-6701003089433,producto 01,Vida grupo particular,F,PEN,1948-08-13,2019-12-19,2024-12-19,0.1,102.0,2000.0
c-6701003089463,producto 01,Vida grupo particular,F,PEN,1947-06-06,2019-12-19,2024-12-19,0.1,9.0,1000.0
c-6701003089483,producto 01,Vida grupo particular,F,PEN,1972-11-07,2019-12-19,2024-12-19,0.1,295.0,3500.0
c-6701003089511,producto 01,Vida grupo particular,F,PEN,1969-04-09,2019-12-19,2024-12-19,0.1,166.0,2900.0
c-6701003089536,producto 01,Vida grupo particular,F,PEN,1986-06-01,2019-12-19,2024-12-19,0.1,19.0,800.0
c-6701003089808,producto 01,Vida grupo particular,F,PEN,1954-10-08,2019-12-20,2024-12-20,0.1,110.0,1300.0
c-6701003089818,producto 01,Vida grupo particular,F,PEN,1951-02-27,2019-12-20,2024-12-20,0.1,17.0,1500.0
c-6701003089891,producto 01,Vida grupo particular,F,PEN,1955-05-02,2019-12-20,2024-12-20,0.1,38.0,450.0
c-6701003090071,producto 01,Vida grupo particular,F,PEN,1968-09-01,2019-12-20,2024-12-20,0.1,202.0,2500.0
c-6701003090286,producto 01,Vida grupo particular,F,PEN,1954-01-04,2019-12-20,2024-12-20,0.1,34.0,3400.0
c-6701003090294,producto 01,Vida grupo particular,F,PEN,1968-09-10,2019-12-20,2024-12-20,0.1,67.0,1435.0
c-6701003090355,producto 01,Vida grupo particular,F,PEN,1946-02-21,2019-12-20,2024-12-20,0.1,6.0,500.1
c-6701003090390,producto 01,Vida grupo particular,F,PEN,1980-02-01,2019-12-20,2024-12-20,0.1,4.0,920.0
c-6701003090698,producto 01,Vida grupo particular,F,PEN,1955-05-24,2019-12-20,2024-12-20,0.1,246.0,2755.0
c-6701003090827,producto 01,Vida grupo particular,F,PEN,1968-05-28,2019-12-21,2024-12-21,0.1,261.0,3500.0
c-6701003090980,producto 01,Vida grupo particular,F,PEN,1943-10-10,2019-12-21,2024-12-21,0.1,254.0,3000.0
c-6701003091046,producto 01,Vida grupo particular,F,PEN,1965-04-06,2019-12-21,2024-12-21,0.1,81.0,2500.0
c-6701003091232,producto 01,Vida grupo particular,F,PEN,1950-04-15,2019-12-21,2024-12-21,0.1,3.0,535.0
c-6701003091259,producto 01,Vida grupo particular,F,PEN,1958-04-10,2019-12-21,2024-12-21,0.1,166.0,4000.0
c-6701003091488,producto 01,Vida grupo particular,F,PEN,1950-09-09,2019-12-21,2024-12-21,0.1,15.0,1000.0
c-6701003091523,producto 01,Vida grupo particular,F,PEN,1956-06-27,2019-12-23,2024-12-23,0.1,159.0,2050.0
c-6701003091566,producto 01,Vida grupo particular,F,PEN,1981-07-07,2019-12-23,2024-12-23,0.1,21.0,1400.0
c-6701003091613,producto 01,Vida grupo particular,F,PEN,1969-03-22,2019-12-23,2024-12-23,0.1,118.0,1600.0
c-6701003091654,producto 01,Vida grupo particular,F,PEN,1947-02-28,2019-12-23,2024-12-23,0.1,71.0,2000.0
c-6701003091678,producto 01,Vida grupo particular,F,PEN,1950-11-02,2019-12-23,2024-12-23,0.1,77.0,1780.0
c-6701003091795,producto 01,Vida grupo particular,F,PEN,1968-06-26,2019-12-23,2024-12-23,0.1,115.0,1290.0
c-6701003092021,producto 01,Vida grupo particular,F,PEN,1957-07-07,2019-12-23,2024-12-23,0.1,22.0,910.0
c-6701003092490,producto 01,Vida grupo particular,F,PEN,1965-08-01,2019-12-23,2024-12-23,0.1,128.0,2200.0
c-6701003092519,producto 01,Vida grupo particular,F,PEN,1945-08-27,2019-12-23,2024-12-23,0.1,71.0,1440.0
c-6701003092588,producto 01,Vida grupo particular,F,PEN,1968-03-30,2019-12-23,2024-12-23,0.1,56.0,2500.0
c-6701003092639,producto 01,Vida grupo particular,F,PEN,1971-04-28,2019-12-23,2024-12-23,0.1,74.0,1300.0
c-6701003092694,producto 01,Vida grupo particular,F,PEN,1944-06-01,2019-12-23,2024-12-23,0.1,141.0,2200.0
c-6701003092817,producto 01,Vida grupo particular,F,PEN,1968-09-19,2019-12-23,2024-12-23,0.1,22.0,3200.0
c-6701003092866,producto 01,Vida grupo particular,F,PEN,1947-08-27,2019-12-23,2024-12-23,0.1,98.0,3500.0
c-6701003092903,producto 01,Vida grupo particular,F,PEN,1973-08-30,2019-12-23,2024-12-23,0.1,189.0,3500.0
c-6701003092979,producto 01,Vida grupo particular,F,PEN,1971-07-25,2019-12-24,2024-12-24,0.1,277.0,4000.0
c-6701003092983,producto 01,Vida grupo particular,F,PEN,1958-11-20,2019-12-24,2024-12-24,0.1,170.0,2500.0
c-6701003093015,producto 01,Vida grupo particular,F,PEN,1967-03-01,2019-12-24,2024-12-24,0.1,172.0,2400.0
c-6701003093052,producto 01,Vida grupo particular,F,PEN,1978-12-25,2019-12-24,2024-12-24,0.1,41.0,1300.1
c-6701003093153,producto 01,Vida grupo particular,F,PEN,1984-03-04,2019-12-24,2024-12-24,0.1,142.0,1800.0
c-6701003093155,producto 01,Vida grupo particular,F,PEN,1962-03-13,2019-12-24,2024-12-24,0.1,45.0,2200.0
c-6701003093204,producto 01,Vida grupo particular,F,PEN,1962-08-30,2019-12-24,2024-12-24,0.1,11.0,310.0
c-6701003093615,producto 01,Vida grupo particular,F,PEN,1966-05-24,2019-12-26,2024-12-26,0.1,187.0,3135.0
c-6701003093622,producto 01,Vida grupo particular,F,PEN,1970-05-30,2019-12-26,2024-12-26,0.1,311.0,3700.0
c-6701003093770,producto 01,Vida grupo particular,F,PEN,1953-09-14,2019-12-26,2024-12-26,0.1,51.0,3700.0
c-6701003093787,producto 01,Vida grupo particular,F,PEN,1958-04-14,2019-12-26,2024-12-26,0.1,180.0,3500.0
c-6701003094075,producto 01,Vida grupo particular,F,PEN,1943-01-09,2019-12-26,2024-12-26,0.1,32.0,1100.0
c-6701003094116,producto 01,Vida grupo particular,F,PEN,1968-12-05,2019-12-26,2024-12-26,0.1,202.0,2300.0
c-6701003094122,producto 01,Vida grupo particular,F,PEN,1956-04-05,2019-12-26,2024-12-26,0.1,126.0,3500.0
c-6701003094205,producto 01,Vida grupo particular,F,PEN,1967-03-22,2019-12-26,2024-12-26,0.1,12.0,3500.0
c-6701003094213,producto 01,Vida grupo particular,F,PEN,1951-12-24,2019-12-26,2024-12-26,0.1,74.0,1100.0
c-6701003094234,producto 01,Vida grupo particular,F,PEN,1972-04-25,2019-12-26,2024-12-26,0.1,193.0,2400.0
c-6701003094533,producto 01,Vida grupo particular,F,PEN,1983-10-15,2019-12-27,2024-12-27,0.1,68.0,1360.0
c-6701003094568,producto 01,Vida grupo particular,F,PEN,1971-12-10,2019-12-27,2024-12-27,0.1,77.0,1220.0
c-6701003094568,producto 01,Vida grupo particular,F,PEN,1971-12-10,2019-12-27,2025-07-02,0.1,68.0,1220.0
c-6701003094662,producto 01,Vida grupo particular,F,PEN,1984-09-28,2019-12-27,2024-12-27,0.1,95.0,1500.0
c-6701003094706,producto 01,Vida grupo particular,F,PEN,1949-02-03,2019-12-27,2024-12-27,0.1,172.0,2185.0
c-6701003094724,producto 01,Vida grupo particular,F,PEN,1962-03-23,2019-12-27,2024-12-27,0.1,43.0,1650.0
c-6701003094913,producto 01,Vida grupo particular,F,PEN,1974-01-12,2019-12-27,2024-12-27,0.1,21.0,1035.0
c-6701003094983,producto 01,Vida grupo particular,F,PEN,1967-03-21,2019-12-27,2024-12-27,0.1,19.0,2400.0
c-6701003094993,producto 01,Vida grupo particular,F,PEN,1952-06-01,2019-12-27,2024-12-27,0.1,68.0,1000.0
c-6701003095048,producto 01,Vida grupo particular,F,PEN,1974-05-24,2019-12-27,2024-12-27,0.1,22.0,800.0
c-6701003095069,producto 01,Vida grupo particular,F,PEN,1957-11-28,2019-12-27,2024-12-27,0.1,44.0,2400.0
c-6701003095210,producto 01,Vida grupo particular,F,PEN,1956-09-10,2019-12-27,2024-12-27,0.1,28.0,1500.1
c-6701003095271,producto 01,Vida grupo particular,F,PEN,1948-03-18,2019-12-27,2024-12-27,0.1,68.0,850.0
c-6701003095328,producto 01,Vida grupo particular,F,PEN,1979-04-10,2019-12-27,2024-10-27,0.1,2.0,300.0
c-6701003095524,producto 01,Vida grupo particular,F,PEN,1966-10-22,2019-12-28,2024-12-28,0.1,114.0,1310.0
c-6701003095560,producto 01,Vida grupo particular,F,PEN,1940-03-15,2019-12-28,2024-12-28,0.1,190.0,3875.0
c-6701003095583,producto 01,Vida grupo particular,F,PEN,1961-09-26,2019-12-28,2024-12-28,0.1,102.0,2200.0
c-6701003095643,producto 01,Vida grupo particular,F,PEN,1963-02-06,2019-12-28,2024-12-28,0.1,41.0,1100.0
c-6701003095654,producto 01,Vida grupo particular,F,PEN,1958-03-05,2019-12-28,2024-12-28,0.1,117.0,1605.0
c-6701003095656,producto 01,Vida grupo particular,F,PEN,1969-03-05,2019-12-28,2024-12-28,0.1,119.0,1400.0
c-6701003095659,producto 01,Vida grupo particular,F,PEN,1962-07-04,2019-12-28,2024-12-28,0.1,143.0,1605.0
c-6701003095698,producto 01,Vida grupo particular,F,PEN,1957-03-10,2019-12-28,2024-12-28,0.1,31.0,1000.0
c-6701003095798,producto 01,Vida grupo particular,F,PEN,1969-12-04,2019-12-28,2024-12-28,0.1,255.0,2900.0
c-6701003095869,producto 01,Vida grupo particular,F,PEN,1948-01-31,2019-12-28,2024-12-28,0.1,132.0,3380.0
c-6701003095890,producto 01,Vida grupo particular,F,PEN,1945-10-06,2019-12-28,2024-12-28,0.1,9.0,2000.0
c-6701003096084,producto 01,Vida grupo particular,F,PEN,1940-08-20,2019-12-28,2024-12-28,0.1,70.0,1200.0
c-6701003096254,producto 01,Vida grupo particular,F,PEN,1980-02-14,2019-12-30,2024-12-30,0.1,40.0,1000.0
c-6701003096272,producto 01,Vida grupo particular,F,PEN,1969-12-01,2019-12-30,2024-12-30,0.1,101.0,3000.0
c-6701003096306,producto 01,Vida grupo particular,F,PEN,1961-04-16,2019-12-30,2024-12-30,0.1,128.0,3205.0
c-6701003096359,producto 01,Vida grupo particular,F,PEN,1956-10-29,2019-12-30,2024-12-30,0.1,47.0,3500.0
c-6701003096390,producto 01,Vida grupo particular,F,PEN,1958-09-06,2019-12-30,2024-12-30,0.1,10.0,2700.0
c-6701003096435,producto 01,Vida grupo particular,F,PEN,1967-10-19,2019-12-30,2024-12-30,0.1,2.0,1500.0
c-6701003096460,producto 01,Vida grupo particular,F,PEN,1977-12-22,2019-12-30,2024-12-30,0.1,30.0,450.0
c-6701003096605,producto 01,Vida grupo particular,F,PEN,1957-01-31,2019-12-30,2024-12-30,0.1,67.0,1700.0
c-6701003096640,producto 01,Vida grupo particular,F,PEN,1964-01-20,2019-12-30,2024-12-30,0.1,183.0,2500.0
c-6701003096672,producto 01,Vida grupo particular,F,PEN,1960-02-23,2019-12-30,2024-11-30,0.1,36.0,1000.0
c-6701003096746,producto 01,Vida grupo particular,F,PEN,1955-09-14,2019-12-30,2024-12-30,0.1,13.0,505.0
c-6701003096893,producto 01,Vida grupo particular,F,PEN,1953-01-21,2019-12-30,2024-12-30,0.1,160.0,2700.0
c-6701003097035,producto 01,Vida grupo particular,F,PEN,1983-03-12,2019-12-30,2024-12-30,0.1,68.0,1900.0
c-6701003097035,producto 01,Vida grupo particular,F,PEN,1983-03-12,2019-12-30,2025-01-03,0.1,72.0,1900.0
c-6701003097043,producto 01,Vida grupo particular,F,PEN,1970-10-20,2019-12-30,2024-12-30,0.1,15.0,2300.0
c-6701003097086,producto 01,Vida grupo particular,F,PEN,1970-01-09,2019-12-30,2024-12-30,0.1,215.0,3500.0
c-6701003097145,producto 01,Vida grupo particular,F,PEN,1948-05-10,2019-12-30,2024-12-30,0.1,91.0,1050.0
c-6701003097334,producto 01,Vida grupo particular,F,PEN,1958-12-10,2019-12-30,2024-12-30,0.1,129.0,3000.0
c-6701003097384,producto 01,Vida grupo particular,F,PEN,1986-08-08,2019-12-30,2024-12-30,0.1,7.0,564.9
c-6701003097498,producto 01,Vida grupo particular,F,PEN,1948-12-30,2019-12-30,2024-12-30,0.1,209.0,2625.0
c-6701003097648,producto 01,Vida grupo particular,F,PEN,1955-09-16,2019-12-30,2024-12-30,0.1,195.0,3300.0
c-6701003097686,producto 01,Vida grupo particular,F,PEN,1982-05-01,2019-12-31,2024-12-31,0.1,46.0,1000.0
c-6701003097699,producto 01,Vida grupo particular,F,PEN,1964-01-04,2019-12-31,2024-12-31,0.1,46.0,2300.0
c-6701003097873,producto 01,Vida grupo particular,F,PEN,1983-09-06,2019-12-31,2024-12-31,0.1,49.0,650.0
c-6701003097953,producto 01,Vida grupo particular,F,PEN,1966-08-06,2019-12-31,2024-12-31,0.1,2.0,2200.0
c-6701003097986,producto 01,Vida grupo particular,F,PEN,1969-04-13,2019-12-31,2024-12-31,0.1,57.0,1200.0
c-6701003098050,producto 01,Vida grupo particular,F,PEN,1969-05-18,2019-12-31,2024-12-31,0.1,108.0,1600.0
c-6701003098061,producto 01,Vida grupo particular,F,PEN,1960-07-25,2019-12-31,2024-12-31,0.1,23.0,2000.0
c-6701003098139,producto 01,Vida grupo particular,F,PEN,1964-02-06,2019-12-31,2024-12-31,0.1,85.0,2500.0
c-6701003098315,producto 01,Vida grupo particular,F,PEN,1944-08-11,2019-12-31,2024-12-31,0.1,34.0,1670.0
c-6701003098530,producto 01,Vida grupo particular,F,PEN,1974-09-18,2019-12-31,2024-12-31,0.1,26.0,700.1
c-6701003098558,producto 01,Vida grupo particular,F,PEN,1942-04-24,2019-12-31,2024-12-31,0.1,17.0,2800.0
c-6701003098762,producto 01,Vida grupo particular,F,PEN,1959-01-03,2020-01-02,2025-01-02,0.1,64.0,2100.0
c-6701003098869,producto 01,Vida grupo particular,F,PEN,1971-01-28,2020-01-02,2025-01-02,0.1,27.0,2300.0
c-6701003098872,producto 01,Vida grupo particular,F,PEN,1969-06-25,2020-01-02,2025-01-02,0.1,87.0,3000.0
c-6701003098882,producto 01,Vida grupo particular,F,PEN,1966-01-13,2020-01-02,2025-01-02,0.1,111.0,1900.0
c-6701003098898,producto 01,Vida grupo particular,F,PEN,1969-08-26,2020-01-02,2025-01-02,0.1,171.0,2800.0
c-6701003098915,producto 01,Vida grupo particular,F,PEN,1958-07-14,2020-01-02,2025-01-02,0.1,83.0,3300.0
c-6701003098926,producto 01,Vida grupo particular,F,PEN,1963-07-28,2020-01-02,2025-01-02,0.1,109.0,1500.0
c-6701003098999,producto 01,Vida grupo particular,F,PEN,1959-03-07,2020-01-02,2025-01-02,0.1,43.0,2900.0
c-6701003099022,producto 01,Vida grupo particular,F,PEN,1967-03-21,2020-01-02,2025-01-02,0.1,42.0,1900.0
c-6701003099110,producto 01,Vida grupo particular,F,PEN,1962-06-14,2020-01-02,2025-01-02,0.1,84.0,2500.0
c-6701003099134,producto 01,Vida grupo particular,F,PEN,1978-04-09,2020-01-02,2025-01-02,0.1,54.0,1540.0
c-6701003099136,producto 01,Vida grupo particular,F,PEN,1975-03-15,2020-01-02,2025-01-02,0.1,177.0,2400.0
c-6701003099145,producto 01,Vida grupo particular,F,PEN,1951-03-06,2020-01-02,2025-01-02,0.1,30.0,1300.0
c-6701003099173,producto 01,Vida grupo particular,F,PEN,1981-05-17,2020-01-02,2025-01-02,0.1,38.0,2000.0
c-6701003099271,producto 01,Vida grupo particular,F,PEN,1949-11-13,2020-01-02,2025-01-02,0.1,54.0,1500.1
c-6701003099364,producto 01,Vida grupo particular,F,PEN,1952-02-24,2020-01-03,2025-01-03,0.1,171.0,2360.0
c-6701003099532,producto 01,Vida grupo particular,F,PEN,1968-12-26,2020-01-03,2025-01-03,0.1,27.0,2500.0
c-6701003099627,producto 01,Vida grupo particular,F,PEN,1942-08-02,2020-01-03,2025-01-03,0.1,136.0,2265.0
c-6701003099677,producto 01,Vida grupo particular,F,PEN,1958-02-01,2020-01-03,2025-01-03,0.1,30.0,1360.0
c-6701003099713,producto 01,Vida grupo particular,F,PEN,1957-04-03,2020-01-03,2025-01-03,0.1,77.0,2200.0
c-6701003099817,producto 01,Vida grupo particular,F,PEN,1955-08-03,2020-01-03,2025-01-03,0.1,39.0,2300.0
c-6701003099838,producto 01,Vida grupo particular,F,PEN,1969-07-08,2020-01-03,2025-01-03,0.1,106.0,1700.1
c-6701003099839,producto 01,Vida grupo particular,F,PEN,1955-10-24,2020-01-03,2025-01-03,0.1,111.0,3000.0
c-6701003099887,producto 01,Vida grupo particular,F,PEN,1965-05-15,2020-01-03,2025-01-03,0.1,7.0,1200.0
c-6701003099895,producto 01,Vida grupo particular,F,PEN,1964-01-05,2020-01-03,2025-01-03,0.1,19.0,600.0
c-6701003100015,producto 01,Vida grupo particular,F,PEN,1945-08-31,2020-01-03,2025-01-03,0.1,13.0,960.0
c-6701003100031,producto 01,Vida grupo particular,F,PEN,1952-08-23,2020-01-03,2025-01-03,0.1,50.0,1800.0
c-6701003100167,producto 01,Vida grupo particular,F,PEN,1958-03-10,2020-01-03,2025-01-03,0.1,132.0,2200.0
c-6701003100241,producto 01,Vida grupo particular,F,PEN,1962-10-10,2020-01-03,2025-01-03,0.1,186.0,3800.0
c-6701003100336,producto 01,Vida grupo particular,F,PEN,1985-01-21,2020-01-03,2025-01-03,0.1,87.0,2180.0
c-6701003100486,producto 01,Vida grupo particular,F,PEN,1944-12-08,2020-01-03,2025-01-03,0.1,78.0,1300.0
c-6701003100493,producto 01,Vida grupo particular,F,PEN,1975-05-15,2020-01-03,2025-01-03,0.1,179.0,2400.0
c-6701003100557,producto 01,Vida grupo particular,F,PEN,1966-02-09,2020-01-03,2024-12-03,0.1,13.0,1600.0
c-6701003100574,producto 01,Vida grupo particular,F,PEN,1974-11-28,2020-01-03,2025-01-03,0.1,111.0,1500.0
c-6701003100588,producto 01,Vida grupo particular,F,PEN,1947-08-08,2020-01-04,2025-01-04,0.1,5.0,1635.0
c-6701003100651,producto 01,Vida grupo particular,F,PEN,1950-10-25,2020-01-04,2025-01-04,0.1,124.0,1500.0
c-6701003100731,producto 01,Vida grupo particular,F,PEN,1952-07-01,2020-01-04,2025-01-04,0.1,51.0,1100.0
c-6701003100742,producto 01,Vida grupo particular,F,PEN,1971-11-25,2020-01-04,2025-01-04,0.1,17.0,1700.0
c-6701003100772,producto 01,Vida grupo particular,F,PEN,1961-02-22,2020-01-04,2025-01-04,0.1,225.0,2600.0
c-6701003100847,producto 01,Vida grupo particular,F,PEN,1968-09-01,2020-01-04,2025-01-04,0.1,144.0,3000.0
c-6701003100944,producto 01,Vida grupo particular,F,PEN,1962-01-25,2020-01-04,2025-01-04,0.1,122.0,2500.0
c-6701003100979,producto 01,Vida grupo particular,F,PEN,1973-03-24,2020-01-04,2025-01-04,0.1,35.0,3300.0
c-6701003101161,producto 01,Vida grupo particular,F,PEN,1992-07-01,2020-01-04,2025-02-04,0.1,18.0,700.0
c-6701003101253,producto 01,Vida grupo particular,F,PEN,1965-09-19,2020-01-04,2025-01-04,0.1,109.0,1400.0
c-6701003101412,producto 01,Vida grupo particular,F,PEN,1959-06-15,2020-01-06,2025-01-06,0.1,114.0,2520.0
c-6701003101430,producto 01,Vida grupo particular,F,PEN,1948-01-22,2020-01-06,2025-01-06,0.1,114.0,3800.0
c-6701003101435,producto 01,Vida grupo particular,F,PEN,1984-05-28,2020-01-06,2025-01-06,0.1,60.0,1500.0
c-6701003101445,producto 01,Vida grupo particular,F,PEN,1967-06-12,2020-01-06,2025-01-06,0.1,102.0,2400.0
c-6701003101451,producto 01,Vida grupo particular,F,PEN,1952-01-28,2020-01-06,2025-01-06,0.1,222.0,3400.0
c-6701003101516,producto 01,Vida grupo particular,F,PEN,1965-06-18,2020-01-06,2025-01-06,0.1,59.0,1000.0
c-6701003101552,producto 01,Vida grupo particular,F,PEN,1976-05-31,2020-01-06,2025-01-06,0.1,137.0,1600.0
c-6701003101554,producto 01,Vida grupo particular,F,PEN,1948-07-12,2020-01-06,2025-01-06,0.1,74.0,3285.0
c-6701003101561,producto 01,Vida grupo particular,F,PEN,1964-05-01,2020-01-06,2025-01-06,0.1,135.0,2190.0
c-6701003101623,producto 01,Vida grupo particular,F,PEN,1972-10-26,2020-01-06,2025-01-06,0.1,1.0,1780.0
c-6701003101739,producto 01,Vida grupo particular,F,PEN,1943-09-13,2020-01-06,2025-01-06,0.1,6.0,3155.0
c-6701003101763,producto 01,Vida grupo particular,F,PEN,1941-12-03,2020-01-06,2025-01-06,0.1,68.0,1500.0
c-6701003101830,producto 01,Vida grupo particular,F,PEN,1968-04-15,2020-01-06,2025-01-06,0.1,198.0,2400.0
c-6701003101980,producto 01,Vida grupo particular,F,PEN,1981-08-28,2020-01-06,2025-01-06,0.1,67.0,1000.0
c-6701003102013,producto 01,Vida grupo particular,F,PEN,1948-07-23,2020-01-06,2025-01-06,0.1,48.0,2000.0
c-6701003102075,producto 01,Vida grupo particular,F,PEN,1969-03-30,2020-01-06,2025-01-06,0.1,59.0,1100.0
c-6701003102103,producto 01,Vida grupo particular,F,PEN,1940-03-06,2020-01-06,2025-01-06,0.1,3.0,1300.0
c-6701003102127,producto 01,Vida grupo particular,F,PEN,1960-09-15,2020-01-06,2025-01-06,0.1,26.0,2320.0
c-6701003102181,producto 01,Vida grupo particular,F,PEN,1976-12-11,2020-01-06,2025-01-06,0.1,10.0,1500.0
c-6701003102209,producto 01,Vida grupo particular,F,PEN,1953-12-11,2020-01-06,2025-01-06,0.1,151.0,2000.0
c-6701003102244,producto 01,Vida grupo particular,F,PEN,1983-10-25,2020-01-06,2025-01-06,0.1,61.0,1500.0
c-6701003102324,producto 01,Vida grupo particular,F,PEN,1976-01-24,2020-01-06,2025-01-06,0.1,43.0,1200.0
c-6701003102334,producto 01,Vida grupo particular,F,PEN,1983-09-22,2020-01-06,2025-01-06,0.1,94.0,1800.0
c-6701003102417,producto 01,Vida grupo particular,F,PEN,1951-06-03,2020-01-06,2025-01-06,0.1,81.0,1410.0
c-6701003102461,producto 01,Vida grupo particular,F,PEN,1965-05-03,2020-01-06,2025-01-06,0.1,157.0,2945.0
c-6701003102547,producto 01,Vida grupo particular,F,PEN,1965-02-05,2020-01-06,2025-01-06,0.1,211.0,3300.0
c-6701003102579,producto 01,Vida grupo particular,F,PEN,1957-03-30,2020-01-06,2025-01-06,0.1,112.0,2500.0
c-6701003102595,producto 01,Vida grupo particular,F,PEN,1981-01-09,2020-01-06,2025-01-06,0.1,16.0,2500.0
c-6701003102599,producto 01,Vida grupo particular,F,PEN,1949-04-19,2020-01-06,2025-01-06,0.1,309.0,3500.0
c-6701003102655,producto 01,Vida grupo particular,F,PEN,1982-09-04,2020-01-06,2025-01-06,0.1,92.0,1400.0
c-6701003102663,producto 01,Vida grupo particular,F,PEN,1953-11-29,2020-01-06,2025-01-06,0.1,106.0,2800.0
c-6701003102664,producto 01,Vida grupo particular,F,PEN,1965-09-25,2020-01-06,2025-01-06,0.1,92.0,2400.0
c-6701003102667,producto 01,Vida grupo particular,F,PEN,1982-06-20,2020-01-06,2025-01-06,0.1,72.0,2200.0
c-6701003102693,producto 01,Vida grupo particular,F,PEN,1977-01-24,2020-01-06,2025-01-06,0.1,135.0,2400.0
c-6701003102724,producto 01,Vida grupo particular,F,PEN,1957-10-30,2020-01-06,2025-01-06,0.1,8.0,1000.0
c-6701003102728,producto 01,Vida grupo particular,F,PEN,1978-11-25,2020-01-06,2025-01-06,0.1,49.0,1600.0
c-6701003102735,producto 01,Vida grupo particular,F,PEN,1956-12-03,2020-01-06,2025-01-06,0.1,29.0,1500.0
c-6701003102743,producto 01,Vida grupo particular,F,PEN,1949-04-15,2020-01-06,2025-01-06,0.1,3.0,120.0
c-6701003102761,producto 01,Vida grupo particular,F,PEN,1984-07-17,2020-01-06,2025-01-06,0.1,1.0,1200.0
c-6701003102861,producto 01,Vida grupo particular,F,PEN,1959-10-21,2020-01-06,2025-01-06,0.1,87.0,2000.0
c-6701003102900,producto 01,Vida grupo particular,F,PEN,1955-09-14,2020-01-06,2025-01-06,0.1,159.0,2000.0
c-6701003103031,producto 01,Vida grupo particular,F,PEN,1971-05-04,2020-01-07,2025-01-07,0.1,119.0,2640.0
c-6701003103031,producto 01,Vida grupo particular,F,PEN,1971-05-04,2020-01-07,2025-01-07,0.1,211.0,2640.0
c-6701003103045,producto 01,Vida grupo particular,F,PEN,1948-08-19,2020-01-07,2025-01-07,0.1,120.0,2200.0
c-6701003103189,producto 01,Vida grupo particular,F,PEN,1953-05-01,2020-01-07,2025-01-07,0.1,22.0,1800.0
c-6701003103249,producto 01,Vida grupo particular,F,PEN,1987-11-27,2020-01-07,2025-01-07,0.1,33.0,600.0
c-6701003103321,producto 01,Vida grupo particular,F,PEN,1974-01-02,2020-01-07,2025-01-07,0.1,178.0,2000.0
c-6701003103386,producto 01,Vida grupo particular,F,PEN,1941-12-06,2020-01-07,2025-01-07,0.1,162.0,2430.0
c-6701003103414,producto 01,Vida grupo particular,F,PEN,1974-12-25,2020-01-07,2025-01-07,0.1,28.0,1800.0
c-6701003103624,producto 01,Vida grupo particular,F,PEN,1981-01-27,2020-01-07,2025-01-07,0.1,6.0,2100.0
c-6701003103647,producto 01,Vida grupo particular,F,PEN,1947-05-29,2020-01-07,2025-01-07,0.1,152.0,3800.0
c-6701003103689,producto 01,Vida grupo particular,F,PEN,1965-09-06,2020-01-07,2025-01-07,0.1,27.0,2045.0
c-6701003103928,producto 01,Vida grupo particular,F,PEN,1968-04-02,2020-01-07,2025-01-07,0.1,38.0,850.0
c-6701003104109,producto 01,Vida grupo particular,F,PEN,1985-08-10,2020-01-07,2025-02-07,0.1,51.0,1000.0
c-6701003104280,producto 01,Vida grupo particular,F,PEN,1972-02-27,2020-01-08,2025-01-08,0.1,20.0,1055.0
c-6701003104288,producto 01,Vida grupo particular,F,PEN,1948-11-14,2020-01-08,2025-01-08,0.1,70.0,2900.0
c-6701003104311,producto 01,Vida grupo particular,F,PEN,1959-04-10,2020-01-08,2025-01-08,0.1,176.0,2500.0
c-6701003104375,producto 01,Vida grupo particular,F,PEN,1943-06-06,2020-01-08,2025-01-08,0.1,104.0,1500.0
c-6701003104407,producto 01,Vida grupo particular,F,PEN,1963-02-23,2020-01-08,2025-01-08,0.1,265.0,3300.0
c-6701003104446,producto 01,Vida grupo particular,F,PEN,1948-07-15,2020-01-08,2025-01-08,0.1,151.0,2100.0
c-6701003104447,producto 01,Vida grupo particular,F,PEN,1965-07-26,2020-01-08,2025-01-08,0.1,137.0,2000.0
c-6701003104495,producto 01,Vida grupo particular,F,PEN,1956-12-17,2020-01-08,2025-01-08,0.1,68.0,1075.0
c-6701003104501,producto 01,Vida grupo particular,F,PEN,1967-10-19,2020-01-08,2025-01-08,0.1,56.0,2300.0
c-6701003104508,producto 01,Vida grupo particular,F,PEN,1980-08-03,2020-01-08,2025-01-08,0.1,149.0,2275.0
c-6701003104513,producto 01,Vida grupo particular,F,PEN,1984-09-24,2020-01-08,2025-01-08,0.1,5.0,700.0
c-6701003104532,producto 01,Vida grupo particular,F,PEN,1961-11-16,2020-01-08,2025-01-08,0.1,10.0,1955.0
c-6701003104573,producto 01,Vida grupo particular,F,PEN,1976-07-18,2020-01-08,2025-01-08,0.1,56.0,1100.0
c-6701003104580,producto 01,Vida grupo particular,F,PEN,1949-10-31,2020-01-08,2025-02-08,0.1,261.0,3325.0
c-6701003104684,producto 01,Vida grupo particular,F,PEN,1958-12-06,2020-01-08,2025-01-08,0.1,208.0,2500.0
c-6701003104767,producto 01,Vida grupo particular,F,PEN,1970-08-23,2020-01-08,2025-01-08,0.1,286.0,3800.0
c-6701003104855,producto 01,Vida grupo particular,F,PEN,1962-02-01,2020-01-08,2025-01-08,0.1,46.0,1600.0
c-6701003104933,producto 01,Vida grupo particular,F,PEN,1966-04-22,2020-01-08,2025-01-08,0.1,5.0,1200.0
c-6701003104937,producto 01,Vida grupo particular,F,PEN,1979-04-29,2020-01-08,2025-01-08,0.1,97.0,1900.0
c-6701003104974,producto 01,Vida grupo particular,F,PEN,1950-09-18,2020-01-08,2025-01-08,0.1,55.0,1300.0
c-6701003105030,producto 01,Vida grupo particular,F,PEN,1979-05-11,2020-01-08,2025-01-08,0.1,40.0,1600.0
c-6701003105044,producto 01,Vida grupo particular,F,PEN,1967-12-07,2020-01-08,2024-12-08,0.1,129.0,2320.0
c-6701003105126,producto 01,Vida grupo particular,F,PEN,1943-10-05,2020-01-08,2025-01-08,0.1,5.0,1100.0
c-6701003105166,producto 01,Vida grupo particular,F,PEN,1975-10-24,2020-01-08,2025-01-08,0.1,50.0,2400.0
c-6701003105219,producto 01,Vida grupo particular,F,PEN,1973-04-05,2020-01-08,2025-01-08,0.1,43.0,1600.0
c-6701003105227,producto 01,Vida grupo particular,F,PEN,1973-11-03,2020-01-08,2025-01-08,0.1,87.0,3170.0
c-6701003105250,producto 01,Vida grupo particular,F,PEN,1944-11-20,2020-01-08,2025-01-08,0.1,5.0,2465.0
c-6701003105298,producto 01,Vida grupo particular,F,PEN,1984-12-16,2020-01-08,2025-01-08,0.1,66.0,1700.0
c-6701003105470,producto 01,Vida grupo particular,F,PEN,1969-10-12,2020-01-08,2025-01-08,0.1,83.0,1800.0
c-6701003105627,producto 01,Vida grupo particular,F,PEN,1978-12-22,2020-01-09,2025-01-09,0.1,26.0,1050.0
c-6701003105641,producto 01,Vida grupo particular,F,PEN,1959-05-22,2020-01-09,2025-01-09,0.1,12.0,2900.0
c-6701003105893,producto 01,Vida grupo particular,F,PEN,1942-08-14,2020-01-09,2025-01-09,0.1,151.0,3630.0
c-6701003105932,producto 01,Vida grupo particular,F,PEN,1943-01-24,2020-01-09,2025-01-09,0.1,71.0,1100.0
c-6701003105954,producto 01,Vida grupo particular,F,PEN,1974-04-07,2020-01-09,2025-01-09,0.1,25.0,325.0
c-6701003105954,producto 01,Vida grupo particular,F,PEN,1974-04-07,2020-01-09,2025-03-13,0.1,7.0,325.0
c-6701003106001,producto 01,Vida grupo particular,F,PEN,1969-09-08,2020-01-09,2025-01-09,0.1,77.0,2400.0
c-6701003106032,producto 01,Vida grupo particular,F,PEN,1972-08-06,2020-01-09,2025-01-09,0.1,44.0,1700.1
c-6701003106148,producto 01,Vida grupo particular,F,PEN,1974-03-09,2020-01-09,2025-01-09,0.1,32.0,450.0
c-6701003106190,producto 01,Vida grupo particular,F,PEN,1980-04-15,2020-01-09,2025-01-09,0.1,136.0,1700.0
c-6701003106473,producto 01,Vida grupo particular,F,PEN,1970-09-15,2020-01-09,2025-01-09,0.1,106.0,2000.0
c-6701003106501,producto 01,Vida grupo particular,F,PEN,1981-09-14,2020-01-09,2025-01-09,0.1,57.0,1200.0
c-6701003106526,producto 01,Vida grupo particular,F,PEN,1975-06-15,2020-01-09,2025-01-09,0.1,4.0,2100.0
c-6701003106613,producto 01,Vida grupo particular,F,PEN,1981-12-21,2020-01-09,2025-01-09,0.1,62.0,700.0
c-6701003106618,producto 01,Vida grupo particular,F,PEN,1966-02-04,2020-01-09,2025-01-09,0.1,76.0,1200.0
c-6701003106783,producto 01,Vida grupo particular,F,PEN,1974-09-21,2020-01-09,2025-01-09,0.1,45.0,700.1
c-6701003106894,producto 01,Vida grupo particular,F,PEN,1964-09-17,2020-01-10,2025-01-10,0.1,170.0,2770.0
c-6701003107001,producto 01,Vida grupo particular,F,PEN,1968-05-08,2020-01-10,2025-01-10,0.1,84.0,2250.0
c-6701003107112,producto 01,Vida grupo particular,F,PEN,1968-02-16,2020-01-10,2025-01-10,0.1,13.0,1000.0
c-6701003107265,producto 01,Vida grupo particular,F,PEN,1961-09-18,2020-01-10,2025-01-10,0.1,107.0,2150.0
c-6701003107281,producto 01,Vida grupo particular,F,PEN,1962-02-28,2020-01-10,2025-01-10,0.1,69.0,2500.0
c-6701003107371,producto 01,Vida grupo particular,F,PEN,1948-11-25,2020-01-10,2025-01-10,0.1,139.0,1800.0
c-6701003107414,producto 01,Vida grupo particular,F,PEN,1985-12-08,2020-01-10,2025-01-10,0.1,24.0,600.0
c-6701003107458,producto 01,Vida grupo particular,F,PEN,1942-06-10,2020-01-10,2025-01-10,0.1,219.0,3300.0
c-6701003107502,producto 01,Vida grupo particular,F,PEN,1968-07-11,2020-01-10,2025-01-10,0.1,41.0,2415.0
c-6701003107603,producto 01,Vida grupo particular,F,PEN,1967-10-24,2020-01-10,2025-01-10,0.1,5.0,940.0
c-6701003107652,producto 01,Vida grupo particular,F,PEN,1951-08-08,2020-01-10,2025-01-10,0.1,59.0,1800.0
c-6701003107664,producto 01,Vida grupo particular,F,PEN,1960-03-04,2020-01-10,2025-01-10,0.1,120.0,1400.0
c-6701003107678,producto 01,Vida grupo particular,F,PEN,1947-10-11,2020-01-10,2025-01-10,0.1,67.0,2605.0
c-6701003107707,producto 01,Vida grupo particular,F,PEN,1968-03-28,2020-01-10,2025-01-10,0.1,14.0,600.0
c-6701003107733,producto 01,Vida grupo particular,F,PEN,1962-06-21,2020-01-10,2025-01-10,0.1,246.0,3000.0
c-6701003107937,producto 01,Vida grupo particular,F,PEN,1944-02-25,2020-01-10,2025-01-10,0.1,128.0,1590.0
c-6701003108172,producto 01,Vida grupo particular,F,PEN,1969-08-30,2020-01-10,2025-01-10,0.1,97.0,2100.0
c-6701003108233,producto 01,Vida grupo particular,F,PEN,1972-04-20,2020-01-11,2025-01-11,0.1,124.0,2000.0
c-6701003108279,producto 01,Vida grupo particular,F,PEN,1955-12-03,2020-01-11,2025-01-11,0.1,52.0,2500.0
c-6701003108398,producto 01,Vida grupo particular,F,PEN,1966-08-07,2020-01-11,2025-01-11,0.1,258.0,3135.0
c-6701003108414,producto 01,Vida grupo particular,F,PEN,1946-11-21,2020-01-11,2025-01-11,0.1,40.0,2500.0
c-6701003108418,producto 01,Vida grupo particular,F,PEN,1957-09-09,2020-01-11,2025-02-11,0.1,80.0,2000.0
c-6701003108421,producto 01,Vida grupo particular,F,PEN,1970-06-28,2020-01-11,2025-01-11,0.1,194.0,3065.0
c-6701003108472,producto 01,Vida grupo particular,F,PEN,1951-08-12,2020-01-11,2025-01-11,0.1,8.0,500.1
c-6701003108498,producto 01,Vida grupo particular,F,PEN,1958-06-09,2020-01-11,2025-01-11,0.1,29.0,2100.0
c-6701003108508,producto 01,Vida grupo particular,F,PEN,1968-08-30,2020-01-11,2025-01-11,0.1,17.0,1400.0
c-6701003108540,producto 01,Vida grupo particular,F,PEN,1974-08-22,2020-01-11,2025-01-11,0.1,47.0,700.0
c-6701003108574,producto 01,Vida grupo particular,F,PEN,1956-03-21,2020-01-11,2025-01-11,0.1,132.0,2400.0
c-6701003108590,producto 01,Vida grupo particular,F,PEN,1978-03-23,2020-01-11,2025-01-11,0.1,12.0,1600.0
c-6701003108622,producto 01,Vida grupo particular,F,PEN,1959-09-27,2020-01-11,2025-01-11,0.1,163.0,2500.0
c-6701003108730,producto 01,Vida grupo particular,F,PEN,1971-06-08,2020-01-11,2025-01-11,0.1,165.0,2400.0
c-6701003108775,producto 01,Vida grupo particular,F,PEN,1965-10-19,2020-01-11,2025-01-11,0.1,32.0,1500.0
c-6701003108992,producto 01,Vida grupo particular,F,PEN,1953-04-18,2020-01-13,2025-01-13,0.1,14.0,1500.0
c-6701003108995,producto 01,Vida grupo particular,F,PEN,1955-09-29,2020-01-13,2025-01-13,0.1,132.0,2640.0
c-6701003109105,producto 01,Vida grupo particular,F,PEN,1943-08-29,2020-01-13,2025-01-13,0.1,64.0,1700.0
c-6701003109129,producto 01,Vida grupo particular,F,PEN,1953-12-24,2020-01-13,2025-01-13,0.1,30.0,2000.0
c-6701003109151,producto 01,Vida grupo particular,F,PEN,1965-07-10,2020-01-13,2025-01-13,0.1,35.0,1000.0
c-6701003109248,producto 01,Vida grupo particular,F,PEN,1977-05-14,2020-01-13,2024-12-13,0.1,11.0,850.0
c-6701003109249,producto 01,Vida grupo particular,F,PEN,1973-01-05,2020-01-13,2025-01-13,0.1,61.0,3800.0
c-6701003109269,producto 01,Vida grupo particular,F,PEN,1958-12-23,2020-01-13,2025-01-13,0.1,66.0,1200.0
c-6701003109281,producto 01,Vida grupo particular,F,PEN,1974-10-26,2020-01-13,2025-01-13,0.1,1.0,2600.0
c-6701003109332,producto 01,Vida grupo particular,F,PEN,1940-05-16,2020-01-13,2025-01-13,0.1,115.0,2600.0
c-6701003109448,producto 01,Vida grupo particular,F,PEN,1943-11-13,2020-01-13,2025-01-13,0.1,208.0,3080.0
c-6701003109488,producto 01,Vida grupo particular,F,PEN,1965-09-02,2020-01-13,2025-01-13,0.1,62.0,2500.0
c-6701003109494,producto 01,Vida grupo particular,F,PEN,1960-09-14,2020-01-13,2025-01-13,0.1,5.0,3500.0
c-6701003109510,producto 01,Vida grupo particular,F,PEN,1967-04-22,2020-01-13,2025-01-13,0.1,104.0,1600.0
c-6701003109668,producto 01,Vida grupo particular,F,PEN,1968-09-03,2020-01-13,2025-01-13,0.1,77.0,1695.0
c-6701003109691,producto 01,Vida grupo particular,F,PEN,1984-11-21,2020-01-13,2025-01-13,0.1,76.0,2200.0
c-6701003109702,producto 01,Vida grupo particular,F,PEN,1958-07-31,2020-01-13,2025-01-13,0.1,252.0,3800.0
c-6701003109848,producto 01,Vida grupo particular,F,PEN,1958-11-03,2020-01-13,2025-01-13,0.1,96.0,1100.0
c-6701003109910,producto 01,Vida grupo particular,F,PEN,1976-02-17,2020-01-13,2025-01-13,0.1,94.0,1300.0
c-6701003109965,producto 01,Vida grupo particular,F,PEN,1960-07-08,2020-01-13,2025-01-13,0.1,116.0,2000.0
c-6701003109985,producto 01,Vida grupo particular,F,PEN,1972-10-02,2020-01-13,2025-01-13,0.1,57.0,1100.0
c-6701003110026,producto 01,Vida grupo particular,F,PEN,1951-10-02,2020-01-13,2025-01-13,0.1,5.0,2800.0
c-6701003110087,producto 01,Vida grupo particular,F,PEN,1956-09-03,2020-01-13,2025-01-13,0.1,36.0,600.0
c-6701003110187,producto 01,Vida grupo particular,F,PEN,1970-08-18,2020-01-13,2025-01-13,0.1,2.0,2300.0
c-6701003110227,producto 01,Vida grupo particular,F,PEN,1950-01-30,2020-01-13,2025-01-13,0.1,32.0,600.0
c-6701003110321,producto 01,Vida grupo particular,F,PEN,1965-06-14,2020-01-13,2025-01-13,0.1,19.0,1670.0
c-6701003110344,producto 01,Vida grupo particular,F,PEN,1957-04-29,2020-01-13,2025-01-13,0.1,98.0,1315.0
c-6701003110356,producto 01,Vida grupo particular,F,PEN,1960-09-05,2020-01-13,2025-01-13,0.1,71.0,1130.0
c-6701003110388,producto 01,Vida grupo particular,F,PEN,1984-06-23,2020-01-13,2025-01-13,0.1,16.0,1600.0
c-6701003110520,producto 01,Vida grupo particular,F,PEN,1941-11-10,2020-01-14,2025-01-14,0.1,30.0,720.0
c-6701003110540,producto 01,Vida grupo particular,F,PEN,1944-04-27,2020-01-14,2025-01-14,0.1,2.0,1040.0
c-6701003110618,producto 01,Vida grupo particular,F,PEN,1976-12-13,2020-01-14,2025-01-14,0.1,143.0,2200.0
c-6701003110727,producto 01,Vida grupo particular,F,PEN,1941-05-24,2020-01-14,2025-01-14,0.1,53.0,2810.0
c-6701003110808,producto 01,Vida grupo particular,F,PEN,1948-11-27,2020-01-14,2025-01-14,0.1,27.0,950.0
c-6701003110857,producto 01,Vida grupo particular,F,PEN,1966-05-20,2020-01-14,2025-01-14,0.1,79.0,2400.0
c-6701003110857,producto 01,Vida grupo particular,F,PEN,1966-05-20,2020-01-14,2025-01-18,0.1,36.0,2400.0
c-6701003110885,producto 01,Vida grupo particular,F,PEN,1989-10-29,2020-01-14,2025-01-14,0.1,72.0,900.0
c-6701003111045,producto 01,Vida grupo particular,F,PEN,1966-10-16,2020-01-14,2025-02-14,0.1,41.0,1100.0
c-6701003111165,producto 01,Vida grupo particular,F,PEN,1950-03-28,2020-01-14,2025-01-14,0.1,119.0,1700.0
c-6701003111223,producto 01,Vida grupo particular,F,PEN,1960-10-08,2020-01-14,2025-01-14,0.1,147.0,1700.0
c-6701003111237,producto 01,Vida grupo particular,F,PEN,1948-06-12,2020-01-14,2025-01-14,0.1,29.0,700.0
c-6701003111251,producto 01,Vida grupo particular,F,PEN,1940-03-10,2020-01-14,2025-01-14,0.1,4.0,1300.0
c-6701003111432,producto 01,Vida grupo particular,F,PEN,1960-06-10,2020-01-14,2025-01-14,0.1,77.0,3100.0
c-6701003111507,producto 01,Vida grupo particular,F,PEN,1962-02-12,2020-01-14,2025-01-14,0.1,76.0,1800.0
c-6701003111566,producto 01,Vida grupo particular,F,PEN,1970-07-18,2020-01-14,2025-01-14,0.1,95.0,2400.0
c-6701003111581,producto 01,Vida grupo particular,F,PEN,1942-03-09,2020-01-14,2025-01-14,0.1,19.0,1850.0
c-6701003111929,producto 01,Vida grupo particular,F,PEN,1961-09-19,2020-01-15,2025-01-15,0.1,8.0,485.0
c-6701003111955,producto 01,Vida grupo particular,F,PEN,1951-08-31,2020-01-15,2025-01-15,0.1,146.0,1800.0
c-6701003112003,producto 01,Vida grupo particular,F,PEN,1958-06-18,2020-01-15,2025-01-15,0.1,115.0,1800.0
c-6701003112166,producto 01,Vida grupo particular,F,PEN,1946-11-14,2020-01-15,2025-01-15,0.1,195.0,2300.0
c-6701003112211,producto 01,Vida grupo particular,F,PEN,1953-06-24,2020-01-15,2025-01-15,0.1,93.0,1700.0
c-6701003112239,producto 01,Vida grupo particular,F,PEN,1968-06-20,2020-01-15,2025-01-15,0.1,5.0,2700.0
c-6701003112339,producto 01,Vida grupo particular,F,PEN,1971-04-08,2020-01-15,2025-01-15,0.1,84.0,2100.0
c-6701003112354,producto 01,Vida grupo particular,F,PEN,1954-11-11,2020-01-15,2025-01-15,0.1,4.0,805.0
c-6701003112517,producto 01,Vida grupo particular,F,PEN,1973-04-15,2020-01-15,2025-01-15,0.1,37.0,1000.0
c-6701003112585,producto 01,Vida grupo particular,F,PEN,1972-08-07,2020-01-15,2025-01-15,0.1,122.0,1700.0
c-6701003112780,producto 01,Vida grupo particular,F,PEN,1976-08-13,2020-01-15,2025-01-15,0.1,12.0,1115.0
c-6701003112858,producto 01,Vida grupo particular,F,PEN,1979-12-23,2020-01-15,2025-01-15,0.1,220.0,2600.0
c-6701003112890,producto 01,Vida grupo particular,F,PEN,1942-12-27,2020-01-15,2025-01-15,0.1,11.0,1800.0
c-6701003112965,producto 01,Vida grupo particular,F,PEN,1957-05-30,2020-01-15,2025-01-15,0.1,33.0,1800.0
c-6701003113007,producto 01,Vida grupo particular,F,PEN,1955-07-03,2020-01-16,2025-01-16,0.1,182.0,2150.0
c-6701003113013,producto 01,Vida grupo particular,F,PEN,1953-12-01,2020-01-16,2025-01-16,0.1,65.0,2600.0
c-6701003113109,producto 01,Vida grupo particular,F,PEN,1956-02-08,2020-01-16,2025-01-16,0.1,1.0,400.0
c-6701003113152,producto 01,Vida grupo particular,F,PEN,1939-09-15,2020-01-16,2025-01-16,0.1,49.0,3420.0
c-6701003113397,producto 01,Vida grupo particular,F,PEN,1962-10-22,2020-01-16,2025-01-16,0.1,35.0,1735.0
c-6701003113438,producto 01,Vida grupo particular,F,PEN,1983-09-20,2020-01-16,2025-01-16,0.1,23.0,1000.0
c-6701003113493,producto 01,Vida grupo particular,F,PEN,1971-12-15,2020-01-16,2025-01-16,0.1,176.0,2000.0
c-6701003113652,producto 01,Vida grupo particular,F,PEN,1962-07-15,2020-01-16,2025-01-16,0.1,23.0,700.0
c-6701003113655,producto 01,Vida grupo particular,F,PEN,1943-10-07,2020-01-16,2025-01-16,0.1,179.0,3500.0
c-6701003113664,producto 01,Vida grupo particular,F,PEN,1955-09-06,2020-01-16,2025-01-16,0.1,256.0,3500.0
c-6701003113768,producto 01,Vida grupo particular,F,PEN,1941-02-25,2020-01-16,2025-01-16,0.1,32.0,1400.0
c-6701003113784,producto 01,Vida grupo particular,F,PEN,1952-10-30,2020-01-16,2025-01-16,0.1,98.0,1100.0
c-6701003114079,producto 01,Vida grupo particular,F,PEN,1985-01-23,2020-01-16,2025-01-16,0.1,28.0,900.0
c-6701003114153,producto 01,Vida grupo particular,F,PEN,1978-09-21,2020-01-16,2025-01-16,0.1,101.0,1500.0
c-6701003114157,producto 01,Vida grupo particular,F,PEN,1954-08-20,2020-01-17,2025-01-17,0.1,46.0,2100.0
c-6701003114162,producto 01,Vida grupo particular,F,PEN,1963-01-23,2020-01-17,2025-01-17,0.1,96.0,2500.0
c-6701003114254,producto 01,Vida grupo particular,F,PEN,1959-10-08,2020-01-17,2025-01-17,0.1,16.0,700.0
c-6701003114307,producto 01,Vida grupo particular,F,PEN,1949-03-03,2020-01-17,2025-01-17,0.1,167.0,2080.0
c-6701003114486,producto 01,Vida grupo particular,F,PEN,1981-05-19,2020-01-17,2025-01-17,0.1,4.0,335.0
c-6701003114495,producto 01,Vida grupo particular,F,PEN,1978-04-11,2020-01-17,2025-01-17,0.1,100.0,1800.0
c-6701003114496,producto 01,Vida grupo particular,F,PEN,1984-02-17,2020-01-17,2025-01-17,0.1,93.0,1700.0
c-6701003114526,producto 01,Vida grupo particular,F,PEN,1942-01-01,2020-01-17,2025-01-17,0.1,20.0,1500.0
c-6701003114566,producto 01,Vida grupo particular,F,PEN,1974-12-10,2020-01-17,2025-01-17,0.1,96.0,1100.0
c-6701003114657,producto 01,Vida grupo particular,F,PEN,1955-08-22,2020-01-17,2025-01-17,0.1,48.0,1000.0
c-6701003114700,producto 01,Vida grupo particular,F,PEN,1943-08-23,2020-01-17,2025-01-17,0.1,13.0,310.0
c-6701003114728,producto 01,Vida grupo particular,F,PEN,1976-06-15,2020-01-17,2025-01-17,0.1,166.0,2100.0
c-6701003115029,producto 01,Vida grupo particular,F,PEN,1964-01-01,2020-01-17,2025-01-17,0.1,60.0,1640.0
c-6701003115067,producto 01,Vida grupo particular,F,PEN,1982-11-26,2020-01-17,2025-01-17,0.1,78.0,1370.0
c-6701003115116,producto 01,Vida grupo particular,F,PEN,1960-06-25,2020-01-17,2025-01-17,0.1,9.0,510.0
c-6701003115229,producto 01,Vida grupo particular,F,PEN,1952-01-06,2020-01-17,2025-01-17,0.1,104.0,1500.0
c-6701003115240,producto 01,Vida grupo particular,F,PEN,1983-04-08,2020-01-17,2025-01-17,0.1,28.0,1000.0
c-6701003115446,producto 01,Vida grupo particular,F,PEN,1966-07-14,2020-01-18,2025-01-18,0.1,30.0,900.0
c-6701003115497,producto 01,Vida grupo particular,F,PEN,1957-09-11,2020-01-18,2025-01-18,0.1,19.0,2000.0
c-6701003115516,producto 01,Vida grupo particular,F,PEN,1965-11-05,2020-01-18,2025-02-18,0.1,161.0,2500.0
c-6701003115520,producto 01,Vida grupo particular,F,PEN,1954-05-25,2020-01-18,2025-01-18,0.1,170.0,2100.1
c-6701003115567,producto 01,Vida grupo particular,F,PEN,1978-06-29,2020-01-18,2025-01-18,0.1,65.0,800.0
c-6701003115592,producto 01,Vida grupo particular,F,PEN,1939-12-10,2020-01-18,2025-01-18,0.1,51.0,1100.0
c-6701003115665,producto 01,Vida grupo particular,F,PEN,1983-09-02,2020-01-18,2025-01-18,0.1,16.0,2200.0
c-6701003115668,producto 01,Vida grupo particular,F,PEN,1958-08-29,2020-01-18,2025-01-18,0.1,48.0,2100.0
c-6701003115707,producto 01,Vida grupo particular,F,PEN,1948-01-15,2020-01-18,2025-01-18,0.1,1.0,2700.0
c-6701003115783,producto 01,Vida grupo particular,F,PEN,1968-10-22,2020-01-18,2025-02-18,0.1,84.0,1800.0
c-6701003115843,producto 01,Vida grupo particular,F,PEN,1959-09-08,2020-01-18,2025-01-18,0.1,203.0,2325.0
c-6701003115987,producto 01,Vida grupo particular,F,PEN,1963-04-02,2020-01-18,2025-01-18,0.1,75.0,2200.0
c-6701003116113,producto 01,Vida grupo particular,F,PEN,1956-03-12,2020-01-20,2025-01-20,0.1,194.0,2500.0
c-6701003116136,producto 01,Vida grupo particular,F,PEN,1970-04-12,2020-01-20,2025-01-20,0.1,190.0,3800.0
c-6701003116180,producto 01,Vida grupo particular,F,PEN,1983-04-15,2020-01-20,2025-01-20,0.1,45.0,700.0
c-6701003116245,producto 01,Vida grupo particular,F,PEN,1946-09-30,2020-01-20,2025-01-20,0.1,64.0,900.0
c-6701003116311,producto 01,Vida grupo particular,F,PEN,1963-09-19,2020-01-20,2025-01-20,0.1,48.0,1100.0
c-6701003116331,producto 01,Vida grupo particular,F,PEN,1944-07-31,2020-01-20,2025-01-20,0.1,58.0,1600.0
c-6701003116394,producto 01,Vida grupo particular,F,PEN,1964-04-16,2020-01-20,2025-01-20,0.1,271.0,3800.0
c-6701003116395,producto 01,Vida grupo particular,F,PEN,1970-02-21,2020-01-20,2025-01-20,0.1,62.0,1700.0
c-6701003116472,producto 01,Vida grupo particular,F,PEN,1978-05-13,2020-01-20,2025-01-20,0.1,64.0,1800.0
c-6701003116522,producto 01,Vida grupo particular,F,PEN,1941-02-13,2020-01-20,2025-01-20,0.1,72.0,1100.0
c-6701003116525,producto 01,Vida grupo particular,F,PEN,1971-02-04,2020-01-20,2025-01-20,0.1,107.0,2600.0
c-6701003116541,producto 01,Vida grupo particular,F,PEN,1959-06-15,2020-01-20,2025-01-20,0.1,25.0,2000.0
c-6701003116581,producto 01,Vida grupo particular,F,PEN,1974-03-30,2020-01-20,2025-01-20,0.1,79.0,1100.0
c-6701003116583,producto 01,Vida grupo particular,F,PEN,1961-07-06,2020-01-20,2025-01-20,0.1,143.0,2100.0
c-6701003116588,producto 01,Vida grupo particular,F,PEN,1952-01-22,2020-01-20,2025-01-20,0.1,88.0,1400.0
c-6701003116644,producto 01,Vida grupo particular,F,PEN,1966-04-17,2020-01-20,2025-01-20,0.1,285.0,3400.0
c-6701003116704,producto 01,Vida grupo particular,F,PEN,1960-12-17,2020-01-20,2025-01-20,0.1,234.0,3000.0
c-6701003116740,producto 01,Vida grupo particular,F,PEN,1972-01-05,2020-01-20,2025-01-20,0.1,26.0,1500.0
c-6701003116821,producto 01,Vida grupo particular,F,PEN,1962-05-10,2020-01-20,2025-01-20,0.1,15.0,335.0
c-6701003116874,producto 01,Vida grupo particular,F,PEN,1968-01-16,2020-01-20,2025-01-20,0.1,132.0,2000.0
c-6701003116881,producto 01,Vida grupo particular,F,PEN,1958-01-17,2020-01-20,2025-01-20,0.1,143.0,1800.0
c-6701003116936,producto 01,Vida grupo particular,F,PEN,1946-02-20,2020-01-20,2025-01-20,0.1,209.0,3500.0
c-6701003117022,producto 01,Vida grupo particular,F,PEN,1940-07-10,2020-01-20,2025-01-20,0.1,95.0,3000.0
c-6701003117036,producto 01,Vida grupo particular,F,PEN,1958-04-17,2020-01-20,2025-01-20,0.1,4.0,1385.0
c-6701003117042,producto 01,Vida grupo particular,F,PEN,1961-12-16,2020-01-20,2025-01-20,0.1,148.0,2500.0
c-6701003117105,producto 01,Vida grupo particular,F,PEN,1947-12-18,2020-01-20,2025-01-20,0.1,79.0,2500.0
c-6701003117107,producto 01,Vida grupo particular,F,PEN,1958-10-01,2020-01-20,2025-01-20,0.1,36.0,1400.0
c-6701003117137,producto 01,Vida grupo particular,F,PEN,1971-10-17,2020-01-20,2025-01-20,0.1,172.0,2000.0
c-6701003117269,producto 01,Vida grupo particular,F,PEN,1976-11-07,2020-01-20,2025-01-20,0.1,83.0,1470.0
c-6701003117276,producto 01,Vida grupo particular,F,PEN,1966-08-22,2020-01-20,2025-01-20,0.1,95.0,1200.0
c-6701003117330,producto 01,Vida grupo particular,F,PEN,1989-10-23,2020-01-20,2025-01-20,0.1,32.0,700.0
c-6701003117478,producto 01,Vida grupo particular,F,PEN,1942-06-18,2020-01-21,2025-01-21,0.1,71.0,2625.0
c-6701003117512,producto 01,Vida grupo particular,F,PEN,1978-06-03,2020-01-21,2025-01-21,0.1,82.0,2800.0
c-6701003117554,producto 01,Vida grupo particular,F,PEN,1989-05-02,2020-01-21,2025-01-21,0.1,3.0,1400.0
c-6701003117644,producto 01,Vida grupo particular,F,PEN,1974-08-31,2020-01-21,2025-01-21,0.1,4.0,1000.0
c-6701003117655,producto 01,Vida grupo particular,F,PEN,1939-11-16,2020-01-21,2024-12-21,0.1,24.0,700.0
c-6701003117659,producto 01,Vida grupo particular,F,PEN,1948-05-02,2020-01-21,2025-01-21,0.1,131.0,1600.0
c-6701003117684,producto 01,Vida grupo particular,F,PEN,1940-12-27,2020-01-21,2025-01-21,0.1,125.0,1500.0
c-6701003117858,producto 01,Vida grupo particular,F,PEN,1963-09-18,2020-01-21,2025-01-21,0.1,125.0,1900.0
c-6701003117887,producto 01,Vida grupo particular,F,PEN,1973-08-01,2020-01-21,2025-01-21,0.1,87.0,2000.0
c-6701003117971,producto 01,Vida grupo particular,F,PEN,1974-11-27,2020-01-21,2025-01-21,0.1,34.0,1800.0
c-6701003118118,producto 01,Vida grupo particular,F,PEN,1971-08-11,2020-01-21,2025-01-21,0.1,42.0,1075.0
c-6701003118198,producto 01,Vida grupo particular,F,PEN,1989-12-15,2020-01-21,2025-01-21,0.1,24.0,1000.0
c-6701003118209,producto 01,Vida grupo particular,F,PEN,1963-02-27,2020-01-21,2025-01-21,0.1,102.0,3300.0
c-6701003118272,producto 01,Vida grupo particular,F,PEN,1958-02-05,2020-01-21,2025-01-21,0.1,118.0,1900.0
c-6701003118282,producto 01,Vida grupo particular,F,PEN,1963-02-14,2020-01-21,2025-01-21,0.1,147.0,2815.0
c-6701003118350,producto 01,Vida grupo particular,F,PEN,1968-03-14,2020-01-21,2025-01-21,0.1,124.0,2000.0
c-6701003118485,producto 01,Vida grupo particular,F,PEN,1967-02-12,2020-01-21,2025-01-21,0.1,164.0,2000.0
c-6701003118613,producto 01,Vida grupo particular,F,PEN,1974-11-14,2020-01-22,2025-01-22,0.1,138.0,2250.0
c-6701003118658,producto 01,Vida grupo particular,F,PEN,1982-11-01,2020-01-22,2025-02-22,0.1,68.0,1700.0
c-6701003118708,producto 01,Vida grupo particular,F,PEN,1940-03-03,2020-01-22,2025-01-22,0.1,141.0,3140.0
c-6701003118813,producto 01,Vida grupo particular,F,PEN,1940-12-06,2020-01-22,2025-01-22,0.1,40.0,2865.0
c-6701003118899,producto 01,Vida grupo particular,F,PEN,1965-07-26,2020-01-22,2025-01-22,0.1,234.0,3800.0
c-6701003119064,producto 01,Vida grupo particular,F,PEN,1985-04-26,2020-01-22,2025-01-22,0.1,49.0,1100.0
c-6701003119081,producto 01,Vida grupo particular,F,PEN,1981-04-25,2020-01-22,2025-01-22,0.1,96.0,1800.0
c-6701003119213,producto 01,Vida grupo particular,F,PEN,1960-04-19,2020-01-22,2025-01-22,0.1,27.0,500.1
c-6701003119290,producto 01,Vida grupo particular,F,PEN,1945-03-06,2020-01-22,2025-01-22,0.1,11.0,1500.0
c-6701003119335,producto 01,Vida grupo particular,F,PEN,1939-11-27,2020-01-22,2025-01-22,0.1,36.0,400.0
c-6701003119374,producto 01,Vida grupo particular,F,PEN,1973-01-16,2020-01-22,2025-01-22,0.1,18.0,2500.0
c-6701003119375,producto 01,Vida grupo particular,F,PEN,1959-09-15,2020-01-22,2025-01-22,0.1,166.0,2000.0
c-6701003119530,producto 01,Vida grupo particular,F,PEN,1970-11-24,2020-01-22,2025-01-22,0.1,236.0,3000.0
c-6701003119636,producto 01,Vida grupo particular,F,PEN,1988-07-04,2020-01-23,2025-01-23,0.1,18.0,1700.0
c-6701003119680,producto 01,Vida grupo particular,F,PEN,1973-12-30,2020-01-23,2025-01-23,0.1,30.0,1600.0
c-6701003119742,producto 01,Vida grupo particular,F,PEN,1940-02-12,2020-01-23,2025-01-23,0.1,126.0,1500.0
c-6701003119745,producto 01,Vida grupo particular,F,PEN,1950-01-17,2020-01-23,2025-01-23,0.1,221.0,2600.0
c-6701003119755,producto 01,Vida grupo particular,F,PEN,1947-06-27,2020-01-23,2025-01-23,0.1,25.0,2000.0
c-6701003119787,producto 01,Vida grupo particular,F,PEN,1939-07-23,2020-01-23,2025-01-23,0.1,35.0,3300.0
c-6701003119825,producto 01,Vida grupo particular,F,PEN,1964-10-27,2020-01-23,2025-01-23,0.1,103.0,1195.0
c-6701003119865,producto 01,Vida grupo particular,F,PEN,1966-04-09,2020-01-23,2025-01-23,0.1,155.0,2900.0
c-6701003119984,producto 01,Vida grupo particular,F,PEN,1986-04-05,2020-01-23,2024-12-23,0.1,2.0,400.0
c-6701003120010,producto 01,Vida grupo particular,F,PEN,1963-09-23,2020-01-23,2025-01-23,0.1,140.0,3105.0
c-6701003120081,producto 01,Vida grupo particular,F,PEN,1958-12-21,2020-01-23,2025-01-23,0.1,93.0,1700.0
c-6701003120116,producto 01,Vida grupo particular,F,PEN,1960-05-24,2020-01-23,2025-01-23,0.1,179.0,3400.0
c-6701003120157,producto 01,Vida grupo particular,F,PEN,1960-11-27,2020-01-23,2025-01-23,0.1,197.0,2625.0
c-6701003120166,producto 01,Vida grupo particular,F,PEN,1986-12-10,2020-01-23,2025-01-23,0.1,54.0,1000.0
c-6701003120205,producto 01,Vida grupo particular,F,PEN,1974-05-18,2020-01-23,2025-01-23,0.1,147.0,2800.0
c-6701003120245,producto 01,Vida grupo particular,F,PEN,1960-06-04,2020-01-23,2025-01-23,0.1,116.0,1300.0
c-6701003120340,producto 01,Vida grupo particular,F,PEN,1959-01-01,2020-01-23,2025-01-23,0.1,63.0,1900.0
c-6701003120341,producto 01,Vida grupo particular,F,PEN,1984-06-22,2020-01-23,2025-01-23,0.1,78.0,900.0
c-6701003120440,producto 01,Vida grupo particular,F,PEN,1973-05-22,2020-01-23,2025-01-23,0.1,77.0,1400.0
c-6701003120451,producto 01,Vida grupo particular,F,PEN,1972-12-27,2020-01-23,2025-01-23,0.1,3.0,1010.0
c-6701003120606,producto 01,Vida grupo particular,F,PEN,1963-05-20,2020-01-24,2025-01-24,0.1,134.0,2300.0
c-6701003120629,producto 01,Vida grupo particular,F,PEN,1984-03-02,2020-01-24,2025-01-24,0.1,83.0,1330.0
c-6701003120716,producto 01,Vida grupo particular,F,PEN,1970-07-26,2020-01-24,2025-01-24,0.1,21.0,1000.0
c-6701003120761,producto 01,Vida grupo particular,F,PEN,1974-10-28,2020-01-24,2025-01-24,0.1,171.0,2400.0
c-6701003120800,producto 01,Vida grupo particular,F,PEN,1954-12-28,2020-01-24,2025-01-24,0.1,57.0,2000.0
c-6701003121071,producto 01,Vida grupo particular,F,PEN,1976-03-28,2020-01-24,2025-01-24,0.1,39.0,1500.0
c-6701003121126,producto 01,Vida grupo particular,F,PEN,1958-04-26,2020-01-24,2025-01-24,0.1,108.0,2800.0
c-6701003121156,producto 01,Vida grupo particular,F,PEN,1969-06-08,2020-01-24,2025-01-24,0.1,208.0,2400.0
c-6701003121156,producto 01,Vida grupo particular,F,PEN,1969-06-08,2020-01-24,2025-02-03,0.1,137.0,2400.0
c-6701003121243,producto 01,Vida grupo particular,F,PEN,1956-06-10,2020-01-24,2025-01-24,0.1,100.0,1200.0
c-6701003121253,producto 01,Vida grupo particular,F,PEN,1967-09-24,2020-01-24,2025-02-24,0.1,273.0,3500.0
c-6701003121647,producto 01,Vida grupo particular,F,PEN,1984-05-04,2020-01-25,2025-01-25,0.1,85.0,2000.0
c-6701003121820,producto 01,Vida grupo particular,F,PEN,1942-08-04,2020-01-25,2025-01-25,0.1,318.0,3600.0
c-6701003121820,producto 01,Vida grupo particular,F,PEN,1942-08-04,2020-01-25,2025-02-03,0.1,44.0,3600.0
c-6701003121836,producto 01,Vida grupo particular,F,PEN,1965-11-07,2020-01-25,2025-01-25,0.1,103.0,1900.0
c-6701003121863,producto 01,Vida grupo particular,F,PEN,1963-05-05,2020-01-25,2025-01-25,0.1,62.0,1100.1
c-6701003121908,producto 01,Vida grupo particular,F,PEN,1947-06-06,2020-01-25,2025-01-25,0.1,54.0,605.0
c-6701003121949,producto 01,Vida grupo particular,F,PEN,1972-09-12,2020-01-25,2025-01-25,0.1,72.0,1600.0
c-6701003122004,producto 01,Vida grupo particular,F,PEN,1982-04-01,2020-01-25,2024-12-25,0.1,82.0,3000.0
c-6701003122018,producto 01,Vida grupo particular,F,PEN,1952-08-03,2020-01-25,2025-01-25,0.1,162.0,2400.0
c-6701003122062,producto 01,Vida grupo particular,F,PEN,1975-03-03,2020-01-25,2025-01-25,0.1,23.0,665.0
c-6701003122117,producto 01,Vida grupo particular,F,PEN,1946-06-18,2020-01-25,2025-01-25,0.1,294.0,3275.0
c-6701003122231,producto 01,Vida grupo particular,F,PEN,1969-07-10,2020-01-27,2025-01-27,0.1,50.0,1500.0
c-6701003122374,producto 01,Vida grupo particular,F,PEN,1966-02-05,2020-01-27,2025-01-27,0.1,5.0,2300.0
c-6701003122459,producto 01,Vida grupo particular,F,PEN,1941-06-07,2020-01-27,2025-01-27,0.1,135.0,2000.0
c-6701003122569,producto 01,Vida grupo particular,F,PEN,1961-04-07,2020-01-27,2025-01-27,0.1,24.0,1300.0
c-6701003122765,producto 01,Vida grupo particular,F,PEN,1959-07-19,2020-01-27,2025-01-27,0.1,141.0,1700.1
c-6701003122798,producto 01,Vida grupo particular,F,PEN,1966-09-08,2020-01-27,2025-01-27,0.1,3.0,1520.0
c-6701003122982,producto 01,Vida grupo particular,F,PEN,1965-11-03,2020-01-27,2025-01-27,0.1,16.0,700.0
c-6701003123191,producto 01,Vida grupo particular,F,PEN,1968-09-24,2020-01-27,2025-01-27,0.1,35.0,2050.0
c-6701003123582,producto 01,Vida grupo particular,F,PEN,1981-08-23,2020-01-28,2025-01-28,0.1,31.0,1500.1
c-6701003123582,producto 01,Vida grupo particular,F,PEN,1981-08-23,2020-01-28,2025-01-28,0.1,89.0,1500.1
c-6701003123954,producto 01,Vida grupo particular,F,PEN,1982-06-16,2020-01-28,2025-01-28,0.1,23.0,400.0
c-6701003123961,producto 01,Vida grupo particular,F,PEN,1972-04-24,2020-01-28,2025-01-28,0.1,85.0,1725.0
c-6701003123971,producto 01,Vida grupo particular,F,PEN,1990-04-12,2020-01-28,2025-01-28,0.1,39.0,1400.0
c-6701003123988,producto 01,Vida grupo particular,F,PEN,1960-03-15,2020-01-28,2025-01-28,0.1,58.0,735.0
c-6701003124177,producto 01,Vida grupo particular,F,PEN,1952-07-06,2020-01-28,2025-01-28,0.1,87.0,1200.0
c-6701003124179,producto 01,Vida grupo particular,F,PEN,1972-10-22,2020-01-28,2025-01-28,0.1,39.0,1200.0
c-6701003124272,producto 01,Vida grupo particular,F,PEN,1963-07-31,2020-01-28,2024-12-28,0.1,222.0,2499.9
c-6701003124304,producto 01,Vida grupo particular,F,PEN,1967-04-28,2020-01-28,2025-02-28,0.1,66.0,800.0
c-6701003124436,producto 01,Vida grupo particular,F,PEN,1939-10-07,2020-01-28,2025-01-28,0.1,167.0,2370.0
c-6701003124447,producto 01,Vida grupo particular,F,PEN,1967-05-28,2020-01-28,2025-01-28,0.1,176.0,2000.0
c-6701003124487,producto 01,Vida grupo particular,F,PEN,1980-03-21,2020-01-29,2025-01-29,0.1,71.0,1200.0
c-6701003124562,producto 01,Vida grupo particular,F,PEN,1942-03-20,2020-01-29,2025-01-29,0.1,47.0,3500.0
c-6701003124568,producto 01,Vida grupo particular,F,PEN,1957-06-06,2020-01-29,2025-01-29,0.1,19.0,1700.0
c-6701003124624,producto 01,Vida grupo particular,F,PEN,1982-10-10,2020-01-29,2025-01-29,0.1,12.0,1000.0
c-6701003124690,producto 01,Vida grupo particular,F,PEN,1954-06-28,2020-01-29,2025-01-29,0.1,71.0,2500.0
c-6701003124770,producto 01,Vida grupo particular,F,PEN,1966-03-31,2020-01-29,2025-01-29,0.1,6.0,400.0
c-6701003124798,producto 01,Vida grupo particular,F,PEN,1948-05-23,2020-01-29,2025-01-29,0.1,303.0,3400.0
c-6701003124880,producto 01,Vida grupo particular,F,PEN,1957-04-10,2020-01-29,2025-01-29,0.1,2.0,700.0
c-6701003124886,producto 01,Vida grupo particular,F,PEN,1941-07-21,2020-01-29,2025-01-29,0.1,99.0,1190.0
c-6701003125056,producto 01,Vida grupo particular,F,PEN,1988-12-09,2020-01-29,2025-01-29,0.1,7.0,500.0
c-6701003125072,producto 01,Vida grupo particular,F,PEN,1955-01-31,2020-01-29,2024-12-29,0.1,97.0,2305.0
c-6701003125141,producto 01,Vida grupo particular,F,PEN,1962-06-05,2020-01-29,2025-01-29,0.1,87.0,1800.0
c-6701003125271,producto 01,Vida grupo particular,F,PEN,1986-06-30,2020-01-29,2025-01-29,0.1,79.0,900.0
c-6701003125518,producto 01,Vida grupo particular,F,PEN,1980-10-02,2020-01-29,2025-01-29,0.1,9.0,600.0
c-6701003125540,producto 01,Vida grupo particular,F,PEN,1960-02-04,2020-01-29,2025-01-29,0.1,15.0,695.0
c-6701003125553,producto 01,Vida grupo particular,F,PEN,1971-09-20,2020-01-29,2024-10-29,0.1,93.0,2000.0
c-6701003125562,producto 01,Vida grupo particular,F,PEN,1957-04-13,2020-01-29,2025-01-29,0.1,250.0,2800.0
c-6701003125658,producto 01,Vida grupo particular,F,PEN,1947-12-11,2020-01-30,2025-01-30,0.1,27.0,325.0
c-6701003125807,producto 01,Vida grupo particular,F,PEN,1976-12-10,2020-01-30,2025-01-30,0.1,36.0,900.0
c-6701003125815,producto 01,Vida grupo particular,F,PEN,1974-09-27,2020-01-30,2025-01-30,0.1,32.0,945.0
c-6701003125827,producto 01,Vida grupo particular,F,PEN,1947-06-16,2020-01-30,2025-01-30,0.1,59.0,1520.0
c-6701003125889,producto 01,Vida grupo particular,F,PEN,1939-03-07,2020-01-30,2025-01-30,0.1,13.0,500.0
c-6701003125940,producto 01,Vida grupo particular,F,PEN,1949-11-08,2020-01-30,2025-01-30,0.1,60.0,1600.0
c-6701003126044,producto 01,Vida grupo particular,F,PEN,1992-04-27,2020-01-30,2025-01-30,0.1,140.0,1600.0
c-6701003126090,producto 01,Vida grupo particular,F,PEN,1952-10-24,2020-01-30,2025-01-30,0.1,210.0,2480.0
c-6701003126254,producto 01,Vida grupo particular,F,PEN,1959-04-18,2020-01-30,2025-01-30,0.1,79.0,940.0
c-6701003126308,producto 01,Vida grupo particular,F,PEN,1959-03-12,2020-01-30,2025-01-30,0.1,87.0,2500.0
c-6701003126427,producto 01,Vida grupo particular,F,PEN,1974-09-01,2020-01-30,2025-01-30,0.1,89.0,1100.0
c-6701003126522,producto 01,Vida grupo particular,F,PEN,1978-04-08,2020-01-30,2025-01-30,0.1,117.0,1500.0
c-6701003126656,producto 01,Vida grupo particular,F,PEN,1969-08-01,2020-01-30,2025-01-30,0.1,55.0,785.0
c-6701003126732,producto 01,Vida grupo particular,F,PEN,1971-07-03,2020-01-30,2025-01-30,0.1,36.0,2400.0
c-6701003126798,producto 01,Vida grupo particular,F,PEN,1971-10-10,2020-01-30,2025-01-30,0.1,49.0,850.0
c-6701003127049,producto 01,Vida grupo particular,F,PEN,1979-11-10,2020-01-31,2025-01-31,0.1,6.0,2100.0
c-6701003127095,producto 01,Vida grupo particular,F,PEN,1950-03-20,2020-01-31,2025-01-31,0.1,161.0,2000.0
c-6701003127137,producto 01,Vida grupo particular,F,PEN,1983-04-29,2020-01-31,2025-01-31,0.1,102.0,1400.0
c-6701003127202,producto 01,Vida grupo particular,F,PEN,1988-02-25,2020-01-31,2025-01-31,0.1,23.0,1100.0
c-6701003127203,producto 01,Vida grupo particular,F,PEN,1939-08-31,2020-01-31,2025-01-31,0.1,87.0,1000.0
c-6701003127255,producto 01,Vida grupo particular,F,PEN,1945-11-23,2020-01-31,2025-01-31,0.1,124.0,2000.0
c-6701003127316,producto 01,Vida grupo particular,F,PEN,1982-02-16,2020-01-31,2025-01-31,0.1,21.0,500.0
c-6701003127637,producto 01,Vida grupo particular,F,PEN,1945-11-22,2020-01-31,2025-01-31,0.1,24.0,1500.0
c-6701003127651,producto 01,Vida grupo particular,F,PEN,1968-05-24,2020-01-31,2025-01-31,0.1,64.0,1100.0
c-6701003127688,producto 01,Vida grupo particular,F,PEN,1982-02-12,2020-01-31,2025-02-28,0.1,71.0,1580.0
c-6701003127840,producto 01,Vida grupo particular,F,PEN,1956-10-10,2020-01-31,2025-01-31,0.1,66.0,999.9
c-6701003127846,producto 01,Vida grupo particular,F,PEN,1976-05-24,2020-01-31,2025-01-31,0.1,84.0,2100.0
c-6701003127875,producto 01,Vida grupo particular,F,PEN,1952-03-24,2020-01-31,2025-01-31,0.1,33.0,1000.0
c-6701003127898,producto 01,Vida grupo particular,F,PEN,1979-11-25,2020-01-31,2025-01-31,0.1,33.0,1400.0
c-6701003127902,producto 01,Vida grupo particular,F,PEN,1962-06-04,2020-01-31,2025-01-31,0.1,101.0,2300.0
c-6701003127947,producto 01,Vida grupo particular,F,PEN,1971-07-28,2020-01-31,2025-01-31,0.1,232.0,2600.0
c-6701003127963,producto 01,Vida grupo particular,F,PEN,1954-03-04,2020-01-31,2025-01-31,0.1,181.0,2300.0
c-6701003128089,producto 01,Vida grupo particular,F,PEN,1967-03-16,2020-01-31,2025-01-31,0.1,19.0,1500.0
c-6701003128107,producto 01,Vida grupo particular,F,PEN,1973-02-23,2020-01-31,2025-01-31,0.1,89.0,1390.0
c-6701003128144,producto 01,Vida grupo particular,F,PEN,1987-05-12,2020-01-31,2025-01-31,0.1,81.0,1200.0
c-6701003128200,producto 01,Vida grupo particular,F,PEN,1973-08-07,2020-01-31,2025-01-31,0.1,82.0,1800.0
c-6701003128204,producto 01,Vida grupo particular,F,PEN,1979-09-29,2020-01-31,2025-02-28,0.1,80.0,1700.0
c-6701003128212,producto 01,Vida grupo particular,F,PEN,1986-11-03,2020-01-31,2025-01-31,0.1,14.0,1365.0
c-6701003128226,producto 01,Vida grupo particular,F,PEN,1982-05-22,2020-01-31,2025-01-31,0.1,78.0,1150.0
c-6701003128360,producto 01,Vida grupo particular,F,PEN,1939-02-04,2020-02-01,2025-02-01,0.1,184.0,2500.0
c-6701003128403,producto 01,Vida grupo particular,F,PEN,1981-11-02,2020-02-01,2025-02-01,0.1,45.0,605.0
c-6701003128594,producto 01,Vida grupo particular,F,PEN,1979-10-14,2020-02-01,2025-02-01,0.1,124.0,2500.0
c-6701003128714,producto 01,Vida grupo particular,F,PEN,1982-11-11,2020-02-03,2025-02-03,0.1,166.0,1945.0
c-6701003128725,producto 01,Vida grupo particular,F,PEN,1976-09-28,2020-02-03,2025-02-03,0.1,53.0,600.0
c-6701003128819,producto 01,Vida grupo particular,F,PEN,1956-04-20,2020-02-03,2025-02-03,0.1,108.0,1365.0
c-6701003128889,producto 01,Vida grupo particular,F,PEN,1967-10-28,2020-02-03,2025-02-03,0.1,56.0,940.0
c-6701003128891,producto 01,Vida grupo particular,F,PEN,1939-08-10,2020-02-03,2025-02-03,0.1,52.0,3500.0
c-6701003128925,producto 01,Vida grupo particular,F,PEN,1964-07-26,2020-02-03,2025-02-03,0.1,95.0,1325.0
c-6701003128969,producto 01,Vida grupo particular,F,PEN,1970-05-09,2020-02-03,2025-02-03,0.1,36.0,600.0
c-6701003129025,producto 01,Vida grupo particular,F,PEN,1945-07-12,2020-02-03,2025-02-03,0.1,59.0,900.0
c-6701003129404,producto 01,Vida grupo particular,F,PEN,1976-08-12,2020-02-03,2025-02-03,0.1,25.0,800.0
c-6701003129404,producto 01,Vida grupo particular,F,PEN,1976-08-12,2020-02-03,2025-02-03,0.1,34.0,800.0
c-6701003129509,producto 01,Vida grupo particular,F,PEN,1988-05-16,2020-02-03,2025-02-03,0.1,84.0,1300.0
c-6701003129617,producto 01,Vida grupo particular,F,PEN,1958-11-09,2020-02-03,2025-02-03,0.1,11.0,750.0
c-6701003129662,producto 01,Vida grupo particular,F,PEN,1971-06-21,2020-02-03,2025-02-03,0.1,70.0,1100.1
c-6701003129667,producto 01,Vida grupo particular,F,PEN,1971-01-30,2020-02-03,2025-02-03,0.1,141.0,2300.0
c-6701003129734,producto 01,Vida grupo particular,F,PEN,1968-03-28,2020-02-03,2026-02-03,0.1,13.0,3770.0
c-6701003129743,producto 01,Vida grupo particular,F,PEN,1959-03-18,2020-02-03,2025-02-03,0.1,18.0,2000.0
c-6701003129784,producto 01,Vida grupo particular,F,PEN,1976-02-12,2020-02-03,2025-02-03,0.1,106.0,1400.0
c-6701003129826,producto 01,Vida grupo particular,F,PEN,1950-07-06,2020-02-03,2025-02-03,0.1,44.0,600.0
c-6701003129826,producto 01,Vida grupo particular,F,PEN,1950-07-06,2020-02-03,2025-02-10,0.1,5.0,600.0
c-6701003129839,producto 01,Vida grupo particular,F,PEN,1972-12-08,2020-02-03,2025-02-03,0.1,70.0,2080.0
c-6701003129898,producto 01,Vida grupo particular,F,PEN,1962-07-24,2020-02-03,2025-02-03,0.1,18.0,2600.0
c-6701003129915,producto 01,Vida grupo particular,F,PEN,1958-10-15,2020-02-03,2025-02-03,0.1,12.0,600.0
c-6701003129926,producto 01,Vida grupo particular,F,PEN,1963-01-20,2020-02-03,2025-02-03,0.1,112.0,2450.0
c-6701003130177,producto 01,Vida grupo particular,F,PEN,1989-01-14,2020-02-04,2025-02-04,0.1,95.0,1800.0
c-6701003130263,producto 01,Vida grupo particular,F,PEN,1943-12-28,2020-02-04,2025-02-04,0.1,32.0,1200.0
c-6701003130350,producto 01,Vida grupo particular,F,PEN,1953-10-23,2020-02-04,2025-03-04,0.1,139.0,1815.0
c-6701003130402,producto 01,Vida grupo particular,F,PEN,1944-11-14,2020-02-04,2026-02-04,0.1,139.0,2520.0
c-6701003130440,producto 01,Vida grupo particular,F,PEN,1967-12-01,2020-02-04,2025-02-04,0.1,112.0,2500.0
c-6701003130449,producto 01,Vida grupo particular,F,PEN,1945-05-20,2020-02-04,2026-02-04,0.1,31.0,970.0
c-6701003130495,producto 01,Vida grupo particular,F,PEN,1939-05-07,2020-02-04,2025-02-04,0.1,40.0,600.0
c-6701003130508,producto 01,Vida grupo particular,F,PEN,1940-03-18,2020-02-04,2025-02-04,0.1,17.0,1500.0
c-6701003130580,producto 01,Vida grupo particular,F,PEN,1980-01-26,2020-02-04,2025-02-04,0.1,24.0,2500.0
c-6701003130597,producto 01,Vida grupo particular,F,PEN,1945-07-05,2020-02-04,2026-03-04,0.1,68.0,1900.0
c-6701003130890,producto 01,Vida grupo particular,F,PEN,1974-01-03,2020-02-04,2026-02-04,0.1,128.0,1820.0
c-6701003130890,producto 01,Vida grupo particular,F,PEN,1974-01-03,2020-02-04,2026-02-04,0.1,151.0,1820.0
c-6701003131359,producto 01,Vida grupo particular,F,PEN,1961-04-29,2020-02-05,2025-02-05,0.1,178.0,3500.0
c-6701003131739,producto 01,Vida grupo particular,F,PEN,1976-05-17,2020-02-05,2025-02-05,0.1,63.0,1200.0
c-6701003131874,producto 01,Vida grupo particular,F,PEN,1976-11-10,2020-02-05,2026-02-05,0.1,245.0,3295.0
c-6701003131905,producto 01,Vida grupo particular,F,PEN,1963-06-09,2020-02-05,2025-02-05,0.1,40.0,2000.0
c-6701003132010,producto 01,Vida grupo particular,F,PEN,1955-07-27,2020-02-05,2025-02-05,0.1,31.0,3500.0
c-6701003132013,producto 01,Vida grupo particular,F,PEN,1989-06-22,2020-02-05,2025-02-05,0.1,100.0,1200.0
c-6701003132153,producto 01,Vida grupo particular,F,PEN,1965-11-07,2020-02-05,2025-02-05,0.1,16.0,2200.0
c-6701003132236,producto 01,Vida grupo particular,F,PEN,1970-04-02,2020-02-05,2025-02-05,0.1,73.0,1400.0
c-6701003132289,producto 01,Vida grupo particular,F,PEN,1941-10-30,2020-02-05,2025-02-05,0.1,181.0,2014.0
c-6701003132346,producto 01,Vida grupo particular,F,PEN,1973-02-10,2020-02-05,2025-02-05,0.1,9.0,3800.0
c-6701003132346,producto 01,Vida grupo particular,F,PEN,1973-02-10,2020-02-05,2025-08-11,0.1,189.0,3800.0
c-6701003132349,producto 01,Vida grupo particular,F,PEN,1953-12-27,2020-02-05,2025-02-05,0.1,41.0,2000.0
c-6701003132361,producto 01,Vida grupo particular,F,PEN,1985-02-18,2020-02-05,2025-02-05,0.1,34.0,2000.0
c-6701003132484,producto 01,Vida grupo particular,F,PEN,1959-01-20,2020-02-05,2025-02-05,0.1,5.0,845.0
c-6701003132614,producto 01,Vida grupo particular,F,PEN,1952-04-17,2020-02-05,2026-02-05,0.1,111.0,1815.0
c-6701003132636,producto 01,Vida grupo particular,F,PEN,1988-07-29,2020-02-05,2025-02-05,0.1,9.0,375.0
c-6701003132739,producto 01,Vida grupo particular,F,PEN,1943-12-18,2020-02-06,2025-02-06,0.1,135.0,2555.0
c-6701003132796,producto 01,Vida grupo particular,F,PEN,1965-11-15,2020-02-06,2026-02-06,0.1,45.0,1865.0
c-6701003132822,producto 01,Vida grupo particular,F,PEN,1968-11-04,2020-02-06,2025-02-06,0.1,66.0,2070.0
c-6701003132822,producto 01,Vida grupo particular,F,PEN,1968-11-04,2020-02-06,2025-02-12,0.1,41.0,2070.0
c-6701003132903,producto 01,Vida grupo particular,F,PEN,1947-06-16,2020-02-06,2026-02-06,0.1,12.0,2870.0
c-6701003132915,producto 01,Vida grupo particular,F,PEN,1963-04-26,2020-02-06,2025-02-06,0.1,110.0,2465.0
c-6701003133134,producto 01,Vida grupo particular,F,PEN,1977-06-13,2020-02-06,2026-02-06,0.1,139.0,1600.0
c-6701003133162,producto 01,Vida grupo particular,F,PEN,1968-01-10,2020-02-06,2026-02-06,0.1,21.0,495.0
c-6701003133233,producto 01,Vida grupo particular,F,PEN,1949-02-07,2020-02-06,2025-02-06,0.1,84.0,1800.0
c-6701003133252,producto 01,Vida grupo particular,F,PEN,1944-06-06,2020-02-06,2026-02-06,0.1,52.0,2200.0
c-6701003133277,producto 01,Vida grupo particular,F,PEN,1970-11-01,2020-02-06,2025-02-06,0.1,46.0,700.0
c-6701003133378,producto 01,Vida grupo particular,F,PEN,1978-08-13,2020-02-06,2025-02-06,0.1,73.0,3000.0
c-6701003133440,producto 01,Vida grupo particular,F,PEN,1975-04-24,2020-02-06,2025-02-06,0.1,12.0,200.0
c-6701003133466,producto 01,Vida grupo particular,F,PEN,1976-09-11,2020-02-06,2025-02-06,0.1,4.0,400.0
c-6701003133521,producto 01,Vida grupo particular,F,PEN,1940-10-09,2020-02-06,2025-02-06,0.1,20.0,2255.0
c-6701003133553,producto 01,Vida grupo particular,F,PEN,1992-01-27,2020-02-06,2025-02-06,0.1,33.0,1300.0
c-6701003133640,producto 01,Vida grupo particular,F,PEN,1954-11-13,2020-02-06,2025-02-06,0.1,137.0,1600.0
c-6701003133810,producto 01,Vida grupo particular,F,PEN,1986-09-17,2020-02-06,2025-02-06,0.1,101.0,1600.0
c-6701003133843,producto 01,Vida grupo particular,F,PEN,1986-11-12,2020-02-06,2025-02-06,0.1,40.0,1100.0
c-6701003133874,producto 01,Vida grupo particular,F,PEN,1985-12-05,2020-02-06,2026-02-06,0.1,17.0,1100.1
c-6701003133977,producto 01,Vida grupo particular,F,PEN,1982-03-08,2020-02-06,2025-02-06,0.1,216.0,2400.0
c-6701003133988,producto 01,Vida grupo particular,F,PEN,1981-01-03,2020-02-06,2025-02-06,0.1,156.0,1800.0
c-6701003134089,producto 01,Vida grupo particular,F,PEN,1951-11-06,2020-02-07,2025-02-07,0.1,98.0,1100.0
c-6701003134335,producto 01,Vida grupo particular,F,PEN,1974-09-12,2020-02-07,2025-03-07,0.1,15.0,500.0
c-6701003134353,producto 01,Vida grupo particular,F,PEN,1939-12-11,2020-02-07,2025-02-07,0.1,152.0,1800.0
c-6701003134423,producto 01,Vida grupo particular,F,PEN,1990-11-12,2020-02-07,2025-02-07,0.1,35.0,900.0
c-6701003134438,producto 01,Vida grupo particular,F,PEN,1944-05-02,2020-02-07,2025-01-07,0.1,93.0,1425.0
c-6701003134572,producto 01,Vida grupo particular,F,PEN,1962-07-16,2020-02-07,2025-02-07,0.1,114.0,1300.0
c-6701003134607,producto 01,Vida grupo particular,F,PEN,1959-08-09,2020-02-07,2026-02-07,0.1,203.0,2700.0
c-6701003134613,producto 01,Vida grupo particular,F,PEN,1976-12-25,2020-02-07,2025-02-07,0.1,77.0,1500.0
c-6701003134653,producto 01,Vida grupo particular,F,PEN,1966-02-20,2020-02-07,2025-02-07,0.1,50.0,1210.0
c-6701003135138,producto 01,Vida grupo particular,F,PEN,1966-01-06,2020-02-07,2025-02-07,0.1,94.0,1200.0
c-6701003135349,producto 01,Vida grupo particular,F,PEN,1945-07-29,2020-02-07,2025-02-07,0.1,64.0,1300.0
c-6701003135502,producto 01,Vida grupo particular,F,PEN,1939-10-21,2020-02-08,2025-02-08,0.1,88.0,1300.0
c-6701003135517,producto 01,Vida grupo particular,F,PEN,1947-06-23,2020-02-08,2025-02-08,0.1,39.0,600.0
c-6701003135546,producto 01,Vida grupo particular,F,PEN,1979-08-01,2020-02-08,2025-02-08,0.1,52.0,2000.0
c-6701003135559,producto 01,Vida grupo particular,F,PEN,1958-11-21,2020-02-08,2026-02-08,0.1,13.0,1500.0
c-6701003135608,producto02,Vida grupo particular,F,PEN,1980-09-20,2025-02-08,2026-02-08,0.1,33.0,2050.0
c-6701003135867,producto 01,Vida grupo particular,F,PEN,1968-02-18,2020-02-08,2025-02-08,0.1,33.0,1500.1
c-6701003135908,producto 01,Vida grupo particular,F,PEN,1954-05-04,2020-02-08,2025-02-08,0.1,38.0,2000.0
c-6701003136050,producto 01,Vida grupo particular,F,PEN,1974-07-05,2020-02-08,2026-02-08,0.1,93.0,1800.0
c-6701003136067,producto 01,Vida grupo particular,F,PEN,1968-03-09,2020-02-08,2026-02-08,0.1,221.0,2900.0
c-6701003136233,producto 01,Vida grupo particular,F,PEN,1980-05-05,2020-02-08,2025-08-08,0.1,134.0,2700.0
c-6701003136302,producto 01,Vida grupo particular,F,PEN,1945-05-30,2020-02-10,2026-02-10,0.1,41.0,1100.0
c-6701003136368,producto 01,Vida grupo particular,F,PEN,1965-09-17,2020-02-10,2025-02-10,0.1,94.0,1925.0
c-6701003136512,producto 01,Vida grupo particular,F,PEN,1968-05-29,2020-02-10,2025-02-10,0.1,138.0,1600.0
c-6701003136586,producto 01,Vida grupo particular,F,PEN,1975-03-09,2020-02-10,2025-02-10,0.1,155.0,2600.0
c-6701003136776,producto 01,Vida grupo particular,F,PEN,1952-01-20,2020-02-10,2025-02-10,0.1,41.0,2600.0
c-6701003136796,producto 01,Vida grupo particular,F,PEN,1961-11-26,2020-02-10,2025-12-10,0.1,5.0,800.0
c-6701003136832,producto 01,Vida grupo particular,F,PEN,1983-11-08,2020-02-10,2025-02-10,0.1,93.0,1535.0
c-6701003136866,producto 01,Vida grupo particular,F,PEN,1943-06-24,2020-02-10,2026-02-10,0.1,80.0,1400.0
c-6701003136954,producto 01,Vida grupo particular,F,PEN,1984-03-23,2020-02-10,2026-02-10,0.1,27.0,1200.0
c-6701003137047,producto 01,Vida grupo particular,F,PEN,1990-04-09,2020-02-10,2026-02-10,0.1,36.0,3290.0
c-6701003137135,producto 01,Vida grupo particular,F,PEN,1947-05-26,2020-02-10,2025-02-10,0.1,67.0,2715.0
c-6701003137137,producto 01,Vida grupo particular,F,PEN,1944-06-19,2020-02-10,2026-02-10,0.1,170.0,2925.0
c-6701003137392,producto 01,Vida grupo particular,F,PEN,1948-05-25,2020-02-10,2025-02-10,0.1,26.0,800.0
c-6701003137461,producto 01,Vida grupo particular,F,PEN,1995-02-10,2020-02-10,2025-02-10,0.1,19.0,500.1
c-6701003137527,producto 01,Vida grupo particular,F,PEN,1942-10-29,2020-02-10,2026-02-10,0.1,173.0,2710.0
c-6701003137564,producto 01,Vida grupo particular,F,PEN,1967-04-06,2020-02-10,2025-02-10,0.1,111.0,1300.0
c-6701003137600,producto 01,Vida grupo particular,F,PEN,1952-06-15,2020-02-10,2025-02-10,0.1,169.0,1900.0
c-6701003137615,producto 01,Vida grupo particular,F,PEN,1979-07-30,2020-02-10,2026-02-10,0.1,34.0,2400.0
c-6701003137750,producto 01,Vida grupo particular,F,PEN,1969-10-13,2020-02-10,2026-02-10,0.1,67.0,1900.0
c-6701003137800,producto 01,Vida grupo particular,F,PEN,1953-02-02,2020-02-10,2025-02-10,0.1,123.0,2300.0
c-6701003137816,producto 01,Vida grupo particular,F,PEN,1974-10-09,2020-02-10,2025-02-10,0.1,98.0,1600.1
c-6701003138029,producto 01,Vida grupo particular,F,PEN,1942-05-07,2020-02-11,2025-02-11,0.1,42.0,1200.0
c-6701003138277,producto 01,Vida grupo particular,F,PEN,1968-07-21,2020-02-11,2025-01-11,0.1,58.0,700.0
c-6701003138459,producto 01,Vida grupo particular,F,PEN,1961-03-07,2020-02-11,2025-02-11,0.1,116.0,1700.0
c-6701003138467,producto 01,Vida grupo particular,F,PEN,1986-10-16,2020-02-11,2025-02-11,0.1,86.0,1000.0
c-6701003138803,producto 01,Vida grupo particular,F,PEN,1956-02-13,2020-02-11,2025-02-11,0.1,107.0,2200.0
c-6701003138910,producto 01,Vida grupo particular,F,PEN,1956-09-09,2020-02-11,2025-02-11,0.1,20.0,2000.0
c-6701003139000,producto 01,Vida grupo particular,F,PEN,1976-04-29,2020-02-11,2026-02-11,0.1,32.0,965.0
c-6701003139063,producto 01,Vida grupo particular,F,PEN,1963-09-07,2020-02-11,2025-02-11,0.1,54.0,1000.0
c-6701003139167,producto 01,Vida grupo particular,F,PEN,1942-06-08,2020-02-12,2025-04-12,0.1,69.0,1000.0
c-6701003139216,producto 01,Vida grupo particular,F,PEN,1981-09-11,2020-02-12,2025-02-12,0.1,23.0,800.0
c-6701003139265,producto 01,Vida grupo particular,F,PEN,1972-01-01,2020-02-12,2025-02-12,0.1,32.0,2300.0
c-6701003139303,producto 01,Vida grupo particular,F,PEN,1962-11-12,2020-02-12,2026-02-12,0.1,31.0,2795.0
c-6701003139416,producto 01,Vida grupo particular,F,PEN,1980-04-09,2020-02-12,2026-02-12,0.1,215.0,3000.0
c-6701003139601,producto 01,Vida grupo particular,F,PEN,1974-03-26,2020-02-12,2025-02-12,0.1,22.0,430.0
c-6701003139694,producto 01,Vida grupo particular,F,PEN,1966-07-28,2020-02-12,2026-02-12,0.1,263.0,3000.0
c-6701003139704,producto 01,Vida grupo particular,F,PEN,1940-08-03,2020-02-12,2026-02-12,0.1,133.0,1700.0
c-6701003139766,producto02,Vida grupo particular,F,PEN,1941-10-08,2025-02-12,2026-02-12,0.1,123.0,2840.0
c-6701003139768,producto 01,Vida grupo particular,F,PEN,1975-04-11,2020-02-12,2025-02-12,0.1,29.0,1300.0
c-6701003139778,producto 01,Vida grupo particular,F,PEN,1972-11-05,2020-02-12,2025-02-12,0.1,171.0,2700.0
c-6701003139842,producto 01,Vida grupo particular,F,PEN,1986-07-26,2020-02-12,2025-02-12,0.1,71.0,855.0
c-6701003139845,producto 01,Vida grupo particular,F,PEN,1950-09-19,2020-02-12,2025-02-12,0.1,86.0,1200.0
c-6701003139923,producto 01,Vida grupo particular,F,PEN,1960-05-25,2020-02-12,2025-02-12,0.1,39.0,1325.0
c-6701003139934,producto 01,Vida grupo particular,F,PEN,1967-12-14,2020-02-12,2026-02-12,0.1,112.0,1500.0
c-6701003139997,producto 01,Vida grupo particular,F,PEN,1940-12-25,2020-02-12,2026-02-12,0.1,68.0,1700.0
c-6701003140017,producto 01,Vida grupo particular,F,PEN,1991-07-15,2020-02-12,2026-02-12,0.1,39.0,1300.0
c-6701003140057,producto 01,Vida grupo particular,F,PEN,1948-11-16,2020-02-12,2026-02-12,0.1,97.0,1400.0
c-6701003140096,producto 01,Vida grupo particular,F,PEN,1961-02-27,2020-02-12,2026-02-12,0.1,54.0,900.0
c-6701003140291,producto 01,Vida grupo particular,F,PEN,1957-10-30,2020-02-12,2025-02-12,0.1,76.0,999.9
c-6701003140370,producto 01,Vida grupo particular,F,PEN,1971-06-24,2020-02-12,2025-02-12,0.1,48.0,2075.0
c-6701003140381,producto 01,Vida grupo particular,F,PEN,1950-06-22,2020-02-12,2026-02-12,0.1,110.0,1797.0
c-6701003140449,producto 01,Vida grupo particular,F,PEN,1973-09-11,2020-02-12,2025-02-12,0.1,139.0,3700.0
c-6701003140449,producto 01,Vida grupo particular,F,PEN,1973-09-11,2020-02-12,2025-02-20,0.1,120.0,3700.0
c-6701003140502,producto 01,Vida grupo particular,F,PEN,1945-09-25,2020-02-13,2025-02-13,0.1,60.0,1000.0
c-6701003140520,producto 01,Vida grupo particular,F,PEN,1965-08-31,2020-02-13,2025-02-13,0.1,15.0,400.0
c-6701003140711,producto 01,Vida grupo particular,F,PEN,1953-10-20,2020-02-13,2026-02-13,0.1,50.0,1100.1
c-6701003140731,producto 01,Vida grupo particular,F,PEN,1976-04-08,2020-02-13,2026-02-13,0.1,93.0,1700.0
c-6701003140815,producto 01,Vida grupo particular,F,PEN,1981-02-02,2020-02-13,2025-02-13,0.1,33.0,2600.0
c-6701003140831,producto 01,Vida grupo particular,F,PEN,1945-04-29,2020-02-13,2025-02-13,0.1,52.0,2000.0
c-6701003140961,producto 01,Vida grupo particular,F,PEN,1984-03-08,2020-02-13,2025-02-13,0.1,38.0,700.0
c-6701003140963,producto 01,Vida grupo particular,F,PEN,1973-05-23,2020-02-13,2025-02-13,0.1,102.0,3800.0
c-6701003141067,producto 01,Vida grupo particular,F,PEN,1973-02-28,2020-02-13,2026-02-13,0.1,285.0,3299.9
c-6701003141113,producto 01,Vida grupo particular,F,PEN,1967-10-04,2020-02-13,2026-02-13,0.1,75.0,2150.0
c-6701003141233,producto 01,Vida grupo particular,F,PEN,1968-02-14,2020-02-13,2025-02-13,0.1,19.0,1000.0
c-6701003141332,producto 01,Vida grupo particular,F,PEN,1971-02-06,2020-02-13,2025-02-13,0.1,13.0,510.0
c-6701003141453,producto 01,Vida grupo particular,F,PEN,1981-12-10,2020-02-13,2025-02-13,0.1,30.0,1765.0
c-6701003141470,producto 01,Vida grupo particular,F,PEN,1959-05-16,2020-02-13,2025-02-13,0.1,17.0,1600.0
c-6701003141536,producto 01,Vida grupo particular,F,PEN,1944-08-05,2020-02-13,2026-02-13,0.1,10.0,1000.0
c-6701003141753,producto 01,Vida grupo particular,F,PEN,1970-03-06,2020-02-13,2025-02-13,0.1,188.0,2500.0
c-6701003141799,producto 01,Vida grupo particular,F,PEN,1990-02-04,2020-02-13,2026-02-13,0.1,9.0,300.1
c-6701003141892,producto 01,Vida grupo particular,F,PEN,1983-04-04,2020-02-14,2025-02-14,0.1,78.0,1200.0
c-6701003142075,producto 01,Vida grupo particular,F,PEN,1943-01-01,2020-02-14,2025-02-14,0.1,67.0,2000.0
c-6701003142131,producto 01,Vida grupo particular,F,PEN,1970-02-09,2020-02-14,2025-02-14,0.1,45.0,1915.0
c-6701003142163,producto 01,Vida grupo particular,F,PEN,1965-02-24,2020-02-14,2026-02-14,0.1,51.0,1000.0
c-6701003142274,producto 01,Vida grupo particular,F,PEN,1964-06-02,2020-02-14,2025-02-14,0.1,10.0,1400.0
c-6701003142446,producto 01,Vida grupo particular,F,PEN,1992-08-02,2020-02-14,2025-02-14,0.1,177.0,2100.0
c-6701003142498,producto 01,Vida grupo particular,F,PEN,1956-12-04,2020-02-14,2025-02-14,0.1,154.0,2185.0
c-6701003142531,producto 01,Vida grupo particular,F,PEN,1961-03-29,2020-02-14,2025-02-14,0.1,30.0,2410.0
c-6701003142598,producto 01,Vida grupo particular,F,PEN,1940-10-27,2020-02-14,2025-02-14,0.1,104.0,2110.0
c-6701003142754,producto 01,Vida grupo particular,F,PEN,1985-03-18,2020-02-14,2025-02-14,0.1,17.0,2200.0
c-6701003142771,producto 01,Vida grupo particular,F,PEN,1963-12-23,2020-02-14,2025-02-14,0.1,48.0,880.0
c-6701003142860,producto 01,Vida grupo particular,F,PEN,1959-10-06,2020-02-14,2026-02-14,0.1,4.0,2000.0
c-6701003142985,producto 01,Vida grupo particular,F,PEN,1977-05-23,2020-02-14,2025-02-14,0.1,53.0,600.0
c-6701003142985,producto 01,Vida grupo particular,F,PEN,1977-05-23,2020-02-14,2025-02-14,0.1,47.0,600.0
c-6701003142988,producto 01,Vida grupo particular,F,PEN,1986-01-11,2020-02-14,2025-02-14,0.1,95.0,1900.0
c-6701003143022,producto 01,Vida grupo particular,F,PEN,1987-12-05,2020-02-15,2025-02-15,0.1,6.0,1500.0
c-6701003143026,producto 01,Vida grupo particular,F,PEN,1969-05-02,2020-02-15,2026-02-15,0.1,37.0,2205.0
c-6701003143081,producto 01,Vida grupo particular,F,PEN,1945-09-16,2020-02-15,2025-02-15,0.1,102.0,1500.0
c-6701003143296,producto 01,Vida grupo particular,F,PEN,1941-04-24,2020-02-15,2025-02-15,0.1,139.0,1775.0
c-6701003143314,producto 01,Vida grupo particular,F,PEN,1972-04-23,2020-02-15,2025-01-15,0.1,33.0,600.0
c-6701003143420,producto 01,Vida grupo particular,F,PEN,1979-09-02,2020-02-15,2025-02-15,0.1,5.0,630.0
c-6701003143421,producto 01,Vida grupo particular,F,PEN,1976-02-14,2020-02-15,2025-02-15,0.1,8.0,400.0
c-6701003143450,producto 01,Vida grupo particular,F,PEN,1971-12-09,2020-02-15,2025-02-15,0.1,56.0,2000.0
c-6701003143551,producto 01,Vida grupo particular,F,PEN,1984-05-05,2020-02-15,2026-02-15,0.1,82.0,2000.0
c-6701003143579,producto 01,Vida grupo particular,F,PEN,1953-12-29,2020-02-15,2025-02-15,0.1,113.0,2300.0
c-6701003143676,producto 01,Vida grupo particular,F,PEN,1945-08-02,2020-02-15,2025-02-15,0.1,15.0,700.0
c-6701003143686,producto 01,Vida grupo particular,F,PEN,1961-01-03,2020-02-15,2025-02-15,0.1,41.0,2000.0
c-6701003143856,producto 01,Vida grupo particular,F,PEN,1977-11-23,2020-02-17,2025-02-17,0.1,88.0,1600.0
c-6701003143926,producto 01,Vida grupo particular,F,PEN,1986-07-30,2020-02-17,2025-02-17,0.1,4.0,400.0
c-6701003143967,producto 01,Vida grupo particular,F,PEN,1981-07-19,2020-02-17,2025-02-17,0.1,7.0,800.0
c-6701003143980,producto 01,Vida grupo particular,F,PEN,1948-07-19,2020-02-17,2025-02-17,0.1,41.0,700.0
c-6701003144048,producto 01,Vida grupo particular,F,PEN,1951-11-02,2020-02-17,2025-02-17,0.1,1.0,1300.0
c-6701003144114,producto 01,Vida grupo particular,F,PEN,1941-07-28,2020-02-17,2025-02-17,0.1,71.0,1000.0
c-6701003144114,producto 01,Vida grupo particular,F,PEN,1941-07-28,2020-02-17,2025-02-24,0.1,47.0,1000.0
c-6701003144236,producto 01,Vida grupo particular,F,PEN,1978-12-14,2020-02-17,2026-02-17,0.1,61.0,2350.0
c-6701003144292,producto 01,Vida grupo particular,F,PEN,1965-09-12,2020-02-17,2025-02-17,0.1,41.0,1500.0
c-6701003144467,producto 01,Vida grupo particular,F,PEN,1943-07-09,2020-02-17,2026-02-17,0.1,234.0,3200.0
c-6701003144485,producto 01,Vida grupo particular,F,PEN,1966-05-05,2020-02-17,2025-02-17,0.1,63.0,1410.0
c-6701003144575,producto 01,Vida grupo particular,F,PEN,1983-04-16,2020-02-17,2026-02-17,0.1,110.0,1800.0
c-6701003144753,producto 01,Vida grupo particular,F,PEN,1961-08-23,2020-02-17,2026-02-17,0.1,265.0,3000.0
c-6701003144886,producto 01,Vida grupo particular,F,PEN,1967-12-10,2020-02-17,2026-02-17,0.1,98.0,3600.0
c-6701003144897,producto 01,Vida grupo particular,F,PEN,1959-08-13,2020-02-17,2026-02-17,0.1,52.0,2000.0
c-6701003144916,producto 01,Vida grupo particular,F,PEN,1968-11-21,2020-02-17,2025-02-17,0.1,4.0,800.0
c-6701003144983,producto 01,Vida grupo particular,F,PEN,1985-08-09,2020-02-17,2026-02-17,0.1,4.0,300.1
c-6701003144994,producto 01,Vida grupo particular,F,PEN,1940-07-26,2020-02-17,2026-02-17,0.1,32.0,1100.0
c-6701003145011,producto 01,Vida grupo particular,F,PEN,1948-09-07,2020-02-17,2026-02-17,0.1,52.0,1100.1
c-6701003145059,producto 01,Vida grupo particular,F,PEN,1954-11-01,2020-02-17,2025-02-17,0.1,24.0,600.0
c-6701003145082,producto 01,Vida grupo particular,F,PEN,1952-01-19,2020-02-17,2025-02-17,0.1,112.0,2450.0
c-6701003145082,producto 01,Vida grupo particular,F,PEN,1952-01-19,2020-02-17,2025-02-24,0.1,55.0,2450.0
c-6701003145103,producto 01,Vida grupo particular,F,PEN,1960-06-06,2020-02-17,2025-02-17,0.1,41.0,900.0
c-6701003145202,producto 01,Vida grupo particular,F,PEN,1967-03-24,2020-02-18,2025-02-18,0.1,80.0,2120.0
c-6701003145258,producto 01,Vida grupo particular,F,PEN,1953-02-21,2020-02-18,2025-02-18,0.1,156.0,1860.0
c-6701003145332,producto 01,Vida grupo particular,F,PEN,1948-08-31,2020-02-18,2025-02-18,0.1,131.0,2000.0
c-6701003145746,producto 01,Vida grupo particular,F,PEN,1979-03-09,2020-02-18,2025-02-18,0.1,3.0,500.0
c-6701003145822,producto 01,Vida grupo particular,F,PEN,1971-11-10,2020-02-18,2025-02-18,0.1,91.0,1800.0
c-6701003145901,producto 01,Vida grupo particular,F,PEN,1962-07-28,2020-02-18,2025-02-18,0.1,134.0,2300.0
c-6701003145969,producto 01,Vida grupo particular,F,PEN,1967-08-29,2020-02-18,2025-02-18,0.1,195.0,2200.0
c-6701003146228,producto 01,Vida grupo particular,F,PEN,1972-11-09,2020-02-18,2025-02-18,0.1,35.0,3045.0
c-6701003146506,producto 01,Vida grupo particular,F,PEN,1975-08-25,2020-02-19,2025-02-19,0.1,85.0,2400.0
c-6701003146539,producto 01,Vida grupo particular,F,PEN,1978-04-01,2020-02-19,2026-02-19,0.1,77.0,2700.0
c-6701003146546,producto 01,Vida grupo particular,F,PEN,1960-01-09,2020-02-19,2026-02-19,0.1,271.0,3040.0
c-6701003146577,producto 01,Vida grupo particular,F,PEN,1959-11-22,2020-02-19,2025-02-19,0.1,40.0,1335.0
c-6701003146616,producto 01,Vida grupo particular,F,PEN,1971-01-25,2020-02-19,2025-02-19,0.1,183.0,2100.0
c-6701003146820,producto 01,Vida grupo particular,F,PEN,1972-01-19,2020-02-19,2025-02-19,0.1,5.0,2500.0
c-6701003146902,producto 01,Vida grupo particular,F,PEN,1968-03-22,2020-02-19,2025-02-19,0.1,87.0,1100.0
c-6701003146946,producto 01,Vida grupo particular,F,PEN,1947-08-25,2020-02-19,2025-11-19,0.1,7.0,100.1
c-6701003146946,producto 01,Vida grupo particular,F,PEN,1947-08-25,2020-02-19,2025-11-19,0.1,1.0,100.1
c-6701003146974,producto 01,Vida grupo particular,F,PEN,1967-06-05,2020-02-19,2025-02-19,0.1,126.0,1405.0
c-6701003146977,producto 01,Vida grupo particular,F,PEN,1960-03-22,2020-02-19,2025-02-19,0.1,40.0,2000.0
c-6701003147129,producto 01,Vida grupo particular,F,PEN,1973-11-21,2020-02-19,2025-02-19,0.1,32.0,2100.0
c-6701003147389,producto 01,Vida grupo particular,F,PEN,1967-05-28,2020-02-19,2025-02-19,0.1,159.0,1800.0
c-6701003147445,producto 01,Vida grupo particular,F,PEN,1967-12-16,2020-02-19,2025-02-19,0.1,116.0,2500.0
c-6701003147474,producto 01,Vida grupo particular,F,PEN,1959-09-09,2020-02-19,2025-02-19,0.1,35.0,1232.0
c-6701003147481,producto 01,Vida grupo particular,F,PEN,1951-04-06,2020-02-19,2025-02-19,0.1,35.0,1300.0
c-6701003147642,producto 01,Vida grupo particular,F,PEN,1946-10-30,2020-02-20,2025-02-20,0.1,73.0,3100.0
c-6701003147642,producto 01,Vida grupo particular,F,PEN,1946-10-30,2020-02-20,2025-02-20,0.1,163.0,3100.0
c-6701003147710,producto 01,Vida grupo particular,F,PEN,1961-10-01,2020-02-20,2025-02-20,0.1,58.0,2000.0
c-6701003147720,producto 01,Vida grupo particular,F,PEN,1963-02-21,2020-02-20,2025-02-20,0.1,11.0,2350.0
c-6701003147807,producto 01,Vida grupo particular,F,PEN,1945-07-11,2020-02-20,2025-02-20,0.1,7.0,2665.0
c-6701003147817,producto 01,Vida grupo particular,F,PEN,1969-08-29,2020-02-20,2026-02-20,0.1,35.0,900.1
c-6701003147847,producto 01,Vida grupo particular,F,PEN,1983-12-03,2020-02-20,2026-02-20,0.1,56.0,895.0
c-6701003147920,producto 01,Vida grupo particular,F,PEN,1941-03-06,2020-02-20,2025-02-20,0.1,96.0,1400.0
c-6701003147950,producto 01,Vida grupo particular,F,PEN,1993-06-13,2020-02-20,2025-02-20,0.1,12.0,400.0
c-6701003148083,producto 01,Vida grupo particular,F,PEN,1971-04-12,2020-02-20,2026-02-20,0.1,13.0,3000.0
c-6701003148120,producto 01,Vida grupo particular,F,PEN,1963-01-11,2020-02-20,2025-02-20,0.1,17.0,2500.0
c-6701003148185,producto 01,Vida grupo particular,F,PEN,1944-06-24,2020-02-20,2025-02-20,0.1,12.0,1100.0
c-6701003148260,producto 01,Vida grupo particular,F,PEN,1940-12-10,2020-02-20,2026-02-20,0.1,136.0,2000.0
c-6701003148268,producto 01,Vida grupo particular,F,PEN,1966-10-14,2020-02-20,2026-02-20,0.1,124.0,3000.0
c-6701003148387,producto 01,Vida grupo particular,F,PEN,1980-09-10,2020-02-20,2025-02-20,0.1,120.0,2300.0
c-6701003148425,producto 01,Vida grupo particular,F,PEN,1969-03-21,2020-02-20,2025-02-20,0.1,63.0,2205.0
c-6701003148460,producto 01,Vida grupo particular,F,PEN,1984-12-10,2020-02-20,2025-02-20,0.1,62.0,1475.0
c-6701003148498,producto 01,Vida grupo particular,F,PEN,1977-08-18,2020-02-20,2025-02-20,0.1,99.0,2200.0
c-6701003148618,producto 01,Vida grupo particular,F,PEN,1941-01-13,2020-02-20,2025-02-20,0.1,54.0,1700.0
c-6701003149181,producto 01,Vida grupo particular,F,PEN,1972-04-29,2020-02-21,2026-02-21,0.1,54.0,2700.0
c-6701003149182,producto 01,Vida grupo particular,F,PEN,1956-09-28,2020-02-21,2025-02-21,0.1,36.0,500.1
c-6701003149259,producto 01,Vida grupo particular,F,PEN,1973-01-27,2020-02-21,2025-02-21,0.1,4.0,2300.0
c-6701003149268,producto 01,Vida grupo particular,F,PEN,1986-01-26,2020-02-21,2025-02-21,0.1,11.0,1750.0
c-6701003149353,producto 01,Vida grupo particular,F,PEN,1960-08-06,2020-02-21,2025-02-21,0.1,11.0,1850.0
c-6701003149682,producto 01,Vida grupo particular,F,PEN,1986-07-23,2020-02-21,2025-02-21,0.1,89.0,2000.0
c-6701003149707,producto 01,Vida grupo particular,F,PEN,1968-11-20,2020-02-21,2025-02-21,0.1,92.0,2000.0
c-6701003149768,producto 01,Vida grupo particular,F,PEN,1953-06-24,2020-02-21,2025-02-21,0.1,79.0,1680.0
c-6701003149809,producto 01,Vida grupo particular,F,PEN,1952-12-04,2020-02-21,2025-02-21,0.1,101.0,2880.0
c-6701003149978,producto 01,Vida grupo particular,F,PEN,1980-06-11,2020-02-21,2025-02-21,0.1,63.0,1730.0
c-6701003149995,producto 01,Vida grupo particular,F,PEN,1946-10-12,2020-02-21,2025-02-21,0.1,92.0,1590.0
c-6701003150131,producto 01,Vida grupo particular,F,PEN,1963-03-01,2020-02-22,2026-02-22,0.1,66.0,2000.0
c-6701003150149,producto 01,Vida grupo particular,F,PEN,1948-11-28,2020-02-22,2026-02-22,0.1,60.0,1000.0
c-6701003150306,producto 01,Vida grupo particular,F,PEN,1967-11-03,2020-02-22,2025-02-22,0.1,88.0,1600.0
c-6701003150394,producto 01,Vida grupo particular,F,PEN,1991-06-24,2020-02-22,2025-02-22,0.1,60.0,1700.0
c-6701003150428,producto 01,Vida grupo particular,F,PEN,1967-04-12,2020-02-22,2025-02-22,0.1,148.0,3180.0
c-6701003150474,producto 01,Vida grupo particular,F,PEN,1978-11-12,2020-02-22,2025-02-22,0.1,9.0,2000.0
c-6701003150474,producto 01,Vida grupo particular,F,PEN,1978-11-12,2020-02-22,2025-02-28,0.1,42.0,2000.0
c-6701003150475,producto 01,Vida grupo particular,F,PEN,1939-04-24,2020-02-22,2025-02-22,0.1,75.0,1000.0
c-6701003150497,producto 01,Vida grupo particular,F,PEN,1943-07-07,2020-02-22,2025-02-22,0.1,1.0,1000.0
c-6701003150754,producto 01,Vida grupo particular,F,PEN,1947-02-19,2020-02-22,2026-02-22,0.1,145.0,2000.0
c-6701003150777,producto 01,Vida grupo particular,F,PEN,1948-01-01,2020-02-24,2025-02-24,0.1,99.0,1500.0
c-6701003150786,producto 01,Vida grupo particular,F,PEN,1945-05-13,2020-02-24,2025-02-24,0.1,6.0,1600.0
c-6701003150795,producto 01,Vida grupo particular,F,PEN,1943-05-03,2020-02-24,2025-02-24,0.1,47.0,830.0
c-6701003150874,producto 01,Vida grupo particular,F,PEN,1942-10-18,2020-02-24,2025-02-24,0.1,222.0,3600.0
c-6701003150970,producto 01,Vida grupo particular,F,PEN,1973-05-03,2020-02-24,2025-02-24,0.1,296.0,3300.0
c-6701003151036,producto 01,Vida grupo particular,F,PEN,1973-08-30,2020-02-24,2025-02-24,0.1,138.0,2700.0
c-6701003151111,producto 01,Vida grupo particular,F,PEN,1979-09-18,2020-02-24,2025-02-24,0.1,71.0,1940.0
c-6701003151224,producto 01,Vida grupo particular,F,PEN,1970-11-21,2020-02-24,2025-02-24,0.1,37.0,1100.0
c-6701003151234,producto 01,Vida grupo particular,F,PEN,1940-05-02,2020-02-24,2025-02-24,0.1,7.0,1000.0
c-6701003151235,producto 01,Vida grupo particular,F,PEN,1972-12-30,2020-02-24,2026-02-24,0.1,27.0,2200.0
c-6701003151269,producto 01,Vida grupo particular,F,PEN,1958-09-13,2020-02-24,2025-02-24,0.1,93.0,1100.0
c-6701003151271,producto 01,Vida grupo particular,F,PEN,1984-05-18,2020-02-24,2026-02-24,0.1,115.0,2700.0
c-6701003151329,producto 01,Vida grupo particular,F,PEN,1953-01-30,2020-02-24,2026-02-24,0.1,167.0,2000.0
c-6701003151488,producto 01,Vida grupo particular,F,PEN,1954-11-01,2020-02-24,2025-02-24,0.1,86.0,1240.0
c-6701003151643,producto 01,Vida grupo particular,F,PEN,1974-06-21,2020-02-24,2026-02-24,0.1,184.0,2600.0
c-6701003151745,producto 01,Vida grupo particular,F,PEN,1967-10-27,2020-02-24,2026-03-24,0.1,105.0,2100.0
c-6701003151759,producto 01,Vida grupo particular,F,PEN,1941-11-04,2020-02-24,2025-02-24,0.1,13.0,1750.0
c-6701003151842,producto 01,Vida grupo particular,F,PEN,1966-05-19,2020-02-24,2025-02-24,0.1,133.0,3800.0
c-6701003152280,producto 01,Vida grupo particular,F,PEN,1975-02-18,2020-02-25,2025-02-25,0.1,23.0,1500.0
c-6701003152403,producto 01,Vida grupo particular,F,PEN,1939-10-27,2020-02-25,2025-02-25,0.1,153.0,1760.0
c-6701003152533,producto 01,Vida grupo particular,F,PEN,1946-07-14,2020-02-25,2025-02-25,0.1,232.0,3500.0
c-6701003152540,producto 01,Vida grupo particular,F,PEN,1977-06-28,2020-02-25,2026-02-25,0.1,44.0,1800.0
c-6701003152614,producto 01,Vida grupo particular,F,PEN,1966-11-23,2020-02-25,2026-02-25,0.1,173.0,2000.0
c-6701003152617,producto 01,Vida grupo particular,F,PEN,1940-11-30,2020-02-25,2025-02-25,0.1,140.0,1600.0
c-6701003152629,producto 01,Vida grupo particular,F,PEN,1988-04-16,2020-02-25,2025-02-25,0.1,12.0,1200.0
c-6701003152795,producto 01,Vida grupo particular,F,PEN,1966-09-21,2020-02-25,2025-02-25,0.1,67.0,1100.0
c-6701003152923,producto 01,Vida grupo particular,F,PEN,1981-08-04,2020-02-25,2026-02-25,0.1,1.0,2530.0
c-6701003152924,producto 01,Vida grupo particular,F,PEN,1978-09-03,2020-02-25,2025-03-25,0.1,144.0,1900.0
c-6701003152952,producto 01,Vida grupo particular,F,PEN,1963-05-04,2020-02-25,2025-03-25,0.1,9.0,2000.0
c-6701003153004,producto 01,Vida grupo particular,F,PEN,1980-11-14,2020-02-25,2025-02-25,0.1,122.0,2000.0
c-6701003153150,producto 01,Vida grupo particular,F,PEN,1941-04-13,2020-02-25,2025-02-25,0.1,84.0,1800.0
c-6701003153203,producto 01,Vida grupo particular,F,PEN,1965-03-02,2020-02-25,2025-03-25,0.1,32.0,900.0
c-6701003153419,producto 01,Vida grupo particular,F,PEN,1941-01-07,2020-02-26,2025-04-26,0.1,24.0,2500.0
c-6701003153424,producto 01,Vida grupo particular,F,PEN,1963-02-01,2020-02-26,2026-03-26,0.1,64.0,2552.0
c-6701003153534,producto 01,Vida grupo particular,F,PEN,1940-01-01,2020-02-26,2026-02-26,0.1,84.0,2600.0
c-6701003153626,producto 01,Vida grupo particular,F,PEN,1979-12-10,2020-02-26,2026-02-26,0.1,169.0,2500.0
c-6701003153631,producto 01,Vida grupo particular,F,PEN,1978-08-24,2020-02-26,2025-02-26,0.1,128.0,1500.0
c-6701003153684,producto 01,Vida grupo particular,F,PEN,1957-06-19,2020-02-26,2025-02-26,0.1,172.0,2375.0
c-6701003153701,producto 01,Vida grupo particular,F,PEN,1963-07-26,2020-02-26,2026-02-26,0.1,76.0,1300.0
c-6701003153957,producto 01,Vida grupo particular,F,PEN,1959-12-29,2020-02-26,2025-02-26,0.1,78.0,1200.0
c-6701003153964,producto 01,Vida grupo particular,F,PEN,1959-03-12,2020-02-26,2025-02-26,0.1,36.0,1000.0
c-6701003154145,producto 01,Vida grupo particular,F,PEN,1963-12-06,2020-02-26,2025-02-26,0.1,84.0,2200.0
c-6701003154150,producto 01,Vida grupo particular,F,PEN,1961-01-09,2020-02-26,2026-02-26,0.1,216.0,2700.0
c-6701003154150,producto 01,Vida grupo particular,F,PEN,1961-01-09,2020-02-26,2026-02-26,0.1,185.0,2700.0
c-6701003154167,producto 01,Vida grupo particular,F,PEN,1940-09-20,2020-02-26,2025-02-26,0.1,135.0,1865.0
c-6701003154225,producto 01,Vida grupo particular,F,PEN,1990-10-14,2020-02-26,2025-02-26,0.1,79.0,1300.0
c-6701003154267,producto 01,Vida grupo particular,F,PEN,1983-05-20,2020-02-26,2025-02-26,0.1,32.0,1600.0
c-6701003154275,producto 01,Vida grupo particular,F,PEN,1980-06-01,2020-02-26,2025-02-26,0.1,12.0,2045.0
c-6701003154275,producto 01,Vida grupo particular,F,PEN,1980-06-01,2020-02-26,2025-02-26,0.1,37.0,2045.0
c-6701003154383,producto 01,Vida grupo particular,F,PEN,1955-02-28,2020-02-26,2026-02-26,0.1,37.0,2900.0
c-6701003154385,producto 01,Vida grupo particular,F,PEN,1949-12-23,2020-02-26,2025-02-26,0.1,28.0,900.0
c-6701003154429,producto 01,Vida grupo particular,F,PEN,1974-08-30,2020-02-26,2025-03-26,0.1,53.0,1000.0
c-6701003154483,producto 01,Vida grupo particular,F,PEN,1967-09-19,2020-02-26,2026-02-26,0.1,140.0,1600.0
c-6701003154542,producto 01,Vida grupo particular,F,PEN,1947-12-20,2020-02-27,2025-02-27,0.1,70.0,2120.0
c-6701003154542,producto 01,Vida grupo particular,F,PEN,1947-12-20,2020-02-27,2025-03-03,0.1,161.0,2120.0
c-6701003154544,producto 01,Vida grupo particular,F,PEN,1973-03-22,2020-02-27,2025-02-27,0.1,65.0,1500.0
c-6701003154571,producto 01,Vida grupo particular,F,PEN,1989-01-31,2020-02-27,2025-02-27,0.1,5.0,300.0
c-6701003154672,producto 01,Vida grupo particular,F,PEN,1939-10-19,2020-02-27,2026-02-27,0.1,176.0,2280.0
c-6701003154782,producto 01,Vida grupo particular,F,PEN,1949-06-21,2020-02-27,2025-02-27,0.1,78.0,1040.0
c-6701003154789,producto 01,Vida grupo particular,F,PEN,1958-09-28,2020-02-27,2025-02-27,0.1,6.0,1415.0
c-6701003154816,producto 01,Vida grupo particular,F,PEN,1968-11-25,2020-02-27,2025-02-27,0.1,7.0,500.0
c-6701003154846,producto 01,Vida grupo particular,F,PEN,1958-01-21,2020-02-27,2026-02-27,0.1,137.0,3500.0
c-6701003154875,producto 01,Vida grupo particular,F,PEN,1958-12-12,2020-02-27,2026-02-27,0.1,150.0,2700.0
c-6701003155042,producto 01,Vida grupo particular,F,PEN,1985-11-04,2020-02-27,2026-02-27,0.1,161.0,1900.0
c-6701003155085,producto 01,Vida grupo particular,F,PEN,1978-04-18,2020-02-27,2025-02-27,0.1,209.0,2500.0
c-6701003155189,producto 01,Vida grupo particular,F,PEN,1958-11-15,2020-02-27,2025-02-27,0.1,33.0,700.0
c-6701003155254,producto 01,Vida grupo particular,F,PEN,1967-08-17,2020-02-27,2025-02-27,0.1,84.0,2500.0
c-6701003155276,producto 01,Vida grupo particular,F,PEN,1949-05-04,2020-02-27,2026-02-27,0.1,13.0,2000.0
c-6701003155287,producto 01,Vida grupo particular,F,PEN,1952-12-24,2020-02-27,2025-02-27,0.1,46.0,930.0
c-6701003155510,producto 01,Vida grupo particular,F,PEN,1972-07-13,2020-02-27,2025-02-27,0.1,8.0,340.0
c-6701003155640,producto 01,Vida grupo particular,F,PEN,1977-06-23,2020-02-27,2026-02-27,0.1,24.0,2500.0
c-6701003155845,producto 01,Vida grupo particular,F,PEN,1962-12-15,2020-02-28,2025-02-28,0.1,75.0,2000.0
c-6701003156054,producto 01,Vida grupo particular,F,PEN,1944-10-01,2020-02-28,2025-02-28,0.1,101.0,2700.0
c-6701003156238,producto 01,Vida grupo particular,F,PEN,1940-11-18,2020-02-28,2026-02-28,0.1,246.0,3000.0
c-6701003156273,producto 01,Vida grupo particular,F,PEN,1988-02-12,2020-02-28,2025-02-28,0.1,63.0,1000.0
c-6701003156297,producto 01,Vida grupo particular,F,PEN,1946-11-06,2020-02-28,2025-02-28,0.1,34.0,1500.0
c-6701003156371,producto 01,Vida grupo particular,F,PEN,1941-04-01,2020-02-28,2025-02-28,0.1,139.0,1600.0
c-6701003156405,producto 01,Vida grupo particular,F,PEN,1953-02-22,2020-02-28,2025-03-28,0.1,3.0,535.0
c-6701003156410,producto 01,Vida grupo particular,F,PEN,1960-01-21,2020-02-28,2025-02-28,0.1,219.0,2500.0
c-6701003156441,producto 01,Vida grupo particular,F,PEN,1951-11-23,2020-02-28,2025-02-28,0.1,92.0,1830.0
c-6701003156573,producto 01,Vida grupo particular,F,PEN,1970-06-23,2020-02-28,2025-02-28,0.1,138.0,1700.0
c-6701003156605,producto 01,Vida grupo particular,F,PEN,1970-12-17,2020-02-28,2025-02-28,0.1,64.0,1100.0
c-6701003156663,producto 01,Vida grupo particular,F,PEN,1975-04-06,2020-02-28,2025-02-28,0.1,2.0,2400.0
c-6701003156721,producto 01,Vida grupo particular,F,PEN,1958-02-19,2020-02-28,2025-02-28,0.1,23.0,2020.0
c-6701003156902,producto 01,Vida grupo particular,F,PEN,1967-11-04,2020-02-28,2025-02-28,0.1,148.0,2700.0
c-6701003156909,producto 01,Vida grupo particular,F,PEN,1991-09-10,2020-02-28,2025-01-28,0.1,8.0,200.0
c-6701003157090,producto 01,Vida grupo particular,F,PEN,1964-07-03,2020-02-28,2026-02-28,0.1,64.0,2200.0
c-6701003157220,producto 01,Vida grupo particular,F,PEN,1975-07-17,2020-02-28,2025-02-28,0.1,52.0,1000.0
c-6701003157256,producto 01,Vida grupo particular,F,PEN,1980-01-24,2020-02-29,2025-02-28,0.1,121.0,2900.0
c-6701003157333,producto 01,Vida grupo particular,F,PEN,1946-05-03,2020-02-29,2025-02-28,0.1,35.0,1000.0
c-6701003157485,producto 01,Vida grupo particular,F,PEN,1946-09-03,2020-02-29,2025-02-28,0.1,67.0,1200.0
c-6701003157527,producto 01,Vida grupo particular,F,PEN,1945-03-21,2020-02-29,2025-02-28,0.1,12.0,2590.0
c-6701003157552,producto 01,Vida grupo particular,F,PEN,1982-03-31,2020-02-29,2025-02-28,0.1,49.0,1100.0
c-6701003157615,producto 01,Vida grupo particular,F,PEN,1969-10-17,2020-02-29,2025-02-28,0.1,15.0,1060.0
c-6701003157633,producto 01,Vida grupo particular,F,PEN,1970-12-07,2020-02-29,2025-02-28,0.1,23.0,2075.0
c-6701003157725,producto 01,Vida grupo particular,F,PEN,1970-06-26,2020-02-29,2025-02-28,0.1,62.0,2765.0
c-6701003157761,producto 01,Vida grupo particular,F,PEN,1964-10-14,2020-02-29,2026-02-28,0.1,69.0,1700.0
c-6701003157826,producto 01,Vida grupo particular,F,PEN,1955-07-25,2020-02-29,2025-02-28,0.1,28.0,790.0
c-6701003157997,producto 01,Vida grupo particular,F,PEN,1961-04-17,2020-02-29,2025-02-28,0.1,153.0,1725.0
c-6701003158131,producto 01,Vida grupo particular,F,PEN,1958-06-24,2020-02-29,2025-02-28,0.1,54.0,2000.0
c-6701003158139,producto 01,Vida grupo particular,F,PEN,1972-07-01,2020-02-29,2025-02-28,0.1,32.0,1700.1
c-6701003158178,producto 01,Vida grupo particular,F,PEN,1966-08-26,2020-02-29,2025-02-28,0.1,26.0,2020.0
c-6701003158208,producto 01,Vida grupo particular,F,PEN,1965-04-01,2020-02-29,2025-02-28,0.1,124.0,2790.0
c-6701003158209,producto 01,Vida grupo particular,F,PEN,1952-03-29,2020-02-29,2025-02-28,0.1,101.0,2700.0
c-6701003158270,producto 01,Vida grupo particular,F,PEN,1983-08-26,2020-02-29,2025-02-28,0.1,126.0,2715.0
c-6701003158454,producto 01,Vida grupo particular,F,PEN,1949-02-20,2020-03-02,2025-03-15,0.1,10.0,700.0
c-6701003158510,producto 01,Vida grupo particular,F,PEN,1945-04-01,2020-03-02,2025-03-06,0.1,129.0,1500.0
c-6701003158859,producto 01,Vida grupo particular,F,PEN,1942-03-25,2020-03-02,2026-03-06,0.1,151.0,2028.1
c-6701003159044,producto 01,Vida grupo particular,F,PEN,1969-03-31,2020-03-02,2025-03-06,0.1,60.0,2000.0
c-6701003159108,producto 01,Vida grupo particular,F,PEN,1982-11-30,2020-03-02,2025-03-07,0.1,43.0,600.0
c-6701003159155,producto 01,Vida grupo particular,F,PEN,1987-10-23,2020-03-02,2026-03-11,0.1,66.0,1200.0
c-6701003159188,producto 01,Vida grupo particular,F,PEN,1964-12-16,2020-03-02,2025-03-06,0.1,88.0,1400.0
c-6701003159305,producto 01,Vida grupo particular,F,PEN,1970-02-01,2020-03-02,2025-03-06,0.1,4.0,2370.0
c-6701003159359,producto 01,Vida grupo particular,F,PEN,1960-11-20,2020-03-02,2026-03-06,0.1,104.0,1525.0
c-6701003159386,producto 01,Vida grupo particular,F,PEN,1968-12-03,2020-03-03,2026-03-07,0.1,155.0,1730.0
c-6701003159407,producto 01,Vida grupo particular,F,PEN,1954-03-09,2020-03-03,2025-03-13,0.1,53.0,1355.0
c-6701003159447,producto 01,Vida grupo particular,F,PEN,1970-12-24,2020-03-03,2025-03-07,0.1,13.0,2500.0
c-6701003159775,producto 01,Vida grupo particular,F,PEN,1978-08-22,2020-03-03,2025-03-07,0.1,24.0,400.0
c-6701003159824,producto 01,Vida grupo particular,F,PEN,1981-09-03,2020-03-03,2025-03-07,0.1,122.0,2300.1
c-6701003159974,producto 01,Vida grupo particular,F,PEN,1945-03-26,2020-03-03,2025-03-18,0.1,208.0,3640.0
c-6701003160051,producto 01,Vida grupo particular,F,PEN,1966-08-24,2020-03-03,2026-03-07,0.1,32.0,2500.0
c-6701003160094,producto 01,Vida grupo particular,F,PEN,1954-01-04,2020-03-03,2025-03-07,0.1,7.0,2000.0
c-6701003160142,producto 01,Vida grupo particular,F,PEN,1942-05-20,2020-03-03,2025-03-07,0.1,176.0,2600.0
c-6701003160197,producto 01,Vida grupo particular,F,PEN,1962-04-18,2020-03-03,2025-03-07,0.1,110.0,2000.0
c-6701003160227,producto 01,Vida grupo particular,F,PEN,1960-03-08,2020-03-03,2026-03-07,0.1,127.0,2080.0
c-6701003160324,producto 01,Vida grupo particular,F,PEN,1964-05-24,2020-03-03,2025-03-07,0.1,55.0,2545.0
c-6701003160366,producto 01,Vida grupo particular,F,PEN,1959-09-25,2020-03-04,2025-03-08,0.1,41.0,1182.0
c-6701003160633,producto 01,Vida grupo particular,F,PEN,1957-08-13,2020-03-04,2025-03-08,0.1,92.0,1300.0
c-6701003160680,producto 01,Vida grupo particular,F,PEN,1960-11-18,2020-03-04,2026-03-28,0.1,3.0,1130.0
c-6701003160872,producto 01,Vida grupo particular,F,PEN,1951-11-06,2020-03-04,2025-03-08,0.1,309.0,3700.0
c-6701003160935,producto 01,Vida grupo particular,F,PEN,1965-11-16,2020-03-04,2025-03-08,0.1,99.0,2000.0
c-6701003161170,producto 01,Vida grupo particular,F,PEN,1950-06-15,2020-03-04,2025-03-17,0.1,62.0,800.0
c-6701003161367,producto 01,Vida grupo particular,F,PEN,1973-12-16,2020-03-04,2025-03-08,0.1,8.0,765.0
c-6701003161386,producto 01,Vida grupo particular,F,PEN,1945-06-24,2020-03-04,2026-03-23,0.1,116.0,1660.0
c-6701003161566,producto 01,Vida grupo particular,F,PEN,1950-12-26,2020-03-05,2025-03-11,0.1,53.0,1100.0
c-6701003161595,producto 01,Vida grupo particular,F,PEN,1959-08-21,2020-03-05,2026-03-20,0.1,44.0,2100.0
c-6701003161788,producto 01,Vida grupo particular,F,PEN,1976-04-18,2020-03-05,2025-01-11,0.1,259.0,3700.0
c-6701003161800,producto 01,Vida grupo particular,F,PEN,1966-04-08,2020-03-05,2025-03-11,0.1,31.0,700.0
c-6701003161842,producto 01,Vida grupo particular,F,PEN,1977-02-09,2020-03-05,2025-03-11,0.1,79.0,1000.0
c-6701003161931,producto 01,Vida grupo particular,F,PEN,1978-10-04,2020-03-05,2026-04-03,0.1,167.0,2600.0
c-6701003162010,producto 01,Vida grupo particular,F,PEN,1974-01-14,2020-03-05,2026-03-11,0.1,193.0,2300.0
c-6701003162135,producto 01,Vida grupo particular,F,PEN,1972-10-03,2020-03-05,2026-03-11,0.1,64.0,1000.0
c-6701003162318,producto 01,Vida grupo particular,F,PEN,1965-01-23,2020-03-05,2025-03-11,0.1,72.0,1300.0
c-6701003162338,producto 01,Vida grupo particular,F,PEN,1972-06-01,2020-03-05,2025-03-11,0.1,30.0,1100.0
c-6701003162397,producto 01,Vida grupo particular,F,PEN,1953-05-03,2020-03-05,2025-03-11,0.1,333.0,3700.0
c-6701003162585,producto 01,Vida grupo particular,F,PEN,1946-01-12,2020-03-05,2026-03-21,0.1,75.0,1500.0
c-6701003162587,producto 01,Vida grupo particular,F,PEN,1961-02-01,2020-03-05,2025-03-11,0.1,37.0,700.1
c-6701003162746,producto 01,Vida grupo particular,F,PEN,1958-06-07,2020-03-05,2025-03-11,0.1,130.0,1775.0
c-6701003162798,producto 01,Vida grupo particular,F,PEN,1948-05-10,2020-03-05,2025-04-02,0.1,44.0,1110.0
c-6701003163102,producto 01,Vida grupo particular,F,PEN,1946-03-08,2020-03-06,2026-03-11,0.1,333.0,3700.0
c-6701003163164,producto 01,Vida grupo particular,F,PEN,1946-09-03,2020-03-06,2025-03-20,0.1,99.0,1300.0
c-6701003163261,producto 01,Vida grupo particular,F,PEN,1989-07-14,2020-03-06,2025-03-13,0.1,24.0,1000.0
c-6701003163383,producto 01,Vida grupo particular,F,PEN,1973-07-03,2020-03-06,2025-03-11,0.1,36.0,400.0
c-6701003163446,producto 01,Vida grupo particular,F,PEN,1963-10-19,2020-03-06,2025-03-21,0.1,11.0,1275.0
c-6701003163565,producto 01,Vida grupo particular,F,PEN,1979-05-13,2020-03-06,2026-03-11,0.1,118.0,2300.0
c-6701003163673,producto 01,Vida grupo particular,F,PEN,1953-09-09,2020-03-06,2025-03-11,0.1,138.0,2500.0
c-6701003164003,producto 01,Vida grupo particular,F,PEN,1965-09-23,2020-03-06,2025-03-25,0.1,8.0,700.0
c-6701003164254,producto 01,Vida grupo particular,F,PEN,1988-08-06,2020-03-06,2026-03-23,0.1,18.0,475.0
c-6701003164272,producto 01,Vida grupo particular,F,PEN,1967-06-18,2020-03-06,2025-03-14,0.1,81.0,1500.0
c-6701003164311,producto 01,Vida grupo particular,F,PEN,1980-01-18,2020-03-06,2025-03-11,0.1,28.0,1100.0
c-6701003164363,producto 01,Vida grupo particular,F,PEN,1942-06-29,2020-03-06,2025-03-20,0.1,146.0,2150.0
c-6701003164515,producto 01,Vida grupo particular,F,PEN,1988-08-23,2020-03-06,2025-03-11,0.1,32.0,400.0
c-6701003164696,producto 01,Vida grupo particular,F,PEN,1969-01-27,2020-03-07,2025-03-11,0.1,19.0,1300.0
c-6701003164757,producto 01,Vida grupo particular,F,PEN,1967-03-21,2020-03-07,2026-01-12,0.1,32.0,956.0
c-6701003164767,producto 01,Vida grupo particular,F,PEN,1955-02-25,2020-03-07,2025-03-11,0.1,166.0,3000.0
c-6701003164847,producto 01,Vida grupo particular,F,PEN,1946-03-16,2020-03-07,2025-03-18,0.1,51.0,2500.0
c-6701003164925,producto 01,Vida grupo particular,F,PEN,1964-06-20,2020-03-07,2025-03-11,0.1,128.0,1800.0
c-6701003164997,producto 01,Vida grupo particular,F,PEN,1969-12-27,2020-03-07,2025-03-11,0.1,95.0,1300.0
c-6701003165083,producto 01,Vida grupo particular,F,PEN,1946-09-15,2020-03-07,2026-03-16,0.1,77.0,880.1
c-6701003165273,producto 01,Vida grupo particular,F,PEN,1969-11-19,2020-03-07,2025-03-11,0.1,10.0,1300.0
c-6701003165350,producto 01,Vida grupo particular,F,PEN,1973-01-04,2020-03-07,2026-04-06,0.1,29.0,1400.0
c-6701003165445,producto 01,Vida grupo particular,F,PEN,1955-02-05,2020-03-07,2025-03-11,0.1,47.0,1300.0
c-6701003165729,producto 01,Vida grupo particular,F,PEN,1970-06-30,2020-03-09,2025-03-13,0.1,97.0,1900.0
c-6701003165732,producto 01,Vida grupo particular,F,PEN,1953-02-08,2020-03-09,2025-03-13,0.1,20.0,1300.0
c-6701003165851,producto 01,Vida grupo particular,F,PEN,1987-05-26,2020-03-09,2026-03-14,0.1,42.0,1300.0
c-6701003165954,producto 01,Vida grupo particular,F,PEN,1974-05-22,2020-03-09,2025-03-13,0.1,8.0,500.0
c-6701003165979,producto 01,Vida grupo particular,F,PEN,1981-09-25,2020-03-09,2025-03-13,0.1,58.0,900.0
c-6701003166204,producto 01,Vida grupo particular,F,PEN,1959-09-11,2020-03-09,2025-03-13,0.1,97.0,1300.0
c-6701003166240,producto 01,Vida grupo particular,F,PEN,1973-08-29,2020-03-09,2025-03-13,0.1,43.0,1500.0
c-6701003166542,producto 01,Vida grupo particular,F,PEN,1973-11-19,2020-03-09,2025-03-13,0.1,180.0,2300.0
c-6701003166702,producto 01,Vida grupo particular,F,PEN,1994-04-14,2020-03-09,2025-03-13,0.1,52.0,900.0
c-6701003166836,producto 01,Vida grupo particular,F,PEN,1975-09-13,2020-03-09,2025-03-13,0.1,7.0,1000.0
c-6701003166881,producto 01,Vida grupo particular,F,PEN,1976-04-03,2020-03-09,2025-03-13,0.1,146.0,1900.0
c-6701003167037,producto 01,Vida grupo particular,F,PEN,1967-06-18,2020-03-09,2026-03-16,0.1,119.0,2300.0
c-6701003167217,producto 01,Vida grupo particular,F,PEN,1979-10-11,2020-03-09,2026-03-13,0.1,75.0,1480.0
c-6701003167303,producto 01,Vida grupo particular,F,PEN,1967-09-02,2020-03-09,2025-03-15,0.1,49.0,1700.0
c-6701003167322,producto 01,Vida grupo particular,F,PEN,1971-04-22,2020-03-09,2025-03-13,0.1,144.0,1900.0
c-6701003167326,producto 01,Vida grupo particular,F,PEN,1990-06-06,2020-03-09,2025-03-13,0.1,35.0,1300.0
c-6701003167448,producto 01,Vida grupo particular,F,PEN,1970-08-21,2020-03-09,2025-03-13,0.1,34.0,701.0
c-6701003167668,producto 01,Vida grupo particular,F,PEN,1951-09-27,2020-03-10,2025-03-15,0.1,86.0,980.0
c-6701003167669,producto 01,Vida grupo particular,F,PEN,1980-01-09,2020-03-10,2025-03-14,0.1,90.0,1400.0
c-6701003167720,producto 01,Vida grupo particular,F,PEN,1954-09-25,2020-03-10,2025-03-14,0.1,41.0,700.0
c-6701003167720,producto 01,Vida grupo particular,F,PEN,1954-09-25,2020-03-10,2025-03-14,0.1,21.0,700.0
c-6701003167776,producto 01,Vida grupo particular,F,PEN,1983-11-24,2020-03-10,2025-03-14,0.1,31.0,500.0
c-6701003167938,producto 01,Vida grupo particular,F,PEN,1984-12-14,2020-03-10,2026-03-14,0.1,72.0,1025.0
c-6701003168397,producto 01,Vida grupo particular,F,PEN,1947-10-15,2020-03-10,2025-03-28,0.1,24.0,300.0
c-6701003168480,producto 01,Vida grupo particular,F,PEN,1944-08-10,2020-03-10,2026-03-14,0.1,178.0,2200.0
c-6701003168618,producto 01,Vida grupo particular,F,PEN,1980-01-30,2020-03-10,2025-03-14,0.1,33.0,500.0
c-6701003168774,producto 01,Vida grupo particular,F,PEN,1952-09-11,2020-03-10,2026-03-14,0.1,304.0,3700.0
c-6701003168855,producto 01,Vida grupo particular,F,PEN,1963-09-28,2020-03-10,2026-03-10,0.1,162.0,3700.0
c-6701003168855,producto 01,Vida grupo particular,F,PEN,1963-09-28,2020-03-10,2026-03-20,0.1,278.0,3700.0
c-6701003168944,producto 01,Vida grupo particular,F,PEN,1962-02-18,2020-03-10,2025-03-20,0.1,69.0,900.0
c-6701003168975,producto 01,Vida grupo particular,F,PEN,1970-05-29,2020-03-10,2026-03-16,0.1,21.0,500.0
c-6701003169160,producto 01,Vida grupo particular,F,PEN,1946-04-26,2020-03-11,2026-03-16,0.1,274.0,3700.0
c-6701003169177,producto 01,Vida grupo particular,F,PEN,1944-08-30,2020-03-11,2025-03-15,0.1,14.0,1400.0
c-6701003169207,producto 01,Vida grupo particular,F,PEN,1941-01-29,2020-03-11,2026-01-15,0.1,10.0,600.0
c-6701003169238,producto 01,Vida grupo particular,F,PEN,1948-04-05,2020-03-11,2025-03-25,0.1,271.0,3120.0
c-6701003169261,producto 01,Vida grupo particular,F,PEN,1968-05-25,2020-03-11,2025-03-25,0.1,3.0,250.0
c-6701003169425,producto 01,Vida grupo particular,F,PEN,1964-06-24,2020-03-11,2025-03-15,0.1,21.0,900.0
c-6701003169539,producto 01,Vida grupo particular,F,PEN,1964-08-13,2020-03-11,2025-04-09,0.1,61.0,700.0
c-6701003169552,producto 01,Vida grupo particular,F,PEN,1940-04-18,2020-03-11,2025-03-20,0.1,165.0,1900.0
c-6701003169757,producto 01,Vida grupo particular,F,PEN,1966-06-03,2020-03-11,2025-03-17,0.1,50.0,900.0
c-6701003169858,producto 01,Vida grupo particular,F,PEN,1978-05-29,2020-03-11,2025-03-15,0.1,90.0,2100.0
c-6701003169890,producto 01,Vida grupo particular,F,PEN,1941-10-24,2020-03-11,2025-03-24,0.1,135.0,2130.0
c-6701003169935,producto 01,Vida grupo particular,F,PEN,1967-01-01,2020-03-11,2025-04-09,0.1,23.0,1290.0
c-6701003170187,producto 01,Vida grupo particular,F,PEN,1961-01-25,2020-03-11,2026-03-24,0.1,56.0,900.0
c-6701003170526,producto 01,Vida grupo particular,F,PEN,1961-11-04,2020-03-12,2025-03-17,0.1,75.0,1900.0
c-6701003170544,producto 01,Vida grupo particular,F,PEN,1952-04-10,2020-03-12,2025-03-17,0.1,176.0,2180.0
c-6701003170770,producto 01,Vida grupo particular,F,PEN,1984-02-29,2020-03-12,2026-04-04,0.1,7.0,500.0
c-6701003170773,producto 01,Vida grupo particular,F,PEN,1944-07-26,2020-03-12,2026-01-20,0.1,1.0,600.0
c-6701003170845,producto 01,Vida grupo particular,F,PEN,1993-03-20,2020-03-12,2025-03-21,0.1,5.0,300.0
c-6701003171074,producto 01,Vida grupo particular,F,PEN,1976-06-26,2020-03-12,2025-03-17,0.1,1.0,500.0
c-6701003171136,producto 01,Vida grupo particular,F,PEN,1985-09-03,2020-03-12,2025-03-17,0.1,59.0,700.0
c-6701003171197,producto 01,Vida grupo particular,F,PEN,1962-07-12,2020-03-12,2025-03-17,0.1,9.0,2900.0
c-6701003171245,producto 01,Vida grupo particular,F,PEN,1951-12-25,2020-03-12,2025-04-09,0.1,132.0,1500.0
c-6701003171266,producto 01,Vida grupo particular,F,PEN,1988-12-02,2020-03-12,2025-03-17,0.1,9.0,1300.0
c-6701003171355,producto 01,Vida grupo particular,F,PEN,1969-06-16,2020-03-12,2025-03-17,0.1,19.0,2500.0
c-6701003171388,producto 01,Vida grupo particular,F,PEN,1970-04-30,2020-03-12,2025-03-22,0.1,53.0,1500.0
c-6701003171445,producto 01,Vida grupo particular,F,PEN,1956-01-29,2020-03-12,2025-03-28,0.1,6.0,1700.0
c-6701003171927,producto 01,Vida grupo particular,F,PEN,1974-11-20,2020-03-12,2025-03-17,0.1,69.0,1100.0
c-6701003172072,producto 01,Vida grupo particular,F,PEN,1966-04-26,2020-03-13,2025-03-17,0.1,7.0,1555.0
c-6701003172089,producto 01,Vida grupo particular,F,PEN,1957-05-13,2020-03-13,2026-03-28,0.1,17.0,200.0
c-6701003172090,producto 01,Vida grupo particular,F,PEN,1981-11-19,2020-03-13,2026-03-17,0.1,65.0,1100.0
c-6701003172121,producto 01,Vida grupo particular,F,PEN,1947-03-07,2020-03-13,2025-03-17,0.1,44.0,1000.0
c-6701003172317,producto 01,Vida grupo particular,F,PEN,1944-11-17,2020-03-13,2025-04-02,0.1,53.0,1300.0
c-6701003172341,producto 01,Vida grupo particular,F,PEN,1944-04-27,2020-03-13,2026-03-17,0.1,83.0,1200.0
c-6701003172359,producto 01,Vida grupo particular,F,PEN,1977-10-30,2020-03-13,2025-03-17,0.1,35.0,460.0
c-6701003172445,producto 01,Vida grupo particular,F,PEN,1965-10-27,2020-03-13,2025-03-21,0.1,29.0,1300.0
c-6701003172445,producto 01,Vida grupo particular,F,PEN,1965-10-27,2020-03-13,2025-03-21,0.1,52.0,1300.0
c-6701003172512,producto 01,Vida grupo particular,F,PEN,1964-03-18,2020-03-13,2025-03-17,0.1,20.0,2170.0
c-6701003172585,producto 01,Vida grupo particular,F,PEN,1964-08-15,2020-03-13,2025-03-22,0.1,44.0,1845.0
c-6701003172650,producto 01,Vida grupo particular,F,PEN,1945-12-24,2020-03-13,2025-03-17,0.1,38.0,500.0
c-6701003172858,producto 01,Vida grupo particular,F,PEN,1972-05-11,2020-03-13,2025-03-17,0.1,43.0,2960.0
c-6701003173047,producto 01,Vida grupo particular,F,PEN,1976-06-05,2020-03-13,2026-03-13,0.1,104.0,2100.0
c-6701003173047,producto 01,Vida grupo particular,F,PEN,1976-06-05,2020-03-13,2026-03-17,0.1,172.0,2100.0
c-6701003173074,producto 01,Vida grupo particular,F,PEN,1970-10-21,2020-03-13,2025-03-17,0.1,27.0,1250.0
c-6701003173345,producto 01,Vida grupo particular,F,PEN,1969-02-06,2020-03-13,2026-03-20,0.1,110.0,1300.0
c-6701003173360,producto 01,Vida grupo particular,F,PEN,1967-01-24,2020-03-13,2026-03-17,0.1,275.0,3700.0
c-6701003173541,producto 01,Vida grupo particular,F,PEN,1946-07-17,2020-03-14,2026-03-25,0.1,8.0,745.0
c-6701003173579,producto 01,Vida grupo particular,F,PEN,1968-01-23,2020-03-14,2025-03-27,0.1,67.0,1020.0
c-6701003173643,producto 01,Vida grupo particular,F,PEN,1968-11-29,2020-03-14,2025-03-24,0.1,41.0,700.0
c-6701003173661,producto 01,Vida grupo particular,F,PEN,1953-12-10,2020-03-14,2025-03-18,0.1,73.0,900.0
c-6701003173871,producto 01,Vida grupo particular,F,PEN,1962-07-21,2020-03-14,2025-03-18,0.1,25.0,700.0
c-6701003174068,producto 01,Vida grupo particular,F,PEN,1950-08-04,2020-03-14,2025-03-18,0.1,70.0,2300.0
c-6701003174105,producto 01,Vida grupo particular,F,PEN,1942-07-14,2020-03-14,2025-03-18,0.1,76.0,1100.0
c-6701003174126,producto 01,Vida grupo particular,F,PEN,1946-12-08,2020-03-14,2026-03-18,0.1,28.0,1700.0
c-6701003174149,producto 01,Vida grupo particular,F,PEN,1967-12-20,2020-03-14,2025-03-18,0.1,297.0,3700.0
c-6701003174369,producto 01,Vida grupo particular,F,PEN,1994-03-22,2020-03-16,2025-03-20,0.1,1.0,700.0
c-6701003174466,producto 01,Vida grupo particular,F,PEN,1973-04-10,2020-03-16,2025-03-17,0.1,91.0,1300.0
c-6701003174491,producto 01,Vida grupo particular,F,PEN,1943-09-06,2020-03-16,2026-03-20,0.1,12.0,700.0
c-6701003174889,producto 01,Vida grupo particular,F,PEN,1967-01-04,2020-03-16,2025-03-20,0.1,34.0,500.0
c-6701003174919,producto 01,Vida grupo particular,F,PEN,1944-07-18,2020-03-16,2025-03-20,0.1,40.0,2300.0
c-6701003174967,producto 01,Vida grupo particular,F,PEN,1980-10-14,2020-03-16,2025-03-20,0.1,49.0,600.0
c-6701003174988,producto 01,Vida grupo particular,F,PEN,1960-02-28,2020-03-16,2026-01-20,0.1,127.0,1500.0
c-6701003175221,producto 01,Vida grupo particular,F,PEN,1965-10-13,2020-03-16,2026-03-20,0.1,155.0,1880.0
c-6701003175607,producto 01,Vida grupo particular,F,PEN,1972-06-02,2020-03-16,2026-03-20,0.1,52.0,900.0
c-6701003176003,producto 01,Vida grupo particular,F,PEN,1951-10-05,2020-03-17,2025-03-21,0.1,47.0,1300.0
c-6701003176187,producto 01,Vida grupo particular,F,PEN,1985-05-05,2020-03-18,2025-04-11,0.1,44.0,1100.0
c-6701003176280,producto 01,Vida grupo particular,F,PEN,1990-03-26,2020-03-19,2025-03-27,0.1,44.0,500.0
c-6701003176318,producto 01,Vida grupo particular,F,PEN,1971-09-19,2020-03-20,2025-03-24,0.1,49.0,730.0
c-6701003176320,producto 01,Vida grupo particular,F,PEN,1941-02-18,2020-03-20,2026-02-16,0.1,11.0,300.0
c-6701003176334,producto 01,Vida grupo particular,F,PEN,1990-07-14,2020-03-20,2026-04-18,0.1,60.0,700.0
c-6701003176460,producto 01,Vida grupo particular,F,PEN,1951-10-03,2020-03-23,2026-04-03,0.1,5.0,735.0
c-6701003176486,producto 01,Vida grupo particular,F,PEN,1951-06-25,2020-03-23,2025-03-27,0.1,257.0,3700.0
c-6701003176510,producto 01,Vida grupo particular,F,PEN,1944-04-30,2020-03-24,2025-03-28,0.1,3.0,900.0
c-6701003176515,producto 01,Vida grupo particular,F,PEN,1951-05-21,2020-03-24,2026-03-28,0.1,15.0,830.0
c-6701003176536,producto 01,Vida grupo particular,F,PEN,1964-05-15,2020-03-24,2026-01-28,0.1,30.0,900.0
c-6701003176536,producto 01,Vida grupo particular,F,PEN,1964-05-15,2020-03-24,2026-01-28,0.1,53.0,900.0
c-6701003176566,producto 01,Vida grupo particular,F,PEN,1948-01-11,2020-03-25,2026-04-03,0.1,57.0,2000.0
c-6701003176625,producto 01,Vida grupo particular,F,PEN,1962-05-30,2020-03-26,2026-04-03,0.1,82.0,1500.0
c-6701003176772,producto 01,Vida grupo particular,F,PEN,1975-08-29,2020-03-30,2025-10-04,0.1,5.0,900.0
c-6701003177202,producto 01,Vida grupo particular,F,PEN,1945-01-28,2020-04-14,2025-05-12,0.1,20.0,550.0
c-6701003177282,producto 01,Vida grupo particular,F,PEN,1962-01-26,2020-04-15,2025-05-13,0.1,30.0,900.0
c-6701003177292,producto 01,Vida grupo particular,F,PEN,1969-12-14,2020-04-15,2026-05-11,0.1,26.0,1445.0
c-6701003177294,producto 01,Vida grupo particular,F,PEN,1952-04-26,2020-04-15,2025-05-13,0.1,57.0,800.0
c-6701003177296,producto 01,Vida grupo particular,F,PEN,1984-08-10,2020-04-15,2025-05-13,0.1,98.0,1100.0
c-6701003177307,producto 01,Vida grupo particular,F,PEN,1945-01-29,2020-04-15,2026-05-13,0.1,123.0,1840.0
c-6701003177340,producto 01,Vida grupo particular,F,PEN,1985-12-30,2020-04-16,2025-05-13,0.1,23.0,320.0
c-6701003177349,producto 01,Vida grupo particular,F,PEN,1984-08-16,2020-04-16,2025-05-13,0.1,56.0,800.0
c-6701003177376,producto 01,Vida grupo particular,F,PEN,1973-08-26,2020-04-16,2026-04-21,0.1,40.0,1340.0
c-6701003177404,producto 01,Vida grupo particular,F,PEN,1966-05-20,2020-04-16,2025-05-12,0.1,66.0,900.0
c-6701003177411,producto 01,Vida grupo particular,F,PEN,1962-05-14,2020-04-16,2026-05-13,0.1,83.0,2175.0
c-6701003177447,producto 01,Vida grupo particular,F,PEN,1960-03-12,2020-04-17,2025-05-15,0.1,2.0,335.0
c-6701003177477,producto 01,Vida grupo particular,F,PEN,1949-07-13,2020-04-17,2025-05-13,0.1,19.0,1000.0
c-6701003177481,producto 01,Vida grupo particular,F,PEN,1977-02-24,2020-04-17,2025-05-13,0.1,23.0,1400.0
c-6701003177481,producto 01,Vida grupo particular,F,PEN,1977-02-24,2020-04-17,2025-05-13,0.1,78.0,1400.0
c-6701003177544,producto 01,Vida grupo particular,F,PEN,1959-10-05,2020-04-20,2025-05-16,0.1,45.0,800.0
c-6701003177621,producto 01,Vida grupo particular,F,PEN,1961-12-10,2020-04-20,2025-05-19,0.1,57.0,1700.0
c-6701003177764,producto 01,Vida grupo particular,F,PEN,1969-09-04,2020-04-22,2025-05-20,0.1,106.0,2000.0
c-6701003177808,producto 01,Vida grupo particular,F,PEN,1977-03-23,2020-04-23,2026-04-22,0.1,53.0,1150.0
c-6701003177853,producto 01,Vida grupo particular,F,PEN,1968-04-24,2020-04-23,2025-05-02,0.1,84.0,1900.0
c-6701003178007,producto 01,Vida grupo particular,F,PEN,1946-08-22,2020-04-27,2026-05-16,0.1,54.0,3000.0
c-6701003178018,producto 01,Vida grupo particular,F,PEN,1954-09-23,2020-04-27,2025-05-20,0.1,21.0,340.1
c-6701003178074,producto 01,Vida grupo particular,F,PEN,1972-11-26,2020-04-27,2026-05-25,0.1,50.0,650.0
c-6701003178116,producto 01,Vida grupo particular,F,PEN,1992-04-15,2020-04-28,2025-05-02,0.1,62.0,1000.0
c-6701003178172,producto 01,Vida grupo particular,F,PEN,1979-05-03,2020-04-28,2025-05-26,0.1,34.0,400.0
c-6701003178263,producto 01,Vida grupo particular,F,PEN,1988-10-06,2020-04-29,2025-05-27,0.1,6.0,500.0
c-6701003178283,producto 01,Vida grupo particular,F,PEN,1974-05-29,2020-04-29,2025-05-27,0.1,8.0,600.0
c-6701003178289,producto 01,Vida grupo particular,F,PEN,1945-03-19,2020-04-29,2025-05-27,0.1,48.0,600.0
c-6701003178297,producto 01,Vida grupo particular,F,PEN,1970-07-21,2020-04-29,2025-05-27,0.1,4.0,600.0
c-6701003178299,producto 01,Vida grupo particular,F,PEN,1948-03-24,2020-04-29,2026-05-27,0.1,15.0,1000.0
c-6701003178329,producto 01,Vida grupo particular,F,PEN,1964-02-24,2020-04-29,2025-05-03,0.1,161.0,2285.0
c-6701003178334,producto 01,Vida grupo particular,F,PEN,1947-08-27,2020-04-30,2025-05-27,0.1,34.0,1100.0
c-6701003178453,producto 01,Vida grupo particular,F,PEN,1953-08-27,2020-04-30,2025-05-27,0.1,52.0,1985.0
c-6701003178463,producto 01,Vida grupo particular,F,PEN,1967-07-03,2020-04-30,2025-05-27,0.1,55.0,900.0
c-6701003178464,producto 01,Vida grupo particular,F,PEN,1945-01-21,2020-04-30,2025-05-27,0.1,146.0,2075.0
c-6701003178530,producto 01,Vida grupo particular,F,PEN,1954-08-25,2020-05-04,2025-05-04,0.1,56.0,1500.0
c-6701003178596,producto 01,Vida grupo particular,F,PEN,1950-07-06,2020-05-05,2025-05-05,0.1,35.0,800.0
c-6701003178644,producto 01,Vida grupo particular,F,PEN,1968-07-20,2020-05-05,2026-05-05,0.1,244.0,3000.0
c-6701003178706,producto 01,Vida grupo particular,F,PEN,1952-05-02,2020-05-06,2026-05-06,0.1,27.0,700.0
c-6701003178799,producto 01,Vida grupo particular,F,PEN,1970-08-18,2020-05-07,2025-05-07,0.1,104.0,1400.0
c-6701003178905,producto 01,Vida grupo particular,F,PEN,1989-05-04,2020-05-08,2026-05-08,0.1,44.0,500.0
c-6701003178942,producto 01,Vida grupo particular,F,PEN,1952-10-11,2020-05-08,2025-05-08,0.1,38.0,900.0
c-6701003178945,producto 01,Vida grupo particular,F,PEN,1991-01-25,2020-05-08,2026-04-08,0.1,24.0,1300.0
c-6701003179003,producto 01,Vida grupo particular,F,PEN,1982-03-31,2020-05-11,2025-06-11,0.1,9.0,400.0
c-6701003179150,producto 01,Vida grupo particular,F,PEN,1993-08-28,2020-05-12,2025-06-12,0.1,19.0,1100.0
c-6701003179253,producto 01,Vida grupo particular,F,PEN,1975-08-08,2020-05-13,2026-05-13,0.1,2.0,1000.0
c-6701003179340,producto 01,Vida grupo particular,F,PEN,1958-05-29,2020-05-14,2026-06-14,0.1,137.0,2000.0
c-6701003179379,producto 01,Vida grupo particular,F,PEN,1988-03-23,2020-05-14,2025-05-14,0.1,31.0,400.0
c-6701003179495,producto 01,Vida grupo particular,F,PEN,1988-01-19,2020-05-15,2025-05-15,0.1,55.0,1000.0
c-6701003179713,producto 01,Vida grupo particular,F,PEN,1967-10-04,2020-05-18,2026-05-18,0.1,35.0,1300.0
c-6701003179773,producto 01,Vida grupo particular,F,PEN,1945-04-07,2020-05-19,2025-05-19,0.1,47.0,1500.0
c-6701003179776,producto 01,Vida grupo particular,F,PEN,1950-10-07,2020-05-19,2026-05-19,0.1,6.0,900.0
c-6701003179819,producto 01,Vida grupo particular,F,PEN,1963-04-07,2020-05-20,2026-05-20,0.1,46.0,550.0
c-6701003179898,producto 01,Vida grupo particular,F,PEN,1971-09-03,2020-05-22,2026-05-22,0.1,112.0,1800.0
c-6701003179905,producto 01,Vida grupo particular,F,PEN,1992-03-14,2020-05-22,2026-04-22,0.1,69.0,1000.0
c-6701003179943,producto 01,Vida grupo particular,F,PEN,1941-05-08,2020-05-22,2025-01-22,0.1,36.0,1200.0
c-6701003179948,producto 01,Vida grupo particular,F,PEN,1952-01-19,2020-05-22,2025-06-22,0.1,211.0,2700.0
c-6701003180054,producto 01,Vida grupo particular,F,PEN,1940-10-20,2020-05-26,2026-06-26,0.1,112.0,1800.0
c-6701003180062,producto 01,Vida grupo particular,F,PEN,1974-06-06,2020-05-26,2026-05-26,0.1,136.0,2000.0
c-6701003180104,producto 01,Vida grupo particular,F,PEN,1964-04-07,2020-05-27,2025-05-27,0.1,140.0,1895.0
c-6701003180146,producto 01,Vida grupo particular,F,PEN,1953-07-24,2020-05-27,2025-05-27,0.1,26.0,2100.0
c-6701003180168,producto 01,Vida grupo particular,F,PEN,1967-05-15,2020-05-27,2026-05-27,0.1,51.0,2800.0
c-6701003180171,producto 01,Vida grupo particular,F,PEN,1979-10-08,2020-05-28,2025-05-28,0.1,13.0,500.0
c-6701003180173,producto 01,Vida grupo particular,F,PEN,1980-10-19,2020-05-28,2026-05-28,0.1,13.0,3000.0
c-6701003180176,producto 01,Vida grupo particular,F,PEN,1963-03-18,2020-05-28,2025-05-28,0.1,27.0,900.0
c-6701003180220,producto 01,Vida grupo particular,F,PEN,1976-02-19,2020-05-28,2025-05-28,0.1,37.0,2600.0
c-6701003180269,producto 01,Vida grupo particular,F,PEN,1985-01-03,2020-05-29,2025-05-29,0.1,54.0,2300.0
c-6701003180315,producto 01,Vida grupo particular,F,PEN,1965-01-27,2020-05-29,2025-05-29,0.1,67.0,2600.0
c-6701003180322,producto 01,Vida grupo particular,F,PEN,1963-12-09,2020-05-29,2026-05-29,0.1,67.0,1500.0
c-6701003180375,producto 01,Vida grupo particular,F,PEN,1942-08-22,2020-06-01,2024-10-01,0.1,29.0,500.0
c-6701003180381,producto 01,Vida grupo particular,F,PEN,1955-04-14,2020-06-01,2026-06-01,0.1,87.0,2780.0
c-6701003180387,producto 01,Vida grupo particular,F,PEN,1964-08-05,2020-06-01,2026-06-01,0.1,204.0,2300.0
c-6701003180439,producto 01,Vida grupo particular,F,PEN,1974-10-06,2020-06-02,2025-07-02,0.1,20.0,700.0
c-6701003180456,producto 01,Vida grupo particular,F,PEN,1959-08-19,2020-06-02,2026-05-02,0.1,64.0,2300.0
c-6701003180504,producto 01,Vida grupo particular,F,PEN,1961-08-07,2020-06-03,2025-06-03,0.1,84.0,2000.0
c-6701003180507,producto 01,Vida grupo particular,F,PEN,1941-12-14,2020-06-03,2025-06-03,0.1,170.0,2000.0
c-6701003180543,producto 01,Vida grupo particular,F,PEN,1940-07-18,2020-06-04,2025-06-04,0.1,44.0,650.0
c-6701003180553,producto 01,Vida grupo particular,F,PEN,1941-12-07,2020-06-04,2026-06-04,0.1,86.0,1440.0
c-6701003180599,producto 01,Vida grupo particular,F,PEN,1962-10-13,2020-06-05,2025-06-05,0.1,37.0,1800.0
c-6701003180615,producto 01,Vida grupo particular,F,PEN,1947-08-22,2020-06-05,2026-06-05,0.1,86.0,2090.0
c-6701003180623,producto 01,Vida grupo particular,F,PEN,1954-12-28,2020-06-05,2025-07-05,0.1,88.0,1300.0
c-6701003180668,producto 01,Vida grupo particular,F,PEN,1974-03-15,2020-06-05,2025-06-05,0.1,84.0,950.0
c-6701003180681,producto 01,Vida grupo particular,F,PEN,1966-01-31,2020-06-06,2025-06-06,0.1,170.0,2110.0
c-6701003180686,producto 01,Vida grupo particular,F,PEN,1983-08-20,2020-06-06,2026-06-06,0.1,83.0,3000.0
c-6701003180758,producto 01,Vida grupo particular,F,PEN,1943-02-06,2020-06-08,2026-06-08,0.1,159.0,2000.0
c-6701003180773,producto 01,Vida grupo particular,F,PEN,1945-12-03,2020-06-08,2025-06-08,0.1,35.0,1840.0
c-6701003180824,producto 01,Vida grupo particular,F,PEN,1960-05-17,2020-06-08,2025-07-08,0.1,81.0,900.0
c-6701003180907,producto 01,Vida grupo particular,F,PEN,1975-01-16,2020-06-09,2025-06-09,0.1,76.0,1750.0
c-6701003180974,producto 01,Vida grupo particular,F,PEN,1945-07-30,2020-06-09,2026-06-09,0.1,24.0,1800.0
c-6701003181016,producto 01,Vida grupo particular,F,PEN,1941-04-03,2020-06-09,2026-07-09,0.1,45.0,1800.0
c-6701003181025,producto 01,Vida grupo particular,F,PEN,1967-04-03,2020-06-09,2025-06-09,0.1,66.0,800.0
c-6701003181056,producto 01,Vida grupo particular,F,PEN,1971-03-06,2020-06-09,2026-06-09,0.1,7.0,800.0
c-6701003181094,producto 01,Vida grupo particular,F,PEN,1988-11-06,2020-06-10,2026-06-10,0.1,106.0,1500.0
c-6701003181316,producto 01,Vida grupo particular,F,PEN,1994-10-05,2020-06-11,2025-06-11,0.1,35.0,1200.0
c-6701003181420,producto 01,Vida grupo particular,F,PEN,1942-08-21,2020-06-11,2026-07-11,0.1,12.0,2000.0
c-6701003181553,producto 01,Vida grupo particular,F,PEN,1984-04-18,2020-06-12,2026-06-12,0.1,79.0,900.0
c-6701003181680,producto 01,Vida grupo particular,F,PEN,1984-04-21,2020-06-12,2026-06-12,0.1,13.0,1200.0
c-6701003181887,producto 01,Vida grupo particular,F,PEN,1956-10-27,2020-06-15,2026-06-15,0.1,13.0,830.0
c-6701003181915,producto 01,Vida grupo particular,F,PEN,1948-11-12,2020-06-16,2025-07-16,0.1,43.0,700.0
c-6701003182022,producto 01,Vida grupo particular,F,PEN,1948-03-05,2020-06-17,2026-06-17,0.1,8.0,1945.0
c-6701003182036,producto 01,Vida grupo particular,F,PEN,1960-04-28,2020-06-17,2026-06-17,0.1,36.0,1590.0
c-6701003182247,producto 01,Vida grupo particular,F,PEN,1985-10-25,2020-06-19,2026-06-19,0.1,37.0,700.0
c-6701003182289,producto 01,Vida grupo particular,F,PEN,1968-04-02,2020-06-19,2026-07-19,0.1,5.0,1800.0
c-6701003182353,producto 01,Vida grupo particular,F,PEN,1954-06-23,2020-06-22,2025-06-22,0.1,7.0,800.0
c-6701003182463,producto 01,Vida grupo particular,F,PEN,1970-10-13,2020-06-23,2025-07-23,0.1,71.0,1100.1
c-6701003182565,producto 01,Vida grupo particular,F,PEN,1964-12-24,2020-06-24,2025-06-24,0.1,3.0,600.0
c-6701003182632,producto 01,Vida grupo particular,F,PEN,1964-03-20,2020-06-25,2025-07-25,0.1,7.0,1800.0
c-6701003182702,producto 01,Vida grupo particular,F,PEN,1963-05-29,2020-06-26,2026-06-26,0.1,38.0,800.0
c-6701003182733,producto 01,Vida grupo particular,F,PEN,1967-12-15,2020-06-26,2025-06-26,0.1,33.0,800.0
c-6701003182765,producto 01,Vida grupo particular,F,PEN,1955-12-11,2020-06-27,2025-06-27,0.1,45.0,800.0
c-6701003182774,producto 01,Vida grupo particular,F,PEN,1952-09-04,2020-06-27,2026-06-27,0.1,23.0,600.0
c-6701003182781,producto 01,Vida grupo particular,F,PEN,1945-11-07,2020-06-27,2025-09-27,0.1,5.0,500.0
c-6701003182804,producto 01,Vida grupo particular,F,PEN,1990-09-19,2020-06-27,2025-06-27,0.1,35.0,800.0
c-6701003182901,producto 01,Vida grupo particular,F,PEN,1987-12-12,2020-06-30,2025-06-30,0.1,11.0,900.0
c-6701003183030,producto 01,Vida grupo particular,F,PEN,1951-11-20,2020-07-01,2026-07-01,0.1,27.0,400.0
c-6701003183122,producto 01,Vida grupo particular,F,PEN,1964-04-29,2020-07-03,2025-07-03,0.1,107.0,1800.0
c-6701003183149,producto 01,Vida grupo particular,F,PEN,1965-08-30,2020-07-03,2026-07-03,0.1,9.0,1600.0
c-6701003183167,producto 01,Vida grupo particular,F,PEN,1989-11-16,2020-07-03,2025-07-03,0.1,26.0,900.0
c-6701003183300,producto 01,Vida grupo particular,F,PEN,1975-09-24,2020-07-06,2025-07-06,0.1,164.0,2000.0
c-6701003183346,producto 01,Vida grupo particular,F,PEN,1984-06-06,2020-07-07,2025-07-07,0.1,29.0,800.0
c-6701003183485,producto 01,Vida grupo particular,F,PEN,1974-10-08,2020-07-08,2025-07-08,0.1,62.0,700.0
c-6701003183551,producto 01,Vida grupo particular,F,PEN,1964-05-16,2020-07-08,2026-07-08,0.1,22.0,555.0
c-6701003183609,producto 01,Vida grupo particular,F,PEN,1980-08-29,2020-07-08,2025-07-08,0.1,127.0,1800.0
c-6701003183813,producto 01,Vida grupo particular,F,PEN,1969-01-23,2020-07-09,2026-07-09,0.1,37.0,800.0
c-6701003183864,producto 01,Vida grupo particular,F,PEN,1991-01-28,2020-07-09,2026-07-09,0.1,60.0,700.0
c-6701003183979,producto 01,Vida grupo particular,F,PEN,1971-09-13,2020-07-09,2026-07-09,0.1,36.0,1100.0
c-6701003184064,producto 01,Vida grupo particular,F,PEN,1952-02-26,2020-07-10,2026-07-10,0.1,21.0,1000.0
c-6701003184165,producto 01,Vida grupo particular,F,PEN,1995-02-01,2020-07-10,2025-07-10,0.1,5.0,200.0
c-6701003184215,producto 01,Vida grupo particular,F,PEN,1987-11-01,2020-07-10,2026-07-10,0.1,67.0,1200.0
c-6701003184640,producto 01,Vida grupo particular,F,PEN,1980-01-31,2020-07-13,2025-07-13,0.1,22.0,900.0
c-6701003184701,producto 01,Vida grupo particular,F,PEN,1951-10-21,2020-07-13,2025-07-13,0.1,2.0,500.0
c-6701003184746,producto 01,Vida grupo particular,F,PEN,1943-11-16,2020-07-13,2025-07-13,0.1,69.0,800.0
c-6701003185243,producto 01,Vida grupo particular,F,PEN,1960-02-23,2020-07-15,2026-07-15,0.1,14.0,310.0
c-6701003185361,producto 01,Vida grupo particular,F,PEN,1976-09-24,2020-07-16,2025-07-16,0.1,33.0,800.0
c-6701003185709,producto 01,Vida grupo particular,F,PEN,1990-10-25,2020-07-17,2025-07-17,0.1,85.0,1100.0
c-6701003185829,producto 01,Vida grupo particular,F,PEN,1956-05-02,2020-07-17,2025-07-17,0.1,78.0,1100.0
c-6701003185882,producto 01,Vida grupo particular,F,PEN,1951-03-03,2020-07-18,2026-07-18,0.1,53.0,600.0
c-6701003186495,producto 01,Vida grupo particular,F,PEN,1989-01-31,2020-07-21,2026-07-21,0.1,98.0,1200.0
c-6701003186972,producto 01,Vida grupo particular,F,PEN,1949-09-19,2020-07-23,2025-02-23,0.1,38.0,900.0
c-6701003187116,producto 01,Vida grupo particular,F,PEN,1961-05-02,2020-07-23,2025-12-23,0.1,27.0,720.0
c-6701003187249,producto 01,Vida grupo particular,F,PEN,1983-03-19,2020-07-24,2025-07-24,0.1,14.0,1200.0
c-6701003187360,producto 01,Vida grupo particular,F,PEN,1983-09-26,2020-07-24,2025-07-24,0.1,21.0,375.0
c-6701003187454,producto 01,Vida grupo particular,F,PEN,1982-01-21,2020-07-25,2026-07-25,0.1,18.0,1500.0
c-6701003187651,producto 01,Vida grupo particular,F,PEN,1968-04-01,2020-07-27,2025-07-27,0.1,62.0,900.0
c-6701003187955,producto 01,Vida grupo particular,F,PEN,1963-10-01,2020-07-29,2026-07-29,0.1,22.0,500.0
c-6701003188015,producto 01,Vida grupo particular,F,PEN,1942-01-02,2020-07-29,2026-06-29,0.1,28.0,480.0
c-6701003188017,producto 01,Vida grupo particular,F,PEN,1986-07-01,2020-07-29,2026-07-29,0.1,89.0,1000.0
c-6701003188221,producto 01,Vida grupo particular,F,PEN,1991-08-15,2020-07-29,2025-07-29,0.1,50.0,850.0
c-6701003188687,producto 01,Vida grupo particular,F,PEN,1941-03-01,2020-07-31,2026-07-31,0.1,49.0,900.0
c-6701003188889,producto 01,Vida grupo particular,F,PEN,1986-03-07,2020-07-31,2025-07-31,0.1,69.0,800.0
c-6701003188924,producto 01,Vida grupo particular,F,PEN,1956-05-30,2020-08-01,2026-08-01,0.1,78.0,1000.0
c-6701003189090,producto 01,Vida grupo particular,F,PEN,1965-03-11,2020-08-03,2026-08-03,0.1,37.0,900.0
c-6701003189341,producto 01,Vida grupo particular,F,PEN,1946-10-03,2020-08-04,2025-08-04,0.1,77.0,1630.0
c-6701003189688,producto 01,Vida grupo particular,F,PEN,1951-06-18,2020-08-05,2025-08-05,0.1,9.0,700.0
c-6701003189802,producto 01,Vida grupo particular,F,PEN,1940-11-25,2020-08-05,2025-08-05,0.1,58.0,800.0
c-6701003189808,producto 01,Vida grupo particular,F,PEN,1961-08-16,2020-08-06,2024-10-06,0.1,14.0,500.0
c-6701003189916,producto 01,Vida grupo particular,F,PEN,1947-03-02,2020-08-06,2025-08-06,0.1,54.0,1200.0
c-6701003190281,producto 01,Vida grupo particular,F,PEN,1975-03-01,2020-08-07,2026-08-07,0.1,44.0,1700.0
c-6701003190745,producto 01,Vida grupo particular,F,PEN,1941-08-17,2020-08-10,2025-08-10,0.1,3.0,1620.0
c-6701003190983,producto 01,Vida grupo particular,F,PEN,1973-12-22,2020-08-10,2025-08-10,0.1,61.0,900.0
c-6701003191174,producto 01,Vida grupo particular,F,PEN,1954-02-04,2020-08-11,2025-08-11,0.1,31.0,700.0
c-6701003191215,producto 01,Vida grupo particular,F,PEN,1959-05-24,2020-08-11,2026-06-11,0.1,34.0,920.0
c-6701003191634,producto 01,Vida grupo particular,F,PEN,1985-03-22,2020-08-12,2025-08-12,0.1,35.0,600.0
c-6701003191645,producto 01,Vida grupo particular,F,PEN,1974-01-09,2020-08-12,2026-08-12,0.1,51.0,725.0
c-6701003191702,producto 01,Vida grupo particular,F,PEN,1965-04-20,2020-08-12,2026-08-12,0.1,66.0,1200.0
c-6701003191820,producto 01,Vida grupo particular,F,PEN,1995-01-28,2020-08-13,2025-08-13,0.1,46.0,725.0
c-6701003191823,producto 01,Vida grupo particular,F,PEN,1963-03-13,2020-08-13,2026-08-13,0.1,18.0,1200.0
c-6701003191952,producto 01,Vida grupo particular,F,PEN,1951-02-01,2020-08-13,2025-08-13,0.1,27.0,900.0
c-6701003192260,producto 01,Vida grupo particular,F,PEN,1982-01-24,2020-08-14,2026-08-14,0.1,22.0,800.0
c-6701003192268,producto 01,Vida grupo particular,F,PEN,1950-02-25,2020-08-14,2025-08-14,0.1,78.0,1000.0
c-6701003192494,producto 01,Vida grupo particular,F,PEN,1951-09-17,2020-08-15,2026-08-15,0.1,49.0,1100.0
c-6701003192558,producto 01,Vida grupo particular,F,PEN,1968-07-21,2020-08-17,2025-08-17,0.1,32.0,600.0
c-6701003192609,producto 01,Vida grupo particular,F,PEN,1962-12-31,2020-08-17,2025-08-17,0.1,11.0,1200.0
c-6701003192698,producto 01,Vida grupo particular,F,PEN,1973-05-16,2020-08-17,2025-08-17,0.1,14.0,300.0
c-6701003192754,producto 01,Vida grupo particular,F,PEN,1967-09-08,2020-08-17,2025-09-17,0.1,52.0,2000.0
c-6701003192787,producto 01,Vida grupo particular,F,PEN,1967-09-10,2020-08-17,2026-09-17,0.1,42.0,800.0
c-6701003192891,producto 01,Vida grupo particular,F,PEN,1964-06-21,2020-08-18,2026-08-18,0.1,81.0,2000.0
c-6701003192952,producto 01,Vida grupo particular,F,PEN,1960-06-11,2020-08-18,2026-09-18,0.1,53.0,1900.0
c-6701003193067,producto 01,Vida grupo particular,F,PEN,1962-07-22,2020-08-18,2026-08-18,0.1,61.0,900.0
c-6701003193275,producto 01,Vida grupo particular,F,PEN,1960-04-01,2020-08-19,2025-08-19,0.1,84.0,1600.0
c-6701003193447,producto 01,Vida grupo particular,F,PEN,1940-12-08,2020-08-19,2025-07-19,0.1,12.0,200.0
c-6701003193573,producto 01,Vida grupo particular,F,PEN,1965-02-24,2020-08-20,2025-08-20,0.1,63.0,1100.0
c-6701003193677,producto 01,Vida grupo particular,F,PEN,1943-07-10,2020-08-20,2026-08-20,0.1,52.0,1000.0
c-6701003193683,producto 01,Vida grupo particular,F,PEN,1958-01-26,2020-08-20,2026-08-20,0.1,25.0,970.0
c-6701003193724,producto 01,Vida grupo particular,F,PEN,1940-10-03,2020-08-20,2026-08-20,0.1,75.0,1000.0
c-6701003193812,producto 01,Vida grupo particular,F,PEN,1952-03-28,2020-08-21,2025-08-21,0.1,38.0,600.0
c-6701003194056,producto 01,Vida grupo particular,F,PEN,1972-08-01,2020-08-21,2026-09-21,0.1,48.0,900.1
c-6701003194240,producto 01,Vida grupo particular,F,PEN,1970-07-29,2020-08-22,2026-08-22,0.1,95.0,1200.0
c-6701003194881,producto 01,Vida grupo particular,F,PEN,1943-05-22,2020-08-25,2026-08-25,0.1,6.0,800.0
c-6701003194896,producto 01,Vida grupo particular,F,PEN,1967-08-17,2020-08-25,2025-08-25,0.1,52.0,700.0
c-6701003195359,producto 01,Vida grupo particular,F,PEN,1978-12-04,2020-08-27,2026-08-27,0.1,9.0,1900.0
c-6701003195517,producto 01,Vida grupo particular,F,PEN,1983-08-09,2020-08-27,2026-08-27,0.1,71.0,1200.0
c-6701003195548,producto 01,Vida grupo particular,F,PEN,1978-10-31,2020-08-27,2026-02-27,0.1,13.0,600.0
c-6701003195907,producto 01,Vida grupo particular,F,PEN,1990-03-19,2020-08-28,2026-08-28,0.1,13.0,405.0
c-6701003195945,producto 01,Vida grupo particular,F,PEN,1989-11-05,2020-08-28,2026-08-28,0.1,46.0,700.0
c-6701003196066,producto 01,Vida grupo particular,F,PEN,1967-03-12,2020-08-29,2026-08-29,0.1,42.0,1000.0
c-6701003196200,producto 01,Vida grupo particular,F,PEN,1969-05-08,2020-08-31,2026-08-31,0.1,103.0,1900.0
c-6701003196205,producto 01,Vida grupo particular,F,PEN,1962-12-15,2020-08-31,2026-04-30,0.1,47.0,1600.0
c-6701003196244,producto 01,Vida grupo particular,F,PEN,1978-11-08,2020-08-31,2026-07-31,0.1,61.0,700.0
c-6701003196275,producto 01,Vida grupo particular,F,PEN,1960-01-13,2020-08-31,2025-09-30,0.1,41.0,1100.0
c-6701003196422,producto 01,Vida grupo particular,F,PEN,1974-12-16,2020-08-31,2026-08-31,0.1,84.0,1800.0
c-6701003196621,producto 01,Vida grupo particular,F,PEN,1962-05-17,2020-08-31,2024-12-31,0.1,115.0,1500.0
c-6701003196922,producto 01,Vida grupo particular,F,PEN,1942-11-25,2020-09-02,2026-09-02,0.1,98.0,2000.0
c-6701003196971,producto 01,Vida grupo particular,F,PEN,1948-08-15,2020-09-02,2026-08-02,0.1,43.0,882.5
c-6701003197129,producto 01,Vida grupo particular,F,PEN,1972-01-30,2020-09-03,2025-09-03,0.1,26.0,600.0
c-6701003197195,producto 01,Vida grupo particular,F,PEN,1982-06-05,2020-09-03,2025-09-03,0.1,61.0,750.0
c-6701003197204,producto 01,Vida grupo particular,F,PEN,1972-08-06,2020-09-03,2025-09-03,0.1,28.0,1240.0
c-6701003197271,producto 01,Vida grupo particular,F,PEN,1983-03-23,2020-09-03,2025-09-03,0.1,157.0,1900.0
c-6701003197451,producto 01,Vida grupo particular,F,PEN,1967-05-04,2020-09-04,2026-09-04,0.1,96.0,1200.0
c-6701003197575,producto 01,Vida grupo particular,F,PEN,1969-08-26,2020-09-04,2026-09-04,0.1,87.0,1200.0
c-6701003197746,producto 01,Vida grupo particular,F,PEN,1969-08-21,2020-09-07,2026-09-07,0.1,55.0,2000.0
c-6701003197797,producto 01,Vida grupo particular,F,PEN,1989-06-10,2020-09-07,2026-08-07,0.1,21.0,1295.0
c-6701003197834,producto 01,Vida grupo particular,F,PEN,1962-03-05,2020-09-07,2026-09-07,0.1,135.0,1705.0
c-6701003198120,producto 01,Vida grupo particular,F,PEN,1977-08-02,2020-09-08,2025-09-08,0.1,82.0,1005.0
c-6701003198459,producto 01,Vida grupo particular,F,PEN,1956-02-20,2020-09-09,2026-09-09,0.1,155.0,1800.0
c-6701003198745,producto 01,Vida grupo particular,F,PEN,1950-11-27,2020-09-10,2025-09-10,0.1,44.0,1700.1
c-6701003198963,producto 01,Vida grupo particular,F,PEN,1980-05-05,2020-09-10,2025-09-10,0.1,46.0,1500.1
c-6701003199048,producto 01,Vida grupo particular,F,PEN,1966-02-15,2020-09-11,2025-10-11,0.1,157.0,1800.0
c-6701003199106,producto 01,Vida grupo particular,F,PEN,1964-07-23,2020-09-11,2025-09-11,0.1,28.0,400.0
c-6701003199183,producto 01,Vida grupo particular,F,PEN,1969-07-02,2020-09-11,2025-09-11,0.1,9.0,975.0
c-6701003199301,producto 01,Vida grupo particular,F,PEN,1972-10-04,2020-09-12,2026-09-12,0.1,12.0,400.0
c-6701003199326,producto 01,Vida grupo particular,F,PEN,1973-11-29,2020-09-12,2025-09-12,0.1,11.0,360.0
c-6701003199504,producto 01,Vida grupo particular,F,PEN,1974-12-12,2020-09-14,2024-10-14,0.1,27.0,400.0
c-6701003199546,producto 01,Vida grupo particular,F,PEN,1953-12-29,2020-09-14,2025-09-14,0.1,46.0,600.0
c-6701003199591,producto 01,Vida grupo particular,F,PEN,1952-04-11,2020-09-14,2025-09-14,0.1,30.0,700.0
c-6701003199617,producto 01,Vida grupo particular,F,PEN,1948-05-13,2020-09-14,2026-09-14,0.1,16.0,420.0
c-6701003199827,producto 01,Vida grupo particular,F,PEN,1976-02-02,2020-09-15,2025-09-15,0.1,9.0,1700.0
c-6701003199838,producto 01,Vida grupo particular,F,PEN,1940-12-01,2020-09-15,2026-09-15,0.1,71.0,1055.0
c-6701003199842,producto 01,Vida grupo particular,F,PEN,1965-12-10,2020-09-15,2026-09-15,0.1,94.0,1200.0
c-6701003199892,producto 01,Vida grupo particular,F,PEN,1976-08-04,2020-09-15,2025-09-15,0.1,23.0,1000.0
c-6701003199908,producto 01,Vida grupo particular,F,PEN,1965-02-20,2020-09-15,2026-09-15,0.1,38.0,1200.0
c-6701003200030,producto 01,Vida grupo particular,F,PEN,1975-01-04,2020-09-16,2026-09-16,0.1,38.0,1300.0
c-6701003200046,producto 01,Vida grupo particular,F,PEN,1987-01-14,2020-09-16,2025-08-16,0.1,24.0,700.0
c-6701003200164,producto 01,Vida grupo particular,F,PEN,1955-06-02,2020-09-16,2025-09-16,0.1,29.0,1600.0
c-6701003200283,producto 01,Vida grupo particular,F,PEN,1969-05-13,2020-09-17,2025-10-17,0.1,3.0,400.0
c-6701003200647,producto 01,Vida grupo particular,F,PEN,1952-07-09,2020-09-18,2025-07-18,0.1,45.0,1068.0
c-6701003200652,producto 01,Vida grupo particular,F,PEN,1941-05-10,2020-09-18,2025-09-18,0.1,98.0,2000.0
c-6701003200703,producto 01,Vida grupo particular,F,PEN,1976-07-01,2020-09-19,2026-09-19,0.1,61.0,1700.0
c-6701003200834,producto 01,Vida grupo particular,F,PEN,1968-10-23,2020-09-21,2025-09-21,0.1,133.0,1900.0
c-6701003201008,producto 01,Vida grupo particular,F,PEN,1956-07-31,2020-09-21,2026-07-21,0.1,78.0,1120.0
c-6701003201011,producto 01,Vida grupo particular,F,PEN,1959-06-12,2020-09-21,2025-10-21,0.1,40.0,1000.0
c-6701003201061,producto 01,Vida grupo particular,F,PEN,1963-01-22,2020-09-21,2025-10-21,0.1,2.0,900.0
c-6701003201107,producto 01,Vida grupo particular,F,PEN,1950-04-08,2020-09-22,2024-10-22,0.1,2.0,200.0
c-6701003201151,producto 01,Vida grupo particular,F,PEN,1956-06-05,2020-09-22,2026-09-22,0.1,89.0,1700.0
c-6701003201474,producto 01,Vida grupo particular,F,PEN,1971-06-22,2020-09-23,2026-09-23,0.1,44.0,1815.0
c-6701003201853,producto 01,Vida grupo particular,F,PEN,1949-11-12,2020-09-25,2024-10-25,0.1,8.0,205.0
c-6701003201909,producto 01,Vida grupo particular,F,PEN,1947-04-07,2020-09-25,2025-02-25,0.1,18.0,1705.0
c-6701003202016,producto 01,Vida grupo particular,F,PEN,1975-09-12,2020-09-25,2026-09-25,0.1,4.0,900.0
c-6701003202073,producto 01,Vida grupo particular,F,PEN,1966-07-02,2020-09-26,2025-09-26,0.1,39.0,1165.0
c-6701003202221,producto 01,Vida grupo particular,F,PEN,1954-03-05,2020-09-28,2026-09-28,0.1,80.0,1900.0
c-6701003202224,producto 01,Vida grupo particular,F,PEN,1983-08-09,2020-09-28,2025-09-28,0.1,23.0,1100.0
c-6701003202466,producto 01,Vida grupo particular,F,PEN,1962-01-08,2020-09-28,2026-09-28,0.1,46.0,1900.0
c-6701003202539,producto 01,Vida grupo particular,F,PEN,1971-09-22,2020-09-29,2025-09-29,0.1,34.0,1175.0
c-6701003202560,producto 01,Vida grupo particular,F,PEN,1989-01-15,2020-09-29,2024-10-29,0.1,15.0,200.0
c-6701003202694,producto 01,Vida grupo particular,F,PEN,1970-05-14,2020-09-29,2026-09-29,0.1,19.0,1200.0
c-6701003202717,producto 01,Vida grupo particular,F,PEN,1954-01-26,2020-09-29,2026-10-29,0.1,96.0,2000.0
c-6701003202744,producto 01,Vida grupo particular,F,PEN,1974-05-10,2020-09-29,2024-12-29,0.1,76.0,1160.0
c-6701003202816,producto 01,Vida grupo particular,F,PEN,1947-06-11,2020-09-30,2026-09-30,0.1,80.0,1830.0
c-6701003203269,producto 01,Vida grupo particular,F,PEN,1973-09-29,2020-10-01,2026-10-01,0.1,26.0,875.0
c-6701003203471,producto 01,Vida grupo particular,F,PEN,1988-04-15,2020-10-03,2024-10-03,0.1,8.0,515.0
c-6701003203533,producto 01,Vida grupo particular,F,PEN,1959-09-24,2020-10-03,2024-11-03,0.1,14.0,900.0
c-6701003203572,producto 01,Vida grupo particular,F,PEN,1976-08-19,2020-10-03,2024-11-03,0.1,38.0,1590.0
c-6701003203642,producto 01,Vida grupo particular,F,PEN,1941-04-12,2020-10-05,2024-10-05,0.1,8.0,2415.0
c-6701003203644,producto 01,Vida grupo particular,F,PEN,1969-08-05,2020-10-05,2024-10-05,0.1,29.0,3740.0
c-6701003203700,producto 01,Vida grupo particular,F,PEN,1943-06-14,2020-10-05,2025-01-05,0.1,38.0,1700.0
c-6701003203740,producto 01,Vida grupo particular,F,PEN,1975-11-05,2020-10-05,2024-11-05,0.1,15.0,1700.0
c-6701003203755,producto 01,Vida grupo particular,F,PEN,1975-12-23,2020-10-05,2026-10-05,0.1,63.0,950.0
c-6701003203943,producto 01,Vida grupo particular,F,PEN,1990-03-02,2020-10-05,2024-10-05,0.1,34.0,510.0
c-6701003204083,producto 01,Vida grupo particular,F,PEN,1984-01-24,2020-10-06,2024-10-06,0.1,39.0,800.0
c-6701003204171,producto 01,Vida grupo particular,F,PEN,1951-02-28,2020-10-06,2024-10-06,0.1,90.0,2210.0
c-6701003204176,producto 01,Vida grupo particular,F,PEN,1945-04-25,2020-10-06,2024-10-06,0.1,8.0,2870.0
c-6701003204212,producto 01,Vida grupo particular,F,PEN,1980-02-13,2020-10-06,2025-10-06,0.1,126.0,1620.0
c-6701003204220,producto 01,Vida grupo particular,F,PEN,1985-07-22,2020-10-06,2024-10-06,0.1,20.0,615.4000000000001
c-6701003204223,producto 01,Vida grupo particular,F,PEN,1951-08-28,2020-10-06,2024-10-06,0.1,12.0,800.0
c-6701003204227,producto 01,Vida grupo particular,F,PEN,1971-01-06,2020-10-06,2024-12-06,0.1,181.0,2430.0
c-6701003204232,producto 01,Vida grupo particular,F,PEN,1955-08-28,2020-10-06,2025-11-06,0.1,28.0,1000.0
c-6701003204254,producto 01,Vida grupo particular,F,PEN,1990-08-08,2020-10-06,2026-10-06,0.1,68.0,1300.0
c-6701003204386,producto 01,Vida grupo particular,F,PEN,1959-03-15,2020-10-07,2025-10-07,0.1,90.0,1000.0
c-6701003204388,producto 01,Vida grupo particular,F,PEN,1970-09-27,2020-10-07,2024-10-07,0.1,60.0,1000.0
c-6701003204471,producto 01,Vida grupo particular,F,PEN,1973-01-17,2020-10-07,2026-10-07,0.1,59.0,1180.0
c-6701003204526,producto 01,Vida grupo particular,F,PEN,1948-04-07,2020-10-07,2024-10-07,0.1,106.0,1365.0
c-6701003204596,producto 01,Vida grupo particular,F,PEN,1980-05-24,2020-10-07,2024-10-07,0.1,10.0,1400.0
c-6701003204598,producto 01,Vida grupo particular,F,PEN,1988-02-09,2020-10-07,2024-10-07,0.1,133.0,2310.0
c-6701003204697,producto 01,Vida grupo particular,F,PEN,1981-10-26,2020-10-07,2025-10-07,0.1,46.0,1700.0
c-6701003204730,producto 01,Vida grupo particular,F,PEN,1979-09-18,2020-10-07,2025-10-07,0.1,11.0,1029.0200000000002
c-6701003204775,producto 01,Vida grupo particular,F,PEN,1955-10-05,2020-10-07,2025-10-07,0.1,44.0,1462.5600000000002
c-6701003204784,producto 01,Vida grupo particular,F,PEN,1972-10-02,2020-10-07,2026-10-07,0.1,15.0,552.461
c-6701003204961,producto 01,Vida grupo particular,F,PEN,1982-05-09,2020-10-08,2024-10-08,0.1,5.0,682.3000000000001
c-6701003205004,producto 01,Vida grupo particular,F,PEN,1959-05-21,2020-10-08,2026-10-08,0.1,34.0,904.915
c-6701003205010,producto 01,Vida grupo particular,F,PEN,1952-01-12,2020-10-08,2026-10-08,0.1,143.0,1947.835
c-6701003205012,producto 01,Vida grupo particular,F,PEN,1958-07-02,2020-10-08,2025-10-08,0.1,168.0,3111.605
c-6701003205083,producto 01,Vida grupo particular,F,PEN,1974-03-18,2020-10-08,2026-10-08,0.1,26.0,367.00500000000005
c-6701003205090,producto 01,Vida grupo particular,F,PEN,1949-02-27,2020-10-08,2026-10-08,0.1,2.0,1114.955
c-6701003205091,producto 01,Vida grupo particular,F,PEN,1985-03-21,2020-10-08,2026-10-08,0.1,31.0,366.385
c-6701003205133,producto 01,Vida grupo particular,F,PEN,1974-04-03,2020-10-09,2026-10-09,0.1,211.0,2735.0
c-6701003205136,producto 01,Vida grupo particular,F,PEN,1941-05-25,2020-10-09,2026-10-09,0.1,69.0,2415.0
c-6701003205168,producto 01,Vida grupo particular,F,PEN,1962-07-31,2020-10-09,2024-10-09,0.1,42.0,800.0
c-6701003205183,producto 01,Vida grupo particular,F,PEN,1961-12-18,2020-10-09,2026-10-09,0.1,12.0,600.0
c-6701003205197,producto 01,Vida grupo particular,F,PEN,1962-05-09,2020-10-09,2024-10-09,0.1,67.0,945.0
c-6701003205246,producto 01,Vida grupo particular,F,PEN,1972-05-27,2020-10-09,2025-10-09,0.1,38.0,1713.385
c-6701003205251,producto 01,Vida grupo particular,F,PEN,1976-10-20,2020-10-09,2026-10-09,0.1,50.0,1690.0700000000002
c-6701003205257,producto 01,Vida grupo particular,F,PEN,1948-02-16,2020-10-09,2026-10-09,0.1,189.0,2385.0
c-6701003205268,producto 01,Vida grupo particular,F,PEN,1970-03-11,2020-10-09,2024-10-09,0.1,93.0,1100.0
c-6701003205286,producto 01,Vida grupo particular,F,PEN,1959-08-31,2020-10-09,2025-10-09,0.1,45.0,1440.0
c-6701003205316,producto 01,Vida grupo particular,F,PEN,1993-11-08,2020-10-09,2025-10-09,0.1,1.0,347.745
c-6701003205319,producto 01,Vida grupo particular,F,PEN,1984-05-24,2020-10-09,2024-10-09,0.1,49.0,599.495
c-6701003205421,producto 01,Vida grupo particular,F,PEN,1943-03-15,2020-10-09,2024-10-09,0.1,33.0,400.0
c-6701003205481,producto 01,Vida grupo particular,F,PEN,1967-02-28,2020-10-09,2025-10-09,0.1,139.0,1900.0
c-6701003205492,producto 01,Vida grupo particular,F,PEN,1961-10-04,2020-10-10,2024-10-10,0.1,137.0,1615.0
c-6701003205504,producto 01,Vida grupo particular,F,PEN,1975-04-24,2020-10-10,2024-11-10,0.1,31.0,1700.0
c-6701003205564,producto 01,Vida grupo particular,F,PEN,1973-02-23,2020-10-10,2024-10-10,0.1,10.0,400.0
c-6701003205569,producto 01,Vida grupo particular,F,PEN,1980-07-10,2020-10-10,2025-10-10,0.1,4.0,1550.0
c-6701003205604,producto 01,Vida grupo particular,F,PEN,1965-11-30,2020-10-10,2024-10-10,0.1,31.0,1235.0
c-6701003205624,producto 01,Vida grupo particular,F,PEN,1971-11-03,2020-10-10,2024-10-10,0.1,29.0,1900.0
c-6701003205663,producto 01,Vida grupo particular,F,PEN,1956-03-06,2020-10-10,2024-10-10,0.1,137.0,3100.0
c-6701003205785,producto 01,Vida grupo particular,F,PEN,1981-02-25,2020-10-12,2024-10-12,0.1,38.0,1200.0
c-6701003205801,producto 01,Vida grupo particular,F,PEN,1981-01-07,2020-10-12,2024-10-12,0.1,4.0,1100.1
c-6701003205828,producto 01,Vida grupo particular,F,PEN,1954-10-12,2020-10-12,2024-10-12,0.1,139.0,1700.0
c-6701003205867,producto 01,Vida grupo particular,F,PEN,1962-08-12,2020-10-12,2026-10-12,0.1,44.0,936.815
c-6701003205868,producto 01,Vida grupo particular,F,PEN,1981-02-07,2020-10-12,2024-10-12,0.1,49.0,640.07
c-6701003206018,producto 01,Vida grupo particular,F,PEN,1948-07-21,2020-10-12,2026-11-12,0.1,141.0,1755.0
c-6701003206024,producto 01,Vida grupo particular,F,PEN,1981-10-14,2020-10-12,2026-10-12,0.1,2.0,1064.47
c-6701003206028,producto 01,Vida grupo particular,F,PEN,1980-07-08,2020-10-12,2026-10-12,0.1,16.0,330.05500000000006
c-6701003206047,producto 01,Vida grupo particular,F,PEN,1950-10-06,2020-10-12,2024-10-12,0.1,85.0,2310.0
c-6701003206115,producto 01,Vida grupo particular,F,PEN,1948-06-03,2020-10-13,2025-10-13,0.1,68.0,1600.0
c-6701003206139,producto 01,Vida grupo particular,F,PEN,1956-08-01,2020-10-13,2024-10-13,0.1,27.0,3105.0
c-6701003206162,producto 01,Vida grupo particular,F,PEN,1941-10-30,2020-10-13,2026-10-13,0.1,161.0,2110.0
c-6701003206185,producto 01,Vida grupo particular,F,PEN,1974-03-04,2020-10-13,2024-10-13,0.1,28.0,400.0
c-6701003206202,producto 01,Vida grupo particular,F,PEN,1958-04-26,2020-10-13,2024-10-13,0.1,2.0,546.225
c-6701003206208,producto 01,Vida grupo particular,F,PEN,1965-07-27,2020-10-13,2026-10-13,0.1,72.0,891.93
c-6701003206212,producto 01,Vida grupo particular,F,PEN,1945-04-29,2020-10-13,2025-10-13,0.1,46.0,2110.0
c-6701003206230,producto 01,Vida grupo particular,F,PEN,1960-05-23,2020-10-13,2024-10-13,0.1,39.0,1315.0
c-6701003206248,producto 01,Vida grupo particular,F,PEN,1953-08-05,2020-10-13,2024-10-13,0.1,145.0,1900.0
c-6701003206264,producto 01,Vida grupo particular,F,PEN,1976-01-08,2020-10-13,2026-10-13,0.1,22.0,1294.95
c-6701003206267,producto 01,Vida grupo particular,F,PEN,1967-08-04,2020-10-13,2026-10-13,0.1,3.0,1928.025
c-6701003206268,producto 01,Vida grupo particular,F,PEN,1983-04-27,2020-10-13,2026-10-13,0.1,11.0,953.175
c-6701003206270,producto 01,Vida grupo particular,F,PEN,1989-01-14,2020-10-13,2026-10-13,0.1,11.0,648.3600000000001
c-6701003206302,producto 01,Vida grupo particular,F,PEN,1954-09-23,2020-10-13,2025-10-13,0.1,26.0,400.1
c-6701003206339,producto 01,Vida grupo particular,F,PEN,1979-08-05,2020-10-13,2024-10-13,0.1,60.0,739.9350000000001
c-6701003206345,producto 01,Vida grupo particular,F,PEN,1964-07-27,2020-10-13,2024-10-13,0.1,110.0,1701.435
c-6701003206361,producto 01,Vida grupo particular,F,PEN,1976-02-14,2020-10-13,2026-10-13,0.1,103.0,1394.565
c-6701003206381,producto 01,Vida grupo particular,F,PEN,1952-02-10,2020-10-13,2026-10-13,0.1,98.0,1600.0
c-6701003206382,producto 01,Vida grupo particular,F,PEN,1987-09-26,2020-10-13,2025-10-13,0.1,284.0,3200.0
c-6701003206409,producto 01,Vida grupo particular,F,PEN,1988-10-17,2020-10-13,2024-10-13,0.1,7.0,500.0
c-6701003206483,producto 01,Vida grupo particular,F,PEN,1970-07-28,2020-10-14,2026-10-14,0.1,7.0,277.85
c-6701003206484,producto 01,Vida grupo particular,F,PEN,1969-11-04,2020-10-14,2025-10-14,0.1,26.0,558.8149999999999
c-6701003206488,producto 01,Vida grupo particular,F,PEN,1967-06-20,2020-10-14,2026-10-14,0.1,97.0,1670.7200000000005
c-6701003206489,producto 01,Vida grupo particular,F,PEN,1986-06-07,2020-10-14,2026-10-14,0.1,8.0,329.06500000000005
c-6701003206496,producto 01,Vida grupo particular,F,PEN,1969-05-02,2020-10-14,2026-10-14,0.1,30.0,700.0
c-6701003206497,producto 01,Vida grupo particular,F,PEN,1992-08-26,2020-10-14,2026-10-14,0.1,69.0,1007.02
c-6701003206506,producto 01,Vida grupo particular,F,PEN,1969-02-24,2020-10-14,2025-10-14,0.1,80.0,2285.57
c-6701003206537,producto 01,Vida grupo particular,F,PEN,1974-04-13,2020-10-14,2024-10-14,0.1,19.0,1000.0
c-6701003206554,producto 01,Vida grupo particular,F,PEN,1987-11-30,2020-10-14,2026-10-14,0.1,11.0,490.92
c-6701003206557,producto 01,Vida grupo particular,F,PEN,1988-10-16,2020-10-14,2025-10-14,0.1,76.0,1200.0
c-6701003206583,producto 01,Vida grupo particular,F,PEN,1982-03-30,2020-10-14,2024-10-14,0.1,36.0,600.0
c-6701003206598,producto 01,Vida grupo particular,F,PEN,1976-09-01,2020-10-14,2026-08-14,0.1,50.0,655.0
c-6701003206651,producto 01,Vida grupo particular,F,PEN,1952-11-04,2020-10-14,2026-10-14,0.1,134.0,1612.5100000000002
c-6701003206751,producto 01,Vida grupo particular,F,PEN,1944-11-19,2020-10-15,2026-10-15,0.1,1.0,1800.0
c-6701003206758,producto 01,Vida grupo particular,F,PEN,1951-07-30,2020-10-15,2024-10-15,0.1,87.0,1183.245
c-6701003206770,producto 01,Vida grupo particular,F,PEN,1961-09-19,2020-10-15,2026-10-15,0.1,106.0,1989.235
c-6701003206854,producto 01,Vida grupo particular,F,PEN,1960-04-15,2020-10-15,2026-04-15,0.1,9.0,400.0
c-6701003206861,producto 01,Vida grupo particular,F,PEN,1956-08-23,2020-10-15,2024-10-15,0.1,188.0,2570.0
c-6701003206865,producto 01,Vida grupo particular,F,PEN,1947-05-15,2020-10-15,2024-10-15,0.1,76.0,1800.0
c-6701003206877,producto 01,Vida grupo particular,F,PEN,1974-12-14,2020-10-15,2024-10-15,0.1,171.0,1940.2650000000003
c-6701003206886,producto 01,Vida grupo particular,F,PEN,1968-11-07,2020-10-15,2026-10-15,0.1,32.0,1300.0
c-6701003206890,producto 01,Vida grupo particular,F,PEN,1983-03-18,2020-10-15,2026-10-15,0.1,33.0,2000.0
c-6701003207000,producto 01,Vida grupo particular,F,PEN,1983-05-11,2020-10-15,2024-10-15,0.1,43.0,1733.8450000000005
c-6701003207004,producto 01,Vida grupo particular,F,PEN,1978-11-03,2020-10-15,2026-10-15,0.1,49.0,1211.69
c-6701003207056,producto 01,Vida grupo particular,F,PEN,1944-09-22,2020-10-16,2024-12-16,0.1,32.0,800.0
c-6701003207062,producto 01,Vida grupo particular,F,PEN,1947-04-05,2020-10-16,2024-11-16,0.1,215.0,2440.0
c-6701003207072,producto 01,Vida grupo particular,F,PEN,1942-09-10,2020-10-16,2026-10-16,0.1,122.0,3135.0
c-6701003207076,producto 01,Vida grupo particular,F,PEN,1998-02-27,2020-10-16,2025-10-16,0.1,37.0,476.21
c-6701003207084,producto 01,Vida grupo particular,F,PEN,1958-11-12,2020-10-16,2024-10-16,0.1,27.0,563.0550000000001
c-6701003207098,producto 01,Vida grupo particular,F,PEN,1945-02-04,2020-10-16,2026-09-16,0.1,89.0,1000.0
c-6701003207123,producto 01,Vida grupo particular,F,PEN,1973-07-16,2020-10-16,2024-10-16,0.1,12.0,800.0
c-6701003207194,producto 01,Vida grupo particular,F,PEN,1977-07-28,2020-10-16,2024-10-16,0.1,39.0,1000.0
c-6701003207202,producto 01,Vida grupo particular,F,PEN,1956-03-29,2020-10-16,2025-10-16,0.1,1.0,1014.72
c-6701003207205,producto 01,Vida grupo particular,F,PEN,1985-04-18,2020-10-16,2025-10-16,0.1,25.0,417.55
c-6701003207229,producto 01,Vida grupo particular,F,PEN,1988-11-16,2020-10-16,2025-10-16,0.1,81.0,1200.0
c-6701003207363,producto 01,Vida grupo particular,F,PEN,1965-03-26,2020-10-17,2024-10-17,0.1,50.0,1000.0
c-6701003207442,producto 01,Vida grupo particular,F,PEN,1949-11-29,2020-10-17,2025-10-17,0.1,34.0,500.0
c-6701003207586,producto 01,Vida grupo particular,F,PEN,1968-04-18,2020-10-19,2024-10-19,0.1,166.0,3100.0
c-6701003207659,producto 01,Vida grupo particular,F,PEN,1992-04-17,2020-10-19,2025-10-19,0.1,22.0,425.23
c-6701003207661,producto 01,Vida grupo particular,F,PEN,1966-12-02,2020-10-19,2024-10-19,0.1,1.0,288.03000000000003
c-6701003207669,producto 01,Vida grupo particular,F,PEN,1977-06-20,2020-10-19,2026-10-19,0.1,104.0,2845.2200000000003
c-6701003207672,producto 01,Vida grupo particular,F,PEN,1984-09-23,2020-10-19,2024-10-19,0.1,15.0,701.6750000000001
c-6701003207675,producto 01,Vida grupo particular,F,PEN,1967-07-14,2020-10-19,2026-10-19,0.1,3.0,2234.2200000000003
c-6701003207721,producto 01,Vida grupo particular,F,PEN,1976-07-10,2020-10-19,2026-10-19,0.1,8.0,1200.0
c-6701003207749,producto 01,Vida grupo particular,F,PEN,1943-10-18,2020-10-19,2026-10-19,0.1,23.0,3640.0
c-6701003207761,producto 01,Vida grupo particular,F,PEN,1968-10-03,2020-10-19,2026-10-19,0.1,24.0,374.105
c-6701003207763,producto 01,Vida grupo particular,F,PEN,1978-05-30,2020-10-19,2025-10-19,0.1,3.0,311.115
c-6701003207832,producto 01,Vida grupo particular,F,PEN,1992-03-05,2020-10-19,2024-10-19,0.1,32.0,726.815
c-6701003207835,producto 01,Vida grupo particular,F,PEN,1969-02-10,2020-10-19,2026-10-19,0.1,33.0,470.21
c-6701003207840,producto 01,Vida grupo particular,F,PEN,1974-12-09,2020-10-19,2026-10-19,0.1,15.0,332.935
c-6701003207842,producto 01,Vida grupo particular,F,PEN,1953-04-05,2020-10-19,2024-10-19,0.1,8.0,700.0
c-6701003207886,producto 01,Vida grupo particular,F,PEN,1949-07-22,2020-10-20,2026-10-20,0.1,85.0,3235.0
c-6701003207888,producto 01,Vida grupo particular,F,PEN,1981-06-06,2020-10-20,2025-10-20,0.1,16.0,637.24
c-6701003207905,producto 01,Vida grupo particular,F,PEN,1988-01-09,2020-10-20,2026-03-20,0.1,16.0,1640.0
c-6701003207908,producto 01,Vida grupo particular,F,PEN,1973-02-04,2020-10-20,2024-10-20,0.1,19.0,300.0
c-6701003207994,producto 01,Vida grupo particular,F,PEN,1966-02-14,2020-10-20,2024-10-20,0.1,130.0,2625.0
c-6701003208009,producto 01,Vida grupo particular,F,PEN,1991-09-10,2020-10-20,2025-10-20,0.1,92.0,1868.88
c-6701003208010,producto 01,Vida grupo particular,F,PEN,1983-09-14,2020-10-20,2026-10-20,0.1,3.0,897.23
c-6701003208014,producto 01,Vida grupo particular,F,PEN,1991-04-30,2020-10-20,2026-10-20,0.1,106.0,1300.0
c-6701003208118,producto 01,Vida grupo particular,F,PEN,1976-07-07,2020-10-20,2024-10-20,0.1,44.0,1100.0
c-6701003208156,producto 01,Vida grupo particular,F,PEN,1986-06-04,2020-10-21,2026-10-21,0.1,37.0,965.0
c-6701003208229,producto 01,Vida grupo particular,F,PEN,1952-10-03,2020-10-21,2026-10-21,0.1,15.0,750.0
c-6701003208272,producto 01,Vida grupo particular,F,PEN,1985-06-07,2020-10-21,2026-10-21,0.1,32.0,1000.0
c-6701003208301,producto 01,Vida grupo particular,F,PEN,1987-04-06,2020-10-21,2024-10-21,0.1,11.0,200.0
c-6701003208316,producto 01,Vida grupo particular,F,PEN,1943-03-18,2020-10-21,2026-10-21,0.1,6.0,510.0
c-6701003208343,producto 01,Vida grupo particular,F,PEN,1980-03-25,2020-10-21,2026-10-21,0.1,33.0,2000.0
c-6701003208386,producto 01,Vida grupo particular,F,PEN,1959-02-18,2020-10-22,2026-10-22,0.1,12.0,1500.1
c-6701003208394,producto 01,Vida grupo particular,F,PEN,1974-04-01,2020-10-22,2024-10-22,0.1,46.0,1900.0
c-6701003208420,producto 01,Vida grupo particular,F,PEN,1951-07-04,2020-10-22,2024-10-22,0.1,5.0,150.0
c-6701003208435,producto 01,Vida grupo particular,F,PEN,1957-03-13,2020-10-22,2025-10-22,0.1,22.0,2000.0
c-6701003208468,producto 01,Vida grupo particular,F,PEN,1963-01-23,2020-10-22,2026-10-22,0.1,69.0,2000.0
c-6701003208477,producto 01,Vida grupo particular,F,PEN,1974-12-01,2020-10-22,2026-10-22,0.1,104.0,2820.0
c-6701003208480,producto 01,Vida grupo particular,F,PEN,1951-05-01,2020-10-22,2026-10-22,0.1,19.0,300.1
c-6701003208494,producto 01,Vida grupo particular,F,PEN,1982-10-23,2020-10-22,2026-10-22,0.1,50.0,1000.0
c-6701003208524,producto 01,Vida grupo particular,F,PEN,1986-07-28,2020-10-22,2026-10-22,0.1,43.0,1350.0
c-6701003208530,producto 01,Vida grupo particular,F,PEN,1984-05-08,2020-10-22,2026-10-22,0.1,133.0,2625.0
c-6701003208534,producto 01,Vida grupo particular,F,PEN,1981-01-21,2020-10-22,2025-10-22,0.1,42.0,550.0
c-6701003208573,producto 01,Vida grupo particular,F,PEN,1954-03-04,2020-10-22,2026-10-22,0.1,39.0,700.1
c-6701003208593,producto 01,Vida grupo particular,F,PEN,1987-07-28,2020-10-22,2026-10-22,0.1,68.0,1000.0
c-6701003208603,producto 01,Vida grupo particular,F,PEN,1970-07-21,2020-10-23,2026-11-23,0.1,63.0,2625.0
c-6701003208613,producto 01,Vida grupo particular,F,PEN,1943-06-10,2020-10-23,2025-10-23,0.1,69.0,1400.0
c-6701003208649,producto 01,Vida grupo particular,F,PEN,1967-12-13,2020-10-23,2026-10-23,0.1,54.0,1200.0
c-6701003208697,producto 01,Vida grupo particular,F,PEN,1946-11-07,2020-10-23,2026-10-23,0.1,33.0,1610.0
c-6701003208801,producto 01,Vida grupo particular,F,PEN,1980-07-28,2020-10-23,2024-10-23,0.1,57.0,650.0
c-6701003208819,producto 01,Vida grupo particular,F,PEN,1975-04-28,2020-10-23,2024-10-23,0.1,80.0,900.0
c-6701003208841,producto 01,Vida grupo particular,F,PEN,1992-12-29,2020-10-24,2026-10-24,0.1,35.0,905.0
c-6701003208858,producto 01,Vida grupo particular,F,PEN,1957-08-28,2020-10-24,2026-10-24,0.1,7.0,450.0
c-6701003208859,producto 01,Vida grupo particular,F,PEN,1989-08-02,2020-10-24,2026-11-24,0.1,48.0,885.0
c-6701003208865,producto 01,Vida grupo particular,F,PEN,1950-04-13,2020-10-24,2024-10-24,0.1,17.0,855.0
c-6701003208868,producto 01,Vida grupo particular,F,PEN,1970-02-27,2020-10-24,2025-10-24,0.1,106.0,2000.0
c-6701003208872,producto 01,Vida grupo particular,F,PEN,1977-10-04,2020-10-24,2026-10-24,0.1,2.0,899.0
c-6701003208885,producto 01,Vida grupo particular,F,PEN,1960-06-01,2020-10-24,2026-10-24,0.1,13.0,620.0
c-6701003208896,producto 01,Vida grupo particular,F,PEN,1946-12-12,2020-10-24,2024-10-24,0.1,80.0,900.0
c-6701003208912,producto 01,Vida grupo particular,F,PEN,1954-01-25,2020-10-24,2026-10-24,0.1,70.0,1100.0
c-6701003208914,producto 01,Vida grupo particular,F,PEN,1993-03-11,2020-10-24,2026-10-24,0.1,60.0,1200.0
c-6701003208925,producto 01,Vida grupo particular,F,PEN,1951-06-08,2020-10-24,2026-10-24,0.1,162.0,3480.0
c-6701003208929,producto 01,Vida grupo particular,F,PEN,1975-09-16,2020-10-24,2026-11-24,0.1,172.0,2000.0
c-6701003208933,producto 01,Vida grupo particular,F,PEN,1963-09-20,2020-10-24,2026-10-24,0.1,103.0,2470.0
c-6701003208953,producto 01,Vida grupo particular,F,PEN,1977-05-29,2020-10-24,2024-10-24,0.1,111.0,1500.0
c-6701003209005,producto 01,Vida grupo particular,F,PEN,1960-05-13,2020-10-26,2024-10-26,0.1,33.0,500.0
c-6701003209011,producto 01,Vida grupo particular,F,PEN,1984-11-29,2020-10-26,2026-10-26,0.1,47.0,1300.0
c-6701003209023,producto 01,Vida grupo particular,F,PEN,1943-08-07,2020-10-26,2026-10-26,0.1,36.0,1300.0
c-6701003209031,producto 01,Vida grupo particular,F,PEN,1973-12-17,2020-10-26,2026-10-26,0.1,78.0,970.0
c-6701003209033,producto 01,Vida grupo particular,F,PEN,1959-03-03,2020-10-26,2026-10-26,0.1,32.0,1800.0
c-6701003209047,producto 01,Vida grupo particular,F,PEN,1992-11-04,2020-10-26,2026-10-26,0.1,76.0,1049.8
c-6701003209068,producto 01,Vida grupo particular,F,PEN,1962-06-18,2020-10-26,2026-10-26,0.1,195.0,3000.0
c-6701003209070,producto 01,Vida grupo particular,F,PEN,1993-04-15,2020-10-26,2026-10-26,0.1,19.0,1100.0
c-6701003209074,producto 01,Vida grupo particular,F,PEN,1976-10-04,2020-10-26,2024-10-26,0.1,7.0,300.0
c-6701003209075,producto 01,Vida grupo particular,F,PEN,1974-11-01,2020-10-26,2026-10-26,0.1,169.0,2000.0
c-6701003209086,producto 01,Vida grupo particular,F,PEN,1949-08-13,2020-10-26,2026-10-26,0.1,162.0,1900.0
c-6701003209135,producto 01,Vida grupo particular,F,PEN,1959-10-24,2020-10-26,2026-10-26,0.1,20.0,1900.0
c-6701003209165,producto 01,Vida grupo particular,F,PEN,1965-08-31,2020-10-26,2026-10-26,0.1,136.0,2145.0
c-6701003209187,producto 01,Vida grupo particular,F,PEN,1965-09-22,2020-10-26,2026-10-26,0.1,54.0,1000.0
c-6701003209216,producto 01,Vida grupo particular,F,PEN,1983-12-02,2020-10-26,2024-10-26,0.1,21.0,342.31500000000005
c-6701003209217,producto 01,Vida grupo particular,F,PEN,1979-10-12,2020-10-26,2025-10-26,0.1,138.0,1641.7
c-6701003209224,producto 01,Vida grupo particular,F,PEN,1981-05-07,2020-10-26,2025-10-26,0.1,9.0,612.5100000000001
c-6701003209230,producto 01,Vida grupo particular,F,PEN,1990-10-22,2020-10-26,2024-10-26,0.1,1.0,212.4
c-6701003209234,producto 01,Vida grupo particular,F,PEN,1960-06-10,2020-10-26,2025-10-26,0.1,8.0,206.72
c-6701003209235,producto 01,Vida grupo particular,F,PEN,1967-10-11,2020-10-26,2024-10-26,0.1,21.0,464.37
c-6701003209237,producto 01,Vida grupo particular,F,PEN,1994-02-21,2020-10-26,2025-10-26,0.1,39.0,1051.0
c-6701003209241,producto 01,Vida grupo particular,F,PEN,1984-03-17,2020-10-26,2025-10-26,0.1,140.0,1948.185
c-6701003209243,producto 01,Vida grupo particular,F,PEN,1984-11-02,2020-10-26,2026-10-26,0.1,8.0,282.39000000000004
c-6701003209261,producto 01,Vida grupo particular,F,PEN,1979-10-02,2020-10-27,2026-10-27,0.1,10.0,1200.0
c-6701003209266,producto 01,Vida grupo particular,F,PEN,1952-12-21,2020-10-27,2026-11-27,0.1,19.0,300.0
c-6701003209276,producto 01,Vida grupo particular,F,PEN,1985-08-11,2020-10-27,2026-10-27,0.1,1.0,335.0
c-6701003209277,producto 01,Vida grupo particular,F,PEN,1971-09-16,2020-10-27,2026-10-27,0.1,124.0,1600.0
c-6701003209288,producto 01,Vida grupo particular,F,PEN,1952-06-02,2020-10-27,2026-10-27,0.1,49.0,1565.0
c-6701003209298,producto 01,Vida grupo particular,F,PEN,1941-11-05,2020-10-27,2026-10-27,0.1,14.0,980.0
c-6701003209307,producto 01,Vida grupo particular,F,PEN,1953-10-18,2020-10-27,2024-10-27,0.1,7.0,700.0
c-6701003209318,producto 01,Vida grupo particular,F,PEN,1962-08-22,2020-10-27,2026-10-27,0.1,269.0,3085.0
c-6701003209324,producto 01,Vida grupo particular,F,PEN,1950-08-13,2020-10-27,2024-10-27,0.1,76.0,1380.0
c-6701003209329,producto 01,Vida grupo particular,F,PEN,1941-11-12,2020-10-27,2026-10-27,0.1,28.0,1600.0
c-6701003209369,producto 01,Vida grupo particular,F,PEN,1969-09-23,2020-10-27,2024-10-27,0.1,112.0,1900.0
c-6701003209376,producto 01,Vida grupo particular,F,PEN,1970-03-30,2020-10-27,2026-10-27,0.1,94.0,1900.0
c-6701003209400,producto 01,Vida grupo particular,F,PEN,1981-08-28,2020-10-27,2024-10-27,0.1,80.0,1000.0
c-6701003209404,producto 01,Vida grupo particular,F,PEN,1944-08-07,2020-10-27,2026-10-27,0.1,133.0,2110.0
c-6701003209421,producto 01,Vida grupo particular,F,PEN,1993-02-07,2020-10-27,2026-10-27,0.1,68.0,1200.0
c-6701003209422,producto 01,Vida grupo particular,F,PEN,1984-01-28,2020-10-27,2026-10-27,0.1,35.0,1400.0
c-6701003209459,producto 01,Vida grupo particular,F,PEN,1958-05-22,2020-10-28,2026-10-28,0.1,35.0,800.0
c-6701003209468,producto 01,Vida grupo particular,F,PEN,1965-07-12,2020-10-28,2024-10-28,0.1,21.0,500.0
c-6701003209478,producto 01,Vida grupo particular,F,PEN,1956-08-15,2020-10-28,2026-10-28,0.1,68.0,1800.0
c-6701003209493,producto 01,Vida grupo particular,F,PEN,1944-08-05,2020-10-28,2024-10-28,0.1,20.0,2720.0
c-6701003209565,producto 01,Vida grupo particular,F,PEN,1979-11-30,2020-10-28,2026-10-28,0.1,108.0,1700.0
c-6701003209593,producto 01,Vida grupo particular,F,PEN,1976-10-18,2020-10-28,2026-10-28,0.1,5.0,1900.0
c-6701003209601,producto 01,Vida grupo particular,F,PEN,1966-10-12,2020-10-28,2026-10-28,0.1,16.0,397.745
c-6701003209603,producto 01,Vida grupo particular,F,PEN,1959-02-12,2020-10-28,2024-10-28,0.1,13.0,600.0
c-6701003209620,producto 01,Vida grupo particular,F,PEN,1962-06-12,2020-10-28,2024-10-28,0.1,24.0,1900.0
c-6701003209633,producto 01,Vida grupo particular,F,PEN,1984-03-16,2020-10-28,2026-10-28,0.1,79.0,1400.0
c-6701003209634,producto 01,Vida grupo particular,F,PEN,1966-03-06,2020-10-28,2025-10-28,0.1,19.0,500.0
c-6701003209639,producto 01,Vida grupo particular,F,PEN,1985-05-05,2020-10-28,2026-10-28,0.1,75.0,1000.0
c-6701003209640,producto 01,Vida grupo particular,F,PEN,1960-06-18,2020-10-28,2026-10-28,0.1,151.0,1700.0
c-6701003209652,producto 01,Vida grupo particular,F,PEN,1960-05-15,2020-10-28,2024-10-28,0.1,9.0,1000.0
c-6701003209689,producto 01,Vida grupo particular,F,PEN,1970-10-27,2020-10-28,2026-08-28,0.1,33.0,500.0
c-6701003209711,producto 01,Vida grupo particular,F,PEN,1958-12-06,2020-10-29,2026-10-29,0.1,116.0,2000.0
c-6701003209713,producto 01,Vida grupo particular,F,PEN,1947-02-05,2020-10-29,2026-10-29,0.1,216.0,2675.0
c-6701003209730,producto 01,Vida grupo particular,F,PEN,1954-12-18,2020-10-29,2025-10-29,0.1,108.0,1800.0
c-6701003209741,producto 01,Vida grupo particular,F,PEN,1972-09-23,2020-10-29,2026-10-29,0.1,34.0,1100.0
c-6701003209805,producto 01,Vida grupo particular,F,PEN,1950-09-14,2020-10-29,2026-10-29,0.1,78.0,1400.0
c-6701003209841,producto 01,Vida grupo particular,F,PEN,1988-03-06,2020-10-29,2025-10-29,0.1,17.0,300.0
c-6701003209893,producto 01,Vida grupo particular,F,PEN,1993-07-13,2020-10-29,2024-10-29,0.1,44.0,800.0
c-6701003209925,producto 01,Vida grupo particular,F,PEN,1962-01-10,2020-10-29,2025-10-29,0.1,31.0,500.1
c-6701003209926,producto 01,Vida grupo particular,F,PEN,1962-09-15,2020-10-29,2026-10-29,0.1,173.0,2110.0
c-6701003209933,producto 01,Vida grupo particular,F,PEN,1982-11-20,2020-10-29,2026-10-29,0.1,3.0,1400.0
c-6701003209959,producto 01,Vida grupo particular,F,PEN,1992-05-20,2020-10-30,2026-10-30,0.1,91.0,1050.0
c-6701003209964,producto 01,Vida grupo particular,F,PEN,1960-02-10,2020-10-30,2026-10-30,0.1,50.0,1500.0
c-6701003209966,producto 01,Vida grupo particular,F,PEN,1975-11-03,2020-10-30,2024-10-30,0.1,71.0,800.0
c-6701003209990,producto 01,Vida grupo particular,F,PEN,1976-03-02,2020-10-30,2026-10-30,0.1,13.0,1900.0
c-6701003210024,producto 01,Vida grupo particular,F,PEN,1976-05-10,2020-10-30,2024-10-30,0.1,95.0,3275.0
c-6701003210056,producto 01,Vida grupo particular,F,PEN,1981-10-26,2020-10-30,2024-10-30,0.1,31.0,368.595
c-6701003210058,producto 01,Vida grupo particular,F,PEN,1974-10-27,2020-10-30,2026-10-30,0.1,25.0,634.89
c-6701003210060,producto 01,Vida grupo particular,F,PEN,1965-05-16,2020-10-30,2026-10-30,0.1,17.0,404.83
c-6701003210062,producto 01,Vida grupo particular,F,PEN,1979-12-31,2020-10-30,2026-10-30,0.1,16.0,352.365
c-6701003210131,producto 01,Vida grupo particular,F,PEN,1963-08-14,2020-10-30,2025-10-30,0.1,115.0,1345.0
c-6701003210132,producto 01,Vida grupo particular,F,PEN,1988-05-30,2020-10-30,2026-10-30,0.1,70.0,800.0
c-6701003210160,producto 01,Vida grupo particular,F,PEN,1979-03-27,2020-10-30,2025-10-30,0.1,24.0,455.12
c-6701003210168,producto 01,Vida grupo particular,F,PEN,1983-10-24,2020-10-30,2025-10-30,0.1,12.0,248.33000000000004
c-6701003210182,producto 01,Vida grupo particular,F,PEN,1968-09-12,2020-10-30,2026-10-30,0.1,27.0,500.1
c-6701003210197,producto 01,Vida grupo particular,F,PEN,1965-01-27,2020-10-30,2026-10-30,0.1,50.0,1100.0
c-6701003210204,producto 01,Vida grupo particular,F,PEN,1957-11-25,2020-10-30,2026-10-30,0.1,59.0,1250.0
c-6701003210265,producto 01,Vida grupo particular,F,PEN,1992-05-08,2020-10-31,2026-10-31,0.1,23.0,1200.0
c-6701003210281,producto 01,Vida grupo particular,F,PEN,1988-02-04,2020-10-31,2026-10-31,0.1,13.0,900.0
c-6701003210351,producto 01,Vida grupo particular,F,PEN,1974-11-20,2020-10-31,2026-10-31,0.1,92.0,1500.0
c-6701003210354,producto 01,Vida grupo particular,F,PEN,1963-01-29,2020-10-31,2025-10-31,0.1,1.0,1575.0
c-6701003210367,producto 01,Vida grupo particular,F,PEN,1969-07-22,2020-10-31,2026-10-31,0.1,245.0,3120.0
c-6701003210380,producto 01,Vida grupo particular,F,PEN,1994-08-01,2020-10-31,2026-10-31,0.1,19.0,695.0
c-6701003210384,producto 01,Vida grupo particular,F,PEN,1966-12-02,2020-10-31,2026-10-31,0.1,16.0,800.0
c-6701003210395,producto 01,Vida grupo particular,F,PEN,1943-04-07,2020-10-31,2026-10-31,0.1,22.0,815.0
c-6701003210400,producto 01,Vida grupo particular,F,PEN,1973-07-13,2020-10-31,2026-10-31,0.1,11.0,700.0
c-6701003210409,producto 01,Vida grupo particular,F,PEN,1975-08-30,2020-10-31,2026-10-31,0.1,24.0,700.0
c-6701003210417,producto 01,Vida grupo particular,F,PEN,1964-02-05,2020-10-31,2025-10-31,0.1,165.0,2000.0
c-6701003210492,producto 01,Vida grupo particular,F,PEN,1985-04-23,2020-11-02,2024-11-02,0.1,42.0,630.0
c-6701003210498,producto 01,Vida grupo particular,F,PEN,1943-07-19,2020-11-02,2026-10-02,0.1,29.0,900.0
c-6701003210514,producto 01,Vida grupo particular,F,PEN,1980-05-19,2020-11-02,2024-11-02,0.1,4.0,150.0
c-6701003210540,producto 01,Vida grupo particular,F,PEN,1976-10-27,2020-11-02,2026-11-02,0.1,38.0,500.1
c-6701003210550,producto 01,Vida grupo particular,F,PEN,1969-01-24,2020-11-02,2024-11-02,0.1,41.0,600.0
c-6701003210615,producto 01,Vida grupo particular,F,PEN,1954-09-20,2020-11-02,2026-11-02,0.1,13.0,440.0
c-6701003210628,producto 01,Vida grupo particular,F,PEN,1950-11-29,2020-11-02,2024-11-02,0.1,173.0,2000.0
c-6701003210651,producto 01,Vida grupo particular,F,PEN,1967-04-16,2020-11-02,2025-11-02,0.1,77.0,1100.0
c-6701003210708,producto 01,Vida grupo particular,F,PEN,1985-10-18,2020-11-02,2025-11-02,0.1,19.0,500.0
c-6701003210766,producto 01,Vida grupo particular,F,PEN,1958-01-15,2020-11-03,2026-11-03,0.1,58.0,900.0
c-6701003210806,producto 01,Vida grupo particular,F,PEN,1981-04-18,2020-11-03,2026-11-03,0.1,8.0,400.0
c-6701003210834,producto 01,Vida grupo particular,F,PEN,1987-09-14,2020-11-03,2024-11-03,0.1,17.0,1050.0
c-6701003210851,producto 01,Vida grupo particular,F,PEN,1980-01-29,2020-11-03,2026-11-03,0.1,30.0,1600.0
c-6701003210964,producto 01,Vida grupo particular,F,PEN,1983-10-08,2020-11-03,2025-11-03,0.1,19.0,305.0
c-6701003210991,producto 01,Vida grupo particular,F,PEN,1978-04-14,2020-11-03,2025-11-03,0.1,39.0,1050.0
c-6701003211006,producto 01,Vida grupo particular,F,PEN,1973-03-03,2020-11-04,2024-11-04,0.1,19.0,500.0
c-6701003211054,producto 01,Vida grupo particular,F,PEN,1975-03-21,2020-11-04,2026-11-04,0.1,29.0,845.0
c-6701003211192,producto 01,Vida grupo particular,F,PEN,1975-12-20,2020-11-04,2025-11-04,0.1,10.0,800.0
c-6701003211213,producto 01,Vida grupo particular,F,PEN,1967-12-01,2020-11-04,2024-11-04,0.1,2.0,1100.0
c-6701003211215,producto 01,Vida grupo particular,F,PEN,1945-12-26,2020-11-04,2026-11-04,0.1,76.0,1265.0
c-6701003211272,producto 01,Vida grupo particular,F,PEN,1980-02-24,2020-11-04,2025-11-04,0.1,15.0,400.0
c-6701003211308,producto 01,Vida grupo particular,F,PEN,1990-05-27,2020-11-04,2026-11-04,0.1,2.0,399.9
c-6701003211362,producto 01,Vida grupo particular,F,PEN,1979-11-13,2020-11-05,2025-11-05,0.1,74.0,1040.0
c-6701003211413,producto 01,Vida grupo particular,F,PEN,1964-02-26,2020-11-05,2026-11-05,0.1,69.0,1200.0
c-6701003211476,producto 01,Vida grupo particular,F,PEN,1989-01-27,2020-11-05,2026-11-05,0.1,60.0,1100.0
c-6701003211554,producto 01,Vida grupo particular,F,PEN,1991-03-30,2020-11-05,2025-11-05,0.1,177.0,2000.0
c-6701003211556,producto 01,Vida grupo particular,F,PEN,1990-09-25,2020-11-05,2024-11-05,0.1,10.0,200.0
c-6701003211715,producto 01,Vida grupo particular,F,PEN,1970-02-26,2020-11-06,2025-11-06,0.1,30.0,400.0
c-6701003211819,producto 01,Vida grupo particular,F,PEN,1963-01-21,2020-11-06,2024-11-06,0.1,147.0,2625.0
c-6701003211830,producto 01,Vida grupo particular,F,PEN,1965-02-04,2020-11-06,2024-11-06,0.1,24.0,300.0
c-6701003211904,producto 01,Vida grupo particular,F,PEN,1991-03-25,2020-11-06,2024-12-06,0.1,54.0,700.0
c-6701003212147,producto 01,Vida grupo particular,F,PEN,1967-12-16,2020-11-07,2024-11-07,0.1,63.0,900.0
c-6701003212149,producto 01,Vida grupo particular,F,PEN,1941-12-17,2020-11-07,2024-11-07,0.1,30.0,1000.0
c-6701003212195,producto 01,Vida grupo particular,F,PEN,1990-11-04,2020-11-07,2026-11-07,0.1,9.0,1700.0
c-6701003212306,producto 01,Vida grupo particular,F,PEN,1946-04-16,2020-11-09,2025-11-09,0.1,62.0,1300.0
c-6701003212324,producto 01,Vida grupo particular,F,PEN,1954-09-29,2020-11-09,2024-11-09,0.1,21.0,395.0
c-6701003212394,producto 01,Vida grupo particular,F,PEN,1955-04-09,2020-11-09,2025-11-09,0.1,137.0,2470.0
c-6701003212428,producto 01,Vida grupo particular,F,PEN,1990-10-12,2020-11-09,2024-11-09,0.1,68.0,1200.0
c-6701003212451,producto 01,Vida grupo particular,F,PEN,1943-11-22,2020-11-09,2026-11-09,0.1,57.0,700.0
c-6701003212484,producto 01,Vida grupo particular,F,PEN,1971-07-29,2020-11-09,2026-11-09,0.1,32.0,800.0
c-6701003212540,producto 01,Vida grupo particular,F,PEN,1951-07-19,2020-11-09,2026-11-09,0.1,92.0,1424.5
c-6701003212623,producto 01,Vida grupo particular,F,PEN,1961-12-23,2020-11-09,2026-11-09,0.1,118.0,1400.0
c-6701003212647,producto 01,Vida grupo particular,F,PEN,1965-08-26,2020-11-09,2026-11-09,0.1,56.0,1500.0
c-6701003212700,producto 01,Vida grupo particular,F,PEN,1949-10-19,2020-11-10,2026-11-10,0.1,43.0,550.0
c-6701003212744,producto 01,Vida grupo particular,F,PEN,1981-06-14,2020-11-10,2026-11-10,0.1,16.0,500.0
c-6701003212755,producto 01,Vida grupo particular,F,PEN,1943-06-18,2020-11-10,2024-11-10,0.1,57.0,655.0
c-6701003212766,producto 01,Vida grupo particular,F,PEN,1951-10-03,2020-11-10,2025-11-10,0.1,40.0,2310.0
c-6701003212796,producto 01,Vida grupo particular,F,PEN,1957-05-07,2020-11-10,2026-11-10,0.1,114.0,2820.0
c-6701003212825,producto 01,Vida grupo particular,F,PEN,1965-09-15,2020-11-10,2024-11-10,0.1,39.0,800.0
c-6701003212883,producto 01,Vida grupo particular,F,PEN,1957-12-06,2020-11-10,2025-12-10,0.1,121.0,1400.0
c-6701003213027,producto 01,Vida grupo particular,F,PEN,1997-01-22,2020-11-11,2026-11-11,0.1,22.0,750.2
c-6701003213110,producto 01,Vida grupo particular,F,PEN,1959-08-19,2020-11-11,2025-11-11,0.1,47.0,1575.0
c-6701003213209,producto 01,Vida grupo particular,F,PEN,1978-08-20,2020-11-11,2024-11-11,0.1,96.0,1700.0
c-6701003213299,producto 01,Vida grupo particular,F,PEN,1963-06-12,2020-11-12,2024-11-12,0.1,18.0,595.0
c-6701003213306,producto 01,Vida grupo particular,F,PEN,1947-07-05,2020-11-12,2024-11-12,0.1,2.0,350.0
c-6701003213314,producto 01,Vida grupo particular,F,PEN,1949-11-05,2020-11-12,2024-11-12,0.1,45.0,1700.0
c-6701003213347,producto 01,Vida grupo particular,F,PEN,1971-10-16,2020-11-12,2026-11-12,0.1,145.0,1700.0
c-6701003213493,producto 01,Vida grupo particular,F,PEN,1976-08-04,2020-11-12,2024-11-12,0.1,55.0,650.0
c-6701003213503,producto 01,Vida grupo particular,F,PEN,1957-10-21,2020-11-12,2024-11-12,0.1,100.0,1900.0
c-6701003213547,producto 01,Vida grupo particular,F,PEN,1976-11-01,2020-11-12,2025-11-12,0.1,72.0,2000.0
c-6701003213585,producto 01,Vida grupo particular,F,PEN,1965-01-08,2020-11-13,2024-12-13,0.1,24.0,800.0
c-6701003213731,producto 01,Vida grupo particular,F,PEN,1948-01-01,2020-11-13,2025-11-13,0.1,12.0,150.0
c-6701003213783,producto 01,Vida grupo particular,F,PEN,1980-11-11,2020-11-13,2025-11-13,0.1,61.0,800.0
c-6701003213839,producto 01,Vida grupo particular,F,PEN,1954-09-29,2020-11-13,2025-11-13,0.1,11.0,900.0
c-6701003213850,producto 01,Vida grupo particular,F,PEN,1946-04-13,2020-11-13,2024-11-13,0.1,45.0,800.0
c-6701003213886,producto 01,Vida grupo particular,F,PEN,1953-06-10,2020-11-13,2024-11-13,0.1,13.0,1000.0
c-6701003213911,producto 01,Vida grupo particular,F,PEN,1990-08-02,2020-11-14,2025-09-14,0.1,33.0,1400.0
c-6701003213943,producto 01,Vida grupo particular,F,PEN,1945-08-18,2020-11-14,2024-11-14,0.1,83.0,1000.0
c-6701003213983,producto 01,Vida grupo particular,F,PEN,1970-03-10,2020-11-14,2026-11-14,0.1,2.0,420.0
c-6701003213984,producto 01,Vida grupo particular,F,PEN,1941-09-27,2020-11-14,2024-11-14,0.1,17.0,300.0
c-6701003214045,producto 01,Vida grupo particular,F,PEN,1943-06-29,2020-11-14,2024-11-14,0.1,190.0,2585.0
c-6701003214129,producto 01,Vida grupo particular,F,PEN,1973-11-23,2020-11-16,2025-11-16,0.1,4.0,400.0
c-6701003214195,producto 01,Vida grupo particular,F,PEN,1974-04-13,2020-11-16,2024-11-16,0.1,23.0,300.0
c-6701003214247,producto 01,Vida grupo particular,F,PEN,1945-01-25,2020-11-16,2026-11-16,0.1,153.0,2415.0
c-6701003214343,producto 01,Vida grupo particular,F,PEN,1967-05-19,2020-11-16,2024-11-16,0.1,24.0,300.0
c-6701003214391,producto 01,Vida grupo particular,F,PEN,1968-08-27,2020-11-16,2026-11-16,0.1,79.0,1100.0
c-6701003214415,producto 01,Vida grupo particular,F,PEN,1959-01-16,2020-11-17,2024-11-17,0.1,21.0,700.0
c-6701003214537,producto 01,Vida grupo particular,F,PEN,1967-06-11,2020-11-17,2025-11-17,0.1,40.0,450.0
c-6701003214544,producto 01,Vida grupo particular,F,PEN,1961-03-28,2020-11-17,2024-11-17,0.1,2.0,1300.0
c-6701003214571,producto 01,Vida grupo particular,F,PEN,1956-10-22,2020-11-17,2026-11-17,0.1,15.0,610.0
c-6701003214714,producto 01,Vida grupo particular,F,PEN,1965-06-02,2020-11-17,2026-11-17,0.1,114.0,1600.0
c-6701003214725,producto 01,Vida grupo particular,F,PEN,1980-11-02,2020-11-18,2026-11-18,0.1,48.0,650.0
c-6701003214790,producto 01,Vida grupo particular,F,PEN,1944-11-05,2020-11-18,2025-11-18,0.1,11.0,400.0
c-6701003214797,producto 01,Vida grupo particular,F,PEN,1957-09-01,2020-11-18,2026-11-18,0.1,6.0,650.0
c-6701003214818,producto 01,Vida grupo particular,F,PEN,1981-02-04,2020-11-18,2025-11-18,0.1,100.0,1200.0
c-6701003214834,producto 01,Vida grupo particular,F,PEN,1949-08-09,2020-11-18,2025-11-18,0.1,8.0,1600.0
c-6701003214894,producto 01,Vida grupo particular,F,PEN,1960-12-25,2020-11-18,2026-11-18,0.1,168.0,2110.0
c-6701003214936,producto 01,Vida grupo particular,F,PEN,1952-01-25,2020-11-18,2024-11-18,0.1,25.0,1050.0
c-6701003214967,producto 01,Vida grupo particular,F,PEN,1981-10-17,2020-11-18,2025-11-18,0.1,118.0,2000.0
c-6701003215050,producto 01,Vida grupo particular,F,PEN,1968-11-30,2020-11-19,2024-11-19,0.1,28.0,925.0
c-6701003215285,producto 01,Vida grupo particular,F,PEN,1979-10-07,2020-11-19,2025-11-19,0.1,44.0,800.0
c-6701003215348,producto 01,Vida grupo particular,F,PEN,1986-04-16,2020-11-19,2026-11-19,0.1,88.0,1000.0
c-6701003215371,producto 01,Vida grupo particular,F,PEN,1988-08-23,2020-11-20,2025-11-20,0.1,2.0,180.0
c-6701003215372,producto 01,Vida grupo particular,F,PEN,1986-11-11,2020-11-20,2024-11-20,0.1,30.0,700.0
c-6701003215406,producto 01,Vida grupo particular,F,PEN,1993-01-20,2020-11-20,2024-11-20,0.1,8.0,150.0
c-6701003215437,producto 01,Vida grupo particular,F,PEN,1944-08-21,2020-11-20,2024-11-20,0.1,65.0,1500.0
c-6701003215450,producto 01,Vida grupo particular,F,PEN,1950-08-12,2020-11-20,2026-11-20,0.1,62.0,1100.0
c-6701003215489,producto 01,Vida grupo particular,F,PEN,1978-07-02,2020-11-20,2026-11-20,0.1,77.0,1100.0
c-6701003215528,producto 01,Vida grupo particular,F,PEN,1978-09-30,2020-11-20,2026-11-20,0.1,18.0,1330.0
c-6701003215593,producto 01,Vida grupo particular,F,PEN,1979-06-28,2020-11-20,2024-12-20,0.1,45.0,1100.0
c-6701003215720,producto 01,Vida grupo particular,F,PEN,1999-06-29,2020-11-20,2025-01-20,0.1,10.0,150.0
c-6701003215758,producto 01,Vida grupo particular,F,PEN,1968-10-16,2020-11-21,2025-11-21,0.1,20.0,400.0
c-6701003215952,producto 01,Vida grupo particular,F,PEN,1965-04-15,2020-11-21,2025-11-21,0.1,45.0,1100.0
c-6701003216442,producto 01,Vida grupo particular,F,PEN,1970-03-28,2020-11-24,2024-11-24,0.1,19.0,2625.0
c-6701003216462,producto 01,Vida grupo particular,F,PEN,1958-12-14,2020-11-24,2024-11-24,0.1,95.0,2160.0
c-6701003216487,producto 01,Vida grupo particular,F,PEN,1979-08-18,2020-11-24,2026-11-24,0.1,15.0,599.8000000000001
c-6701003216585,producto 01,Vida grupo particular,F,PEN,1967-06-05,2020-11-24,2024-11-24,0.1,167.0,2000.0
c-6701003216645,producto 01,Vida grupo particular,F,PEN,1974-07-22,2020-11-24,2024-11-24,0.1,62.0,1360.0
c-6701003216702,producto 01,Vida grupo particular,F,PEN,1986-04-30,2020-11-24,2024-11-24,0.1,21.0,750.0
c-6701003216808,producto 01,Vida grupo particular,F,PEN,1943-05-06,2020-11-25,2025-11-25,0.1,79.0,895.0
c-6701003216922,producto 01,Vida grupo particular,F,PEN,1988-01-17,2020-11-25,2024-11-25,0.1,32.0,1600.0
c-6701003216927,producto 01,Vida grupo particular,F,PEN,1973-08-09,2020-11-25,2026-11-25,0.1,48.0,1200.0
c-6701003216944,producto 01,Vida grupo particular,F,PEN,1948-04-10,2020-11-25,2025-11-25,0.1,29.0,2000.0
c-6701003216991,producto 01,Vida grupo particular,F,PEN,1992-08-14,2020-11-25,2026-11-25,0.1,47.0,1200.0
c-6701003217028,producto 01,Vida grupo particular,F,PEN,1948-07-21,2020-11-25,2026-11-25,0.1,17.0,3000.0
c-6701003217098,producto 01,Vida grupo particular,F,PEN,1979-02-03,2020-11-25,2024-11-25,0.1,48.0,800.0
c-6701003217172,producto 01,Vida grupo particular,F,PEN,1946-12-12,2020-11-26,2025-11-26,0.1,21.0,1000.0
c-6701003217191,producto 01,Vida grupo particular,F,PEN,1978-01-10,2020-11-26,2025-11-26,0.1,100.0,1600.0
c-6701003217195,producto 01,Vida grupo particular,F,PEN,1973-12-19,2020-11-26,2024-11-26,0.1,97.0,1200.0
c-6701003217239,producto 01,Vida grupo particular,F,PEN,1949-12-05,2020-11-26,2026-10-26,0.1,44.0,800.0
c-6701003217338,producto 01,Vida grupo particular,F,PEN,1940-11-20,2020-11-26,2024-11-26,0.1,34.0,650.0
c-6701003217421,producto 01,Vida grupo particular,F,PEN,1954-10-12,2020-11-26,2024-11-26,0.1,57.0,830.0
c-6701003217486,producto 01,Vida grupo particular,F,PEN,1958-01-27,2020-11-26,2024-11-26,0.1,94.0,1200.0
c-6701003217517,producto 01,Vida grupo particular,F,PEN,1964-01-30,2020-11-26,2026-11-26,0.1,122.0,1900.0
c-6701003217617,producto 01,Vida grupo particular,F,PEN,1967-10-08,2020-11-27,2026-11-27,0.1,46.0,1250.0
c-6701003217661,producto 01,Vida grupo particular,F,PEN,1977-10-30,2020-11-27,2025-11-27,0.1,,
c-6701003217867,producto 01,Vida grupo particular,F,PEN,1965-06-20,2020-11-27,2024-11-27,0.1,29.0,1600.0
c-6701003217975,producto 01,Vida grupo particular,F,PEN,1977-07-08,2020-11-27,2024-11-27,0.1,60.0,1970.0
c-6701003217981,producto 01,Vida grupo particular,F,PEN,1966-11-07,2020-11-28,2026-11-28,0.1,8.0,1500.0
c-6701003217987,producto 01,Vida grupo particular,F,PEN,1966-07-06,2020-11-28,2024-11-28,0.1,129.0,1800.0
c-6701003218179,producto 01,Vida grupo particular,F,PEN,1940-11-02,2020-11-28,2024-11-28,0.1,61.0,2000.0
c-6701003218192,producto 01,Vida grupo particular,F,PEN,1978-11-11,2020-11-28,2026-11-28,0.1,35.0,1200.0
c-6701003218290,producto 01,Vida grupo particular,F,PEN,1995-08-17,2020-11-30,2026-11-30,0.1,26.0,425.0
c-6701003218338,producto 01,Vida grupo particular,F,PEN,1979-06-17,2020-11-30,2025-11-30,0.1,15.0,1500.0
c-6701003218413,producto 01,Vida grupo particular,F,PEN,1974-11-04,2020-11-30,2026-11-30,0.1,85.0,1900.0
c-6701003218513,producto 01,Vida grupo particular,F,PEN,1971-07-08,2020-11-30,2024-11-30,0.1,89.0,1900.0
c-6701003218563,producto 01,Vida grupo particular,F,PEN,1982-12-24,2020-11-30,2025-11-30,0.1,60.0,1100.0
c-6701003218706,producto 01,Vida grupo particular,F,PEN,1972-04-17,2020-11-30,2024-11-30,0.1,53.0,600.0
c-6701003218711,producto 01,Vida grupo particular,F,PEN,1977-10-16,2020-11-30,2025-12-30,0.1,58.0,1100.0
c-6701003218772,producto 01,Vida grupo particular,F,PEN,1952-11-22,2020-11-30,2025-11-30,0.1,6.0,3235.0
c-6701003218830,producto 01,Vida grupo particular,F,PEN,1969-06-06,2020-11-30,2024-11-30,0.1,6.0,1900.0
c-6701003218895,producto 01,Vida grupo particular,F,PEN,1979-04-14,2020-12-01,2026-12-01,0.1,32.0,1200.0
c-6701003218957,producto 01,Vida grupo particular,F,PEN,1967-01-04,2020-12-01,2026-12-01,0.1,27.0,2000.0
c-6701003219192,producto 01,Vida grupo particular,F,PEN,1961-12-17,2020-12-02,2026-12-02,0.1,98.0,1240.0
c-6701003219341,producto 01,Vida grupo particular,F,PEN,1965-07-18,2020-12-02,2024-12-02,0.1,27.0,1000.0
c-6701003219363,producto 01,Vida grupo particular,F,PEN,1954-11-26,2020-12-02,2024-12-02,0.1,91.0,1800.0
c-6701003219486,producto 01,Vida grupo particular,F,PEN,1988-09-25,2020-12-02,2024-12-02,0.1,51.0,1500.0
c-6701003219532,producto 01,Vida grupo particular,F,PEN,1941-06-19,2020-12-03,2024-12-03,0.1,163.0,2000.0
c-6701003219553,producto 01,Vida grupo particular,F,PEN,1989-09-24,2020-12-03,2026-12-03,0.1,40.0,800.0
c-6701003219630,producto 01,Vida grupo particular,F,PEN,1948-05-26,2020-12-03,2024-12-03,0.1,39.0,1200.0
c-6701003219746,producto 01,Vida grupo particular,F,PEN,1958-05-01,2020-12-03,2025-01-03,0.1,15.0,3995.0
c-6701003219751,producto 01,Vida grupo particular,F,PEN,1954-05-16,2020-12-03,2026-12-03,0.1,68.0,2110.0
c-6701003219773,producto 01,Vida grupo particular,F,PEN,1958-09-18,2020-12-03,2024-12-03,0.1,112.0,1770.0
c-6701003219812,producto 01,Vida grupo particular,F,PEN,1964-03-17,2020-12-03,2024-12-03,0.1,26.0,550.0
c-6701003219868,producto 01,Vida grupo particular,F,PEN,1977-05-15,2020-12-04,2024-12-04,0.1,88.0,2000.0
c-6701003219883,producto 01,Vida grupo particular,F,PEN,1965-01-22,2020-12-04,2026-12-04,0.1,101.0,2100.0
c-6701003220045,producto 01,Vida grupo particular,F,PEN,1972-05-16,2020-12-04,2024-12-04,0.1,47.0,600.0
c-6701003220094,producto 01,Vida grupo particular,F,PEN,1991-02-17,2020-12-04,2025-12-04,0.1,16.0,1440.0
c-6701003220107,producto 01,Vida grupo particular,F,PEN,1995-04-12,2020-12-04,2025-12-04,0.1,12.0,300.0
c-6701003220163,producto 01,Vida grupo particular,F,PEN,1980-04-01,2020-12-04,2026-12-04,0.1,165.0,1900.0
c-6701003220192,producto 01,Vida grupo particular,F,PEN,1952-04-09,2020-12-04,2025-11-04,0.1,28.0,500.0
c-6701003220210,producto 01,Vida grupo particular,F,PEN,1968-06-21,2020-12-04,2026-12-04,0.1,118.0,2000.0
c-6701003220381,producto 01,Vida grupo particular,F,PEN,1978-08-14,2020-12-05,2024-12-05,0.1,50.0,1000.0
c-6701003220543,producto 01,Vida grupo particular,F,PEN,1986-08-26,2020-12-05,2025-12-05,0.1,38.0,1200.0
c-6701003220560,producto 01,Vida grupo particular,F,PEN,1970-07-01,2020-12-05,2025-12-05,0.1,71.0,900.0
c-6701003220578,producto 01,Vida grupo particular,F,PEN,1982-04-17,2020-12-05,2024-12-05,0.1,24.0,520.0
c-6701003220582,producto 01,Vida grupo particular,F,PEN,1996-07-22,2020-12-05,2024-12-05,0.1,35.0,500.0
c-6701003220618,producto 01,Vida grupo particular,F,PEN,1989-07-22,2020-12-05,2026-12-05,0.1,61.0,850.0
c-6701003220662,producto 01,Vida grupo particular,F,PEN,1991-09-13,2020-12-07,2024-12-07,0.1,67.0,1050.0
c-6701003220669,producto 01,Vida grupo particular,F,PEN,1956-07-04,2020-12-07,2024-12-07,0.1,37.0,670.0
c-6701003220948,producto 01,Vida grupo particular,F,PEN,1960-05-22,2020-12-07,2025-08-07,0.1,145.0,1900.0
c-6701003220961,producto 01,Vida grupo particular,F,PEN,1991-10-29,2020-12-07,2026-12-07,0.1,10.0,945.0
c-6701003221013,producto 01,Vida grupo particular,F,PEN,1974-09-15,2020-12-07,2024-12-07,0.1,1.0,500.0
c-6701003221061,producto 01,Vida grupo particular,F,PEN,1941-04-12,2020-12-07,2026-12-07,0.1,148.0,2000.0
c-6701003221068,producto 01,Vida grupo particular,F,PEN,1945-02-28,2020-12-07,2024-12-07,0.1,166.0,2495.0
c-6701003221317,producto 01,Vida grupo particular,F,PEN,1978-04-03,2020-12-09,2024-12-09,0.1,33.0,500.0
c-6701003221350,producto 01,Vida grupo particular,F,PEN,1975-04-06,2020-12-09,2026-12-09,0.1,93.0,1400.0
c-6701003221525,producto 01,Vida grupo particular,F,PEN,1978-07-04,2020-12-09,2026-12-09,0.1,6.0,600.0
c-6701003221691,producto 01,Vida grupo particular,F,PEN,1943-12-19,2020-12-09,2025-12-09,0.1,47.0,600.0
c-6701003221827,producto 01,Vida grupo particular,F,PEN,1991-02-05,2020-12-09,2024-12-09,0.1,163.0,1950.0
c-6701003221877,producto 01,Vida grupo particular,F,PEN,1968-11-10,2020-12-10,2024-12-10,0.1,31.0,695.0
c-6701003222047,producto 01,Vida grupo particular,F,PEN,1968-10-20,2020-12-10,2026-12-10,0.1,31.0,400.0
c-6701003222100,producto 01,Vida grupo particular,F,PEN,1986-03-12,2020-12-10,2026-12-10,0.1,61.0,750.0
c-6701003222114,producto 01,Vida grupo particular,F,PEN,1981-07-15,2020-12-10,2024-12-10,0.1,90.0,1500.0
c-6701003222164,producto 01,Vida grupo particular,F,PEN,1981-10-09,2020-12-10,2026-12-10,0.1,81.0,1300.0
c-6701003222184,producto 01,Vida grupo particular,F,PEN,1949-07-20,2020-12-10,2026-12-10,0.1,110.0,1900.0
c-6701003222386,producto 01,Vida grupo particular,F,PEN,1950-02-03,2020-12-11,2025-12-11,0.1,52.0,950.0
c-6701003222423,producto 01,Vida grupo particular,F,PEN,1956-07-18,2020-12-11,2024-12-11,0.1,9.0,980.0
c-6701003222570,producto 01,Vida grupo particular,F,PEN,1943-10-14,2020-12-11,2026-12-11,0.1,120.0,2415.0
c-6701003222584,producto 01,Vida grupo particular,F,PEN,1942-06-07,2020-12-11,2024-12-11,0.1,104.0,1300.0
c-6701003222768,producto 01,Vida grupo particular,F,PEN,1952-08-22,2020-12-12,2025-12-12,0.1,62.0,910.0
c-6701003222841,producto 01,Vida grupo particular,F,PEN,1951-04-23,2020-12-12,2024-12-12,0.1,9.0,600.0
c-6701003222845,producto 01,Vida grupo particular,F,PEN,1987-06-04,2020-12-12,2025-12-12,0.1,8.0,495.0
c-6701003223004,producto 01,Vida grupo particular,F,PEN,1954-09-30,2020-12-14,2026-12-14,0.1,56.0,1200.0
c-6701003223125,producto 01,Vida grupo particular,F,PEN,1966-10-29,2020-12-14,2026-12-14,0.1,125.0,1400.0
c-6701003223126,producto 01,Vida grupo particular,F,PEN,1969-07-21,2020-12-14,2026-12-14,0.1,11.0,500.0
c-6701003223237,producto 01,Vida grupo particular,F,PEN,1959-03-04,2020-12-14,2026-12-14,0.1,119.0,1650.0
c-6701003223301,producto 01,Vida grupo particular,F,PEN,1942-02-23,2020-12-14,2026-12-14,0.1,68.0,930.0
c-6701003223304,producto 01,Vida grupo particular,F,PEN,1990-06-07,2020-12-14,2025-12-14,0.1,42.0,900.0
c-6701003223356,producto 01,Vida grupo particular,F,PEN,1950-05-19,2020-12-14,2024-12-14,0.1,91.0,1100.0
c-6701003223419,producto 01,Vida grupo particular,F,PEN,1961-03-27,2020-12-14,2025-12-14,0.1,93.0,1500.0
c-6701003223441,producto 01,Vida grupo particular,F,PEN,1969-12-30,2020-12-14,2026-12-14,0.1,7.0,750.0
c-6701003223461,producto 01,Vida grupo particular,F,PEN,1960-07-16,2020-12-15,2024-12-15,0.1,42.0,1440.0
c-6701003223739,producto 01,Vida grupo particular,F,PEN,1984-01-01,2020-12-15,2025-12-15,0.1,69.0,910.0
c-6701003223764,producto 01,Vida grupo particular,F,PEN,1957-06-29,2020-12-15,2024-12-15,0.1,27.0,2335.0
c-6701003223785,producto 01,Vida grupo particular,F,PEN,1970-09-19,2020-12-15,2024-12-15,0.1,62.0,900.0
c-6701003223786,producto 01,Vida grupo particular,F,PEN,1985-11-03,2020-12-15,2026-12-15,0.1,31.0,600.0
c-6701003224188,producto 01,Vida grupo particular,F,PEN,1990-05-03,2020-12-16,2026-12-16,0.1,29.0,955.0
c-6701003224283,producto 01,Vida grupo particular,F,PEN,1980-05-21,2020-12-17,2024-12-17,0.1,9.0,1345.0
c-6701003224407,producto 01,Vida grupo particular,F,PEN,1973-08-01,2020-12-17,2025-12-17,0.1,5.0,200.0
c-6701003224478,producto 01,Vida grupo particular,F,PEN,1964-06-01,2020-12-17,2024-12-17,0.1,127.0,2040.0
c-6701003224540,producto 01,Vida grupo particular,F,PEN,1972-08-25,2020-12-17,2024-12-17,0.1,32.0,2385.0
c-6701003224568,producto 01,Vida grupo particular,F,PEN,1961-08-22,2020-12-17,2024-12-17,0.1,74.0,1600.0
c-6701003224619,producto 01,Vida grupo particular,F,PEN,1959-10-02,2020-12-18,2025-12-18,0.1,83.0,2000.0
c-6701003224646,producto 01,Vida grupo particular,F,PEN,1965-12-29,2020-12-18,2026-12-18,0.1,53.0,700.0
c-6701003224766,producto 01,Vida grupo particular,F,PEN,1978-05-08,2020-12-18,2025-12-18,0.1,53.0,1280.0
c-6701003224788,producto 01,Vida grupo particular,F,PEN,1945-03-26,2020-12-18,2025-03-18,0.1,43.0,2715.0
c-6701003224920,producto 01,Vida grupo particular,F,PEN,1980-06-17,2020-12-18,2026-12-18,0.1,34.0,800.0
c-6701003224947,producto 01,Vida grupo particular,F,PEN,1950-09-02,2020-12-19,2024-12-19,0.1,32.0,980.0
c-6701003225143,producto 01,Vida grupo particular,F,PEN,1979-10-09,2020-12-21,2026-10-21,0.1,50.0,700.0
c-6701003225206,producto 01,Vida grupo particular,F,PEN,1995-05-24,2020-12-21,2024-12-21,0.1,26.0,700.0
c-6701003225324,producto 01,Vida grupo particular,F,PEN,1943-04-17,2020-12-21,2025-12-21,0.1,89.0,1800.0
c-6701003225512,producto 01,Vida grupo particular,F,PEN,1960-01-03,2020-12-22,2024-12-22,0.1,24.0,1895.0
c-6701003225595,producto 01,Vida grupo particular,F,PEN,1967-05-18,2020-12-22,2026-12-22,0.1,30.0,1100.0
c-6701003225872,producto 01,Vida grupo particular,F,PEN,1981-03-04,2020-12-23,2026-12-23,0.1,19.0,900.0
c-6701003225878,producto 01,Vida grupo particular,F,PEN,1968-01-24,2020-12-23,2024-12-23,0.1,1.0,1700.0
c-6701003226089,producto 01,Vida grupo particular,F,PEN,1950-10-29,2020-12-23,2025-12-23,0.1,11.0,400.0
c-6701003226182,producto 01,Vida grupo particular,F,PEN,1943-06-23,2020-12-24,2024-12-24,0.1,161.0,2625.0
c-6701003226197,producto 01,Vida grupo particular,F,PEN,1962-02-07,2020-12-24,2026-12-24,0.1,24.0,500.1
c-6701003226230,producto 01,Vida grupo particular,F,PEN,1982-03-05,2020-12-24,2024-12-24,0.1,18.0,1000.0
c-6701003226302,producto 01,Vida grupo particular,F,PEN,1959-10-16,2020-12-26,2025-12-26,0.1,86.0,1000.0
c-6701003226316,producto 01,Vida grupo particular,F,PEN,1977-06-21,2020-12-26,2024-12-26,0.1,13.0,290.0
c-6701003226574,producto 01,Vida grupo particular,F,PEN,1979-05-11,2020-12-28,2025-12-28,0.1,150.0,1860.0
c-6701003226685,producto 01,Vida grupo particular,F,PEN,1987-04-25,2020-12-28,2026-12-28,0.1,28.0,1200.0
c-6701003226804,producto 01,Vida grupo particular,F,PEN,1969-01-23,2020-12-29,2024-12-29,0.1,43.0,900.0
c-6701003226859,producto 01,Vida grupo particular,F,PEN,1983-05-05,2020-12-29,2024-12-29,0.1,6.0,380.0
c-6701003226886,producto 01,Vida grupo particular,F,PEN,1979-05-28,2020-12-29,2026-12-29,0.1,13.0,500.0
c-6701003226908,producto 01,Vida grupo particular,F,PEN,1958-05-24,2020-12-29,2025-12-29,0.1,115.0,1595.0
c-6701003226937,producto 01,Vida grupo particular,F,PEN,1956-10-16,2020-12-29,2024-12-29,0.1,44.0,500.1
c-6701003227007,producto 01,Vida grupo particular,F,PEN,1941-06-11,2020-12-30,2025-08-30,0.1,3.0,1680.0
c-6701003227058,producto 01,Vida grupo particular,F,PEN,1954-07-27,2020-12-30,2024-12-30,0.1,26.0,1740.0
c-6701003227128,producto 01,Vida grupo particular,F,PEN,1970-07-14,2020-12-30,2024-12-30,0.1,60.0,1800.0
c-6701003227162,producto 01,Vida grupo particular,F,PEN,1964-06-09,2020-12-30,2026-12-30,0.1,84.0,1355.0
c-6701003227184,producto 01,Vida grupo particular,F,PEN,1993-11-04,2020-12-30,2026-12-30,0.1,17.0,900.0
c-6701003227219,producto 01,Vida grupo particular,F,PEN,1956-12-05,2020-12-30,2024-12-30,0.1,36.0,800.0
c-6701003227223,producto 01,Vida grupo particular,F,PEN,1971-01-02,2020-12-30,2024-12-30,0.1,54.0,720.0
c-6701003227247,producto 01,Vida grupo particular,F,PEN,1969-07-07,2020-12-30,2026-12-30,0.1,37.0,935.0
c-6701003227299,producto 01,Vida grupo particular,F,PEN,1972-05-10,2020-12-30,2024-12-30,0.1,21.0,700.1
c-6701003227307,producto 01,Vida grupo particular,F,PEN,1968-05-15,2020-12-30,2026-12-30,0.1,81.0,1015.0
c-6701003227314,producto 01,Vida grupo particular,F,PEN,1956-12-01,2020-12-30,2026-12-30,0.1,47.0,550.0
c-6701003227316,producto 01,Vida grupo particular,F,PEN,1976-09-11,2020-12-30,2024-12-30,0.1,32.0,600.0
c-6701003227320,producto 01,Vida grupo particular,F,PEN,1970-02-22,2020-12-30,2026-12-30,0.1,4.0,400.0
c-6701003227369,producto 01,Vida grupo particular,F,PEN,1989-06-02,2020-12-31,2026-12-31,0.1,38.0,500.0
c-6701003227433,producto 01,Vida grupo particular,F,PEN,1980-05-24,2020-12-31,2024-12-31,0.1,107.0,1200.0
c-6701003227440,producto 01,Vida grupo particular,F,PEN,1981-07-01,2020-12-31,2026-12-31,0.1,4.0,700.0
c-6701003227493,producto 01,Vida grupo particular,F,PEN,1972-09-08,2020-12-31,2026-12-31,0.1,47.0,650.0
c-6701003227499,producto 01,Vida grupo particular,F,PEN,1979-10-18,2020-12-31,2025-01-31,0.1,23.0,300.0
c-6701003227502,producto 01,Vida grupo particular,F,PEN,1985-12-04,2020-12-31,2026-12-31,0.1,22.0,800.0
c-6701003227504,producto 01,Vida grupo particular,F,PEN,1947-05-28,2020-12-31,2026-12-31,0.1,10.0,500.0
c-6701003227675,producto02,Vida grupo particular,F,PEN,1962-09-13,2021-01-04,2025-01-04,0.1,35.0,1000.0
c-6701003227688,producto02,Vida grupo particular,F,PEN,1947-01-26,2021-01-04,2025-01-04,0.1,8.0,120.0
c-6701003227964,producto02,Vida grupo particular,F,PEN,1960-08-27,2021-01-05,2026-11-05,0.1,27.0,1515.0
c-6701003227972,producto02,Vida grupo particular,F,PEN,1961-11-23,2021-01-05,2027-01-05,0.1,17.0,500.0
c-6701003228043,producto02,Vida grupo particular,F,PEN,1944-02-12,2021-01-05,2025-03-05,0.1,50.0,2110.0
c-6701003228085,producto02,Vida grupo particular,F,PEN,1941-02-12,2021-01-05,2026-01-05,0.1,89.0,1895.0
c-6701003228157,producto02,Vida grupo particular,F,PEN,1983-10-06,2021-01-05,2025-01-05,0.1,60.0,1195.0
c-6701003228223,producto02,Vida grupo particular,F,PEN,1977-09-30,2021-01-05,2027-01-05,0.1,57.0,995.0
c-6701003228246,producto02,Vida grupo particular,F,PEN,1977-12-02,2021-01-05,2026-01-05,0.1,59.0,1000.0
c-6701003228255,producto02,Vida grupo particular,F,PEN,1964-10-16,2021-01-05,2027-01-05,0.1,21.0,1850.0
c-6701003228291,producto02,Vida grupo particular,F,PEN,1989-01-18,2021-01-05,2027-02-05,0.1,14.0,500.0
c-6701003228338,producto02,Vida grupo particular,F,PEN,1941-12-22,2021-01-06,2025-07-06,0.1,16.0,1000.0
c-6701003228378,producto02,Vida grupo particular,F,PEN,1971-12-30,2021-01-06,2025-01-06,0.1,41.0,1100.0
c-6701003228390,producto02,Vida grupo particular,F,PEN,1979-01-18,2021-01-06,2026-02-06,0.1,20.0,700.0
c-6701003228397,producto02,Vida grupo particular,F,PEN,1961-02-01,2021-01-06,2025-02-06,0.1,27.0,2310.0
c-6701003228863,producto02,Vida grupo particular,F,PEN,1991-07-05,2021-01-07,2025-01-07,0.1,12.0,1060.0
c-6701003228996,producto02,Vida grupo particular,F,PEN,1975-11-16,2021-01-07,2025-01-07,0.1,15.0,850.0
c-6701003228998,producto02,Vida grupo particular,F,PEN,1986-05-18,2021-01-07,2026-01-07,0.1,21.0,570.0
c-6701003229072,producto02,Vida grupo particular,F,PEN,1987-07-29,2021-01-07,2025-01-07,0.1,5.0,2000.0
c-6701003229102,producto02,Vida grupo particular,F,PEN,1941-11-25,2021-01-07,2027-01-07,0.1,15.0,800.0
c-6701003229119,producto02,Vida grupo particular,F,PEN,1991-06-14,2021-01-08,2025-01-08,0.1,37.0,485.0
c-6701003229163,producto02,Vida grupo particular,F,PEN,1948-12-05,2021-01-08,2027-01-08,0.1,6.0,300.0
c-6701003229225,producto02,Vida grupo particular,F,PEN,1942-08-12,2021-01-08,2025-09-08,0.1,6.0,3030.0
c-6701003229330,producto02,Vida grupo particular,F,PEN,1982-04-02,2021-01-08,2026-01-08,0.1,76.0,3915.0
c-6701003229408,producto02,Vida grupo particular,F,PEN,1990-07-30,2021-01-08,2026-01-08,0.1,21.0,1465.0
c-6701003229502,producto02,Vida grupo particular,F,PEN,1980-12-03,2021-01-08,2026-01-08,0.1,76.0,1465.0
c-6701003229534,producto02,Vida grupo particular,F,PEN,1953-05-31,2021-01-08,2027-01-08,0.1,16.0,700.0
c-6701003229574,producto02,Vida grupo particular,F,PEN,1976-03-07,2021-01-08,2025-01-08,0.1,122.0,1955.0
c-6701003229621,producto02,Vida grupo particular,F,PEN,1993-03-08,2021-01-08,2025-01-08,0.1,42.0,750.0
c-6701003229894,producto02,Vida grupo particular,F,PEN,1964-10-07,2021-01-09,2027-01-09,0.1,35.0,900.0
c-6701003230221,producto02,Vida grupo particular,F,PEN,1971-12-05,2021-01-11,2025-01-11,0.1,30.0,630.0
c-6701003230254,producto02,Vida grupo particular,F,PEN,1980-11-30,2021-01-11,2025-11-11,0.1,6.0,400.0
c-6701003230317,producto02,Vida grupo particular,F,PEN,1984-06-14,2021-01-11,2026-02-11,0.1,6.0,650.0
c-6701003230328,producto02,Vida grupo particular,F,PEN,1981-02-20,2021-01-11,2025-01-11,0.1,31.0,700.1
c-6701003230338,producto02,Vida grupo particular,F,PEN,1963-02-18,2021-01-11,2025-02-11,0.1,80.0,1000.0
c-6701003230429,producto02,Vida grupo particular,F,PEN,1975-02-26,2021-01-11,2027-01-11,0.1,21.0,360.0
c-6701003230511,producto02,Vida grupo particular,F,PEN,1971-03-12,2021-01-12,2027-01-12,0.1,119.0,1440.0
c-6701003230518,producto02,Vida grupo particular,F,PEN,1941-08-14,2021-01-12,2025-01-12,0.1,132.0,1600.0
c-6701003230538,producto02,Vida grupo particular,F,PEN,1965-08-13,2021-01-12,2026-01-12,0.1,24.0,1100.0
c-6701003230689,producto02,Vida grupo particular,F,PEN,1958-03-10,2021-01-12,2025-01-12,0.1,87.0,1100.0
c-6701003230791,producto02,Vida grupo particular,F,PEN,1983-09-25,2021-01-12,2025-02-12,0.1,95.0,3445.0
c-6701003230878,producto02,Vida grupo particular,F,PEN,1980-10-17,2021-01-13,2025-01-13,0.1,52.0,1000.0
c-6701003230884,producto02,Vida grupo particular,F,PEN,1948-12-13,2021-01-13,2027-01-13,0.1,10.0,780.0
c-6701003230929,producto02,Vida grupo particular,F,PEN,1975-07-08,2021-01-13,2025-01-13,0.1,146.0,1635.0
c-6701003230951,producto02,Vida grupo particular,F,PEN,1948-02-28,2021-01-13,2025-01-13,0.1,56.0,815.0
c-6701003230967,producto02,Vida grupo particular,F,PEN,1989-09-07,2021-01-13,2026-01-13,0.1,8.0,150.0
c-6701003230991,producto02,Vida grupo particular,F,PEN,1981-11-12,2021-01-13,2026-01-13,0.1,45.0,1000.0
c-6701003231330,producto02,Vida grupo particular,F,PEN,1976-04-08,2021-01-14,2026-01-14,0.1,27.0,600.0
c-6701003231398,producto02,Vida grupo particular,F,PEN,1986-01-29,2021-01-14,2027-01-14,0.1,37.0,1200.0
c-6701003231434,producto02,Vida grupo particular,F,PEN,1966-12-28,2021-01-14,2027-01-14,0.1,1.0,1300.0
c-6701003231500,producto02,Vida grupo particular,F,PEN,1973-01-22,2021-01-15,2026-11-15,0.1,19.0,300.0
c-6701003231504,producto02,Vida grupo particular,F,PEN,1986-05-22,2021-01-15,2026-01-15,0.1,23.0,300.0
c-6701003231507,producto02,Vida grupo particular,F,PEN,1969-02-17,2021-01-15,2025-03-15,0.1,168.0,2000.0
c-6701003231567,producto02,Vida grupo particular,F,PEN,1960-09-28,2021-01-15,2025-01-15,0.1,68.0,1600.0
c-6701003231639,producto02,Vida grupo particular,F,PEN,1955-05-21,2021-01-15,2026-01-15,0.1,11.0,800.0
c-6701003231730,producto02,Vida grupo particular,F,PEN,1941-10-04,2021-01-15,2025-01-15,0.1,27.0,2140.0
c-6701003231755,producto02,Vida grupo particular,F,PEN,1973-02-17,2021-01-15,2027-01-15,0.1,45.0,800.0
c-6701003231912,producto02,Vida grupo particular,F,PEN,1983-05-28,2021-01-16,2025-01-16,0.1,141.0,2100.0
c-6701003231945,producto02,Vida grupo particular,F,PEN,1988-07-09,2021-01-16,2027-01-16,0.1,163.0,3760.0
c-6701003231984,producto02,Vida grupo particular,F,PEN,1988-06-10,2021-01-16,2025-01-16,0.1,16.0,2915.0
c-6701003231986,producto02,Vida grupo particular,F,PEN,1981-02-02,2021-01-16,2026-01-16,0.1,5.0,400.0
c-6701003232065,producto02,Vida grupo particular,F,PEN,1972-07-29,2021-01-18,2025-01-18,0.1,34.0,1300.0
c-6701003232274,producto02,Vida grupo particular,F,PEN,1994-07-12,2021-01-18,2026-01-18,0.1,35.0,400.0
c-6701003232331,producto02,Vida grupo particular,F,PEN,1947-05-16,2021-01-19,2025-01-19,0.1,36.0,1000.0
c-6701003232415,producto02,Vida grupo particular,F,PEN,1991-01-13,2021-01-19,2025-01-19,0.1,27.0,1000.0
c-6701003232417,producto02,Vida grupo particular,F,PEN,1953-11-19,2021-01-19,2026-01-19,0.1,18.0,1500.0
c-6701003232420,producto02,Vida grupo particular,F,PEN,1942-09-08,2021-01-19,2025-01-19,0.1,13.0,300.0
c-6701003232503,producto02,Vida grupo particular,F,PEN,1959-05-01,2021-01-19,2027-02-19,0.1,88.0,1000.0
c-6701003232510,producto02,Vida grupo particular,F,PEN,1976-06-29,2021-01-19,2025-01-19,0.1,50.0,1430.0
c-6701003232567,producto02,Vida grupo particular,F,PEN,1945-02-09,2021-01-19,2027-01-19,0.1,7.0,150.0
c-6701003232592,producto02,Vida grupo particular,F,PEN,1972-01-28,2021-01-19,2027-01-19,0.1,81.0,1400.0
c-6701003232681,producto02,Vida grupo particular,F,PEN,1972-08-11,2021-01-20,2025-01-20,0.1,23.0,700.0
c-6701003232696,producto02,Vida grupo particular,F,PEN,1983-09-21,2021-01-20,2026-01-20,0.1,105.0,1935.0
c-6701003232714,producto02,Vida grupo particular,F,PEN,1969-04-03,2021-01-20,2025-01-20,0.1,10.0,400.0
c-6701003232722,producto02,Vida grupo particular,F,PEN,1982-01-27,2021-01-20,2025-01-20,0.1,40.0,1500.0
c-6701003232756,producto02,Vida grupo particular,F,PEN,1979-03-31,2021-01-20,2025-01-20,0.1,70.0,800.0
c-6701003232793,producto02,Vida grupo particular,F,PEN,1978-05-08,2021-01-20,2026-01-20,0.1,165.0,2000.0
c-6701003232860,producto02,Vida grupo particular,F,PEN,1969-09-28,2021-01-20,2025-01-20,0.1,14.0,300.0
c-6701003232918,producto02,Vida grupo particular,F,PEN,1961-10-03,2021-01-21,2025-01-21,0.1,60.0,1100.0
c-6701003233052,producto02,Vida grupo particular,F,PEN,1959-06-25,2021-01-21,2026-01-21,0.1,11.0,315.0
c-6701003233072,producto02,Vida grupo particular,F,PEN,1975-05-10,2021-01-21,2026-01-21,0.1,13.0,1349.9
c-6701003233096,producto02,Vida grupo particular,F,PEN,1992-01-07,2021-01-21,2026-01-21,0.1,295.0,3710.0
c-6701003233163,producto02,Vida grupo particular,F,PEN,1984-12-04,2021-01-22,2027-01-22,0.1,23.0,1200.0
c-6701003233271,producto02,Vida grupo particular,F,PEN,1943-01-17,2021-01-22,2027-01-22,0.1,34.0,1900.0
c-6701003233299,producto02,Vida grupo particular,F,PEN,1985-01-01,2021-01-22,2027-02-22,0.1,85.0,1900.0
c-6701003233302,producto02,Vida grupo particular,F,PEN,1986-06-20,2021-01-22,2027-01-22,0.1,11.0,600.0
c-6701003233313,producto02,Vida grupo particular,F,PEN,1956-05-09,2021-01-22,2027-01-22,0.1,72.0,800.0
c-6701003233316,producto02,Vida grupo particular,F,PEN,1945-08-03,2021-01-22,2025-01-22,0.1,54.0,1000.0
c-6701003233327,producto02,Vida grupo particular,F,PEN,1992-04-28,2021-01-22,2026-01-22,0.1,9.0,400.0
c-6701003233347,producto02,Vida grupo particular,F,PEN,1950-02-09,2021-01-22,2025-12-22,0.1,111.0,1800.0
c-6701003233384,producto02,Vida grupo particular,F,PEN,1983-08-14,2021-01-22,2025-01-22,0.1,73.0,1500.0
c-6701003233407,producto02,Vida grupo particular,F,PEN,1992-03-25,2021-01-22,2027-02-22,0.1,21.0,1100.0
c-6701003233480,producto02,Vida grupo particular,F,PEN,1971-04-28,2021-01-23,2027-01-23,0.1,80.0,3510.0
c-6701003233492,producto02,Vida grupo particular,F,PEN,1969-06-03,2021-01-23,2026-01-23,0.1,64.0,1350.0
c-6701003233528,producto02,Vida grupo particular,F,PEN,1947-10-27,2021-01-23,2025-01-23,0.1,26.0,675.0
c-6701003233551,producto02,Vida grupo particular,F,PEN,1951-06-16,2021-01-23,2027-01-23,0.1,12.0,1345.0
c-6701003233575,producto02,Vida grupo particular,F,PEN,1972-05-10,2021-01-23,2026-01-23,0.1,21.0,500.0
c-6701003233579,producto02,Vida grupo particular,F,PEN,1971-10-02,2021-01-23,2026-01-23,0.1,58.0,950.0
c-6701003233618,producto02,Vida grupo particular,F,PEN,1958-01-04,2021-01-23,2027-01-23,0.1,61.0,1400.0
c-6701003233639,producto02,Vida grupo particular,F,PEN,1992-05-16,2021-01-23,2025-01-23,0.1,39.0,500.0
c-6701003233659,producto02,Vida grupo particular,F,PEN,1947-03-24,2021-01-25,2027-01-25,0.1,41.0,1085.0
c-6701003233680,producto02,Vida grupo particular,F,PEN,1991-04-08,2021-01-25,2027-01-25,0.1,7.0,300.1
c-6701003233711,producto02,Vida grupo particular,F,PEN,1974-09-28,2021-01-25,2025-01-25,0.1,60.0,1000.0
c-6701003233717,producto02,Vida grupo particular,F,PEN,1973-06-13,2021-01-25,2025-01-25,0.1,108.0,1200.0
c-6701003233727,producto02,Vida grupo particular,F,PEN,1950-10-02,2021-01-25,2026-01-25,0.1,222.0,2625.0
c-6701003233767,producto02,Vida grupo particular,F,PEN,1958-04-20,2021-01-25,2025-01-25,0.1,76.0,1200.0
c-6701003233782,producto02,Vida grupo particular,F,PEN,1965-05-16,2021-01-25,2027-01-25,0.1,88.0,1200.0
c-6701003233788,producto02,Vida grupo particular,F,PEN,1978-04-03,2021-01-25,2027-01-25,0.1,45.0,594.9
c-6701003233792,producto02,Vida grupo particular,F,PEN,1965-04-15,2021-01-25,2025-03-25,0.1,64.0,2800.0
c-6701003233810,producto02,Vida grupo particular,F,PEN,1968-08-05,2021-01-25,2027-01-25,0.1,21.0,675.0
c-6701003233811,producto02,Vida grupo particular,F,PEN,1979-05-08,2021-01-25,2025-01-25,0.1,16.0,605.0
c-6701003233828,producto02,Vida grupo particular,F,PEN,1976-09-22,2021-01-25,2027-01-25,0.1,73.0,970.0
c-6701003233834,producto02,Vida grupo particular,F,PEN,1962-12-27,2021-01-25,2027-01-25,0.1,123.0,1635.0
c-6701003233841,producto02,Vida grupo particular,F,PEN,1955-08-31,2021-01-25,2026-01-25,0.1,55.0,950.0
c-6701003233842,producto02,Vida grupo particular,F,PEN,1940-06-19,2021-01-25,2027-01-25,0.1,39.0,1150.0
c-6701003233897,producto02,Vida grupo particular,F,PEN,1970-05-20,2021-01-25,2027-01-25,0.1,17.0,1200.0
c-6701003233906,producto02,Vida grupo particular,F,PEN,1988-01-06,2021-01-25,2026-01-25,0.1,2.0,500.0
c-6701003233913,producto02,Vida grupo particular,F,PEN,1942-07-11,2021-01-25,2027-01-25,0.1,28.0,475.0
c-6701003233951,producto02,Vida grupo particular,F,PEN,1977-05-01,2021-01-25,2027-01-25,0.1,78.0,1500.1
c-6701003233991,producto02,Vida grupo particular,F,PEN,1962-09-14,2021-01-25,2027-01-25,0.1,47.0,1200.0
c-6701003233999,producto02,Vida grupo particular,F,PEN,1940-02-08,2021-01-25,2025-02-25,0.1,128.0,2050.0
c-6701003234005,producto02,Vida grupo particular,F,PEN,1979-06-23,2021-01-25,2025-01-25,0.1,48.0,700.0
c-6701003234009,producto02,Vida grupo particular,F,PEN,1961-10-07,2021-01-25,2026-01-25,0.1,84.0,1200.0
c-6701003234012,producto02,Vida grupo particular,F,PEN,1971-08-11,2021-01-25,2027-02-25,0.1,242.0,2765.0
c-6701003234027,producto02,Vida grupo particular,F,PEN,1950-05-13,2021-01-25,2027-01-25,0.1,18.0,2050.0
c-6701003234045,producto02,Vida grupo particular,F,PEN,1967-06-29,2021-01-25,2027-01-25,0.1,14.0,1290.0
c-6701003234046,producto02,Vida grupo particular,F,PEN,1968-06-03,2021-01-25,2027-01-25,0.1,39.0,1300.0
c-6701003234048,producto02,Vida grupo particular,F,PEN,1990-02-17,2021-01-25,2025-01-25,0.1,1.0,1440.0
c-6701003234115,producto02,Vida grupo particular,F,PEN,1968-05-02,2021-01-25,2027-01-25,0.1,16.0,395.0
c-6701003234147,producto02,Vida grupo particular,F,PEN,1971-06-15,2021-01-25,2026-01-25,0.1,20.0,455.0
c-6701003234157,producto02,Vida grupo particular,F,PEN,1965-12-09,2021-01-25,2027-01-25,0.1,115.0,1910.0
c-6701003234161,producto02,Vida grupo particular,F,PEN,1959-04-13,2021-01-25,2025-01-25,0.1,119.0,1720.0
c-6701003234174,producto02,Vida grupo particular,F,PEN,1943-02-18,2021-01-25,2027-01-25,0.1,84.0,1655.0
c-6701003234204,producto02,Vida grupo particular,F,PEN,1940-08-07,2021-01-25,2025-01-25,0.1,33.0,1200.0
c-6701003234208,producto02,Vida grupo particular,F,PEN,1962-11-01,2021-01-25,2027-01-25,0.1,63.0,1200.0
c-6701003234225,producto02,Vida grupo particular,F,PEN,1970-06-16,2021-01-25,2026-01-25,0.1,38.0,1040.0
c-6701003234227,producto02,Vida grupo particular,F,PEN,1956-01-07,2021-01-25,2027-01-25,0.1,34.0,1350.0
c-6701003234235,producto02,Vida grupo particular,F,PEN,1968-12-03,2021-01-25,2027-01-25,0.1,26.0,500.0
c-6701003234243,producto02,Vida grupo particular,F,PEN,1981-06-19,2021-01-25,2026-01-25,0.1,73.0,910.0
c-6701003234276,producto02,Vida grupo particular,F,PEN,1968-09-17,2021-01-25,2027-01-25,0.1,4.0,800.0
c-6701003234317,producto02,Vida grupo particular,F,PEN,1969-07-17,2021-01-25,2027-01-25,0.1,123.0,2520.0
c-6701003234321,producto02,Vida grupo particular,F,PEN,1978-08-14,2021-01-25,2025-02-25,0.1,62.0,700.0
c-6701003234334,producto02,Vida grupo particular,F,PEN,1961-11-28,2021-01-25,2027-01-25,0.1,43.0,600.0
c-6701003234350,producto02,Vida grupo particular,F,PEN,1947-03-17,2021-01-26,2027-01-26,0.1,23.0,480.0
c-6701003234356,producto02,Vida grupo particular,F,PEN,1963-10-07,2021-01-26,2027-01-26,0.1,2.0,1700.0
c-6701003234361,producto02,Vida grupo particular,F,PEN,1954-10-21,2021-01-26,2027-01-26,0.1,56.0,765.0
c-6701003234371,producto02,Vida grupo particular,F,PEN,1955-02-06,2021-01-26,2027-01-26,0.1,13.0,500.0
c-6701003234380,producto02,Vida grupo particular,F,PEN,1947-06-29,2021-01-26,2026-01-26,0.1,15.0,345.0
c-6701003234388,producto02,Vida grupo particular,F,PEN,1954-10-03,2021-01-26,2025-01-26,0.1,17.0,300.0
c-6701003234402,producto02,Vida grupo particular,F,PEN,1982-02-08,2021-01-26,2027-01-26,0.1,75.0,1050.0
c-6701003234432,producto02,Vida grupo particular,F,PEN,1974-10-06,2021-01-26,2025-01-26,0.1,14.0,900.0
c-6701003234436,producto02,Vida grupo particular,F,PEN,1941-08-20,2021-01-26,2025-01-26,0.1,44.0,1100.0
c-6701003234466,producto02,Vida grupo particular,F,PEN,1942-09-16,2021-01-26,2027-01-26,0.1,125.0,1810.0
c-6701003234483,producto02,Vida grupo particular,F,PEN,1977-09-06,2021-01-26,2026-01-26,0.1,11.0,1050.0
c-6701003234493,producto02,Vida grupo particular,F,PEN,1964-04-30,2021-01-26,2026-01-26,0.1,96.0,1360.0
c-6701003234503,producto02,Vida grupo particular,F,PEN,1965-08-09,2021-01-26,2025-01-26,0.1,149.0,3300.0
c-6701003234522,producto02,Vida grupo particular,F,PEN,1986-01-01,2021-01-26,2027-01-26,0.1,54.0,760.0
c-6701003234546,producto02,Vida grupo particular,F,PEN,1966-08-02,2021-01-26,2027-01-26,0.1,99.0,1500.0
c-6701003234547,producto02,Vida grupo particular,F,PEN,1981-02-26,2021-01-26,2025-01-26,0.1,59.0,950.0
c-6701003234549,producto02,Vida grupo particular,F,PEN,1976-09-04,2021-01-26,2026-01-26,0.1,19.0,525.0
c-6701003234577,producto02,Vida grupo particular,F,PEN,1962-05-28,2021-01-26,2027-02-26,0.1,17.0,755.0
c-6701003234602,producto02,Vida grupo particular,F,PEN,1973-01-01,2021-01-26,2025-01-26,0.1,35.0,600.0
c-6701003234603,producto02,Vida grupo particular,F,PEN,1945-12-02,2021-01-26,2026-01-26,0.1,54.0,1950.0
c-6701003234619,producto02,Vida grupo particular,F,PEN,1945-07-21,2021-01-26,2026-01-26,0.1,54.0,700.0
c-6701003234651,producto02,Vida grupo particular,F,PEN,1968-11-12,2021-01-26,2025-01-26,0.1,121.0,2415.0
c-6701003234661,producto02,Vida grupo particular,F,PEN,1986-02-23,2021-01-26,2027-01-26,0.1,33.0,1050.0
c-6701003234666,producto02,Vida grupo particular,F,PEN,1955-12-08,2021-01-26,2027-01-26,0.1,109.0,1750.0
c-6701003234669,producto02,Vida grupo particular,F,PEN,1959-08-25,2021-01-26,2027-01-26,0.1,46.0,1350.0
c-6701003234671,producto02,Vida grupo particular,F,PEN,1974-03-10,2021-01-26,2027-01-26,0.1,6.0,500.0
c-6701003234682,producto02,Vida grupo particular,F,PEN,1941-09-06,2021-01-26,2026-01-26,0.1,5.0,1200.0
c-6701003234690,producto02,Vida grupo particular,F,PEN,1940-01-29,2021-01-26,2025-01-26,0.1,54.0,1200.0
c-6701003234694,producto02,Vida grupo particular,F,PEN,1965-06-01,2021-01-26,2025-01-26,0.1,33.0,800.0
c-6701003234703,producto02,Vida grupo particular,F,PEN,1956-07-18,2021-01-26,2027-01-26,0.1,55.0,3075.0
c-6701003234713,producto02,Vida grupo particular,F,PEN,1974-05-14,2021-01-26,2027-01-26,0.1,3.0,1160.0
c-6701003234746,producto02,Vida grupo particular,F,PEN,1958-06-13,2021-01-26,2027-01-26,0.1,35.0,1344.0
c-6701003234759,producto02,Vida grupo particular,F,PEN,1966-01-04,2021-01-26,2027-01-26,0.1,53.0,3500.0
c-6701003234768,producto02,Vida grupo particular,F,PEN,1959-04-02,2021-01-26,2027-01-26,0.1,178.0,2515.0
c-6701003234772,producto02,Vida grupo particular,F,PEN,1985-03-20,2021-01-26,2025-12-26,0.1,13.0,150.0
c-6701003234778,producto02,Vida grupo particular,F,PEN,1979-04-07,2021-01-26,2026-01-26,0.1,167.0,3790.0
c-6701003234782,producto02,Vida grupo particular,F,PEN,1989-03-26,2021-01-26,2027-01-26,0.1,90.0,1100.0
c-6701003234791,producto02,Vida grupo particular,F,PEN,1971-10-26,2021-01-26,2026-01-26,0.1,22.0,500.0
c-6701003234800,producto02,Vida grupo particular,F,PEN,1969-08-06,2021-01-26,2027-01-26,0.1,76.0,1050.0
c-6701003234811,producto02,Vida grupo particular,F,PEN,1991-09-02,2021-01-26,2027-01-26,0.1,15.0,730.0
c-6701003234817,producto02,Vida grupo particular,F,PEN,1977-12-02,2021-01-26,2026-01-26,0.1,93.0,1050.0
c-6701003234820,producto02,Vida grupo particular,F,PEN,1963-07-24,2021-01-26,2027-01-26,0.1,55.0,745.0
c-6701003234823,producto02,Vida grupo particular,F,PEN,1942-01-01,2021-01-26,2027-01-26,0.1,17.0,1400.0
c-6701003234828,producto02,Vida grupo particular,F,PEN,1973-08-07,2021-01-26,2027-01-26,0.1,19.0,389.99
c-6701003234887,producto02,Vida grupo particular,F,PEN,1978-11-18,2021-01-26,2025-01-26,0.1,35.0,850.0
c-6701003234904,producto02,Vida grupo particular,F,PEN,1970-10-13,2021-01-26,2027-01-26,0.1,135.0,1750.0
c-6701003234905,producto02,Vida grupo particular,F,PEN,1947-07-08,2021-01-26,2027-01-26,0.1,73.0,1400.0
c-6701003234994,producto02,Vida grupo particular,F,PEN,1963-10-07,2021-01-26,2027-01-26,0.1,112.0,1850.0
c-6701003234997,producto02,Vida grupo particular,F,PEN,1978-10-06,2021-01-26,2026-01-26,0.1,67.0,950.0
c-6701003235007,producto02,Vida grupo particular,F,PEN,1960-06-03,2021-01-26,2027-02-26,0.1,11.0,915.0
c-6701003235012,producto02,Vida grupo particular,F,PEN,1952-08-02,2021-01-26,2027-01-26,0.1,40.0,1140.0
c-6701003235028,producto02,Vida grupo particular,F,PEN,1969-11-26,2021-01-26,2026-01-26,0.1,112.0,1500.0
c-6701003235031,producto02,Vida grupo particular,F,PEN,1967-01-05,2021-01-26,2027-01-26,0.1,83.0,1040.0
c-6701003235038,producto02,Vida grupo particular,F,PEN,1967-06-28,2021-01-26,2025-01-26,0.1,46.0,700.0
c-6701003235045,producto02,Vida grupo particular,F,PEN,1958-03-07,2021-01-26,2025-01-26,0.1,16.0,310.0
c-6701003235052,producto02,Vida grupo particular,F,PEN,1950-09-06,2021-01-27,2025-01-27,0.1,29.0,700.0
c-6701003235054,producto02,Vida grupo particular,F,PEN,1957-03-29,2021-01-27,2027-01-27,0.1,24.0,380.0
c-6701003235068,producto02,Vida grupo particular,F,PEN,1942-05-19,2021-01-27,2025-01-27,0.1,18.0,1000.0
c-6701003235090,producto02,Vida grupo particular,F,PEN,1989-07-01,2021-01-27,2027-01-27,0.1,50.0,655.0
c-6701003235099,producto02,Vida grupo particular,F,PEN,1952-05-15,2021-01-27,2025-02-27,0.1,11.0,850.0
c-6701003235103,producto02,Vida grupo particular,F,PEN,1988-11-01,2021-01-27,2025-01-27,0.1,25.0,400.0
c-6701003235122,producto02,Vida grupo particular,F,PEN,1950-12-05,2021-01-27,2027-01-27,0.1,17.0,1360.0
c-6701003235128,producto02,Vida grupo particular,F,PEN,1956-01-05,2021-01-27,2025-01-27,0.1,95.0,1200.0
c-6701003235142,producto02,Vida grupo particular,F,PEN,1968-07-15,2021-01-27,2026-01-27,0.1,22.0,630.0
c-6701003235144,producto02,Vida grupo particular,F,PEN,1994-11-06,2021-01-27,2025-01-27,0.1,55.0,850.0
c-6701003235186,producto02,Vida grupo particular,F,PEN,1975-10-22,2021-01-27,2026-01-27,0.1,16.0,1050.0
c-6701003235213,producto02,Vida grupo particular,F,PEN,1948-01-06,2021-01-27,2027-01-27,0.1,70.0,2110.0
c-6701003235217,producto02,Vida grupo particular,F,PEN,1955-03-20,2021-01-27,2027-01-27,0.1,63.0,1480.0
c-6701003235221,producto02,Vida grupo particular,F,PEN,1966-02-14,2021-01-27,2027-01-27,0.1,56.0,1025.0
c-6701003235238,producto02,Vida grupo particular,F,PEN,1963-04-12,2021-01-27,2025-01-27,0.1,147.0,4000.0
c-6701003235240,producto02,Vida grupo particular,F,PEN,1969-02-22,2021-01-27,2027-01-27,0.1,33.0,1200.0
c-6701003235241,producto02,Vida grupo particular,F,PEN,1982-04-04,2021-01-27,2026-01-27,0.1,5.0,500.0
c-6701003235266,producto02,Vida grupo particular,F,PEN,1964-11-09,2021-01-27,2026-01-27,0.1,94.0,1200.0
c-6701003235274,producto02,Vida grupo particular,F,PEN,1970-08-06,2021-01-27,2027-01-27,0.1,73.0,1600.0
c-6701003235275,producto02,Vida grupo particular,F,PEN,1953-07-12,2021-01-27,2026-01-27,0.1,12.0,1900.0
c-6701003235278,producto02,Vida grupo particular,F,PEN,1983-08-26,2021-01-27,2027-02-27,0.1,88.0,980.0
c-6701003235283,producto02,Vida grupo particular,F,PEN,1940-09-20,2021-01-27,2027-01-27,0.1,7.0,1900.0
c-6701003235285,producto02,Vida grupo particular,F,PEN,1984-08-01,2021-01-27,2025-01-27,0.1,14.0,530.0
c-6701003235305,producto02,Vida grupo particular,F,PEN,1972-02-02,2021-01-27,2027-01-27,0.1,63.0,1400.0
c-6701003235321,producto02,Vida grupo particular,F,PEN,1969-08-31,2021-01-27,2027-01-27,0.1,38.0,1000.0
c-6701003235374,producto02,Vida grupo particular,F,PEN,1973-11-05,2021-01-27,2027-01-27,0.1,21.0,1200.0
c-6701003235385,producto02,Vida grupo particular,F,PEN,1940-04-22,2021-01-27,2025-01-27,0.1,15.0,950.0
c-6701003235410,producto02,Vida grupo particular,F,PEN,1973-09-03,2021-01-27,2027-01-27,0.1,12.0,500.1
c-6701003235422,producto02,Vida grupo particular,F,PEN,1992-04-11,2021-01-27,2025-01-27,0.1,11.0,750.0
c-6701003235448,producto02,Vida grupo particular,F,PEN,1963-05-10,2021-01-27,2027-01-27,0.1,73.0,990.0
c-6701003235495,producto02,Vida grupo particular,F,PEN,1942-07-24,2021-01-27,2025-01-27,0.1,25.0,1965.0
c-6701003235509,producto02,Vida grupo particular,F,PEN,1974-04-13,2021-01-27,2025-01-27,0.1,41.0,600.0
c-6701003235510,producto02,Vida grupo particular,F,PEN,1975-07-16,2021-01-27,2025-02-27,0.1,5.0,500.0
c-6701003235515,producto02,Vida grupo particular,F,PEN,1959-06-18,2021-01-27,2027-01-27,0.1,33.0,932.0
c-6701003235559,producto02,Vida grupo particular,F,PEN,1992-08-09,2021-01-27,2026-01-27,0.1,85.0,950.0
c-6701003235562,producto02,Vida grupo particular,F,PEN,1986-06-22,2021-01-27,2027-01-27,0.1,21.0,565.0
c-6701003235577,producto02,Vida grupo particular,F,PEN,1958-08-26,2021-01-27,2027-01-27,0.1,15.0,430.0
c-6701003235583,producto02,Vida grupo particular,F,PEN,1965-04-15,2021-01-27,2025-01-27,0.1,73.0,1200.0
c-6701003235584,producto02,Vida grupo particular,F,PEN,1982-08-16,2021-01-27,2026-01-27,0.1,21.0,300.0
c-6701003235590,producto02,Vida grupo particular,F,PEN,1970-12-08,2021-01-27,2025-01-27,0.1,102.0,1350.0
c-6701003235592,producto02,Vida grupo particular,F,PEN,1988-09-25,2021-01-27,2025-01-27,0.1,21.0,500.0
c-6701003235597,producto02,Vida grupo particular,F,PEN,1971-02-05,2021-01-27,2027-01-27,0.1,14.0,2035.0
c-6701003235598,producto02,Vida grupo particular,F,PEN,1969-10-24,2021-01-27,2026-01-27,0.1,31.0,350.0
c-6701003235612,producto02,Vida grupo particular,F,PEN,1959-04-02,2021-01-27,2027-01-27,0.1,101.0,2710.0
c-6701003235627,producto02,Vida grupo particular,F,PEN,1971-04-16,2021-01-27,2025-01-27,0.1,49.0,950.0
c-6701003235637,producto02,Vida grupo particular,F,PEN,1940-05-27,2021-01-27,2027-01-27,0.1,8.0,1855.0
c-6701003235657,producto02,Vida grupo particular,F,PEN,1962-03-10,2021-01-27,2027-01-27,0.1,71.0,1595.0
c-6701003235675,producto02,Vida grupo particular,F,PEN,1978-04-16,2021-01-27,2025-01-27,0.1,77.0,1050.0
c-6701003235677,producto02,Vida grupo particular,F,PEN,1956-12-14,2021-01-27,2027-01-27,0.1,20.0,2160.0
c-6701003235698,producto02,Vida grupo particular,F,PEN,1970-12-31,2021-01-27,2027-01-27,0.1,73.0,850.0
c-6701003235710,producto02,Vida grupo particular,F,PEN,1985-09-02,2021-01-27,2027-01-27,0.1,82.0,1175.0
c-6701003235712,producto02,Vida grupo particular,F,PEN,1971-12-11,2021-01-27,2025-01-27,0.1,26.0,450.0
c-6701003235716,producto02,Vida grupo particular,F,PEN,1961-01-04,2021-01-27,2027-01-27,0.1,18.0,1350.0
c-6701003235717,producto02,Vida grupo particular,F,PEN,1949-12-30,2021-01-27,2027-01-27,0.1,68.0,2000.0
c-6701003235721,producto02,Vida grupo particular,F,PEN,1963-11-20,2021-01-27,2027-01-27,0.1,2.0,855.0
c-6701003235722,producto02,Vida grupo particular,F,PEN,1966-12-09,2021-01-27,2027-01-27,0.1,84.0,1050.0
c-6701003235738,producto02,Vida grupo particular,F,PEN,1977-09-07,2021-01-27,2027-01-27,0.1,86.0,1175.0
c-6701003235745,producto02,Vida grupo particular,F,PEN,1967-04-15,2021-01-27,2027-01-27,0.1,38.0,1700.0
c-6701003235751,producto02,Vida grupo particular,F,PEN,1983-08-27,2021-01-27,2027-02-27,0.1,11.0,630.0
c-6701003235753,producto02,Vida grupo particular,F,PEN,1953-08-11,2021-01-27,2026-01-27,0.1,59.0,950.0
c-6701003235774,producto02,Vida grupo particular,F,PEN,1978-04-22,2021-01-28,2026-01-28,0.1,23.0,400.0
c-6701003235798,producto02,Vida grupo particular,F,PEN,1942-02-04,2021-01-28,2025-02-28,0.1,106.0,1500.0
c-6701003235804,producto02,Vida grupo particular,F,PEN,1940-02-19,2021-01-28,2025-01-28,0.1,235.0,2800.0
c-6701003235808,producto02,Vida grupo particular,F,PEN,1959-04-01,2021-01-28,2027-01-28,0.1,38.0,460.0
c-6701003235812,producto02,Vida grupo particular,F,PEN,1945-09-21,2021-01-28,2027-01-28,0.1,72.0,1020.0
c-6701003235819,producto02,Vida grupo particular,F,PEN,1969-12-15,2021-01-28,2027-01-28,0.1,14.0,3085.0
c-6701003235838,producto02,Vida grupo particular,F,PEN,1947-07-27,2021-01-28,2027-01-28,0.1,80.0,908.9
c-6701003235840,producto02,Vida grupo particular,F,PEN,1986-10-15,2021-01-28,2027-01-28,0.1,55.0,1165.0
c-6701003235845,producto02,Vida grupo particular,F,PEN,1983-06-14,2021-01-28,2027-01-28,0.1,68.0,1650.0
c-6701003235870,producto02,Vida grupo particular,F,PEN,1982-01-18,2021-01-28,2025-01-28,0.1,21.0,500.0
c-6701003235900,producto02,Vida grupo particular,F,PEN,1964-05-04,2021-01-28,2027-01-28,0.1,136.0,2560.0
c-6701003235902,producto02,Vida grupo particular,F,PEN,1961-09-12,2021-01-28,2027-01-28,0.1,26.0,300.0
c-6701003235926,producto02,Vida grupo particular,F,PEN,1968-08-06,2021-01-28,2027-01-28,0.1,45.0,525.0
c-6701003235929,producto02,Vida grupo particular,F,PEN,1961-06-22,2021-01-28,2027-01-28,0.1,100.0,1445.0
c-6701003235931,producto02,Vida grupo particular,F,PEN,1964-08-24,2021-01-28,2027-02-28,0.1,14.0,410.0
c-6701003235938,producto02,Vida grupo particular,F,PEN,1977-05-25,2021-01-28,2025-01-28,0.1,12.0,950.0
c-6701003235951,producto02,Vida grupo particular,F,PEN,1963-02-06,2021-01-28,2027-01-28,0.1,151.0,1700.0
c-6701003235962,producto02,Vida grupo particular,F,PEN,1968-05-28,2021-01-28,2027-02-28,0.1,6.0,740.0
c-6701003235963,producto02,Vida grupo particular,F,PEN,1958-10-12,2021-01-28,2025-01-28,0.1,149.0,3100.0
c-6701003235979,producto02,Vida grupo particular,F,PEN,1973-05-16,2021-01-28,2025-01-28,0.1,38.0,1615.0
c-6701003235987,producto02,Vida grupo particular,F,PEN,1963-05-11,2021-01-28,2027-01-28,0.1,13.0,1210.0
c-6701003236002,producto02,Vida grupo particular,F,PEN,1981-07-28,2021-01-28,2026-01-28,0.1,6.0,500.0
c-6701003236004,producto02,Vida grupo particular,F,PEN,1963-09-18,2021-01-28,2027-01-28,0.1,154.0,3320.0
c-6701003236028,producto02,Vida grupo particular,F,PEN,1984-11-30,2021-01-28,2025-01-28,0.1,54.0,1200.0
c-6701003236036,producto02,Vida grupo particular,F,PEN,1968-04-04,2021-01-28,2025-01-28,0.1,24.0,400.0
c-6701003236041,producto02,Vida grupo particular,F,PEN,1992-07-05,2021-01-28,2025-01-28,0.1,53.0,700.0
c-6701003236055,producto02,Vida grupo particular,F,PEN,1970-12-02,2021-01-28,2027-01-28,0.1,131.0,1870.0
c-6701003236058,producto02,Vida grupo particular,F,PEN,1980-06-23,2021-01-28,2027-01-28,0.1,4.0,345.0
c-6701003236072,producto02,Vida grupo particular,F,PEN,1976-10-08,2021-01-28,2027-01-28,0.1,20.0,810.0
c-6701003236076,producto02,Vida grupo particular,F,PEN,1954-07-12,2021-01-28,2027-01-28,0.1,115.0,1635.0
c-6701003236088,producto02,Vida grupo particular,F,PEN,1972-08-23,2021-01-28,2027-01-28,0.1,89.0,1205.0
c-6701003236098,producto02,Vida grupo particular,F,PEN,1953-03-22,2021-01-28,2025-02-28,0.1,20.0,850.0
c-6701003236099,producto02,Vida grupo particular,F,PEN,1981-08-08,2021-01-28,2025-01-28,0.1,88.0,1900.0
c-6701003236113,producto02,Vida grupo particular,F,PEN,1972-12-30,2021-01-28,2026-01-28,0.1,90.0,1200.0
c-6701003236115,producto02,Vida grupo particular,F,PEN,1965-06-10,2021-01-28,2026-01-28,0.1,42.0,1220.0
c-6701003236125,producto02,Vida grupo particular,F,PEN,1959-02-28,2021-01-28,2027-01-28,0.1,20.0,1610.0
c-6701003236129,producto02,Vida grupo particular,F,PEN,1953-10-13,2021-01-28,2027-01-28,0.1,29.0,960.0
c-6701003236130,producto02,Vida grupo particular,F,PEN,1968-10-12,2021-01-28,2027-02-28,0.1,20.0,350.0
c-6701003236133,producto02,Vida grupo particular,F,PEN,1966-08-28,2021-01-28,2025-02-28,0.1,21.0,2000.0
c-6701003236160,producto02,Vida grupo particular,F,PEN,1979-05-08,2021-01-28,2027-01-28,0.1,126.0,1750.0
c-6701003236167,producto02,Vida grupo particular,F,PEN,1969-12-01,2021-01-28,2027-01-28,0.1,8.0,1200.0
c-6701003236173,producto02,Vida grupo particular,F,PEN,1976-07-28,2021-01-28,2027-01-28,0.1,2.0,1000.0
c-6701003236198,producto02,Vida grupo particular,F,PEN,1980-09-07,2021-01-28,2027-01-28,0.1,40.0,630.0
c-6701003236204,producto02,Vida grupo particular,F,PEN,1964-11-13,2021-01-28,2026-01-28,0.1,49.0,750.0
c-6701003236206,producto02,Vida grupo particular,F,PEN,1946-11-28,2021-01-28,2027-01-28,0.1,113.0,1350.0
c-6701003236210,producto02,Vida grupo particular,F,PEN,1971-07-05,2021-01-28,2027-02-28,0.1,21.0,1035.0
c-6701003236220,producto02,Vida grupo particular,F,PEN,1972-11-18,2021-01-28,2025-01-28,0.1,14.0,1900.0
c-6701003236239,producto02,Vida grupo particular,F,PEN,1976-01-31,2021-01-28,2025-02-28,0.1,100.0,1200.0
c-6701003236245,producto02,Vida grupo particular,F,PEN,1970-09-04,2021-01-28,2027-01-28,0.1,28.0,860.0
c-6701003236251,producto02,Vida grupo particular,F,PEN,1957-02-09,2021-01-28,2027-01-28,0.1,6.0,730.0
c-6701003236271,producto02,Vida grupo particular,F,PEN,1971-11-02,2021-01-28,2027-01-28,0.1,35.0,1160.0
c-6701003236276,producto02,Vida grupo particular,F,PEN,1976-08-15,2021-01-28,2025-01-28,0.1,53.0,1500.0
c-6701003236278,producto02,Vida grupo particular,F,PEN,1956-08-01,2021-01-28,2027-01-28,0.1,50.0,620.0
c-6701003236281,producto02,Vida grupo particular,F,PEN,1968-03-07,2021-01-28,2027-01-28,0.1,123.0,2060.0
c-6701003236282,producto02,Vida grupo particular,F,PEN,1953-04-27,2021-01-28,2026-01-28,0.1,43.0,715.0
c-6701003236283,producto02,Vida grupo particular,F,PEN,1981-04-19,2021-01-28,2027-01-28,0.1,22.0,445.0
c-6701003236298,producto02,Vida grupo particular,F,PEN,1970-11-21,2021-01-28,2026-01-28,0.1,33.0,1050.0
c-6701003236308,producto02,Vida grupo particular,F,PEN,1977-10-25,2021-01-28,2027-01-28,0.1,44.0,635.0
c-6701003236367,producto02,Vida grupo particular,F,PEN,1973-08-03,2021-01-28,2026-01-28,0.1,52.0,1550.0
c-6701003236368,producto02,Vida grupo particular,F,PEN,1984-12-08,2021-01-28,2026-01-28,0.1,14.0,500.0
c-6701003236378,producto02,Vida grupo particular,F,PEN,1975-01-15,2021-01-28,2025-01-28,0.1,360.0,4285.0
c-6701003236380,producto02,Vida grupo particular,F,PEN,1964-04-05,2021-01-28,2027-01-28,0.1,22.0,980.0
c-6701003236384,producto02,Vida grupo particular,F,PEN,1981-07-16,2021-01-28,2025-01-28,0.1,62.0,700.0
c-6701003236391,producto02,Vida grupo particular,F,PEN,1961-02-16,2021-01-28,2027-02-28,0.1,47.0,644.9000000000001
c-6701003236405,producto02,Vida grupo particular,F,PEN,1989-07-29,2021-01-28,2027-01-28,0.1,24.0,1340.0
c-6701003236413,producto02,Vida grupo particular,F,PEN,1981-03-02,2021-01-28,2025-01-28,0.1,51.0,700.0
c-6701003236443,producto02,Vida grupo particular,F,PEN,1985-12-21,2021-01-29,2026-01-29,0.1,7.0,150.0
c-6701003236448,producto02,Vida grupo particular,F,PEN,1945-10-11,2021-01-29,2027-01-29,0.1,7.0,950.0
c-6701003236449,producto02,Vida grupo particular,F,PEN,1957-03-24,2021-01-29,2027-02-28,0.1,25.0,815.0
c-6701003236462,producto02,Vida grupo particular,F,PEN,1958-01-12,2021-01-29,2025-01-29,0.1,54.0,1900.0
c-6701003236469,producto02,Vida grupo particular,F,PEN,1990-04-20,2021-01-29,2026-01-29,0.1,37.0,500.0
c-6701003236473,producto02,Vida grupo particular,F,PEN,1961-06-24,2021-01-29,2027-01-29,0.1,82.0,1545.0
c-6701003236478,producto02,Vida grupo particular,F,PEN,1993-03-06,2021-01-29,2025-01-29,0.1,36.0,500.0
c-6701003236500,producto02,Vida grupo particular,F,PEN,1959-06-08,2021-01-29,2025-01-29,0.1,103.0,1790.0
c-6701003236502,producto02,Vida grupo particular,F,PEN,1947-09-26,2021-01-29,2027-01-29,0.1,5.0,300.1
c-6701003236506,producto02,Vida grupo particular,F,PEN,1985-08-27,2021-01-29,2025-01-29,0.1,76.0,1050.0
c-6701003236507,producto02,Vida grupo particular,F,PEN,1973-12-15,2021-01-29,2027-01-29,0.1,40.0,515.0
c-6701003236515,producto02,Vida grupo particular,F,PEN,1972-03-01,2021-01-29,2027-01-29,0.1,66.0,975.0
c-6701003236536,producto02,Vida grupo particular,F,PEN,1943-03-08,2021-01-29,2027-01-29,0.1,10.0,1420.0
c-6701003236538,producto02,Vida grupo particular,F,PEN,1961-02-18,2021-01-29,2027-01-29,0.1,5.0,123.0
c-6701003236540,producto02,Vida grupo particular,F,PEN,1958-03-24,2021-01-29,2027-02-28,0.1,115.0,1900.0
c-6701003236569,producto02,Vida grupo particular,F,PEN,1956-06-22,2021-01-29,2027-01-29,0.1,65.0,1200.0
c-6701003236571,producto02,Vida grupo particular,F,PEN,1969-11-29,2021-01-29,2025-02-28,0.1,59.0,700.0
c-6701003236604,producto02,Vida grupo particular,F,PEN,1951-10-31,2021-01-29,2027-01-29,0.1,53.0,900.1
c-6701003236608,producto02,Vida grupo particular,F,PEN,1961-10-08,2021-01-29,2027-01-29,0.1,81.0,1600.0
c-6701003236628,producto02,Vida grupo particular,F,PEN,1985-03-15,2021-01-29,2026-01-29,0.1,16.0,405.0
c-6701003236634,producto02,Vida grupo particular,F,PEN,1961-12-23,2021-01-29,2027-01-29,0.1,64.0,850.0
c-6701003236635,producto02,Vida grupo particular,F,PEN,1952-12-07,2021-01-29,2027-01-29,0.1,13.0,1115.0
c-6701003236656,producto02,Vida grupo particular,F,PEN,1966-08-26,2021-01-29,2025-01-29,0.1,19.0,300.0
c-6701003236659,producto02,Vida grupo particular,F,PEN,1985-04-03,2021-01-29,2027-01-29,0.1,58.0,1135.0
c-6701003236694,producto02,Vida grupo particular,F,PEN,1978-05-22,2021-01-29,2027-01-29,0.1,44.0,1350.0
c-6701003236704,producto02,Vida grupo particular,F,PEN,1979-06-09,2021-01-29,2027-01-29,0.1,92.0,1050.0
c-6701003236708,producto02,Vida grupo particular,F,PEN,1985-11-15,2021-01-29,2026-01-29,0.1,15.0,1050.0
c-6701003236722,producto02,Vida grupo particular,F,PEN,1980-10-24,2021-01-29,2026-01-29,0.1,156.0,1900.0
c-6701003236725,producto02,Vida grupo particular,F,PEN,1946-04-01,2021-01-29,2026-01-29,0.1,33.0,400.0
c-6701003236733,producto02,Vida grupo particular,F,PEN,1961-05-14,2021-01-29,2027-01-29,0.1,21.0,700.0
c-6701003236742,producto02,Vida grupo particular,F,PEN,1957-05-02,2021-01-29,2027-01-29,0.1,26.0,300.0
c-6701003236757,producto02,Vida grupo particular,F,PEN,1940-06-21,2021-01-29,2025-01-29,0.1,224.0,2880.0
c-6701003236760,producto02,Vida grupo particular,F,PEN,1959-08-30,2021-01-29,2027-01-29,0.1,84.0,1500.0
c-6701003236787,producto02,Vida grupo particular,F,PEN,1982-10-04,2021-01-29,2026-01-29,0.1,61.0,900.0
c-6701003236794,producto02,Vida grupo particular,F,PEN,1950-11-09,2021-01-29,2025-01-29,0.1,66.0,1100.0
c-6701003236829,producto02,Vida grupo particular,F,PEN,1968-02-01,2021-01-29,2025-01-29,0.1,246.0,2800.0
c-6701003236833,producto02,Vida grupo particular,F,PEN,1953-12-19,2021-01-29,2027-01-29,0.1,59.0,1390.0
c-6701003236834,producto02,Vida grupo particular,F,PEN,1991-06-17,2021-01-29,2025-01-29,0.1,46.0,1050.0
c-6701003236838,producto02,Vida grupo particular,F,PEN,1964-03-26,2021-01-29,2025-01-29,0.1,22.0,600.0
c-6701003236842,producto02,Vida grupo particular,F,PEN,1977-12-31,2021-01-29,2025-01-29,0.1,1.0,1050.0
c-6701003236846,producto02,Vida grupo particular,F,PEN,1983-03-02,2021-01-29,2025-02-28,0.1,27.0,600.0
c-6701003236858,producto02,Vida grupo particular,F,PEN,1955-03-14,2021-01-29,2027-01-29,0.1,29.0,2200.0
c-6701003236871,producto02,Vida grupo particular,F,PEN,1978-03-10,2021-01-29,2027-01-29,0.1,56.0,715.0
c-6701003236901,producto02,Vida grupo particular,F,PEN,1940-12-22,2021-01-29,2027-01-29,0.1,88.0,1920.0
c-6701003236917,producto02,Vida grupo particular,F,PEN,1952-09-06,2021-01-29,2027-01-29,0.1,24.0,1300.0
c-6701003236928,producto02,Vida grupo particular,F,PEN,1968-06-02,2021-01-29,2027-01-29,0.1,18.0,1000.0
c-6701003236929,producto02,Vida grupo particular,F,PEN,1987-06-16,2021-01-29,2025-01-29,0.1,17.0,300.0
c-6701003236941,producto02,Vida grupo particular,F,PEN,1989-01-01,2021-01-29,2026-01-29,0.1,19.0,300.0
c-6701003236978,producto02,Vida grupo particular,F,PEN,1981-03-10,2021-01-29,2025-01-29,0.1,50.0,950.0
c-6701003236983,producto02,Vida grupo particular,F,PEN,1947-06-24,2021-01-29,2027-01-29,0.1,32.0,999.8
c-6701003236986,producto02,Vida grupo particular,F,PEN,1945-12-01,2021-01-29,2027-01-29,0.1,50.0,2650.0
c-6701003237006,producto02,Vida grupo particular,F,PEN,1947-10-03,2021-01-29,2026-01-29,0.1,77.0,1595.0
c-6701003237010,producto02,Vida grupo particular,F,PEN,1950-07-01,2021-01-29,2025-01-29,0.1,75.0,1900.0
c-6701003237024,producto02,Vida grupo particular,F,PEN,1957-08-09,2021-01-29,2027-01-29,0.1,125.0,1415.0
c-6701003237028,producto02,Vida grupo particular,F,PEN,1972-07-15,2021-01-29,2027-01-29,0.1,43.0,640.0
c-6701003237040,producto02,Vida grupo particular,F,PEN,1962-11-29,2021-01-29,2027-01-29,0.1,22.0,2820.0
c-6701003237051,producto02,Vida grupo particular,F,PEN,1953-04-02,2021-01-29,2027-01-29,0.1,4.0,2365.0
c-6701003237066,producto02,Vida grupo particular,F,PEN,1968-04-03,2021-01-29,2026-01-29,0.1,117.0,1350.0
c-6701003237089,producto02,Vida grupo particular,F,PEN,1992-01-05,2021-01-29,2027-01-29,0.1,13.0,335.0
c-6701003237091,producto02,Vida grupo particular,F,PEN,1956-02-22,2021-01-29,2026-01-29,0.1,29.0,750.0
c-6701003237094,producto02,Vida grupo particular,F,PEN,1974-03-10,2021-01-29,2025-01-29,0.1,52.0,900.0
c-6701003237116,producto02,Vida grupo particular,F,PEN,1976-05-06,2021-01-29,2026-01-29,0.1,8.0,900.0
c-6701003237125,producto02,Vida grupo particular,F,PEN,1968-03-21,2021-01-29,2027-01-29,0.1,32.0,1625.0
c-6701003237126,producto02,Vida grupo particular,F,PEN,1969-03-28,2021-01-29,2027-01-29,0.1,57.0,800.0
c-6701003237147,producto02,Vida grupo particular,F,PEN,1975-09-27,2021-01-29,2025-01-29,0.1,20.0,400.0
c-6701003237150,producto02,Vida grupo particular,F,PEN,1943-08-23,2021-01-30,2027-01-30,0.1,80.0,1005.0
c-6701003237158,producto02,Vida grupo particular,F,PEN,1983-05-14,2021-01-30,2027-01-30,0.1,53.0,990.0
c-6701003237161,producto02,Vida grupo particular,F,PEN,1956-11-14,2021-01-30,2027-01-30,0.1,7.0,900.1
c-6701003237177,producto02,Vida grupo particular,F,PEN,1970-03-06,2021-01-30,2026-01-30,0.1,61.0,715.0
c-6701003237181,producto02,Vida grupo particular,F,PEN,1960-12-10,2021-01-30,2025-01-30,0.1,20.0,1050.0
c-6701003237193,producto02,Vida grupo particular,F,PEN,1986-04-06,2021-01-30,2025-01-30,0.1,29.0,700.0
c-6701003237203,producto02,Vida grupo particular,F,PEN,1982-08-16,2021-01-30,2025-01-30,0.1,51.0,700.0
c-6701003237207,producto02,Vida grupo particular,F,PEN,1967-11-16,2021-01-30,2025-01-30,0.1,32.0,700.0
c-6701003237210,producto02,Vida grupo particular,F,PEN,1967-11-22,2021-01-30,2025-01-30,0.1,51.0,1800.0
c-6701003237213,producto02,Vida grupo particular,F,PEN,1962-05-01,2021-01-30,2025-01-30,0.1,97.0,1500.0
c-6701003237215,producto02,Vida grupo particular,F,PEN,1959-12-19,2021-01-30,2027-02-28,0.1,159.0,1800.0
c-6701003237232,producto02,Vida grupo particular,F,PEN,1975-09-12,2021-01-30,2027-01-30,0.1,114.0,1300.0
c-6701003237259,producto02,Vida grupo particular,F,PEN,1970-01-24,2021-01-30,2027-01-30,0.1,46.0,1400.0
c-6701003237260,producto02,Vida grupo particular,F,PEN,1959-09-23,2021-01-30,2027-01-30,0.1,41.0,1200.0
c-6701003237273,producto02,Vida grupo particular,F,PEN,1978-03-31,2021-01-30,2026-01-30,0.1,58.0,1050.0
c-6701003237322,producto02,Vida grupo particular,F,PEN,1961-11-25,2021-01-30,2027-01-30,0.1,62.0,810.0
c-6701003237326,producto02,Vida grupo particular,F,PEN,1954-06-14,2021-01-30,2027-01-30,0.1,71.0,955.0
c-6701003237344,producto02,Vida grupo particular,F,PEN,1958-05-02,2021-01-30,2027-01-30,0.1,63.0,1500.1
c-6701003237345,producto02,Vida grupo particular,F,PEN,1992-01-09,2021-01-30,2027-01-30,0.1,16.0,850.0
c-6701003237353,producto02,Vida grupo particular,F,PEN,1942-01-06,2021-01-30,2027-02-28,0.1,5.0,1755.0
c-6701003237368,producto02,Vida grupo particular,F,PEN,1983-10-04,2021-01-30,2027-01-30,0.1,9.0,500.1
c-6701003237386,producto02,Vida grupo particular,F,PEN,1965-01-22,2021-01-30,2027-02-28,0.1,43.0,825.0
c-6701003237396,producto02,Vida grupo particular,F,PEN,1968-01-16,2021-01-30,2027-01-30,0.1,67.0,850.0
c-6701003237401,producto02,Vida grupo particular,F,PEN,1959-10-07,2021-01-30,2027-01-30,0.1,53.0,680.0
c-6701003237405,producto02,Vida grupo particular,F,PEN,1954-09-08,2021-01-30,2025-01-30,0.1,48.0,2700.0
c-6701003237434,producto02,Vida grupo particular,F,PEN,1968-03-23,2021-01-30,2027-01-30,0.1,47.0,2000.0
c-6701003237435,producto02,Vida grupo particular,F,PEN,1961-01-02,2021-01-30,2027-01-30,0.1,19.0,945.0
c-6701003237519,producto02,Vida grupo particular,F,PEN,1947-04-26,2021-01-30,2027-01-30,0.1,80.0,950.0
c-6701003237524,producto02,Vida grupo particular,F,PEN,1968-10-12,2021-01-30,2026-01-30,0.1,44.0,1000.0
c-6701003237526,producto02,Vida grupo particular,F,PEN,1989-01-21,2021-01-30,2027-01-30,0.1,62.0,725.0
c-6701003237550,producto02,Vida grupo particular,F,PEN,1945-04-07,2021-01-30,2027-01-30,0.1,39.0,1060.0
c-6701003237590,producto02,Vida grupo particular,F,PEN,1967-10-04,2021-01-30,2027-01-30,0.1,103.0,1785.0
c-6701003237592,producto02,Vida grupo particular,F,PEN,1976-02-26,2021-01-30,2026-01-30,0.1,5.0,750.0
c-6701003237597,producto02,Vida grupo particular,F,PEN,1967-11-06,2021-01-30,2027-01-30,0.1,65.0,1325.0
c-6701003237598,producto02,Vida grupo particular,F,PEN,1974-06-07,2021-01-30,2026-12-30,0.1,20.0,375.0
c-6701003237606,producto02,Vida grupo particular,F,PEN,1946-03-04,2021-01-30,2026-01-30,0.1,91.0,2715.0
c-6701003237610,producto02,Vida grupo particular,F,PEN,1967-07-14,2021-01-30,2027-01-30,0.1,3.0,200.0
c-6701003237673,producto02,Vida grupo particular,F,PEN,1977-08-29,2021-01-30,2027-01-30,0.1,141.0,2435.0
c-6701003237678,producto02,Vida grupo particular,F,PEN,1989-11-22,2021-01-30,2027-01-30,0.1,12.0,610.0
c-6701003237682,producto02,Vida grupo particular,F,PEN,1973-09-17,2021-01-30,2027-01-30,0.1,101.0,1430.0
c-6701003237686,producto02,Vida grupo particular,F,PEN,1960-09-23,2021-01-30,2027-01-30,0.1,91.0,1600.0
c-6701003237700,producto02,Vida grupo particular,F,PEN,1990-08-20,2021-01-30,2026-01-30,0.1,18.0,315.0
c-6701003237709,producto02,Vida grupo particular,F,PEN,1962-07-14,2021-02-01,2027-02-01,0.1,33.0,2000.0
c-6701003237743,producto02,Vida grupo particular,F,PEN,1967-05-20,2021-02-01,2027-02-01,0.1,18.0,300.1
c-6701003237775,producto02,Vida grupo particular,F,PEN,1959-02-20,2021-02-01,2025-02-01,0.1,98.0,1200.0
c-6701003237827,producto02,Vida grupo particular,F,PEN,1948-02-01,2021-02-01,2025-02-01,0.1,24.0,500.1
c-6701003237831,producto02,Vida grupo particular,F,PEN,1943-08-07,2021-02-01,2025-02-01,0.1,37.0,1440.0
c-6701003237877,producto02,Vida grupo particular,F,PEN,1983-07-24,2021-02-01,2027-02-01,0.1,8.0,340.0
c-6701003237922,producto02,Vida grupo particular,F,PEN,1974-03-20,2021-02-01,2026-02-01,0.1,32.0,1840.0
c-6701003237931,producto02,Vida grupo particular,F,PEN,1970-12-28,2021-02-01,2027-02-01,0.1,45.0,2400.0
c-6701003237933,producto02,Vida grupo particular,F,PEN,1940-07-25,2021-02-01,2025-04-01,0.1,53.0,1200.0
c-6701003237946,producto02,Vida grupo particular,F,PEN,1944-08-02,2021-02-01,2025-02-01,0.1,82.0,1650.0
c-6701003237986,producto02,Vida grupo particular,F,PEN,1940-08-20,2021-02-01,2025-02-01,0.1,9.0,1195.0
c-6701003237995,producto02,Vida grupo particular,F,PEN,1961-06-22,2021-02-01,2027-02-01,0.1,42.0,730.0
c-6701003238013,producto02,Vida grupo particular,F,PEN,1986-04-16,2021-02-01,2027-02-01,0.1,13.0,600.0
c-6701003238022,producto02,Vida grupo particular,F,PEN,1983-12-13,2021-02-01,2025-02-01,0.1,48.0,535.0
c-6701003238032,producto02,Vida grupo particular,F,PEN,1955-12-19,2021-02-01,2025-02-01,0.1,39.0,500.0
c-6701003238047,producto02,Vida grupo particular,F,PEN,1945-08-30,2021-02-01,2027-02-01,0.1,1.0,500.1
c-6701003238068,producto02,Vida grupo particular,F,PEN,1959-05-23,2021-02-01,2025-02-01,0.1,18.0,700.0
c-6701003238074,producto02,Vida grupo particular,F,PEN,1965-07-11,2021-02-01,2027-02-01,0.1,140.0,1600.0
c-6701003238076,producto02,Vida grupo particular,F,PEN,1957-03-06,2021-02-01,2027-02-01,0.1,41.0,780.0
c-6701003238100,producto02,Vida grupo particular,F,PEN,1962-12-26,2021-02-01,2027-02-01,0.1,5.0,300.1
c-6701003238144,producto02,Vida grupo particular,F,PEN,1963-07-24,2021-02-02,2025-02-02,0.1,19.0,500.0
c-6701003238160,producto02,Vida grupo particular,F,PEN,1949-05-24,2021-02-02,2027-02-02,0.1,4.0,2600.0
c-6701003238171,producto02,Vida grupo particular,F,PEN,1952-11-17,2021-02-02,2027-02-02,0.1,63.0,1200.0
c-6701003238189,producto02,Vida grupo particular,F,PEN,1952-10-28,2021-02-02,2025-02-02,0.1,91.0,1090.0
c-6701003238205,producto02,Vida grupo particular,F,PEN,1969-10-01,2021-02-02,2025-02-02,0.1,17.0,1050.0
c-6701003238210,producto02,Vida grupo particular,F,PEN,1940-08-19,2021-02-02,2027-02-02,0.1,79.0,1195.0
c-6701003238225,producto02,Vida grupo particular,F,PEN,1945-11-25,2021-02-02,2026-02-02,0.1,2.0,150.0
c-6701003238227,producto02,Vida grupo particular,F,PEN,1971-04-09,2021-02-02,2026-02-02,0.1,37.0,1200.0
c-6701003238229,producto02,Vida grupo particular,F,PEN,1971-01-23,2021-02-02,2026-02-02,0.1,4.0,590.0
c-6701003238239,producto02,Vida grupo particular,F,PEN,1982-07-27,2021-02-02,2027-02-02,0.1,14.0,305.0
c-6701003238254,producto02,Vida grupo particular,F,PEN,1967-08-25,2021-02-02,2027-02-02,0.1,11.0,1300.0
c-6701003238256,producto02,Vida grupo particular,F,PEN,1977-04-20,2021-02-02,2026-02-02,0.1,51.0,950.0
c-6701003238259,producto02,Vida grupo particular,F,PEN,1983-03-08,2021-02-02,2025-02-02,0.1,26.0,635.0
c-6701003238273,producto02,Vida grupo particular,F,PEN,1971-12-22,2021-02-02,2027-01-02,0.1,85.0,1050.0
c-6701003238288,producto02,Vida grupo particular,F,PEN,1955-05-30,2021-02-02,2027-02-02,0.1,20.0,330.0
c-6701003238297,producto02,Vida grupo particular,F,PEN,1973-04-24,2021-02-02,2027-02-02,0.1,62.0,1050.0
c-6701003238298,producto02,Vida grupo particular,F,PEN,1962-07-17,2021-02-02,2027-02-02,0.1,39.0,622.6
c-6701003238317,producto02,Vida grupo particular,F,PEN,1983-07-12,2021-02-02,2025-02-02,0.1,22.0,400.0
c-6701003238381,producto02,Vida grupo particular,F,PEN,1943-05-08,2021-02-02,2027-02-02,0.1,18.0,1900.0
c-6701003238382,producto02,Vida grupo particular,F,PEN,1975-06-14,2021-02-02,2027-02-02,0.1,20.0,850.0
c-6701003238383,producto02,Vida grupo particular,F,PEN,1960-05-30,2021-02-02,2025-02-02,0.1,61.0,1050.0
c-6701003238396,producto02,Vida grupo particular,F,PEN,1960-07-07,2021-02-02,2025-02-02,0.1,30.0,400.0
c-6701003238398,producto02,Vida grupo particular,F,PEN,1960-07-15,2021-02-02,2027-02-02,0.1,15.0,715.0
c-6701003238416,producto02,Vida grupo particular,F,PEN,1965-04-23,2021-02-02,2027-02-02,0.1,6.0,425.0
c-6701003238420,producto02,Vida grupo particular,F,PEN,1971-06-29,2021-02-02,2027-02-02,0.1,63.0,995.0
c-6701003238424,producto02,Vida grupo particular,F,PEN,1983-01-16,2021-02-02,2027-02-02,0.1,3.0,460.0
c-6701003238428,producto02,Vida grupo particular,F,PEN,1974-12-18,2021-02-02,2027-03-02,0.1,34.0,1335.0
c-6701003238434,producto02,Vida grupo particular,F,PEN,1982-05-18,2021-02-02,2025-02-02,0.1,196.0,2465.0
c-6701003238477,producto02,Vida grupo particular,F,PEN,1968-11-15,2021-02-02,2027-02-02,0.1,1.0,1000.0
c-6701003238484,producto02,Vida grupo particular,F,PEN,1968-04-17,2021-02-02,2027-02-02,0.1,10.0,450.0
c-6701003238489,producto02,Vida grupo particular,F,PEN,1983-10-12,2021-02-02,2025-02-02,0.1,81.0,950.0
c-6701003238492,producto02,Vida grupo particular,F,PEN,1955-07-05,2021-02-02,2025-02-02,0.1,52.0,2865.0
c-6701003238506,producto02,Vida grupo particular,F,PEN,1969-09-04,2021-02-02,2025-02-02,0.1,144.0,1750.0
c-6701003238508,producto02,Vida grupo particular,F,PEN,1972-11-06,2021-02-02,2025-10-02,0.1,35.0,1050.0
c-6701003238509,producto02,Vida grupo particular,F,PEN,1961-01-23,2021-02-02,2027-02-02,0.1,15.0,1350.0
c-6701003238516,producto02,Vida grupo particular,F,PEN,1961-04-02,2021-02-02,2027-02-02,0.1,145.0,2620.0
c-6701003238535,producto02,Vida grupo particular,F,PEN,1978-02-28,2021-02-02,2027-02-02,0.1,11.0,820.0
c-6701003238538,producto02,Vida grupo particular,F,PEN,1952-07-28,2021-02-02,2027-02-02,0.1,25.0,580.0
c-6701003238545,producto02,Vida grupo particular,F,PEN,1963-04-02,2021-02-02,2027-02-02,0.1,26.0,1500.0
c-6701003238549,producto02,Vida grupo particular,F,PEN,1981-02-11,2021-02-02,2027-02-02,0.1,85.0,1000.0
c-6701003238590,producto02,Vida grupo particular,F,PEN,1980-05-24,2021-02-03,2027-01-03,0.1,106.0,1200.0
c-6701003238591,producto02,Vida grupo particular,F,PEN,1990-08-06,2021-02-03,2027-02-03,0.1,7.0,1050.0
c-6701003238594,producto02,Vida grupo particular,F,PEN,1967-03-26,2021-02-03,2027-02-03,0.1,81.0,1300.0
c-6701003238624,producto02,Vida grupo particular,F,PEN,1985-09-01,2021-02-03,2025-02-03,0.1,88.0,1050.0
c-6701003238635,producto02,Vida grupo particular,F,PEN,1975-06-20,2021-02-03,2025-02-03,0.1,27.0,850.0
c-6701003238646,producto02,Vida grupo particular,F,PEN,1940-09-11,2021-02-03,2025-02-03,0.1,9.0,2310.0
c-6701003238663,producto02,Vida grupo particular,F,PEN,1968-10-09,2021-02-03,2026-02-03,0.1,15.0,775.0
c-6701003238664,producto02,Vida grupo particular,F,PEN,1968-04-10,2021-02-03,2027-02-03,0.1,44.0,750.0
c-6701003238692,producto02,Vida grupo particular,F,PEN,1967-08-23,2021-02-03,2027-02-03,0.1,30.0,600.0
c-6701003238712,producto02,Vida grupo particular,F,PEN,1944-12-28,2021-02-03,2025-02-03,0.1,4.0,1800.0
c-6701003238731,producto02,Vida grupo particular,F,PEN,1976-04-25,2021-02-03,2027-02-03,0.1,45.0,570.0
c-6701003238747,producto02,Vida grupo particular,F,PEN,1957-12-18,2021-02-03,2027-02-03,0.1,43.0,780.0
c-6701003238752,producto02,Vida grupo particular,F,PEN,1981-04-28,2021-02-03,2026-02-03,0.1,38.0,800.0
c-6701003238780,producto02,Vida grupo particular,F,PEN,1967-12-08,2021-02-03,2027-02-03,0.1,40.0,625.0
c-6701003238787,producto02,Vida grupo particular,F,PEN,1982-01-31,2021-02-03,2027-02-03,0.1,35.0,785.0
c-6701003238800,producto02,Vida grupo particular,F,PEN,1969-03-09,2021-02-03,2025-02-03,0.1,89.0,1650.0
c-6701003238829,producto02,Vida grupo particular,F,PEN,1951-07-01,2021-02-03,2027-02-03,0.1,72.0,1120.0
c-6701003238842,producto02,Vida grupo particular,F,PEN,1978-03-15,2021-02-03,2027-02-03,0.1,86.0,1330.0
c-6701003238847,producto02,Vida grupo particular,F,PEN,1974-07-18,2021-02-03,2027-02-03,0.1,35.0,1095.0
c-6701003238855,producto02,Vida grupo particular,F,PEN,1985-09-17,2021-02-03,2025-02-03,0.1,2.0,1200.0
c-6701003238873,producto02,Vida grupo particular,F,PEN,1964-01-16,2021-02-03,2027-02-03,0.1,6.0,454.0
c-6701003238886,producto02,Vida grupo particular,F,PEN,1990-05-10,2021-02-03,2027-03-03,0.1,118.0,1440.0
c-6701003238902,producto02,Vida grupo particular,F,PEN,1974-06-02,2021-02-03,2027-02-03,0.1,15.0,485.0
c-6701003238903,producto02,Vida grupo particular,F,PEN,1961-02-07,2021-02-03,2027-02-03,0.1,47.0,1760.0
c-6701003238909,producto02,Vida grupo particular,F,PEN,1979-03-17,2021-02-03,2027-02-03,0.1,34.0,400.0
c-6701003238920,producto02,Vida grupo particular,F,PEN,1952-07-22,2021-02-03,2027-02-03,0.1,52.0,850.0
c-6701003238921,producto02,Vida grupo particular,F,PEN,1973-12-12,2021-02-03,2027-02-03,0.1,9.0,730.0
c-6701003238938,producto02,Vida grupo particular,F,PEN,1959-12-14,2021-02-03,2027-02-03,0.1,73.0,1435.0
c-6701003238988,producto02,Vida grupo particular,F,PEN,1940-02-07,2021-02-04,2026-02-04,0.1,63.0,1350.0
c-6701003239000,producto02,Vida grupo particular,F,PEN,1954-03-26,2021-02-04,2025-02-04,0.1,15.0,400.0
c-6701003239011,producto02,Vida grupo particular,F,PEN,1981-07-19,2021-02-04,2027-02-04,0.1,27.0,1300.0
c-6701003239021,producto02,Vida grupo particular,F,PEN,1960-10-26,2021-02-04,2027-02-04,0.1,68.0,1700.0
c-6701003239022,producto02,Vida grupo particular,F,PEN,1980-10-15,2021-02-04,2026-02-04,0.1,9.0,400.0
c-6701003239039,producto02,Vida grupo particular,F,PEN,1986-12-22,2021-02-04,2027-02-04,0.1,137.0,1740.0
c-6701003239041,producto02,Vida grupo particular,F,PEN,1958-09-06,2021-02-04,2027-02-04,0.1,7.0,360.0
c-6701003239069,producto02,Vida grupo particular,F,PEN,1973-04-19,2021-02-04,2026-02-04,0.1,2.0,575.0
c-6701003239075,producto02,Vida grupo particular,F,PEN,1985-07-23,2021-02-04,2027-03-04,0.1,14.0,365.0
c-6701003239087,producto02,Vida grupo particular,F,PEN,1984-01-04,2021-02-04,2026-02-04,0.1,20.0,700.0
c-6701003239096,producto02,Vida grupo particular,F,PEN,1944-05-12,2021-02-04,2025-02-04,0.1,36.0,1110.0
c-6701003239109,producto02,Vida grupo particular,F,PEN,1960-07-11,2021-02-04,2027-02-04,0.1,51.0,1200.0
c-6701003239110,producto02,Vida grupo particular,F,PEN,1981-05-20,2021-02-04,2025-03-04,0.1,48.0,655.0
c-6701003239143,producto02,Vida grupo particular,F,PEN,1983-08-04,2021-02-04,2026-02-04,0.1,8.0,1650.0
c-6701003239151,producto02,Vida grupo particular,F,PEN,1974-12-03,2021-02-04,2027-02-04,0.1,12.0,1050.0
c-6701003239152,producto02,Vida grupo particular,F,PEN,1970-01-07,2021-02-04,2026-02-04,0.1,69.0,950.0
c-6701003239155,producto02,Vida grupo particular,F,PEN,1983-11-19,2021-02-04,2027-02-04,0.1,52.0,950.0
c-6701003239162,producto02,Vida grupo particular,F,PEN,1943-11-12,2021-02-04,2027-02-04,0.1,46.0,715.0
c-6701003239166,producto02,Vida grupo particular,F,PEN,1976-01-09,2021-02-04,2027-02-04,0.1,118.0,1830.0
c-6701003239173,producto02,Vida grupo particular,F,PEN,1965-04-04,2021-02-04,2025-02-04,0.1,8.0,300.0
c-6701003239194,producto02,Vida grupo particular,F,PEN,1953-04-29,2021-02-04,2027-02-04,0.1,14.0,1270.0
c-6701003239249,producto02,Vida grupo particular,F,PEN,1977-12-27,2021-02-04,2027-02-04,0.1,34.0,490.0
c-6701003239256,producto02,Vida grupo particular,F,PEN,1977-11-03,2021-02-04,2027-03-04,0.1,21.0,1200.0
c-6701003239259,producto02,Vida grupo particular,F,PEN,1976-08-10,2021-02-04,2025-03-04,0.1,76.0,1050.0
c-6701003239287,producto02,Vida grupo particular,F,PEN,1982-02-16,2021-02-04,2027-02-04,0.1,22.0,415.0
c-6701003239301,producto02,Vida grupo particular,F,PEN,1940-10-06,2021-02-04,2027-02-04,0.1,129.0,1444.0
c-6701003239312,producto02,Vida grupo particular,F,PEN,1976-04-04,2021-02-04,2027-02-04,0.1,6.0,650.0
c-6701003239327,producto02,Vida grupo particular,F,PEN,1979-05-29,2021-02-04,2025-02-04,0.1,3.0,1650.0
c-6701003239358,producto02,Vida grupo particular,F,PEN,1983-06-15,2021-02-04,2025-02-04,0.1,5.0,500.0
c-6701003239381,producto02,Vida grupo particular,F,PEN,1977-04-12,2021-02-04,2026-02-04,0.1,5.0,400.0
c-6701003239399,producto02,Vida grupo particular,F,PEN,1972-10-14,2021-02-04,2026-02-04,0.1,1.0,500.0
c-6701003239408,producto02,Vida grupo particular,F,PEN,1980-03-09,2021-02-04,2027-02-04,0.1,74.0,1000.0
c-6701003239463,producto02,Vida grupo particular,F,PEN,1969-04-07,2021-02-05,2027-02-05,0.1,21.0,555.0
c-6701003239477,producto02,Vida grupo particular,F,PEN,1953-05-29,2021-02-05,2027-02-05,0.1,66.0,1200.0
c-6701003239479,producto02,Vida grupo particular,F,PEN,1970-05-06,2021-02-05,2027-02-05,0.1,10.0,700.0
c-6701003239480,producto02,Vida grupo particular,F,PEN,1955-04-27,2021-02-05,2024-10-05,0.1,87.0,2000.0
c-6701003239524,producto02,Vida grupo particular,F,PEN,1979-04-18,2021-02-05,2025-03-05,0.1,51.0,800.0
c-6701003239541,producto02,Vida grupo particular,F,PEN,1960-09-14,2021-02-05,2025-02-05,0.1,28.0,750.0
c-6701003239551,producto02,Vida grupo particular,F,PEN,1977-11-20,2021-02-05,2027-02-05,0.1,34.0,520.0
c-6701003239553,producto02,Vida grupo particular,F,PEN,1977-07-28,2021-02-05,2027-02-05,0.1,44.0,1650.0
c-6701003239567,producto02,Vida grupo particular,F,PEN,1976-09-06,2021-02-05,2025-02-05,0.1,7.0,850.0
c-6701003239569,producto02,Vida grupo particular,F,PEN,1940-11-04,2021-02-05,2027-02-05,0.1,42.0,1200.0
c-6701003239583,producto02,Vida grupo particular,F,PEN,1966-11-03,2021-02-05,2026-02-05,0.1,20.0,1000.0
c-6701003239594,producto02,Vida grupo particular,F,PEN,1959-11-11,2021-02-05,2026-02-05,0.1,52.0,700.0
c-6701003239602,producto02,Vida grupo particular,F,PEN,1945-02-20,2021-02-05,2027-02-05,0.1,80.0,950.0
c-6701003239603,producto02,Vida grupo particular,F,PEN,1973-07-27,2021-02-05,2027-02-05,0.1,25.0,700.0
c-6701003239604,producto02,Vida grupo particular,F,PEN,1971-03-31,2021-02-05,2027-02-05,0.1,66.0,1050.0
c-6701003239609,producto02,Vida grupo particular,F,PEN,1963-11-14,2021-02-05,2027-02-05,0.1,74.0,1220.0
c-6701003239620,producto02,Vida grupo particular,F,PEN,1943-01-21,2021-02-05,2027-02-05,0.1,24.0,300.0
c-6701003239634,producto02,Vida grupo particular,F,PEN,1954-04-10,2021-02-05,2027-02-05,0.1,9.0,150.0
c-6701003239654,producto02,Vida grupo particular,F,PEN,1968-10-30,2021-02-05,2026-02-05,0.1,120.0,2400.0
c-6701003239667,producto02,Vida grupo particular,F,PEN,1952-06-08,2021-02-05,2027-02-05,0.1,69.0,1040.0
c-6701003239668,producto02,Vida grupo particular,F,PEN,1984-04-15,2021-02-05,2025-02-05,0.1,103.0,1265.0
c-6701003239694,producto02,Vida grupo particular,F,PEN,1986-02-28,2021-02-05,2026-03-05,0.1,9.0,1000.0
c-6701003239702,producto02,Vida grupo particular,F,PEN,1950-05-03,2021-02-05,2027-02-05,0.1,3.0,970.0
c-6701003239715,producto02,Vida grupo particular,F,PEN,1983-02-12,2021-02-05,2027-03-05,0.1,2.0,530.0
c-6701003239719,producto02,Vida grupo particular,F,PEN,1990-10-07,2021-02-05,2025-02-05,0.1,52.0,700.0
c-6701003239723,producto02,Vida grupo particular,F,PEN,1980-05-23,2021-02-05,2027-02-05,0.1,2.0,360.0
c-6701003239738,producto02,Vida grupo particular,F,PEN,1973-12-02,2021-02-05,2027-02-05,0.1,17.0,625.0
c-6701003239753,producto02,Vida grupo particular,F,PEN,1974-08-01,2021-02-05,2026-02-05,0.1,8.0,400.0
c-6701003239757,producto02,Vida grupo particular,F,PEN,1979-12-11,2021-02-05,2025-02-05,0.1,80.0,1050.0
c-6701003239787,producto02,Vida grupo particular,F,PEN,1952-12-15,2021-02-05,2025-02-05,0.1,148.0,2800.0
c-6701003239805,producto02,Vida grupo particular,F,PEN,1973-10-13,2021-02-05,2025-02-05,0.1,53.0,700.0
c-6701003239813,producto02,Vida grupo particular,F,PEN,1955-12-31,2021-02-05,2027-02-05,0.1,12.0,1000.0
c-6701003239825,producto02,Vida grupo particular,F,PEN,1946-02-12,2021-02-05,2027-02-05,0.1,35.0,870.0
c-6701003239850,producto02,Vida grupo particular,F,PEN,1975-10-24,2021-02-05,2026-02-05,0.1,25.0,1050.0
c-6701003239858,producto02,Vida grupo particular,F,PEN,1941-01-10,2021-02-05,2027-02-05,0.1,56.0,1390.0
c-6701003239861,producto02,Vida grupo particular,F,PEN,1992-11-25,2021-02-05,2026-02-05,0.1,36.0,600.0
c-6701003239878,producto02,Vida grupo particular,F,PEN,1959-04-16,2021-02-05,2026-02-05,0.1,29.0,390.0
c-6701003239902,producto02,Vida grupo particular,F,PEN,1965-03-22,2021-02-05,2025-03-05,0.1,7.0,100.1
c-6701003239905,producto02,Vida grupo particular,F,PEN,1988-03-20,2021-02-05,2026-02-05,0.1,34.0,500.0
c-6701003239933,producto02,Vida grupo particular,F,PEN,1966-04-09,2021-02-05,2026-02-05,0.1,2.0,250.0
c-6701003239937,producto02,Vida grupo particular,F,PEN,1967-11-24,2021-02-05,2027-02-05,0.1,16.0,1865.0
c-6701003239947,producto02,Vida grupo particular,F,PEN,1962-11-12,2021-02-05,2026-02-05,0.1,38.0,650.0
c-6701003239951,producto02,Vida grupo particular,F,PEN,1968-07-18,2021-02-05,2027-02-05,0.1,60.0,880.0
c-6701003239961,producto02,Vida grupo particular,F,PEN,1977-05-09,2021-02-05,2027-02-05,0.1,45.0,500.0
c-6701003239985,producto02,Vida grupo particular,F,PEN,1947-12-05,2021-02-06,2026-02-06,0.1,19.0,850.0
c-6701003240001,producto02,Vida grupo particular,F,PEN,1981-08-28,2021-02-06,2026-02-06,0.1,12.0,300.0
c-6701003240010,producto02,Vida grupo particular,F,PEN,1959-11-01,2021-02-06,2026-02-06,0.1,46.0,555.0
c-6701003240025,producto02,Vida grupo particular,F,PEN,1965-03-26,2021-02-06,2027-02-06,0.1,92.0,1090.0
c-6701003240028,producto02,Vida grupo particular,F,PEN,1981-06-02,2021-02-06,2027-02-06,0.1,73.0,1095.0
c-6701003240036,producto02,Vida grupo particular,F,PEN,1973-09-16,2021-02-06,2027-02-06,0.1,61.0,710.0
c-6701003240048,producto02,Vida grupo particular,F,PEN,1988-02-14,2021-02-06,2027-02-06,0.1,15.0,750.0
c-6701003240055,producto02,Vida grupo particular,F,PEN,1947-11-13,2021-02-06,2027-02-06,0.1,20.0,1100.0
c-6701003240059,producto02,Vida grupo particular,F,PEN,1987-02-01,2021-02-06,2027-02-06,0.1,24.0,395.0
c-6701003240061,producto02,Vida grupo particular,F,PEN,1983-03-24,2021-02-06,2027-02-06,0.1,49.0,850.0
c-6701003240062,producto02,Vida grupo particular,F,PEN,1957-10-30,2021-02-06,2025-02-06,0.1,81.0,1200.0
c-6701003240067,producto02,Vida grupo particular,F,PEN,1963-07-15,2021-02-06,2026-12-06,0.1,81.0,975.0
c-6701003240071,producto02,Vida grupo particular,F,PEN,1957-12-30,2021-02-06,2027-02-06,0.1,8.0,250.0
c-6701003240087,producto02,Vida grupo particular,F,PEN,1960-04-21,2021-02-06,2027-02-06,0.1,130.0,2000.0
c-6701003240096,producto02,Vida grupo particular,F,PEN,1975-02-16,2021-02-06,2027-02-06,0.1,9.0,1500.0
c-6701003240099,producto02,Vida grupo particular,F,PEN,1995-03-03,2021-02-06,2026-02-06,0.1,31.0,485.0
c-6701003240121,producto02,Vida grupo particular,F,PEN,1976-10-20,2021-02-06,2025-02-06,0.1,30.0,1050.0
c-6701003240133,producto02,Vida grupo particular,F,PEN,1977-01-01,2021-02-06,2026-02-06,0.1,62.0,700.0
c-6701003240138,producto02,Vida grupo particular,F,PEN,1981-10-19,2021-02-06,2026-02-06,0.1,22.0,500.0
c-6701003240147,producto02,Vida grupo particular,F,PEN,1989-03-01,2021-02-06,2027-02-06,0.1,27.0,540.0
c-6701003240148,producto02,Vida grupo particular,F,PEN,1952-01-23,2021-02-06,2027-02-06,0.1,7.0,750.0
c-6701003240160,producto02,Vida grupo particular,F,PEN,1976-05-16,2021-02-06,2027-02-06,0.1,16.0,510.0
c-6701003240174,producto02,Vida grupo particular,F,PEN,1950-07-25,2021-02-06,2027-02-06,0.1,73.0,1205.0
c-6701003240185,producto02,Vida grupo particular,F,PEN,1984-12-15,2021-02-06,2027-02-06,0.1,34.0,500.0
c-6701003240199,producto02,Vida grupo particular,F,PEN,1978-11-09,2021-02-06,2027-02-06,0.1,31.0,1050.0
c-6701003240222,producto02,Vida grupo particular,F,PEN,1956-01-13,2021-02-06,2027-02-06,0.1,19.0,400.0
c-6701003240241,producto02,Vida grupo particular,F,PEN,1972-10-15,2021-02-06,2027-02-06,0.1,59.0,890.0
c-6701003240242,producto02,Vida grupo particular,F,PEN,1945-07-17,2021-02-06,2026-03-06,0.1,18.0,425.0
c-6701003240246,producto02,Vida grupo particular,F,PEN,1986-12-26,2021-02-06,2027-02-06,0.1,80.0,1050.0
c-6701003240274,producto02,Vida grupo particular,F,PEN,1994-06-09,2021-02-06,2025-02-06,0.1,34.0,700.0
c-6701003240316,producto02,Vida grupo particular,F,PEN,1965-07-11,2021-02-06,2027-02-06,0.1,97.0,1200.0
c-6701003240331,producto02,Vida grupo particular,F,PEN,1966-05-26,2021-02-06,2025-02-06,0.1,75.0,850.0
c-6701003240332,producto02,Vida grupo particular,F,PEN,1968-08-13,2021-02-06,2025-02-06,0.1,78.0,2400.0
c-6701003240334,producto02,Vida grupo particular,F,PEN,1965-10-20,2021-02-06,2027-03-06,0.1,19.0,565.0
c-6701003240337,producto02,Vida grupo particular,F,PEN,1989-04-27,2021-02-06,2027-02-06,0.1,43.0,680.0
c-6701003240339,producto02,Vida grupo particular,F,PEN,1973-03-19,2021-02-06,2027-02-06,0.1,22.0,500.0
c-6701003240342,producto02,Vida grupo particular,F,PEN,1971-12-23,2021-02-06,2026-02-06,0.1,7.0,950.0
c-6701003240344,producto02,Vida grupo particular,F,PEN,1985-04-01,2021-02-06,2027-02-06,0.1,32.0,725.0
c-6701003240347,producto02,Vida grupo particular,F,PEN,1975-10-17,2021-02-06,2025-02-06,0.1,21.0,950.0
c-6701003240355,producto02,Vida grupo particular,F,PEN,1985-04-11,2021-02-06,2027-02-06,0.1,7.0,360.0
c-6701003240362,producto02,Vida grupo particular,F,PEN,1974-11-24,2021-02-06,2027-02-06,0.1,32.0,785.0
c-6701003240380,producto02,Vida grupo particular,F,PEN,1957-05-09,2021-02-08,2027-02-08,0.1,26.0,1025.0
c-6701003240396,producto02,Vida grupo particular,F,PEN,1971-07-22,2021-02-08,2027-02-08,0.1,45.0,910.0
c-6701003240411,producto02,Vida grupo particular,F,PEN,1974-10-04,2021-02-08,2027-02-08,0.1,96.0,1755.0
c-6701003240419,producto02,Vida grupo particular,F,PEN,1989-01-22,2021-02-08,2026-02-08,0.1,27.0,500.0
c-6701003240421,producto02,Vida grupo particular,F,PEN,1978-06-26,2021-02-08,2027-02-08,0.1,63.0,1200.0
c-6701003240424,producto02,Vida grupo particular,F,PEN,1990-07-08,2021-02-08,2026-02-08,0.1,1.0,375.0
c-6701003240433,producto02,Vida grupo particular,F,PEN,1962-03-27,2021-02-08,2025-02-08,0.1,68.0,850.0
c-6701003240443,producto02,Vida grupo particular,F,PEN,1982-03-19,2021-02-08,2027-02-08,0.1,69.0,1050.0
c-6701003240446,producto02,Vida grupo particular,F,PEN,1956-12-18,2021-02-08,2027-02-08,0.1,47.0,1145.0
c-6701003240447,producto02,Vida grupo particular,F,PEN,1985-06-12,2021-02-08,2027-03-08,0.1,37.0,760.0
c-6701003240459,producto02,Vida grupo particular,F,PEN,1981-04-24,2021-02-08,2025-03-08,0.1,90.0,1050.0
c-6701003240472,producto02,Vida grupo particular,F,PEN,1983-02-17,2021-02-08,2027-02-08,0.1,70.0,1135.0
c-6701003240496,producto02,Vida grupo particular,F,PEN,1950-08-28,2021-02-08,2027-02-08,0.1,12.0,1070.0
c-6701003240502,producto02,Vida grupo particular,F,PEN,1990-01-20,2021-02-08,2027-02-08,0.1,41.0,655.0
c-6701003240512,producto02,Vida grupo particular,F,PEN,1947-07-05,2021-02-08,2025-02-08,0.1,41.0,1500.0
c-6701003240516,producto02,Vida grupo particular,F,PEN,1957-12-02,2021-02-08,2027-02-08,0.1,47.0,1370.0
c-6701003240521,producto02,Vida grupo particular,F,PEN,1974-05-10,2021-02-08,2026-02-08,0.1,66.0,845.0
c-6701003240553,producto02,Vida grupo particular,F,PEN,1941-10-06,2021-02-08,2027-02-08,0.1,28.0,500.1
c-6701003240554,producto02,Vida grupo particular,F,PEN,1960-03-10,2021-02-08,2027-02-08,0.1,95.0,1265.0
c-6701003240565,producto02,Vida grupo particular,F,PEN,1978-01-02,2021-02-08,2025-02-08,0.1,25.0,500.0
c-6701003240567,producto02,Vida grupo particular,F,PEN,1965-01-01,2021-02-08,2027-02-08,0.1,186.0,2800.0
c-6701003240571,producto02,Vida grupo particular,F,PEN,1974-09-30,2021-02-08,2026-02-08,0.1,64.0,895.0
c-6701003240587,producto02,Vida grupo particular,F,PEN,1977-05-06,2021-02-08,2025-02-08,0.1,80.0,1200.0
c-6701003240631,producto02,Vida grupo particular,F,PEN,1990-10-01,2021-02-08,2026-02-08,0.1,36.0,400.0
c-6701003240659,producto02,Vida grupo particular,F,PEN,1978-06-19,2021-02-08,2027-02-08,0.1,14.0,1565.0
c-6701003240663,producto02,Vida grupo particular,F,PEN,1994-03-08,2021-02-08,2025-02-08,0.1,14.0,640.0
c-6701003240687,producto02,Vida grupo particular,F,PEN,1985-10-25,2021-02-08,2027-02-08,0.1,12.0,1050.0
c-6701003240695,producto02,Vida grupo particular,F,PEN,1975-02-21,2021-02-08,2027-02-08,0.1,62.0,1200.0
c-6701003240704,producto02,Vida grupo particular,F,PEN,1962-07-24,2021-02-08,2027-02-08,0.1,29.0,700.0
c-6701003240707,producto02,Vida grupo particular,F,PEN,1972-08-10,2021-02-08,2025-02-08,0.1,24.0,500.1
c-6701003240708,producto02,Vida grupo particular,F,PEN,1982-05-30,2021-02-08,2025-02-08,0.1,5.0,400.0
c-6701003240719,producto02,Vida grupo particular,F,PEN,1973-10-13,2021-02-08,2025-03-08,0.1,53.0,1000.0
c-6701003240731,producto02,Vida grupo particular,F,PEN,1957-12-09,2021-02-08,2027-02-08,0.1,23.0,1600.0
c-6701003240749,producto02,Vida grupo particular,F,PEN,1989-04-20,2021-02-08,2026-02-08,0.1,27.0,400.0
c-6701003240765,producto02,Vida grupo particular,F,PEN,1966-04-27,2021-02-08,2026-02-08,0.1,33.0,755.0
c-6701003240766,producto02,Vida grupo particular,F,PEN,1953-04-03,2021-02-08,2027-02-08,0.1,27.0,360.0
c-6701003240805,producto02,Vida grupo particular,F,PEN,1960-10-15,2021-02-08,2027-02-08,0.1,4.0,945.0
c-6701003240808,producto02,Vida grupo particular,F,PEN,1972-08-31,2021-02-08,2027-02-08,0.1,91.0,1029.8
c-6701003240824,producto02,Vida grupo particular,F,PEN,1991-10-04,2021-02-08,2025-02-08,0.1,7.0,350.0
c-6701003240854,producto02,Vida grupo particular,F,PEN,1958-02-05,2021-02-08,2027-02-08,0.1,14.0,1370.0
c-6701003240858,producto02,Vida grupo particular,F,PEN,1977-08-09,2021-02-08,2026-02-08,0.1,50.0,850.0
c-6701003240865,producto02,Vida grupo particular,F,PEN,1993-11-12,2021-02-08,2026-02-08,0.1,7.0,315.0
c-6701003240891,producto02,Vida grupo particular,F,PEN,1965-08-23,2021-02-08,2027-02-08,0.1,37.0,1500.1
c-6701003240893,producto02,Vida grupo particular,F,PEN,1973-04-23,2021-02-08,2025-02-08,0.1,15.0,400.0
c-6701003240897,producto02,Vida grupo particular,F,PEN,1951-12-20,2021-02-08,2025-02-08,0.1,19.0,300.0
c-6701003240910,producto02,Vida grupo particular,F,PEN,1975-03-27,2021-02-08,2025-02-08,0.1,5.0,600.0
c-6701003240928,producto02,Vida grupo particular,F,PEN,1971-03-18,2021-02-08,2027-02-08,0.1,21.0,1625.0
c-6701003240957,producto02,Vida grupo particular,F,PEN,1956-01-07,2021-02-08,2026-02-08,0.1,56.0,700.0
c-6701003240966,producto02,Vida grupo particular,F,PEN,1993-08-11,2021-02-08,2027-02-08,0.1,46.0,849.5
c-6701003240976,producto02,Vida grupo particular,F,PEN,1983-08-30,2021-02-08,2026-02-08,0.1,14.0,800.0
c-6701003240987,producto02,Vida grupo particular,F,PEN,1960-03-10,2021-02-08,2027-02-08,0.1,93.0,1199.9
c-6701003240990,producto02,Vida grupo particular,F,PEN,1978-03-04,2021-02-08,2025-02-08,0.1,39.0,700.0
c-6701003241000,producto02,Vida grupo particular,F,PEN,1971-11-04,2021-02-08,2025-03-08,0.1,23.0,300.0
c-6701003241004,producto02,Vida grupo particular,F,PEN,1952-02-08,2021-02-08,2027-02-08,0.1,37.0,1125.0
c-6701003241017,producto02,Vida grupo particular,F,PEN,1988-03-11,2021-02-08,2025-02-08,0.1,39.0,625.0
c-6701003241023,producto02,Vida grupo particular,F,PEN,1965-04-22,2021-02-08,2027-02-08,0.1,64.0,885.0
c-6701003241039,producto02,Vida grupo particular,F,PEN,1988-04-13,2021-02-08,2026-02-08,0.1,53.0,700.0
c-6701003241047,producto02,Vida grupo particular,F,PEN,1960-10-08,2021-02-08,2025-02-08,0.1,12.0,500.0
c-6701003241053,producto02,Vida grupo particular,F,PEN,1953-01-05,2021-02-08,2027-02-08,0.1,162.0,2250.0
c-6701003241058,producto02,Vida grupo particular,F,PEN,1976-02-23,2021-02-08,2027-02-08,0.1,35.0,695.0
c-6701003241067,producto02,Vida grupo particular,F,PEN,1977-09-25,2021-02-08,2027-02-08,0.1,58.0,1000.0
c-6701003241081,producto02,Vida grupo particular,F,PEN,1989-10-13,2021-02-08,2025-02-08,0.1,18.0,500.0
c-6701003241085,producto02,Vida grupo particular,F,PEN,1962-02-07,2021-02-08,2027-02-08,0.1,52.0,600.0
c-6701003241108,producto02,Vida grupo particular,F,PEN,1974-11-03,2021-02-08,2027-02-08,0.1,67.0,935.0
c-6701003241113,producto02,Vida grupo particular,F,PEN,1962-05-13,2021-02-08,2026-02-08,0.1,7.0,335.0
c-6701003241117,producto02,Vida grupo particular,F,PEN,1993-02-28,2021-02-08,2025-02-08,0.1,18.0,500.0
c-6701003241126,producto02,Vida grupo particular,F,PEN,1968-11-24,2021-02-09,2027-02-09,0.1,107.0,1900.0
c-6701003241144,producto02,Vida grupo particular,F,PEN,1978-03-22,2021-02-09,2027-02-09,0.1,26.0,1200.0
c-6701003241155,producto02,Vida grupo particular,F,PEN,1962-06-18,2021-02-09,2027-02-09,0.1,94.0,1925.0
c-6701003241178,producto02,Vida grupo particular,F,PEN,1971-09-20,2021-02-09,2027-02-09,0.1,49.0,1785.0
c-6701003241242,producto02,Vida grupo particular,F,PEN,1969-09-20,2021-02-09,2027-02-09,0.1,82.0,1050.0
c-6701003241275,producto02,Vida grupo particular,F,PEN,1970-11-24,2021-02-09,2025-02-09,0.1,4.0,400.0
c-6701003241297,producto02,Vida grupo particular,F,PEN,1989-06-05,2021-02-09,2026-02-09,0.1,11.0,500.0
c-6701003241306,producto02,Vida grupo particular,F,PEN,1990-03-17,2021-02-09,2027-02-09,0.1,44.0,695.0
c-6701003241312,producto02,Vida grupo particular,F,PEN,1949-04-25,2021-02-09,2027-02-09,0.1,1.0,910.0
c-6701003241314,producto02,Vida grupo particular,F,PEN,1947-09-08,2021-02-09,2025-02-09,0.1,10.0,950.0
c-6701003241323,producto02,Vida grupo particular,F,PEN,1968-02-19,2021-02-09,2025-02-09,0.1,5.0,400.0
c-6701003241337,producto02,Vida grupo particular,F,PEN,1970-01-11,2021-02-09,2027-02-09,0.1,81.0,1200.0
c-6701003241352,producto02,Vida grupo particular,F,PEN,1970-02-09,2021-02-09,2027-02-09,0.1,2.0,655.0
c-6701003241356,producto02,Vida grupo particular,F,PEN,1991-09-06,2021-02-09,2025-02-09,0.1,29.0,700.0
c-6701003241368,producto02,Vida grupo particular,F,PEN,1945-02-19,2021-02-09,2027-02-09,0.1,26.0,1200.0
c-6701003241372,producto02,Vida grupo particular,F,PEN,1987-09-07,2021-02-09,2027-03-09,0.1,11.0,1050.0
c-6701003241393,producto02,Vida grupo particular,F,PEN,1988-04-14,2021-02-09,2027-02-09,0.1,18.0,415.0
c-6701003241422,producto02,Vida grupo particular,F,PEN,1945-09-26,2021-02-09,2026-02-09,0.1,3.0,760.0
c-6701003241436,producto02,Vida grupo particular,F,PEN,1985-08-14,2021-02-09,2026-02-09,0.1,55.0,855.0
c-6701003241444,producto02,Vida grupo particular,F,PEN,1953-10-15,2021-02-09,2026-02-09,0.1,36.0,500.1
c-6701003241451,producto02,Vida grupo particular,F,PEN,1974-08-04,2021-02-09,2027-03-09,0.1,58.0,705.0
c-6701003241465,producto02,Vida grupo particular,F,PEN,1988-12-20,2021-02-09,2026-02-09,0.1,31.0,420.0
c-6701003241469,producto02,Vida grupo particular,F,PEN,1976-09-13,2021-02-09,2027-02-09,0.1,51.0,825.0
c-6701003241501,producto02,Vida grupo particular,F,PEN,1971-09-15,2021-02-09,2025-02-09,0.1,11.0,1500.0
c-6701003241511,producto02,Vida grupo particular,F,PEN,1962-01-20,2021-02-09,2027-02-09,0.1,117.0,1805.0
c-6701003241513,producto02,Vida grupo particular,F,PEN,1947-12-24,2021-02-09,2025-02-09,0.1,142.0,1615.0
c-6701003241533,producto02,Vida grupo particular,F,PEN,1988-03-23,2021-02-09,2025-02-09,0.1,14.0,180.0
c-6701003241535,producto02,Vida grupo particular,F,PEN,1944-12-25,2021-02-09,2026-02-09,0.1,192.0,2820.0
c-6701003241543,producto02,Vida grupo particular,F,PEN,1979-02-14,2021-02-09,2026-02-09,0.1,14.0,1050.0
c-6701003241552,producto02,Vida grupo particular,F,PEN,1943-05-12,2021-02-09,2027-02-09,0.1,57.0,700.0
c-6701003241567,producto02,Vida grupo particular,F,PEN,1979-05-21,2021-02-09,2027-02-09,0.1,73.0,1050.0
c-6701003241578,producto02,Vida grupo particular,F,PEN,1991-12-16,2021-02-09,2027-03-09,0.1,49.0,1050.0
c-6701003241582,producto02,Vida grupo particular,F,PEN,1979-05-17,2021-02-09,2026-02-09,0.1,3.0,485.0
c-6701003241603,producto02,Vida grupo particular,F,PEN,1959-02-22,2021-02-09,2027-03-09,0.1,183.0,2265.0
c-6701003241614,producto02,Vida grupo particular,F,PEN,1992-01-28,2021-02-09,2027-02-09,0.1,77.0,1050.0
c-6701003241675,producto02,Vida grupo particular,F,PEN,1966-01-08,2021-02-09,2026-02-09,0.1,164.0,2045.0
c-6701003241676,producto02,Vida grupo particular,F,PEN,1969-05-17,2021-02-09,2027-02-09,0.1,145.0,1900.0
c-6701003241682,producto02,Vida grupo particular,F,PEN,1978-12-08,2021-02-09,2027-02-09,0.1,23.0,695.0
c-6701003241688,producto02,Vida grupo particular,F,PEN,1969-08-11,2021-02-09,2025-02-09,0.1,122.0,1610.0
c-6701003241710,producto02,Vida grupo particular,F,PEN,1959-11-23,2021-02-09,2025-02-09,0.1,52.0,1200.0
c-6701003241742,producto02,Vida grupo particular,F,PEN,1982-10-18,2021-02-09,2027-02-09,0.1,16.0,320.0
c-6701003241758,producto02,Vida grupo particular,F,PEN,1971-08-24,2021-02-09,2027-02-09,0.1,47.0,745.0
c-6701003241761,producto02,Vida grupo particular,F,PEN,1978-10-12,2021-02-09,2027-02-09,0.1,39.0,600.0
c-6701003241770,producto02,Vida grupo particular,F,PEN,1997-04-30,2021-02-09,2026-02-09,0.1,41.0,500.0
c-6701003241787,producto02,Vida grupo particular,F,PEN,1981-08-14,2021-02-09,2027-02-09,0.1,65.0,1135.0
c-6701003241816,producto02,Vida grupo particular,F,PEN,1987-09-03,2021-02-09,2025-02-09,0.1,12.0,500.0
c-6701003241822,producto02,Vida grupo particular,F,PEN,1974-06-24,2021-02-10,2026-02-10,0.1,38.0,1050.0
c-6701003241827,producto02,Vida grupo particular,F,PEN,1961-05-29,2021-02-10,2027-02-10,0.1,38.0,1050.0
c-6701003241829,producto02,Vida grupo particular,F,PEN,1959-07-11,2021-02-10,2027-02-10,0.1,6.0,510.0
c-6701003241835,producto02,Vida grupo particular,F,PEN,1975-02-03,2021-02-10,2025-02-10,0.1,19.0,850.0
c-6701003241875,producto02,Vida grupo particular,F,PEN,1987-11-22,2021-02-10,2025-02-10,0.1,59.0,850.0
c-6701003241911,producto02,Vida grupo particular,F,PEN,1962-11-01,2021-02-10,2025-02-10,0.1,43.0,500.0
c-6701003241912,producto02,Vida grupo particular,F,PEN,1947-10-20,2021-02-10,2027-02-10,0.1,38.0,430.0
c-6701003241944,producto02,Vida grupo particular,F,PEN,1980-01-13,2021-02-10,2025-02-10,0.1,21.0,695.0
c-6701003241952,producto02,Vida grupo particular,F,PEN,1978-08-28,2021-02-10,2026-02-10,0.1,90.0,1200.0
c-6701003241956,producto02,Vida grupo particular,F,PEN,1985-06-24,2021-02-10,2027-02-10,0.1,20.0,595.0
c-6701003241958,producto02,Vida grupo particular,F,PEN,1965-09-26,2021-02-10,2025-03-10,0.1,27.0,850.0
c-6701003241961,producto02,Vida grupo particular,F,PEN,1971-01-02,2021-02-10,2026-02-10,0.1,29.0,685.0
c-6701003241981,producto02,Vida grupo particular,F,PEN,1969-10-03,2021-02-10,2025-02-10,0.1,29.0,700.0
c-6701003241987,producto02,Vida grupo particular,F,PEN,1993-05-16,2021-02-10,2027-02-10,0.1,39.0,950.0
c-6701003241990,producto02,Vida grupo particular,F,PEN,1956-10-30,2021-02-10,2027-02-10,0.1,17.0,660.0
c-6701003241992,producto02,Vida grupo particular,F,PEN,1988-07-02,2021-02-10,2027-02-10,0.1,1.0,950.0
c-6701003242002,producto02,Vida grupo particular,F,PEN,1955-09-19,2021-02-10,2026-02-10,0.1,26.0,435.0
c-6701003242061,producto02,Vida grupo particular,F,PEN,1989-03-24,2021-02-10,2027-02-10,0.1,26.0,700.0
c-6701003242079,producto02,Vida grupo particular,F,PEN,1977-12-18,2021-02-10,2025-02-10,0.1,33.0,950.0
c-6701003242138,producto02,Vida grupo particular,F,PEN,1976-10-17,2021-02-10,2027-02-10,0.1,10.0,850.0
c-6701003242148,producto02,Vida grupo particular,F,PEN,1976-11-29,2021-02-10,2025-03-10,0.1,3.0,700.0
c-6701003242162,producto02,Vida grupo particular,F,PEN,1965-07-12,2021-02-10,2027-02-10,0.1,165.0,2260.0
c-6701003242163,producto02,Vida grupo particular,F,PEN,1982-09-29,2021-02-10,2025-03-10,0.1,23.0,1050.0
c-6701003242185,producto02,Vida grupo particular,F,PEN,1962-05-06,2021-02-10,2027-02-10,0.1,51.0,865.0
c-6701003242200,producto02,Vida grupo particular,F,PEN,1990-05-16,2021-02-10,2025-02-10,0.1,88.0,1050.0
c-6701003242202,producto02,Vida grupo particular,F,PEN,1982-02-10,2021-02-10,2027-02-10,0.1,31.0,590.0
c-6701003242213,producto02,Vida grupo particular,F,PEN,1989-05-17,2021-02-10,2025-03-10,0.1,62.0,1000.0
c-6701003242215,producto02,Vida grupo particular,F,PEN,1985-06-12,2021-02-10,2027-02-10,0.1,11.0,1050.0
c-6701003242218,producto02,Vida grupo particular,F,PEN,1978-10-14,2021-02-10,2026-02-10,0.1,13.0,320.0
c-6701003242236,producto02,Vida grupo particular,F,PEN,1970-11-18,2021-02-10,2025-02-10,0.1,31.0,1350.0
c-6701003242243,producto02,Vida grupo particular,F,PEN,1974-09-02,2021-02-10,2027-02-10,0.1,113.0,1500.0
c-6701003242251,producto02,Vida grupo particular,F,PEN,1962-11-06,2021-02-10,2026-02-10,0.1,12.0,1500.0
c-6701003242280,producto02,Vida grupo particular,F,PEN,1984-06-20,2021-02-10,2025-02-10,0.1,53.0,850.0
c-6701003242300,producto02,Vida grupo particular,F,PEN,1988-09-19,2021-02-10,2027-02-10,0.1,30.0,940.0
c-6701003242312,producto02,Vida grupo particular,F,PEN,1958-03-30,2021-02-10,2025-02-10,0.1,100.0,1170.0
c-6701003242323,producto02,Vida grupo particular,F,PEN,1941-09-09,2021-02-10,2027-02-10,0.1,78.0,1350.0
c-6701003242344,producto02,Vida grupo particular,F,PEN,1970-09-13,2021-02-10,2025-02-10,0.1,77.0,1100.0
c-6701003242347,producto02,Vida grupo particular,F,PEN,1982-09-05,2021-02-10,2027-02-10,0.1,74.0,940.0
c-6701003242357,producto02,Vida grupo particular,F,PEN,1971-06-05,2021-02-10,2026-02-10,0.1,27.0,590.0
c-6701003242359,producto02,Vida grupo particular,F,PEN,1978-05-04,2021-02-10,2027-02-10,0.1,40.0,985.0
c-6701003242368,producto02,Vida grupo particular,F,PEN,1963-06-15,2021-02-10,2025-02-10,0.1,135.0,1750.0
c-6701003242379,producto02,Vida grupo particular,F,PEN,1966-01-19,2021-02-10,2025-02-10,0.1,6.0,850.0
c-6701003242386,producto02,Vida grupo particular,F,PEN,1976-09-21,2021-02-10,2026-02-10,0.1,83.0,1155.0
c-6701003242387,producto02,Vida grupo particular,F,PEN,1960-08-15,2021-02-10,2026-02-10,0.1,10.0,1500.0
c-6701003242418,producto02,Vida grupo particular,F,PEN,1967-03-23,2021-02-10,2025-02-10,0.1,63.0,950.0
c-6701003242430,producto02,Vida grupo particular,F,PEN,1941-10-14,2021-02-10,2027-02-10,0.1,14.0,600.0
c-6701003242439,producto02,Vida grupo particular,F,PEN,1964-09-16,2021-02-10,2027-02-10,0.1,25.0,700.0
c-6701003242460,producto02,Vida grupo particular,F,PEN,1953-05-11,2021-02-10,2026-02-10,0.1,18.0,820.0
c-6701003242502,producto02,Vida grupo particular,F,PEN,1979-09-13,2021-02-10,2027-02-10,0.1,51.0,820.0
c-6701003242511,producto02,Vida grupo particular,F,PEN,1967-09-19,2021-02-10,2027-02-10,0.1,27.0,1140.0
c-6701003242554,producto02,Vida grupo particular,F,PEN,1940-07-05,2021-02-11,2027-02-11,0.1,93.0,1050.0
c-6701003242574,producto02,Vida grupo particular,F,PEN,1971-07-14,2021-02-11,2027-03-11,0.1,18.0,995.0
c-6701003242585,producto02,Vida grupo particular,F,PEN,1963-04-14,2021-02-11,2027-02-11,0.1,7.0,675.0
c-6701003242599,producto02,Vida grupo particular,F,PEN,1963-02-01,2021-02-11,2026-02-11,0.1,76.0,850.0
c-6701003242671,producto02,Vida grupo particular,F,PEN,1953-10-18,2021-02-11,2026-12-11,0.1,18.0,405.0
c-6701003242682,producto02,Vida grupo particular,F,PEN,1977-05-18,2021-02-11,2027-02-11,0.1,19.0,520.0
c-6701003242690,producto02,Vida grupo particular,F,PEN,1943-08-06,2021-02-11,2027-02-11,0.1,13.0,1034.9
c-6701003242707,producto02,Vida grupo particular,F,PEN,1964-05-27,2021-02-11,2027-02-11,0.1,57.0,700.1
c-6701003242711,producto02,Vida grupo particular,F,PEN,1987-12-12,2021-02-11,2027-02-11,0.1,40.0,830.0
c-6701003242715,producto02,Vida grupo particular,F,PEN,1947-12-02,2021-02-11,2027-02-11,0.1,27.0,910.0
c-6701003242716,producto02,Vida grupo particular,F,PEN,1979-04-26,2021-02-11,2026-02-11,0.1,25.0,700.0
c-6701003242723,producto02,Vida grupo particular,F,PEN,1993-08-14,2021-02-11,2027-02-11,0.1,6.0,710.0
c-6701003242730,producto02,Vida grupo particular,F,PEN,1971-02-14,2021-02-11,2025-02-11,0.1,155.0,2100.0
c-6701003242750,producto02,Vida grupo particular,F,PEN,1952-06-19,2021-02-11,2027-02-11,0.1,142.0,1900.0
c-6701003242772,producto02,Vida grupo particular,F,PEN,1991-12-14,2021-02-11,2027-02-11,0.1,27.0,415.0
c-6701003242773,producto02,Vida grupo particular,F,PEN,1969-10-22,2021-02-11,2027-03-11,0.1,7.0,1050.0
c-6701003242779,producto02,Vida grupo particular,F,PEN,1966-03-01,2021-02-11,2027-02-11,0.1,31.0,610.0
c-6701003242795,producto02,Vida grupo particular,F,PEN,1940-06-01,2021-02-11,2027-02-11,0.1,80.0,1240.0
c-6701003242807,producto02,Vida grupo particular,F,PEN,1964-05-01,2021-02-11,2027-02-11,0.1,7.0,345.0
c-6701003242810,producto02,Vida grupo particular,F,PEN,1974-12-01,2021-02-11,2027-02-11,0.1,10.0,560.0
c-6701003242814,producto02,Vida grupo particular,F,PEN,1983-03-21,2021-02-11,2025-02-11,0.1,1.0,500.0
c-6701003242828,producto02,Vida grupo particular,F,PEN,1967-07-10,2021-02-11,2026-03-11,0.1,61.0,1000.0
c-6701003242847,producto02,Vida grupo particular,F,PEN,1945-01-02,2021-02-11,2027-03-11,0.1,82.0,1325.0
c-6701003242864,producto02,Vida grupo particular,F,PEN,1977-03-29,2021-02-11,2027-02-11,0.1,31.0,1050.0
c-6701003242888,producto02,Vida grupo particular,F,PEN,1950-05-26,2021-02-11,2026-03-11,0.1,5.0,890.0
c-6701003242916,producto02,Vida grupo particular,F,PEN,1971-12-25,2021-02-11,2025-02-11,0.1,36.0,500.0
c-6701003242923,producto02,Vida grupo particular,F,PEN,1997-03-06,2021-02-11,2025-02-11,0.1,21.0,500.0
c-6701003242930,producto02,Vida grupo particular,F,PEN,1976-09-01,2021-02-11,2027-02-11,0.1,42.0,500.0
c-6701003242960,producto02,Vida grupo particular,F,PEN,1952-06-13,2021-02-11,2027-02-11,0.1,24.0,550.0
c-6701003242980,producto02,Vida grupo particular,F,PEN,1959-11-20,2021-02-11,2027-02-11,0.1,57.0,1475.0
c-6701003242983,producto02,Vida grupo particular,F,PEN,1977-11-10,2021-02-11,2027-02-11,0.1,122.0,1400.0
c-6701003242986,producto02,Vida grupo particular,F,PEN,1968-07-04,2021-02-11,2026-02-11,0.1,50.0,975.0
c-6701003242987,producto02,Vida grupo particular,F,PEN,1958-08-19,2021-02-11,2025-02-11,0.1,19.0,450.0
c-6701003242988,producto02,Vida grupo particular,F,PEN,1956-11-30,2021-02-11,2026-02-11,0.1,70.0,1050.0
c-6701003242992,producto02,Vida grupo particular,F,PEN,1985-03-07,2021-02-11,2026-02-11,0.1,65.0,1350.0
c-6701003242998,producto02,Vida grupo particular,F,PEN,1976-09-21,2021-02-11,2025-03-11,0.1,54.0,700.0
c-6701003243033,producto02,Vida grupo particular,F,PEN,1982-04-02,2021-02-11,2027-02-11,0.1,57.0,730.0
c-6701003243048,producto02,Vida grupo particular,F,PEN,1965-06-02,2021-02-11,2027-03-11,0.1,38.0,1400.0
c-6701003243054,producto02,Vida grupo particular,F,PEN,1970-11-01,2021-02-11,2024-11-11,0.1,29.0,1000.0
c-6701003243073,producto02,Vida grupo particular,F,PEN,1978-10-01,2021-02-11,2027-02-11,0.1,2.0,438.0
c-6701003243087,producto02,Vida grupo particular,F,PEN,1959-01-20,2021-02-11,2025-02-11,0.1,45.0,700.0
c-6701003243092,producto02,Vida grupo particular,F,PEN,1984-08-29,2021-02-11,2026-02-11,0.1,9.0,200.0
c-6701003243114,producto02,Vida grupo particular,F,PEN,1941-11-19,2021-02-11,2025-02-11,0.1,33.0,1445.0
c-6701003243121,producto02,Vida grupo particular,F,PEN,1971-11-24,2021-02-11,2026-02-11,0.1,48.0,850.0
c-6701003243135,producto02,Vida grupo particular,F,PEN,1977-08-31,2021-02-11,2027-02-11,0.1,81.0,1105.0
c-6701003243154,producto02,Vida grupo particular,F,PEN,1984-06-05,2021-02-12,2025-02-12,0.1,79.0,1050.0
c-6701003243157,producto02,Vida grupo particular,F,PEN,1963-02-17,2021-02-12,2027-02-12,0.1,15.0,725.0
c-6701003243162,producto02,Vida grupo particular,F,PEN,1966-05-25,2021-02-12,2025-02-12,0.1,55.0,2000.0
c-6701003243169,producto02,Vida grupo particular,F,PEN,1952-06-07,2021-02-12,2025-02-12,0.1,8.0,1000.0
c-6701003243183,producto02,Vida grupo particular,F,PEN,1960-08-30,2021-02-12,2027-03-12,0.1,41.0,1350.0
c-6701003243200,producto02,Vida grupo particular,F,PEN,1953-10-20,2021-02-12,2026-02-12,0.1,19.0,500.0
c-6701003243229,producto02,Vida grupo particular,F,PEN,1984-06-10,2021-02-12,2027-03-12,0.1,15.0,785.0
c-6701003243233,producto02,Vida grupo particular,F,PEN,1970-11-20,2021-02-12,2027-02-12,0.1,47.0,750.0
c-6701003243250,producto02,Vida grupo particular,F,PEN,1979-12-10,2021-02-12,2026-02-12,0.1,34.0,850.0
c-6701003243253,producto02,Vida grupo particular,F,PEN,1991-09-15,2021-02-12,2025-02-12,0.1,3.0,950.0
c-6701003243257,producto02,Vida grupo particular,F,PEN,1980-03-20,2021-02-12,2026-02-12,0.1,25.0,600.0
c-6701003243270,producto02,Vida grupo particular,F,PEN,1965-04-11,2021-02-12,2025-02-12,0.1,1.0,400.0
c-6701003243276,producto02,Vida grupo particular,F,PEN,1967-12-11,2021-02-12,2026-02-12,0.1,19.0,585.0
c-6701003243295,producto02,Vida grupo particular,F,PEN,1988-01-23,2021-02-12,2027-03-12,0.1,6.0,500.0
c-6701003243300,producto02,Vida grupo particular,F,PEN,1961-07-26,2021-02-12,2027-02-12,0.1,61.0,1020.0
c-6701003243302,producto02,Vida grupo particular,F,PEN,1977-07-29,2021-02-12,2025-02-12,0.1,33.0,1500.0
c-6701003243311,producto02,Vida grupo particular,F,PEN,1940-05-06,2021-02-12,2027-03-12,0.1,132.0,1925.0
c-6701003243330,producto02,Vida grupo particular,F,PEN,1989-04-25,2021-02-12,2025-04-12,0.1,3.0,950.0
c-6701003243362,producto02,Vida grupo particular,F,PEN,1966-06-02,2021-02-12,2026-02-12,0.1,14.0,335.0
c-6701003243387,producto02,Vida grupo particular,F,PEN,1948-03-24,2021-02-12,2026-02-12,0.1,82.0,1035.0
c-6701003243393,producto02,Vida grupo particular,F,PEN,1953-04-29,2021-02-12,2027-02-12,0.1,36.0,500.0
c-6701003243403,producto02,Vida grupo particular,F,PEN,1986-06-19,2021-02-12,2025-06-12,0.1,23.0,505.0
c-6701003243404,producto02,Vida grupo particular,F,PEN,1985-10-18,2021-02-12,2026-02-12,0.1,58.0,655.0
c-6701003243414,producto02,Vida grupo particular,F,PEN,1976-08-25,2021-02-12,2026-02-12,0.1,14.0,275.0
c-6701003243431,producto02,Vida grupo particular,F,PEN,1994-12-03,2021-02-12,2026-02-12,0.1,29.0,400.0
c-6701003243441,producto02,Vida grupo particular,F,PEN,1971-05-14,2021-02-12,2027-02-12,0.1,85.0,1050.0
c-6701003243452,producto02,Vida grupo particular,F,PEN,1945-02-20,2021-02-12,2027-02-12,0.1,103.0,1275.0
c-6701003243456,producto02,Vida grupo particular,F,PEN,1962-04-16,2021-02-12,2026-02-12,0.1,50.0,580.0
c-6701003243463,producto02,Vida grupo particular,F,PEN,1968-06-08,2021-02-12,2027-02-12,0.1,2.0,720.0
c-6701003243464,producto02,Vida grupo particular,F,PEN,1995-04-27,2021-02-12,2027-02-12,0.1,47.0,640.0
c-6701003243469,producto02,Vida grupo particular,F,PEN,1985-04-15,2021-02-12,2027-02-12,0.1,5.0,595.0
c-6701003243479,producto02,Vida grupo particular,F,PEN,1964-04-28,2021-02-12,2026-02-12,0.1,46.0,735.0
c-6701003243506,producto02,Vida grupo particular,F,PEN,1972-03-15,2021-02-12,2026-03-12,0.1,63.0,1050.0
c-6701003243509,producto02,Vida grupo particular,F,PEN,1966-04-23,2021-02-12,2025-12-12,0.1,126.0,3640.0
c-6701003243521,producto02,Vida grupo particular,F,PEN,1946-10-26,2021-02-12,2025-02-12,0.1,15.0,300.0
c-6701003243535,producto02,Vida grupo particular,F,PEN,1977-05-30,2021-02-12,2027-02-12,0.1,2.0,810.0
c-6701003243544,producto02,Vida grupo particular,F,PEN,1976-08-17,2021-02-12,2027-02-12,0.1,10.0,580.0
c-6701003243566,producto02,Vida grupo particular,F,PEN,1965-09-18,2021-02-12,2027-03-12,0.1,134.0,1550.0
c-6701003243580,producto02,Vida grupo particular,F,PEN,1947-07-20,2021-02-12,2025-02-12,0.1,56.0,1500.0
c-6701003243599,producto02,Vida grupo particular,F,PEN,1971-03-26,2021-02-12,2026-02-12,0.1,102.0,1200.0
c-6701003243606,producto02,Vida grupo particular,F,PEN,1944-10-30,2021-02-12,2027-02-12,0.1,8.0,475.0
c-6701003243635,producto02,Vida grupo particular,F,PEN,1958-12-19,2021-02-12,2024-11-12,0.1,46.0,1000.0
c-6701003243651,producto02,Vida grupo particular,F,PEN,1983-05-17,2021-02-12,2027-02-12,0.1,21.0,499.8
c-6701003243654,producto02,Vida grupo particular,F,PEN,1968-03-03,2021-02-12,2026-02-12,0.1,35.0,2715.0
c-6701003243677,producto02,Vida grupo particular,F,PEN,1942-03-20,2021-02-12,2026-02-12,0.1,63.0,700.0
c-6701003243685,producto02,Vida grupo particular,F,PEN,1964-12-15,2021-02-12,2027-02-12,0.1,50.0,1695.0
c-6701003243700,producto02,Vida grupo particular,F,PEN,1965-08-31,2021-02-12,2027-02-12,0.1,90.0,1100.0
c-6701003243702,producto02,Vida grupo particular,F,PEN,1969-05-19,2021-02-12,2024-11-12,0.1,77.0,1000.0
c-6701003243703,producto02,Vida grupo particular,F,PEN,1971-06-02,2021-02-12,2027-02-12,0.1,15.0,600.0
c-6701003243704,producto02,Vida grupo particular,F,PEN,1983-03-20,2021-02-12,2025-02-12,0.1,36.0,500.0
c-6701003243738,producto02,Vida grupo particular,F,PEN,1983-12-20,2021-02-12,2027-02-12,0.1,59.0,680.0
c-6701003243763,producto02,Vida grupo particular,F,PEN,1972-07-31,2021-02-13,2027-02-13,0.1,38.0,880.0
c-6701003243770,producto02,Vida grupo particular,F,PEN,1984-05-17,2021-02-13,2027-03-13,0.1,40.0,515.0
c-6701003243771,producto02,Vida grupo particular,F,PEN,1983-03-26,2021-02-13,2026-02-13,0.1,4.0,495.0
c-6701003243773,producto02,Vida grupo particular,F,PEN,1976-03-14,2021-02-13,2024-12-13,0.1,53.0,610.0
c-6701003243783,producto02,Vida grupo particular,F,PEN,1977-05-17,2021-02-13,2027-02-13,0.1,240.0,2800.0
c-6701003243812,producto02,Vida grupo particular,F,PEN,1981-10-02,2021-02-13,2026-03-13,0.1,12.0,1050.0
c-6701003243815,producto02,Vida grupo particular,F,PEN,1964-11-15,2021-02-13,2025-02-13,0.1,102.0,2800.0
c-6701003243825,producto02,Vida grupo particular,F,PEN,1993-06-08,2021-02-13,2025-02-13,0.1,20.0,1050.0
c-6701003243832,producto02,Vida grupo particular,F,PEN,1944-12-25,2021-02-13,2027-02-13,0.1,44.0,850.0
c-6701003243881,producto02,Vida grupo particular,F,PEN,1965-05-11,2021-02-13,2027-02-13,0.1,65.0,805.0
c-6701003243884,producto02,Vida grupo particular,F,PEN,1960-12-29,2021-02-13,2027-02-13,0.1,32.0,630.0
c-6701003243902,producto02,Vida grupo particular,F,PEN,1985-10-07,2021-02-13,2027-02-13,0.1,16.0,950.0
c-6701003243914,producto02,Vida grupo particular,F,PEN,1981-05-09,2021-02-13,2027-02-13,0.1,72.0,1050.0
c-6701003243920,producto02,Vida grupo particular,F,PEN,1965-05-26,2021-02-13,2027-02-13,0.1,69.0,795.0
c-6701003243937,producto02,Vida grupo particular,F,PEN,1966-01-31,2021-02-13,2027-02-13,0.1,30.0,850.0
c-6701003243943,producto02,Vida grupo particular,F,PEN,1969-07-26,2021-02-13,2027-02-13,0.1,14.0,1500.0
c-6701003243944,producto02,Vida grupo particular,F,PEN,1942-12-29,2021-02-13,2027-02-13,0.1,55.0,900.0
c-6701003243945,producto02,Vida grupo particular,F,PEN,1980-12-31,2021-02-13,2026-02-13,0.1,8.0,525.0
c-6701003243948,producto02,Vida grupo particular,F,PEN,1981-04-15,2021-02-13,2026-03-13,0.1,84.0,970.0
c-6701003243961,producto02,Vida grupo particular,F,PEN,1956-03-07,2021-02-13,2027-02-13,0.1,57.0,690.0
c-6701003243976,producto02,Vida grupo particular,F,PEN,1998-10-31,2021-02-13,2025-02-13,0.1,3.0,500.0
c-6701003244005,producto02,Vida grupo particular,F,PEN,1969-03-12,2021-02-13,2027-02-13,0.1,35.0,1115.0
c-6701003244009,producto02,Vida grupo particular,F,PEN,1959-06-20,2021-02-13,2027-02-13,0.1,26.0,445.0
c-6701003244025,producto02,Vida grupo particular,F,PEN,1989-02-01,2021-02-13,2025-08-13,0.1,88.0,1410.0
c-6701003244076,producto02,Vida grupo particular,F,PEN,1986-02-23,2021-02-15,2026-02-15,0.1,14.0,700.0
c-6701003244077,producto02,Vida grupo particular,F,PEN,1952-07-02,2021-02-15,2025-02-15,0.1,92.0,1050.0
c-6701003244098,producto02,Vida grupo particular,F,PEN,1947-07-24,2021-02-15,2026-02-15,0.1,56.0,950.0
c-6701003244120,producto02,Vida grupo particular,F,PEN,1957-10-23,2021-02-15,2027-02-15,0.1,88.0,1200.0
c-6701003244139,producto02,Vida grupo particular,F,PEN,1967-05-09,2021-02-15,2027-03-15,0.1,34.0,440.0
c-6701003244141,producto02,Vida grupo particular,F,PEN,1971-05-23,2021-02-15,2027-03-15,0.1,97.0,1360.0
c-6701003244157,producto02,Vida grupo particular,F,PEN,1952-06-17,2021-02-15,2027-03-15,0.1,1.0,915.0
c-6701003244159,producto02,Vida grupo particular,F,PEN,1940-03-05,2021-02-15,2026-02-15,0.1,63.0,700.0
c-6701003244164,producto02,Vida grupo particular,F,PEN,1956-11-04,2021-02-15,2027-02-15,0.1,37.0,424.7000000000001
c-6701003244165,producto02,Vida grupo particular,F,PEN,1940-07-06,2021-02-15,2027-02-15,0.1,68.0,825.0
c-6701003244169,producto02,Vida grupo particular,F,PEN,1959-05-03,2021-02-15,2026-02-15,0.1,16.0,750.0
c-6701003244178,producto02,Vida grupo particular,F,PEN,1986-03-07,2021-02-15,2027-02-15,0.1,31.0,685.0
c-6701003244180,producto02,Vida grupo particular,F,PEN,1948-02-28,2021-02-15,2027-02-15,0.1,130.0,1645.0
c-6701003244195,producto02,Vida grupo particular,F,PEN,1950-11-01,2021-02-15,2027-03-15,0.1,24.0,800.0
c-6701003244210,producto02,Vida grupo particular,F,PEN,1940-10-07,2021-02-15,2025-05-15,0.1,79.0,1165.0
c-6701003244228,producto02,Vida grupo particular,F,PEN,1960-03-24,2021-02-15,2025-02-15,0.1,54.0,1500.0
c-6701003244230,producto02,Vida grupo particular,F,PEN,1986-04-27,2021-02-15,2027-02-15,0.1,30.0,1045.0
c-6701003244235,producto02,Vida grupo particular,F,PEN,1985-05-12,2021-02-15,2027-02-15,0.1,62.0,965.0
c-6701003244254,producto02,Vida grupo particular,F,PEN,1990-04-10,2021-02-15,2027-02-15,0.1,63.0,1020.0
c-6701003244275,producto02,Vida grupo particular,F,PEN,1974-09-23,2021-02-15,2027-02-15,0.1,104.0,1465.0
c-6701003244279,producto02,Vida grupo particular,F,PEN,1979-09-24,2021-02-15,2027-02-15,0.1,58.0,1145.0
c-6701003244291,producto02,Vida grupo particular,F,PEN,1957-09-17,2021-02-15,2027-02-15,0.1,8.0,450.0
c-6701003244299,producto02,Vida grupo particular,F,PEN,1960-11-22,2021-02-15,2026-03-15,0.1,45.0,2105.0
c-6701003244302,producto02,Vida grupo particular,F,PEN,1946-06-21,2021-02-15,2027-02-15,0.1,51.0,855.0
c-6701003244308,producto02,Vida grupo particular,F,PEN,1972-06-10,2021-02-15,2027-03-15,0.1,31.0,580.0
c-6701003244314,producto02,Vida grupo particular,F,PEN,1995-06-10,2021-02-15,2025-02-15,0.1,36.0,679.0
c-6701003244318,producto02,Vida grupo particular,F,PEN,1945-02-10,2021-02-15,2026-02-15,0.1,53.0,600.0
c-6701003244319,producto02,Vida grupo particular,F,PEN,1971-08-01,2021-02-15,2025-03-15,0.1,83.0,1100.0
c-6701003244327,producto02,Vida grupo particular,F,PEN,1941-07-03,2021-02-15,2027-02-15,0.1,56.0,1200.0
c-6701003244355,producto02,Vida grupo particular,F,PEN,1965-10-05,2021-02-15,2027-02-15,0.1,45.0,815.0
c-6701003244357,producto02,Vida grupo particular,F,PEN,1956-04-16,2021-02-15,2027-02-15,0.1,120.0,1540.0
c-6701003244359,producto02,Vida grupo particular,F,PEN,1973-09-08,2021-02-15,2027-02-15,0.1,33.0,400.0
c-6701003244365,producto02,Vida grupo particular,F,PEN,1955-12-17,2021-02-15,2025-02-15,0.1,48.0,700.0
c-6701003244369,producto02,Vida grupo particular,F,PEN,1940-06-21,2021-02-15,2027-02-15,0.1,41.0,1250.0
c-6701003244372,producto02,Vida grupo particular,F,PEN,1982-07-19,2021-02-15,2026-03-15,0.1,99.0,1350.0
c-6701003244383,producto02,Vida grupo particular,F,PEN,1954-09-29,2021-02-15,2027-02-15,0.1,7.0,500.0
c-6701003244387,producto02,Vida grupo particular,F,PEN,1955-02-16,2021-02-15,2027-02-15,0.1,37.0,1050.0
c-6701003244394,producto02,Vida grupo particular,F,PEN,1965-09-18,2021-02-15,2025-02-15,0.1,14.0,700.1
c-6701003244401,producto02,Vida grupo particular,F,PEN,1983-09-25,2021-02-15,2025-02-15,0.1,4.0,530.0
c-6701003244432,producto02,Vida grupo particular,F,PEN,1982-08-24,2021-02-15,2027-02-15,0.1,7.0,2800.0
c-6701003244442,producto02,Vida grupo particular,F,PEN,1948-04-17,2021-02-15,2027-02-15,0.1,44.0,600.0
c-6701003244453,producto02,Vida grupo particular,F,PEN,1954-08-23,2021-02-15,2026-02-15,0.1,29.0,850.0
c-6701003244464,producto02,Vida grupo particular,F,PEN,1963-03-27,2021-02-15,2027-02-15,0.1,60.0,1165.0
c-6701003244473,producto02,Vida grupo particular,F,PEN,1971-12-01,2021-02-15,2025-02-15,0.1,1.0,900.0
c-6701003244478,producto02,Vida grupo particular,F,PEN,1949-05-23,2021-02-15,2027-02-15,0.1,46.0,790.0
c-6701003244483,producto02,Vida grupo particular,F,PEN,1974-06-20,2021-02-15,2026-02-15,0.1,35.0,645.0
c-6701003244485,producto02,Vida grupo particular,F,PEN,1961-01-23,2021-02-15,2026-02-15,0.1,75.0,1200.0
c-6701003244488,producto02,Vida grupo particular,F,PEN,1984-07-03,2021-02-15,2026-02-15,0.1,4.0,850.0
c-6701003244495,producto02,Vida grupo particular,F,PEN,1957-01-15,2021-02-15,2027-02-15,0.1,37.0,850.0
c-6701003244498,producto02,Vida grupo particular,F,PEN,1983-08-05,2021-02-15,2025-02-15,0.1,45.0,850.0
c-6701003244518,producto02,Vida grupo particular,F,PEN,1962-12-30,2021-02-15,2027-02-15,0.1,99.0,1500.0
c-6701003244520,producto02,Vida grupo particular,F,PEN,1969-01-26,2021-02-15,2025-02-15,0.1,2.0,500.0
c-6701003244525,producto02,Vida grupo particular,F,PEN,1952-02-09,2021-02-15,2027-02-15,0.1,6.0,700.0
c-6701003244535,producto02,Vida grupo particular,F,PEN,1971-08-10,2021-02-15,2026-02-15,0.1,22.0,790.0
c-6701003244540,producto02,Vida grupo particular,F,PEN,1971-03-25,2021-02-15,2027-02-15,0.1,108.0,1250.0
c-6701003244543,producto02,Vida grupo particular,F,PEN,1972-10-02,2021-02-15,2025-02-15,0.1,13.0,300.1
c-6701003244555,producto02,Vida grupo particular,F,PEN,1997-07-07,2021-02-15,2025-03-15,0.1,11.0,500.0
c-6701003244564,producto02,Vida grupo particular,F,PEN,1973-03-25,2021-02-15,2025-02-15,0.1,11.0,700.0
c-6701003244571,producto02,Vida grupo particular,F,PEN,1963-03-14,2021-02-15,2025-02-15,0.1,26.0,500.0
c-6701003244597,producto02,Vida grupo particular,F,PEN,1942-02-25,2021-02-16,2027-02-16,0.1,110.0,1520.0
c-6701003244601,producto02,Vida grupo particular,F,PEN,1975-09-08,2021-02-16,2027-02-16,0.1,28.0,500.0
c-6701003244605,producto02,Vida grupo particular,F,PEN,1946-10-11,2021-02-16,2027-02-16,0.1,25.0,850.0
c-6701003244607,producto02,Vida grupo particular,F,PEN,1982-02-16,2021-02-16,2026-02-16,0.1,42.0,1000.0
c-6701003244610,producto02,Vida grupo particular,F,PEN,1965-07-27,2021-02-16,2027-02-16,0.1,29.0,445.0
c-6701003244617,producto02,Vida grupo particular,F,PEN,1986-03-24,2021-02-16,2027-03-16,0.1,49.0,850.0
c-6701003244627,producto02,Vida grupo particular,F,PEN,1951-11-11,2021-02-16,2026-02-16,0.1,127.0,1535.0
c-6701003244629,producto02,Vida grupo particular,F,PEN,1945-10-22,2021-02-16,2027-02-16,0.1,31.0,2095.0
c-6701003244635,producto02,Vida grupo particular,F,PEN,1950-02-06,2021-02-16,2027-02-16,0.1,2.0,510.0
c-6701003244650,producto02,Vida grupo particular,F,PEN,1961-08-08,2021-02-16,2027-02-16,0.1,56.0,850.0
c-6701003244656,producto02,Vida grupo particular,F,PEN,1964-03-30,2021-02-16,2027-02-16,0.1,23.0,1560.0
c-6701003244661,producto02,Vida grupo particular,F,PEN,1963-04-07,2021-02-16,2027-02-16,0.1,3.0,1100.1
c-6701003244667,producto02,Vida grupo particular,F,PEN,1963-03-18,2021-02-16,2026-02-16,0.1,22.0,425.0
c-6701003244697,producto02,Vida grupo particular,F,PEN,1954-12-05,2021-02-16,2027-02-16,0.1,30.0,650.0
c-6701003244699,producto02,Vida grupo particular,F,PEN,1965-06-26,2021-02-16,2027-02-16,0.1,5.0,1000.0
c-6701003244706,producto02,Vida grupo particular,F,PEN,1966-04-12,2021-02-16,2027-02-16,0.1,81.0,900.0
c-6701003244709,producto02,Vida grupo particular,F,PEN,1970-06-04,2021-02-16,2026-02-16,0.1,4.0,450.0
c-6701003244725,producto02,Vida grupo particular,F,PEN,1968-10-20,2021-02-16,2026-02-16,0.1,32.0,400.0
c-6701003244734,producto02,Vida grupo particular,F,PEN,1972-10-25,2021-02-16,2025-02-16,0.1,90.0,1650.0
c-6701003244735,producto02,Vida grupo particular,F,PEN,1990-04-01,2021-02-16,2026-02-16,0.1,26.0,400.0
c-6701003244753,producto02,Vida grupo particular,F,PEN,1944-08-23,2021-02-16,2026-11-16,0.1,52.0,640.0
c-6701003244754,producto02,Vida grupo particular,F,PEN,1978-11-13,2021-02-16,2025-02-16,0.1,52.0,700.0
c-6701003244758,producto02,Vida grupo particular,F,PEN,1942-02-11,2021-02-16,2027-02-16,0.1,8.0,965.0
c-6701003244779,producto02,Vida grupo particular,F,PEN,1961-09-03,2021-02-16,2027-02-16,0.1,11.0,620.0
c-6701003244791,producto02,Vida grupo particular,F,PEN,1947-04-22,2021-02-16,2027-02-16,0.1,30.0,335.0
c-6701003244795,producto02,Vida grupo particular,F,PEN,1972-10-26,2021-02-16,2027-02-16,0.1,18.0,625.0
c-6701003244796,producto02,Vida grupo particular,F,PEN,1971-08-13,2021-02-16,2027-02-16,0.1,34.0,630.0
c-6701003244797,producto02,Vida grupo particular,F,PEN,1982-01-17,2021-02-16,2025-02-16,0.1,73.0,1200.0
c-6701003244815,producto02,Vida grupo particular,F,PEN,1970-05-12,2021-02-16,2026-02-16,0.1,33.0,1650.0
c-6701003244829,producto02,Vida grupo particular,F,PEN,1981-06-04,2021-02-16,2027-03-16,0.1,61.0,1325.0
c-6701003244836,producto02,Vida grupo particular,F,PEN,1956-10-08,2021-02-16,2027-02-16,0.1,12.0,250.0
c-6701003244849,producto02,Vida grupo particular,F,PEN,1980-11-11,2021-02-16,2025-08-16,0.1,59.0,900.0
c-6701003244863,producto02,Vida grupo particular,F,PEN,1987-06-08,2021-02-16,2026-03-16,0.1,6.0,355.0
c-6701003244868,producto02,Vida grupo particular,F,PEN,1982-05-07,2021-02-16,2027-02-16,0.1,21.0,950.0
c-6701003244886,producto02,Vida grupo particular,F,PEN,1967-01-25,2021-02-16,2025-02-16,0.1,139.0,2400.0
c-6701003244890,producto02,Vida grupo particular,F,PEN,1967-06-05,2021-02-16,2025-02-16,0.1,21.0,850.0
c-6701003244914,producto02,Vida grupo particular,F,PEN,1978-11-09,2021-02-16,2027-03-16,0.1,88.0,1000.0
c-6701003244919,producto02,Vida grupo particular,F,PEN,1968-07-14,2021-02-16,2027-02-16,0.1,53.0,755.0
c-6701003244922,producto02,Vida grupo particular,F,PEN,1982-02-07,2021-02-16,2025-02-16,0.1,39.0,950.0
c-6701003244928,producto02,Vida grupo particular,F,PEN,1983-08-07,2021-02-16,2027-03-16,0.1,132.0,1500.0
c-6701003244949,producto02,Vida grupo particular,F,PEN,1970-11-22,2021-02-16,2025-02-16,0.1,17.0,900.0
c-6701003244955,producto02,Vida grupo particular,F,PEN,1961-10-02,2021-02-16,2027-02-16,0.1,9.0,365.0
c-6701003244958,producto02,Vida grupo particular,F,PEN,1960-01-01,2021-02-16,2027-02-16,0.1,6.0,340.0
c-6701003244964,producto02,Vida grupo particular,F,PEN,1964-05-09,2021-02-16,2025-02-16,0.1,15.0,1200.0
c-6701003244973,producto02,Vida grupo particular,F,PEN,1990-03-02,2021-02-16,2026-02-16,0.1,26.0,1270.0
c-6701003245006,producto02,Vida grupo particular,F,PEN,1982-01-10,2021-02-17,2025-06-17,0.1,42.0,720.0
c-6701003245014,producto02,Vida grupo particular,F,PEN,1981-04-11,2021-02-17,2026-02-17,0.1,51.0,810.0
c-6701003245024,producto02,Vida grupo particular,F,PEN,1961-05-04,2021-02-17,2027-02-17,0.1,102.0,1185.0
c-6701003245028,producto02,Vida grupo particular,F,PEN,1971-09-23,2021-02-17,2025-02-17,0.1,55.0,1350.0
c-6701003245030,producto02,Vida grupo particular,F,PEN,1965-03-06,2021-02-17,2025-02-17,0.1,49.0,1050.0
c-6701003245033,producto02,Vida grupo particular,F,PEN,1944-03-08,2021-02-17,2027-02-17,0.1,28.0,370.0
c-6701003245043,producto02,Vida grupo particular,F,PEN,1963-06-02,2021-02-17,2027-02-17,0.1,3.0,1500.0
c-6701003245051,producto02,Vida grupo particular,F,PEN,1963-07-12,2021-02-17,2025-02-17,0.1,71.0,1500.0
c-6701003245065,producto02,Vida grupo particular,F,PEN,1968-01-06,2021-02-17,2027-02-17,0.1,39.0,470.0
c-6701003245070,producto02,Vida grupo particular,F,PEN,1974-10-18,2021-02-17,2027-02-17,0.1,55.0,720.0
c-6701003245084,producto02,Vida grupo particular,F,PEN,1961-04-26,2021-02-17,2027-02-17,0.1,26.0,435.0
c-6701003245099,producto02,Vida grupo particular,F,PEN,1969-05-08,2021-02-17,2027-02-17,0.1,71.0,810.0
c-6701003245104,producto02,Vida grupo particular,F,PEN,1955-10-10,2021-02-17,2026-02-17,0.1,29.0,400.0
c-6701003245110,producto02,Vida grupo particular,F,PEN,1963-03-20,2021-02-17,2027-02-17,0.1,131.0,2200.0
c-6701003245167,producto02,Vida grupo particular,F,PEN,1983-06-15,2021-02-17,2027-02-17,0.1,33.0,660.0
c-6701003245176,producto02,Vida grupo particular,F,PEN,1963-02-14,2021-02-17,2027-03-17,0.1,24.0,975.0
c-6701003245197,producto02,Vida grupo particular,F,PEN,1985-02-18,2021-02-17,2025-02-17,0.1,2.0,250.0
c-6701003245199,producto02,Vida grupo particular,F,PEN,1962-10-09,2021-02-17,2027-02-17,0.1,47.0,890.0
c-6701003245203,producto02,Vida grupo particular,F,PEN,1975-02-16,2021-02-17,2025-02-17,0.1,9.0,850.0
c-6701003245210,producto02,Vida grupo particular,F,PEN,1968-03-04,2021-02-17,2027-02-17,0.1,47.0,1150.0
c-6701003245221,producto02,Vida grupo particular,F,PEN,1940-06-13,2021-02-17,2025-03-17,0.1,1.0,600.0
c-6701003245224,producto02,Vida grupo particular,F,PEN,1979-11-05,2021-02-17,2027-02-17,0.1,94.0,1100.0
c-6701003245225,producto02,Vida grupo particular,F,PEN,1958-05-29,2021-02-17,2027-02-17,0.1,50.0,900.0
c-6701003245228,producto02,Vida grupo particular,F,PEN,1987-11-01,2021-02-17,2027-02-17,0.1,19.0,610.0
c-6701003245237,producto02,Vida grupo particular,F,PEN,1978-09-05,2021-02-17,2025-03-17,0.1,6.0,950.0
c-6701003245243,producto02,Vida grupo particular,F,PEN,1954-06-22,2021-02-17,2025-02-17,0.1,78.0,1135.0
c-6701003245249,producto02,Vida grupo particular,F,PEN,1974-12-16,2021-02-17,2027-03-17,0.1,53.0,695.0
c-6701003245258,producto02,Vida grupo particular,F,PEN,1993-01-03,2021-02-17,2027-02-17,0.1,48.0,1000.0
c-6701003245262,producto02,Vida grupo particular,F,PEN,1954-07-01,2021-02-17,2027-02-17,0.1,153.0,2050.0
c-6701003245264,producto02,Vida grupo particular,F,PEN,1969-08-25,2021-02-17,2027-02-17,0.1,11.0,200.0
c-6701003245270,producto02,Vida grupo particular,F,PEN,1958-11-24,2021-02-17,2027-02-17,0.1,11.0,920.0
c-6701003245276,producto02,Vida grupo particular,F,PEN,1941-01-12,2021-02-17,2027-02-17,0.1,24.0,1459.8000000000002
c-6701003245277,producto02,Vida grupo particular,F,PEN,1963-10-08,2021-02-17,2027-02-17,0.1,126.0,1650.0
c-6701003245306,producto02,Vida grupo particular,F,PEN,1940-07-29,2021-02-17,2026-02-17,0.1,15.0,850.0
c-6701003245318,producto02,Vida grupo particular,F,PEN,1955-05-13,2021-02-17,2027-02-17,0.1,3.0,790.0
c-6701003245328,producto02,Vida grupo particular,F,PEN,1987-09-05,2021-02-17,2026-02-17,0.1,3.0,420.0
c-6701003245344,producto02,Vida grupo particular,F,PEN,1961-11-04,2021-02-17,2027-02-17,0.1,40.0,605.0
c-6701003245345,producto02,Vida grupo particular,F,PEN,1956-11-13,2021-02-17,2026-02-17,0.1,14.0,400.0
c-6701003245347,producto02,Vida grupo particular,F,PEN,1974-01-02,2021-02-17,2027-02-17,0.1,1.0,1445.0
c-6701003245353,producto02,Vida grupo particular,F,PEN,1973-10-31,2021-02-17,2027-02-17,0.1,62.0,1170.0
c-6701003245354,producto02,Vida grupo particular,F,PEN,1950-03-22,2021-02-17,2026-02-17,0.1,11.0,945.0
c-6701003245361,producto02,Vida grupo particular,F,PEN,1972-02-22,2021-02-17,2027-02-17,0.1,158.0,1990.0
c-6701003245364,producto02,Vida grupo particular,F,PEN,1988-09-09,2021-02-17,2027-02-17,0.1,21.0,390.0
c-6701003245370,producto02,Vida grupo particular,F,PEN,1962-04-16,2021-02-17,2025-02-17,0.1,78.0,1000.0
c-6701003245377,producto02,Vida grupo particular,F,PEN,1946-02-09,2021-02-17,2025-02-17,0.1,63.0,1000.0
c-6701003245395,producto02,Vida grupo particular,F,PEN,1972-08-16,2021-02-17,2026-02-17,0.1,17.0,470.0
c-6701003245399,producto02,Vida grupo particular,F,PEN,1972-07-12,2021-02-17,2027-02-17,0.1,57.0,950.0
c-6701003245405,producto02,Vida grupo particular,F,PEN,1965-09-23,2021-02-17,2025-02-17,0.1,114.0,1525.0
c-6701003245406,producto02,Vida grupo particular,F,PEN,1979-06-02,2021-02-17,2027-02-17,0.1,38.0,795.0
c-6701003245416,producto02,Vida grupo particular,F,PEN,1982-06-23,2021-02-17,2026-02-17,0.1,8.0,615.0
c-6701003245422,producto02,Vida grupo particular,F,PEN,1979-10-28,2021-02-17,2026-02-17,0.1,16.0,400.0
c-6701003245428,producto02,Vida grupo particular,F,PEN,1950-12-21,2021-02-17,2025-02-17,0.1,44.0,1140.0
c-6701003245430,producto02,Vida grupo particular,F,PEN,1959-05-16,2021-02-17,2027-02-17,0.1,47.0,1235.0
c-6701003245447,producto02,Vida grupo particular,F,PEN,1977-07-16,2021-02-17,2026-02-17,0.1,7.0,925.0
c-6701003245452,producto02,Vida grupo particular,F,PEN,1957-10-31,2021-02-18,2027-02-18,0.1,53.0,1950.0
c-6701003245456,producto02,Vida grupo particular,F,PEN,1995-06-29,2021-02-18,2025-02-18,0.1,23.0,570.0
c-6701003245468,producto02,Vida grupo particular,F,PEN,1983-08-15,2021-02-18,2026-02-18,0.1,18.0,420.0
c-6701003245473,producto02,Vida grupo particular,F,PEN,1950-08-11,2021-02-18,2027-02-18,0.1,32.0,630.0
c-6701003245475,producto02,Vida grupo particular,F,PEN,1976-05-04,2021-02-18,2027-02-18,0.1,59.0,755.0
c-6701003245480,producto02,Vida grupo particular,F,PEN,1941-11-08,2021-02-18,2025-03-18,0.1,54.0,850.0
c-6701003245484,producto02,Vida grupo particular,F,PEN,1940-09-14,2021-02-18,2025-02-18,0.1,32.0,750.0
c-6701003245488,producto02,Vida grupo particular,F,PEN,1975-01-19,2021-02-18,2027-02-18,0.1,74.0,950.0
c-6701003245515,producto02,Vida grupo particular,F,PEN,1972-04-01,2021-02-18,2027-02-18,0.1,23.0,1035.0
c-6701003245543,producto02,Vida grupo particular,F,PEN,1974-05-29,2021-02-18,2026-02-18,0.1,36.0,1700.0
c-6701003245553,producto02,Vida grupo particular,F,PEN,1976-07-18,2021-02-18,2027-02-18,0.1,13.0,1050.0
c-6701003245562,producto02,Vida grupo particular,F,PEN,1951-07-06,2021-02-18,2026-02-18,0.1,48.0,1870.0
c-6701003245572,producto02,Vida grupo particular,F,PEN,1978-01-03,2021-02-18,2027-02-18,0.1,13.0,850.0
c-6701003245574,producto02,Vida grupo particular,F,PEN,1961-08-08,2021-02-18,2027-02-18,0.1,15.0,1005.0
c-6701003245578,producto02,Vida grupo particular,F,PEN,1964-08-10,2021-02-18,2025-02-18,0.1,51.0,1050.0
c-6701003245583,producto02,Vida grupo particular,F,PEN,1961-12-17,2021-02-18,2027-02-18,0.1,7.0,405.0
c-6701003245590,producto02,Vida grupo particular,F,PEN,1992-10-31,2021-02-18,2027-03-18,0.1,11.0,1500.0
c-6701003245592,producto02,Vida grupo particular,F,PEN,1959-01-30,2021-02-18,2026-02-18,0.1,96.0,1200.0
c-6701003245601,producto02,Vida grupo particular,F,PEN,1960-03-27,2021-02-18,2027-02-18,0.1,11.0,200.0
c-6701003245618,producto02,Vida grupo particular,F,PEN,1961-10-19,2021-02-18,2026-02-18,0.1,54.0,600.0
c-6701003245638,producto02,Vida grupo particular,F,PEN,1985-11-25,2021-02-18,2027-02-18,0.1,30.0,750.0
c-6701003245653,producto02,Vida grupo particular,F,PEN,1987-07-28,2021-02-18,2025-02-18,0.1,26.0,400.0
c-6701003245658,producto02,Vida grupo particular,F,PEN,1965-04-14,2021-02-18,2025-02-18,0.1,4.0,300.1
c-6701003245675,producto02,Vida grupo particular,F,PEN,1947-08-13,2021-02-18,2027-02-18,0.1,39.0,815.0
c-6701003245679,producto02,Vida grupo particular,F,PEN,1965-07-16,2021-02-18,2027-02-18,0.1,29.0,495.0
c-6701003245687,producto02,Vida grupo particular,F,PEN,1955-01-12,2021-02-18,2027-02-18,0.1,19.0,500.0
c-6701003245693,producto02,Vida grupo particular,F,PEN,1967-05-02,2021-02-18,2025-02-18,0.1,19.0,525.0
c-6701003245718,producto02,Vida grupo particular,F,PEN,1971-11-07,2021-02-18,2026-02-18,0.1,69.0,1000.0
c-6701003245719,producto02,Vida grupo particular,F,PEN,1971-01-01,2021-02-18,2025-02-18,0.1,64.0,850.0
c-6701003245738,producto02,Vida grupo particular,F,PEN,1969-01-19,2021-02-18,2026-02-18,0.1,39.0,1050.0
c-6701003245743,producto02,Vida grupo particular,F,PEN,1994-03-19,2021-02-18,2025-03-18,0.1,5.0,730.0
c-6701003245755,producto02,Vida grupo particular,F,PEN,1977-05-29,2021-02-18,2027-02-18,0.1,30.0,575.0
c-6701003245758,producto02,Vida grupo particular,F,PEN,1968-06-24,2021-02-18,2026-02-18,0.1,56.0,1105.0
c-6701003245762,producto02,Vida grupo particular,F,PEN,1948-10-17,2021-02-18,2027-02-18,0.1,29.0,700.0
c-6701003245765,producto02,Vida grupo particular,F,PEN,1972-06-14,2021-02-18,2025-02-18,0.1,53.0,1650.0
c-6701003245770,producto02,Vida grupo particular,F,PEN,1950-12-18,2021-02-18,2026-02-18,0.1,156.0,1750.0
c-6701003245772,producto02,Vida grupo particular,F,PEN,1993-10-16,2021-02-18,2027-02-18,0.1,4.0,835.0
c-6701003245775,producto02,Vida grupo particular,F,PEN,1968-11-06,2021-02-18,2026-02-18,0.1,14.0,1050.0
c-6701003245786,producto02,Vida grupo particular,F,PEN,1991-06-13,2021-02-18,2027-02-18,0.1,17.0,550.0
c-6701003245790,producto02,Vida grupo particular,F,PEN,1961-08-28,2021-02-18,2027-02-18,0.1,74.0,1280.0
c-6701003245793,producto02,Vida grupo particular,F,PEN,1988-11-21,2021-02-18,2026-02-18,0.1,32.0,365.0
c-6701003245802,producto02,Vida grupo particular,F,PEN,1986-09-22,2021-02-18,2027-02-18,0.1,9.0,445.0
c-6701003245804,producto02,Vida grupo particular,F,PEN,1980-04-21,2021-02-18,2026-02-18,0.1,31.0,500.0
c-6701003245809,producto02,Vida grupo particular,F,PEN,1984-06-21,2021-02-18,2025-02-18,0.1,18.0,850.0
c-6701003245830,producto02,Vida grupo particular,F,PEN,1945-03-12,2021-02-18,2025-02-18,0.1,49.0,2050.0
c-6701003245845,producto02,Vida grupo particular,F,PEN,1970-02-12,2021-02-19,2027-02-19,0.1,28.0,1560.0
c-6701003245884,producto02,Vida grupo particular,F,PEN,1974-04-20,2021-02-19,2027-02-19,0.1,45.0,1530.0
c-6701003245885,producto02,Vida grupo particular,F,PEN,1941-07-30,2021-02-19,2025-02-19,0.1,162.0,1925.0
c-6701003245887,producto02,Vida grupo particular,F,PEN,1991-06-19,2021-02-19,2027-02-19,0.1,14.0,915.0
c-6701003245890,producto02,Vida grupo particular,F,PEN,1940-03-27,2021-02-19,2025-01-19,0.1,37.0,1820.0
c-6701003245892,producto02,Vida grupo particular,F,PEN,1981-09-18,2021-02-19,2026-02-19,0.1,22.0,1500.0
c-6701003245913,producto02,Vida grupo particular,F,PEN,1945-08-15,2021-02-19,2027-02-19,0.1,114.0,1355.0
c-6701003245914,producto02,Vida grupo particular,F,PEN,1954-02-08,2021-02-19,2025-02-19,0.1,14.0,200.0
c-6701003245916,producto02,Vida grupo particular,F,PEN,1968-12-19,2021-02-19,2027-02-19,0.1,51.0,700.0
c-6701003245926,producto02,Vida grupo particular,F,PEN,1965-06-12,2021-02-19,2027-03-19,0.1,54.0,850.0
c-6701003245927,producto02,Vida grupo particular,F,PEN,1989-12-23,2021-02-19,2025-02-19,0.1,14.0,850.0
c-6701003245930,producto02,Vida grupo particular,F,PEN,1965-03-10,2021-02-19,2027-02-19,0.1,35.0,800.0
c-6701003245936,producto02,Vida grupo particular,F,PEN,1983-10-05,2021-02-19,2026-02-19,0.1,33.0,700.0
c-6701003245946,producto02,Vida grupo particular,F,PEN,1944-10-26,2021-02-19,2026-02-19,0.1,93.0,1050.0
c-6701003245957,producto02,Vida grupo particular,F,PEN,1964-07-18,2021-02-19,2027-03-19,0.1,108.0,1650.0
c-6701003245958,producto02,Vida grupo particular,F,PEN,1976-12-12,2021-02-19,2027-02-19,0.1,14.0,500.0
c-6701003245962,producto02,Vida grupo particular,F,PEN,1995-04-03,2021-02-19,2027-02-19,0.1,50.0,945.0
c-6701003245973,producto02,Vida grupo particular,F,PEN,1963-01-09,2021-02-19,2027-02-19,0.1,62.0,1350.0
c-6701003245980,producto02,Vida grupo particular,F,PEN,1987-06-24,2021-02-19,2027-02-19,0.1,74.0,830.0
c-6701003245983,producto02,Vida grupo particular,F,PEN,1993-03-15,2021-02-19,2027-02-19,0.1,34.0,700.1
c-6701003245987,producto02,Vida grupo particular,F,PEN,1968-09-20,2021-02-19,2026-02-19,0.1,43.0,650.0
c-6701003245998,producto02,Vida grupo particular,F,PEN,1968-09-18,2021-02-19,2025-02-19,0.1,31.0,850.0
c-6701003246003,producto02,Vida grupo particular,F,PEN,1990-12-29,2021-02-19,2026-02-19,0.1,107.0,1195.0
c-6701003246010,producto02,Vida grupo particular,F,PEN,1964-08-21,2021-02-19,2025-02-19,0.1,58.0,850.0
c-6701003246015,producto02,Vida grupo particular,F,PEN,1979-07-20,2021-02-19,2026-02-19,0.1,51.0,600.0
c-6701003246022,producto02,Vida grupo particular,F,PEN,1972-11-28,2021-02-19,2027-03-19,0.1,25.0,500.0
c-6701003246053,producto02,Vida grupo particular,F,PEN,1956-12-22,2021-02-19,2025-03-19,0.1,137.0,1630.0
c-6701003246056,producto02,Vida grupo particular,F,PEN,1953-01-22,2021-02-19,2027-02-19,0.1,32.0,875.0
c-6701003246057,producto02,Vida grupo particular,F,PEN,1951-05-06,2021-02-19,2027-02-19,0.1,57.0,1010.0
c-6701003246075,producto02,Vida grupo particular,F,PEN,1983-03-08,2021-02-19,2027-02-19,0.1,17.0,529.8000000000001
c-6701003246088,producto02,Vida grupo particular,F,PEN,1975-10-26,2021-02-19,2026-02-19,0.1,12.0,525.0
c-6701003246104,producto02,Vida grupo particular,F,PEN,1971-10-12,2021-02-19,2026-02-19,0.1,56.0,950.0
c-6701003246108,producto02,Vida grupo particular,F,PEN,1972-03-12,2021-02-19,2027-02-19,0.1,1.0,635.0
c-6701003246118,producto02,Vida grupo particular,F,PEN,1996-09-08,2021-02-19,2027-02-19,0.1,25.0,500.0
c-6701003246135,producto02,Vida grupo particular,F,PEN,1977-09-22,2021-02-19,2025-02-19,0.1,42.0,950.0
c-6701003246143,producto02,Vida grupo particular,F,PEN,1940-07-11,2021-02-19,2027-02-19,0.1,74.0,1130.0
c-6701003246178,producto02,Vida grupo particular,F,PEN,1958-10-17,2021-02-19,2025-02-19,0.1,29.0,950.0
c-6701003246194,producto02,Vida grupo particular,F,PEN,1974-08-25,2021-02-19,2025-02-19,0.1,28.0,1150.0
c-6701003246202,producto02,Vida grupo particular,F,PEN,1948-07-21,2021-02-19,2027-02-19,0.1,13.0,1850.0
c-6701003246240,producto02,Vida grupo particular,F,PEN,1955-07-13,2021-02-19,2027-02-19,0.1,46.0,1050.0
c-6701003246268,producto02,Vida grupo particular,F,PEN,1991-10-24,2021-02-19,2026-02-19,0.1,19.0,390.0
c-6701003246282,producto02,Vida grupo particular,F,PEN,1973-07-22,2021-02-20,2027-02-20,0.1,50.0,1050.0
c-6701003246296,producto02,Vida grupo particular,F,PEN,1985-11-21,2021-02-20,2025-03-20,0.1,23.0,850.0
c-6701003246319,producto02,Vida grupo particular,F,PEN,1963-06-04,2021-02-20,2027-02-20,0.1,45.0,1000.0
c-6701003246331,producto02,Vida grupo particular,F,PEN,1951-03-11,2021-02-20,2027-02-20,0.1,10.0,455.0
c-6701003246345,producto02,Vida grupo particular,F,PEN,1971-07-30,2021-02-20,2027-02-20,0.1,33.0,515.0
c-6701003246351,producto02,Vida grupo particular,F,PEN,1957-06-30,2021-02-20,2025-02-20,0.1,70.0,950.0
c-6701003246353,producto02,Vida grupo particular,F,PEN,1952-04-25,2021-02-20,2026-02-20,0.1,35.0,405.0
c-6701003246374,producto02,Vida grupo particular,F,PEN,1992-05-09,2021-02-20,2024-11-20,0.1,5.0,1000.0
c-6701003246390,producto02,Vida grupo particular,F,PEN,1964-03-05,2021-02-20,2027-03-20,0.1,46.0,700.0
c-6701003246396,producto02,Vida grupo particular,F,PEN,1972-05-10,2021-02-20,2027-02-20,0.1,30.0,1055.0
c-6701003246427,producto02,Vida grupo particular,F,PEN,1981-10-01,2021-02-20,2027-02-20,0.1,56.0,1000.0
c-6701003246429,producto02,Vida grupo particular,F,PEN,1981-06-20,2021-02-20,2027-03-20,0.1,1.0,395.0
c-6701003246431,producto02,Vida grupo particular,F,PEN,1998-04-28,2021-02-20,2026-02-20,0.1,15.0,375.0
c-6701003246450,producto02,Vida grupo particular,F,PEN,1960-11-21,2021-02-20,2025-03-20,0.1,41.0,500.0
c-6701003246455,producto02,Vida grupo particular,F,PEN,1960-03-26,2021-02-20,2027-02-20,0.1,14.0,540.0
c-6701003246486,producto02,Vida grupo particular,F,PEN,1976-05-06,2021-02-20,2027-02-20,0.1,45.0,1050.0
c-6701003246487,producto02,Vida grupo particular,F,PEN,1974-01-02,2021-02-20,2027-02-20,0.1,17.0,775.0
c-6701003246506,producto02,Vida grupo particular,F,PEN,1973-05-21,2021-02-20,2027-02-20,0.1,21.0,440.0
c-6701003246525,producto02,Vida grupo particular,F,PEN,1979-01-01,2021-02-22,2027-02-22,0.1,72.0,1050.0
c-6701003246527,producto02,Vida grupo particular,F,PEN,1978-05-15,2021-02-22,2027-02-22,0.1,34.0,875.0
c-6701003246536,producto02,Vida grupo particular,F,PEN,1946-09-24,2021-02-22,2027-02-22,0.1,126.0,1675.0
c-6701003246552,producto02,Vida grupo particular,F,PEN,1948-09-17,2021-02-22,2025-02-22,0.1,39.0,1550.0
c-6701003246562,producto02,Vida grupo particular,F,PEN,1976-09-02,2021-02-22,2027-03-22,0.1,70.0,1050.0
c-6701003246571,producto02,Vida grupo particular,F,PEN,1980-09-24,2021-02-22,2026-02-22,0.1,65.0,1050.0
c-6701003246575,producto02,Vida grupo particular,F,PEN,1950-10-04,2021-02-22,2027-02-22,0.1,58.0,1685.0
c-6701003246587,producto02,Vida grupo particular,F,PEN,1957-05-01,2021-02-22,2025-02-22,0.1,49.0,1200.0
c-6701003246598,producto02,Vida grupo particular,F,PEN,1956-07-02,2021-02-22,2026-02-22,0.1,11.0,1050.0
c-6701003246606,producto02,Vida grupo particular,F,PEN,1967-01-08,2021-02-22,2025-02-22,0.1,9.0,1108.0
c-6701003246634,producto02,Vida grupo particular,F,PEN,1969-03-11,2021-02-22,2027-02-22,0.1,28.0,1200.0
c-6701003246655,producto02,Vida grupo particular,F,PEN,1972-05-23,2021-02-22,2025-02-22,0.1,17.0,600.0
c-6701003246661,producto02,Vida grupo particular,F,PEN,1986-10-16,2021-02-22,2025-02-22,0.1,85.0,1125.0
c-6701003246671,producto02,Vida grupo particular,F,PEN,1966-12-18,2021-02-22,2026-02-22,0.1,19.0,1470.0
c-6701003246706,producto02,Vida grupo particular,F,PEN,1965-11-11,2021-02-22,2025-02-22,0.1,50.0,800.0
c-6701003246718,producto02,Vida grupo particular,F,PEN,1976-05-13,2021-02-22,2027-02-22,0.1,2.0,500.0
c-6701003246720,producto02,Vida grupo particular,F,PEN,1987-02-24,2021-02-22,2027-02-22,0.1,50.0,1050.0
c-6701003246722,producto02,Vida grupo particular,F,PEN,1970-04-23,2021-02-22,2027-02-22,0.1,41.0,1200.0
c-6701003246753,producto02,Vida grupo particular,F,PEN,1959-04-05,2021-02-22,2026-03-22,0.1,43.0,700.0
c-6701003246758,producto02,Vida grupo particular,F,PEN,1981-01-19,2021-02-22,2025-02-22,0.1,57.0,1050.0
c-6701003246766,producto02,Vida grupo particular,F,PEN,1960-11-18,2021-02-22,2025-02-22,0.1,8.0,1575.0
c-6701003246786,producto02,Vida grupo particular,F,PEN,1983-08-21,2021-02-22,2026-02-22,0.1,44.0,1050.0
c-6701003246792,producto02,Vida grupo particular,F,PEN,1941-05-13,2021-02-22,2026-03-22,0.1,18.0,1915.0
c-6701003246793,producto02,Vida grupo particular,F,PEN,1942-07-13,2021-02-22,2025-02-22,0.1,55.0,1055.0
c-6701003246805,producto02,Vida grupo particular,F,PEN,1972-12-13,2021-02-22,2025-02-22,0.1,41.0,1000.0
c-6701003246835,producto02,Vida grupo particular,F,PEN,1985-05-25,2021-02-22,2027-03-22,0.1,34.0,399.9
c-6701003246840,producto02,Vida grupo particular,F,PEN,1963-01-10,2021-02-22,2027-02-22,0.1,63.0,960.0
c-6701003246846,producto02,Vida grupo particular,F,PEN,1940-02-24,2021-02-22,2027-02-22,0.1,15.0,2010.0
c-6701003246852,producto02,Vida grupo particular,F,PEN,1940-08-01,2021-02-22,2027-02-22,0.1,58.0,2015.0
c-6701003246865,producto02,Vida grupo particular,F,PEN,1974-10-23,2021-02-22,2025-02-22,0.1,41.0,600.0
c-6701003246877,producto02,Vida grupo particular,F,PEN,1962-01-16,2021-02-22,2027-02-22,0.1,113.0,1560.0
c-6701003246881,producto02,Vida grupo particular,F,PEN,1950-03-04,2021-02-22,2027-02-22,0.1,22.0,1325.0
c-6701003246882,producto02,Vida grupo particular,F,PEN,1971-09-27,2021-02-22,2027-02-22,0.1,10.0,995.0
c-6701003246888,producto02,Vida grupo particular,F,PEN,1982-01-23,2021-02-22,2025-02-22,0.1,73.0,1350.0
c-6701003246902,producto02,Vida grupo particular,F,PEN,1980-07-04,2021-02-22,2027-02-22,0.1,4.0,1200.0
c-6701003246913,producto02,Vida grupo particular,F,PEN,1988-05-02,2021-02-22,2027-03-22,0.1,48.0,850.0
c-6701003246915,producto02,Vida grupo particular,F,PEN,1986-04-24,2021-02-22,2025-02-22,0.1,44.0,515.0
c-6701003246933,producto02,Vida grupo particular,F,PEN,1972-08-03,2021-02-22,2027-02-22,0.1,4.0,360.0
c-6701003246945,producto02,Vida grupo particular,F,PEN,1969-11-11,2021-02-23,2026-02-23,0.1,88.0,1090.0
c-6701003246947,producto02,Vida grupo particular,F,PEN,1980-07-10,2021-02-23,2027-02-23,0.1,58.0,1050.0
c-6701003246951,producto02,Vida grupo particular,F,PEN,1982-09-25,2021-02-23,2027-02-23,0.1,14.0,1160.0
c-6701003246965,producto02,Vida grupo particular,F,PEN,1982-09-14,2021-02-23,2025-02-23,0.1,70.0,850.0
c-6701003246974,producto02,Vida grupo particular,F,PEN,1966-02-15,2021-02-23,2025-02-23,0.1,149.0,1850.0
c-6701003246997,producto02,Vida grupo particular,F,PEN,1961-11-30,2021-02-23,2027-02-23,0.1,47.0,1550.0
c-6701003247014,producto02,Vida grupo particular,F,PEN,1966-09-15,2021-02-23,2027-02-23,0.1,22.0,530.0
c-6701003247050,producto02,Vida grupo particular,F,PEN,1959-11-08,2021-02-23,2027-02-23,0.1,20.0,250.0
c-6701003247055,producto02,Vida grupo particular,F,PEN,1950-06-15,2021-02-23,2025-03-23,0.1,32.0,785.0
c-6701003247060,producto02,Vida grupo particular,F,PEN,1960-11-28,2021-02-23,2027-02-23,0.1,2.0,670.0
c-6701003247064,producto02,Vida grupo particular,F,PEN,1987-11-23,2021-02-23,2027-02-23,0.1,19.0,700.0
c-6701003247069,producto02,Vida grupo particular,F,PEN,1955-02-18,2021-02-23,2027-03-23,0.1,133.0,1550.0
c-6701003247090,producto02,Vida grupo particular,F,PEN,1968-04-26,2021-02-23,2027-02-23,0.1,68.0,795.0
c-6701003247091,producto02,Vida grupo particular,F,PEN,1949-05-04,2021-02-23,2025-02-23,0.1,47.0,850.0
c-6701003247092,producto02,Vida grupo particular,F,PEN,1966-03-05,2021-02-23,2027-03-23,0.1,61.0,700.0
c-6701003247097,producto02,Vida grupo particular,F,PEN,1983-08-15,2021-02-23,2027-03-23,0.1,1.0,1050.0
c-6701003247111,producto02,Vida grupo particular,F,PEN,1978-11-07,2021-02-23,2027-02-23,0.1,59.0,1050.0
c-6701003247116,producto02,Vida grupo particular,F,PEN,1974-07-21,2021-02-23,2027-02-23,0.1,72.0,1165.0
c-6701003247117,producto02,Vida grupo particular,F,PEN,1952-10-31,2021-02-23,2027-02-23,0.1,33.0,650.0
c-6701003247122,producto02,Vida grupo particular,F,PEN,1981-08-28,2021-02-23,2026-02-23,0.1,27.0,700.0
c-6701003247138,producto02,Vida grupo particular,F,PEN,1970-05-03,2021-02-23,2027-02-23,0.1,35.0,500.0
c-6701003247139,producto02,Vida grupo particular,F,PEN,1973-05-20,2021-02-23,2025-02-23,0.1,23.0,500.0
c-6701003247143,producto02,Vida grupo particular,F,PEN,1978-09-30,2021-02-23,2027-02-23,0.1,47.0,925.0
c-6701003247145,producto02,Vida grupo particular,F,PEN,1987-09-15,2021-02-23,2025-09-23,0.1,71.0,845.0
c-6701003247152,producto02,Vida grupo particular,F,PEN,1958-07-07,2021-02-23,2026-02-23,0.1,33.0,2700.0
c-6701003247163,producto02,Vida grupo particular,F,PEN,1975-08-19,2021-02-23,2025-02-23,0.1,24.0,700.0
c-6701003247169,producto02,Vida grupo particular,F,PEN,1966-03-06,2021-02-23,2027-02-23,0.1,17.0,1030.0
c-6701003247172,producto02,Vida grupo particular,F,PEN,1963-09-28,2021-02-23,2025-02-23,0.1,50.0,700.0
c-6701003247174,producto02,Vida grupo particular,F,PEN,1963-05-21,2021-02-23,2027-02-23,0.1,2.0,500.0
c-6701003247192,producto02,Vida grupo particular,F,PEN,1958-08-04,2021-02-23,2027-03-23,0.1,26.0,350.0
c-6701003247194,producto02,Vida grupo particular,F,PEN,1971-06-25,2021-02-23,2027-02-23,0.1,1.0,585.0
c-6701003247199,producto02,Vida grupo particular,F,PEN,1955-09-13,2021-02-23,2026-02-23,0.1,30.0,1500.0
c-6701003247203,producto02,Vida grupo particular,F,PEN,1967-01-01,2021-02-23,2026-02-23,0.1,108.0,1700.0
c-6701003247208,producto02,Vida grupo particular,F,PEN,1996-05-19,2021-02-23,2026-02-23,0.1,43.0,500.0
c-6701003247210,producto02,Vida grupo particular,F,PEN,1962-10-23,2021-02-23,2027-02-23,0.1,1.0,1450.0
c-6701003247219,producto02,Vida grupo particular,F,PEN,1972-06-18,2021-02-23,2026-02-23,0.1,21.0,500.0
c-6701003247220,producto02,Vida grupo particular,F,PEN,1966-01-12,2021-02-23,2027-02-23,0.1,34.0,500.0
c-6701003247222,producto02,Vida grupo particular,F,PEN,1947-02-27,2021-02-23,2026-02-23,0.1,35.0,750.0
c-6701003247228,producto02,Vida grupo particular,F,PEN,1987-02-10,2021-02-23,2025-02-23,0.1,49.0,950.0
c-6701003247230,producto02,Vida grupo particular,F,PEN,1964-05-01,2021-02-23,2027-02-23,0.1,50.0,655.0
c-6701003247237,producto02,Vida grupo particular,F,PEN,1977-06-14,2021-02-23,2026-02-23,0.1,13.0,500.0
c-6701003247249,producto02,Vida grupo particular,F,PEN,1940-07-09,2021-02-23,2025-05-23,0.1,67.0,1170.0
c-6701003247250,producto02,Vida grupo particular,F,PEN,1985-07-16,2021-02-23,2027-03-23,0.1,70.0,1120.0
c-6701003247255,producto02,Vida grupo particular,F,PEN,1959-12-27,2021-02-23,2027-02-23,0.1,43.0,1295.0
c-6701003247268,producto02,Vida grupo particular,F,PEN,1964-12-16,2021-02-23,2027-02-23,0.1,40.0,935.0
c-6701003247294,producto02,Vida grupo particular,F,PEN,1975-11-15,2021-02-23,2025-02-23,0.1,4.0,500.0
c-6701003247298,producto02,Vida grupo particular,F,PEN,1988-06-12,2021-02-23,2025-02-23,0.1,30.0,1500.0
c-6701003247300,producto02,Vida grupo particular,F,PEN,1964-09-24,2021-02-23,2027-02-23,0.1,19.0,1700.0
c-6701003247301,producto02,Vida grupo particular,F,PEN,1968-05-18,2021-02-23,2026-02-23,0.1,69.0,1220.0
c-6701003247304,producto02,Vida grupo particular,F,PEN,1963-10-15,2021-02-23,2026-02-23,0.1,61.0,1200.0
c-6701003247308,producto02,Vida grupo particular,F,PEN,1974-02-15,2021-02-23,2025-02-23,0.1,113.0,1660.0
c-6701003247312,producto02,Vida grupo particular,F,PEN,1984-04-30,2021-02-23,2025-02-23,0.1,27.0,300.0
c-6701003247318,producto02,Vida grupo particular,F,PEN,1967-12-27,2021-02-24,2027-02-24,0.1,20.0,525.0
c-6701003247324,producto02,Vida grupo particular,F,PEN,1945-07-30,2021-02-24,2027-02-24,0.1,43.0,1135.0
c-6701003247327,producto02,Vida grupo particular,F,PEN,1997-09-14,2021-02-24,2026-02-24,0.1,52.0,700.1
c-6701003247330,producto02,Vida grupo particular,F,PEN,1973-07-25,2021-02-24,2027-02-24,0.1,19.0,570.0
c-6701003247344,producto02,Vida grupo particular,F,PEN,1952-06-25,2021-02-24,2027-02-24,0.1,11.0,465.0
c-6701003247356,producto02,Vida grupo particular,F,PEN,1978-04-01,2021-02-24,2026-02-24,0.1,8.0,385.0
c-6701003247357,producto02,Vida grupo particular,F,PEN,1982-09-03,2021-02-24,2027-03-24,0.1,73.0,1020.0
c-6701003247362,producto02,Vida grupo particular,F,PEN,1948-05-27,2021-02-24,2027-02-24,0.1,53.0,1075.0
c-6701003247365,producto02,Vida grupo particular,F,PEN,1984-05-09,2021-02-24,2027-02-24,0.1,3.0,370.0
c-6701003247369,producto02,Vida grupo particular,F,PEN,1994-03-14,2021-02-24,2025-02-24,0.1,5.0,431.4500000000001
c-6701003247380,producto02,Vida grupo particular,F,PEN,1981-12-31,2021-02-24,2026-03-24,0.1,91.0,1500.0
c-6701003247397,producto02,Vida grupo particular,F,PEN,1943-05-05,2021-02-24,2027-02-24,0.1,45.0,560.0
c-6701003247398,producto02,Vida grupo particular,F,PEN,1996-09-11,2021-02-24,2025-03-24,0.1,37.0,850.0
c-6701003247401,producto02,Vida grupo particular,F,PEN,1987-07-03,2021-02-24,2027-03-24,0.1,50.0,735.0
c-6701003247418,producto02,Vida grupo particular,F,PEN,1976-08-13,2021-02-24,2026-02-24,0.1,33.0,849.2
c-6701003247471,producto02,Vida grupo particular,F,PEN,1941-07-04,2021-02-24,2027-02-24,0.1,76.0,2205.0
c-6701003247478,producto02,Vida grupo particular,F,PEN,1977-06-15,2021-02-24,2025-02-24,0.1,91.0,3640.0
c-6701003247479,producto02,Vida grupo particular,F,PEN,1951-01-10,2021-02-24,2027-02-24,0.1,78.0,1360.0
c-6701003247490,producto02,Vida grupo particular,F,PEN,1982-02-06,2021-02-24,2027-02-24,0.1,53.0,950.0
c-6701003247491,producto02,Vida grupo particular,F,PEN,1956-06-26,2021-02-24,2027-02-24,0.1,4.0,1560.0
c-6701003247493,producto02,Vida grupo particular,F,PEN,1967-10-02,2021-02-24,2027-02-24,0.1,115.0,1330.0
c-6701003247499,producto02,Vida grupo particular,F,PEN,1950-03-10,2021-02-24,2025-02-24,0.1,4.0,850.0
c-6701003247516,producto02,Vida grupo particular,F,PEN,1985-01-20,2021-02-24,2027-02-24,0.1,108.0,1485.0
c-6701003247519,producto02,Vida grupo particular,F,PEN,1973-07-06,2021-02-24,2027-02-24,0.1,49.0,575.0
c-6701003247522,producto02,Vida grupo particular,F,PEN,1962-05-12,2021-02-24,2025-02-24,0.1,6.0,1000.0
c-6701003247550,producto02,Vida grupo particular,F,PEN,1947-05-14,2021-02-24,2025-02-24,0.1,98.0,1200.0
c-6701003247556,producto02,Vida grupo particular,F,PEN,1987-12-14,2021-02-24,2027-02-24,0.1,56.0,750.0
c-6701003247570,producto02,Vida grupo particular,F,PEN,1966-08-26,2021-02-24,2027-02-24,0.1,67.0,1140.0
c-6701003247594,producto02,Vida grupo particular,F,PEN,1969-11-26,2021-02-24,2025-02-24,0.1,36.0,1000.0
c-6701003247597,producto02,Vida grupo particular,F,PEN,1954-02-04,2021-02-24,2027-02-24,0.1,92.0,1050.0
c-6701003247612,producto02,Vida grupo particular,F,PEN,1968-02-18,2021-02-24,2025-02-24,0.1,30.0,1850.0
c-6701003247623,producto02,Vida grupo particular,F,PEN,1984-04-16,2021-02-24,2027-02-24,0.1,59.0,675.0
c-6701003247628,producto02,Vida grupo particular,F,PEN,1967-11-02,2021-02-24,2025-11-24,0.1,66.0,1045.0
c-6701003247636,producto02,Vida grupo particular,F,PEN,1968-12-10,2021-02-24,2025-02-24,0.1,10.0,300.0
c-6701003247642,producto02,Vida grupo particular,F,PEN,1972-08-22,2021-02-24,2027-02-24,0.1,15.0,1150.0
c-6701003247658,producto02,Vida grupo particular,F,PEN,1980-11-06,2021-02-24,2025-02-24,0.1,46.0,700.0
c-6701003247666,producto02,Vida grupo particular,F,PEN,1984-12-09,2021-02-24,2027-02-24,0.1,2.0,1050.0
c-6701003247669,producto02,Vida grupo particular,F,PEN,1959-07-14,2021-02-24,2026-03-24,0.1,11.0,970.0
c-6701003247672,producto02,Vida grupo particular,F,PEN,1958-08-17,2021-02-24,2027-02-24,0.1,110.0,1255.0
c-6701003247674,producto02,Vida grupo particular,F,PEN,1984-10-04,2021-02-24,2027-02-24,0.1,10.0,705.0
c-6701003247677,producto02,Vida grupo particular,F,PEN,1976-11-04,2021-02-24,2025-02-24,0.1,38.0,700.0
c-6701003247679,producto02,Vida grupo particular,F,PEN,1983-07-11,2021-02-24,2025-02-24,0.1,41.0,700.0
c-6701003247693,producto02,Vida grupo particular,F,PEN,1978-05-02,2021-02-24,2027-03-24,0.1,17.0,665.0
c-6701003247710,producto02,Vida grupo particular,F,PEN,1950-06-09,2021-02-24,2027-02-24,0.1,7.0,450.0
c-6701003247721,producto02,Vida grupo particular,F,PEN,1949-03-28,2021-02-24,2027-02-24,0.1,36.0,750.0
c-6701003247723,producto02,Vida grupo particular,F,PEN,1959-04-08,2021-02-24,2025-02-24,0.1,88.0,1050.0
c-6701003247734,producto02,Vida grupo particular,F,PEN,1985-12-20,2021-02-24,2027-02-24,0.1,63.0,1150.0
c-6701003247740,producto02,Vida grupo particular,F,PEN,1958-11-26,2021-02-24,2025-02-24,0.1,28.0,850.0
c-6701003247741,producto02,Vida grupo particular,F,PEN,1976-04-17,2021-02-24,2027-02-24,0.1,18.0,500.0
c-6701003247743,producto02,Vida grupo particular,F,PEN,1973-03-25,2021-02-24,2026-02-24,0.1,10.0,350.0
c-6701003247757,producto02,Vida grupo particular,F,PEN,1956-10-26,2021-02-25,2025-03-25,0.1,125.0,1500.0
c-6701003247780,producto02,Vida grupo particular,F,PEN,1982-08-20,2021-02-25,2025-02-25,0.1,30.0,500.0
c-6701003247795,producto02,Vida grupo particular,F,PEN,1948-05-24,2021-02-25,2027-02-25,0.1,92.0,1280.0
c-6701003247797,producto02,Vida grupo particular,F,PEN,1943-09-15,2021-02-25,2025-02-25,0.1,53.0,700.0
c-6701003247809,producto02,Vida grupo particular,F,PEN,1958-07-01,2021-02-25,2027-02-25,0.1,80.0,1155.0
c-6701003247820,producto02,Vida grupo particular,F,PEN,1980-04-30,2021-02-25,2027-02-25,0.1,32.0,720.0
c-6701003247856,producto02,Vida grupo particular,F,PEN,1947-03-18,2021-02-25,2027-02-25,0.1,84.0,1500.0
c-6701003247866,producto02,Vida grupo particular,F,PEN,1952-06-20,2021-02-25,2027-02-25,0.1,150.0,2800.0
c-6701003247870,producto02,Vida grupo particular,F,PEN,1966-08-04,2021-02-25,2027-02-25,0.1,81.0,950.0
c-6701003247896,producto02,Vida grupo particular,F,PEN,1945-06-24,2021-02-25,2027-02-25,0.1,1.0,900.0
c-6701003247905,producto02,Vida grupo particular,F,PEN,1940-08-07,2021-02-25,2026-02-25,0.1,10.0,315.0
c-6701003247932,producto02,Vida grupo particular,F,PEN,1979-02-26,2021-02-25,2026-02-25,0.1,30.0,595.0
c-6701003247940,producto02,Vida grupo particular,F,PEN,1968-05-31,2021-02-25,2025-10-25,0.1,15.0,610.0
c-6701003247946,producto02,Vida grupo particular,F,PEN,1968-10-10,2021-02-25,2027-02-25,0.1,8.0,1120.0
c-6701003247956,producto02,Vida grupo particular,F,PEN,1973-10-28,2021-02-25,2026-02-25,0.1,33.0,850.0
c-6701003247975,producto02,Vida grupo particular,F,PEN,1960-03-29,2021-02-25,2026-02-25,0.1,42.0,850.0
c-6701003247989,producto02,Vida grupo particular,F,PEN,1984-03-02,2021-02-25,2027-02-25,0.1,49.0,1050.0
c-6701003247993,producto02,Vida grupo particular,F,PEN,1962-02-20,2021-02-25,2026-02-25,0.1,44.0,700.0
c-6701003247995,producto02,Vida grupo particular,F,PEN,1979-08-19,2021-02-25,2027-02-25,0.1,2.0,810.0
c-6701003247998,producto02,Vida grupo particular,F,PEN,1985-04-17,2021-02-25,2027-02-25,0.1,15.0,395.0
c-6701003248017,producto02,Vida grupo particular,F,PEN,1960-04-01,2021-02-25,2026-02-25,0.1,47.0,1050.0
c-6701003248028,producto02,Vida grupo particular,F,PEN,1976-11-19,2021-02-25,2026-02-25,0.1,16.0,850.0
c-6701003248036,producto02,Vida grupo particular,F,PEN,1987-11-03,2021-02-25,2027-03-25,0.1,46.0,775.0
c-6701003248044,producto02,Vida grupo particular,F,PEN,1989-08-08,2021-02-25,2026-02-25,0.1,23.0,480.0
c-6701003248046,producto02,Vida grupo particular,F,PEN,1949-10-08,2021-02-25,2026-02-25,0.1,25.0,475.0
c-6701003248058,producto02,Vida grupo particular,F,PEN,1945-02-19,2021-02-25,2027-02-25,0.1,25.0,535.0
c-6701003248060,producto02,Vida grupo particular,F,PEN,1973-07-28,2021-02-25,2025-02-25,0.1,21.0,840.0
c-6701003248072,producto02,Vida grupo particular,F,PEN,1975-02-17,2021-02-25,2027-02-25,0.1,30.0,800.0
c-6701003248086,producto02,Vida grupo particular,F,PEN,1946-09-01,2021-02-25,2025-02-25,0.1,12.0,1560.0
c-6701003248091,producto02,Vida grupo particular,F,PEN,1966-02-08,2021-02-25,2025-02-25,0.1,25.0,600.0
c-6701003248096,producto02,Vida grupo particular,F,PEN,1968-08-28,2021-02-25,2027-02-25,0.1,44.0,845.0
c-6701003248100,producto02,Vida grupo particular,F,PEN,1985-02-27,2021-02-25,2027-02-25,0.1,30.0,820.0
c-6701003248139,producto02,Vida grupo particular,F,PEN,1955-06-26,2021-02-25,2025-03-25,0.1,21.0,1500.0
c-6701003248154,producto02,Vida grupo particular,F,PEN,1967-05-31,2021-02-25,2025-03-25,0.1,3.0,1750.0
c-6701003248157,producto02,Vida grupo particular,F,PEN,1968-11-09,2021-02-25,2027-02-25,0.1,22.0,465.0
c-6701003248158,producto02,Vida grupo particular,F,PEN,1952-11-14,2021-02-25,2027-02-25,0.1,58.0,1000.0
c-6701003248165,producto02,Vida grupo particular,F,PEN,1977-09-27,2021-02-25,2027-02-25,0.1,85.0,1700.0
c-6701003248171,producto02,Vida grupo particular,F,PEN,1985-01-22,2021-02-25,2027-02-25,0.1,15.0,990.0
c-6701003248219,producto02,Vida grupo particular,F,PEN,1973-02-12,2021-02-26,2027-02-26,0.1,45.0,585.0
c-6701003248227,producto02,Vida grupo particular,F,PEN,1989-06-21,2021-02-26,2025-02-26,0.1,7.0,570.0
c-6701003248235,producto02,Vida grupo particular,F,PEN,1961-12-09,2021-02-26,2027-02-26,0.1,79.0,950.0
c-6701003248263,producto02,Vida grupo particular,F,PEN,1992-03-24,2021-02-26,2027-02-26,0.1,12.0,515.0
c-6701003248278,producto02,Vida grupo particular,F,PEN,1985-10-30,2021-02-26,2027-02-26,0.1,74.0,955.0
c-6701003248293,producto02,Vida grupo particular,F,PEN,1983-06-06,2021-02-26,2027-02-26,0.1,7.0,380.0
c-6701003248300,producto02,Vida grupo particular,F,PEN,1975-11-26,2021-02-26,2027-02-26,0.1,77.0,1590.0
c-6701003248303,producto02,Vida grupo particular,F,PEN,1963-06-27,2021-02-26,2026-02-26,0.1,1.0,1500.0
c-6701003248310,producto02,Vida grupo particular,F,PEN,1951-06-21,2021-02-26,2027-02-26,0.1,10.0,150.0
c-6701003248311,producto02,Vida grupo particular,F,PEN,1956-09-17,2021-02-26,2025-02-26,0.1,32.0,1020.0
c-6701003248331,producto02,Vida grupo particular,F,PEN,1990-01-01,2021-02-26,2026-02-26,0.1,42.0,1050.0
c-6701003248340,producto02,Vida grupo particular,F,PEN,1959-10-04,2021-02-26,2027-02-26,0.1,24.0,450.0
c-6701003248341,producto02,Vida grupo particular,F,PEN,1956-06-08,2021-02-26,2026-02-26,0.1,34.0,700.0
c-6701003248350,producto02,Vida grupo particular,F,PEN,1964-08-26,2021-02-26,2027-02-26,0.1,119.0,1900.0
c-6701003248353,producto02,Vida grupo particular,F,PEN,1971-04-17,2021-02-26,2027-02-26,0.1,72.0,1700.0
c-6701003248360,producto02,Vida grupo particular,F,PEN,1982-09-24,2021-02-26,2027-02-26,0.1,85.0,1750.0
c-6701003248367,producto02,Vida grupo particular,F,PEN,1971-09-02,2021-02-26,2027-02-26,0.1,18.0,555.0
c-6701003248372,producto02,Vida grupo particular,F,PEN,1959-05-03,2021-02-26,2025-12-26,0.1,118.0,1700.0
c-6701003248374,producto02,Vida grupo particular,F,PEN,1949-04-30,2021-02-26,2027-02-26,0.1,1.0,965.0
c-6701003248375,producto02,Vida grupo particular,F,PEN,1953-12-31,2021-02-26,2027-02-26,0.1,31.0,1050.0
c-6701003248378,producto02,Vida grupo particular,F,PEN,1974-09-13,2021-02-26,2026-02-26,0.1,9.0,1800.0
c-6701003248390,producto02,Vida grupo particular,F,PEN,1973-02-11,2021-02-26,2025-02-26,0.1,67.0,850.0
c-6701003248391,producto02,Vida grupo particular,F,PEN,1966-11-30,2021-02-26,2027-02-26,0.1,9.0,650.0
c-6701003248427,producto02,Vida grupo particular,F,PEN,1976-07-15,2021-02-26,2025-02-26,0.1,5.0,500.1
c-6701003248438,producto02,Vida grupo particular,F,PEN,1974-06-24,2021-02-26,2027-02-26,0.1,95.0,1200.0
c-6701003248446,producto02,Vida grupo particular,F,PEN,1974-08-12,2021-02-26,2027-02-26,0.1,31.0,450.0
c-6701003248459,producto02,Vida grupo particular,F,PEN,1965-11-04,2021-02-26,2026-02-26,0.1,12.0,335.0
c-6701003248461,producto02,Vida grupo particular,F,PEN,1979-11-25,2021-02-26,2027-02-26,0.1,49.0,850.0
c-6701003248465,producto02,Vida grupo particular,F,PEN,1980-07-16,2021-02-26,2025-02-26,0.1,39.0,950.0
c-6701003248481,producto02,Vida grupo particular,F,PEN,1978-04-22,2021-02-26,2026-02-26,0.1,20.0,380.0
c-6701003248522,producto02,Vida grupo particular,F,PEN,1948-07-13,2021-02-26,2026-02-26,0.1,61.0,850.0
c-6701003248533,producto02,Vida grupo particular,F,PEN,1963-05-11,2021-02-26,2027-03-26,0.1,17.0,1125.0
c-6701003248540,producto02,Vida grupo particular,F,PEN,1961-08-17,2021-02-26,2027-02-26,0.1,9.0,900.0
c-6701003248552,producto02,Vida grupo particular,F,PEN,1974-09-22,2021-02-26,2027-02-26,0.1,1.0,350.0
c-6701003248569,producto02,Vida grupo particular,F,PEN,1968-01-03,2021-02-26,2027-02-26,0.1,66.0,950.0
c-6701003248570,producto02,Vida grupo particular,F,PEN,1970-08-20,2021-02-26,2027-02-26,0.1,126.0,1450.0
c-6701003248610,producto02,Vida grupo particular,F,PEN,1991-09-22,2021-02-26,2026-02-26,0.1,3.0,400.0
c-6701003248612,producto02,Vida grupo particular,F,PEN,1950-04-20,2021-02-26,2027-02-26,0.1,64.0,720.0
c-6701003248629,producto02,Vida grupo particular,F,PEN,1987-03-05,2021-02-26,2025-02-26,0.1,45.0,850.0
c-6701003248642,producto02,Vida grupo particular,F,PEN,1983-12-08,2021-02-26,2025-02-26,0.1,64.0,1050.0
c-6701003248648,producto02,Vida grupo particular,F,PEN,1970-05-28,2021-02-26,2027-02-26,0.1,9.0,855.0
c-6701003248650,producto02,Vida grupo particular,F,PEN,1994-10-30,2021-02-26,2027-02-26,0.1,15.0,310.0
c-6701003248662,producto02,Vida grupo particular,F,PEN,1960-11-19,2021-02-26,2026-02-26,0.1,42.0,475.0
c-6701003248670,producto02,Vida grupo particular,F,PEN,1968-04-30,2021-02-26,2027-02-26,0.1,12.0,335.0
c-6701003248704,producto02,Vida grupo particular,F,PEN,1963-11-02,2021-02-27,2026-02-27,0.1,118.0,1700.0
c-6701003248721,producto02,Vida grupo particular,F,PEN,1991-03-25,2021-02-27,2027-02-27,0.1,61.0,995.0
c-6701003248725,producto02,Vida grupo particular,F,PEN,1987-06-09,2021-02-27,2025-02-27,0.1,10.0,500.0
c-6701003248740,producto02,Vida grupo particular,F,PEN,1974-05-03,2021-02-27,2025-02-27,0.1,116.0,1750.0
c-6701003248744,producto02,Vida grupo particular,F,PEN,1988-09-24,2021-02-27,2025-02-27,0.1,7.0,900.0
c-6701003248746,producto02,Vida grupo particular,F,PEN,1972-07-18,2021-02-27,2027-02-27,0.1,4.0,1195.0
c-6701003248750,producto02,Vida grupo particular,F,PEN,1988-04-20,2021-02-27,2026-02-27,0.1,13.0,950.0
c-6701003248772,producto02,Vida grupo particular,F,PEN,1986-08-12,2021-02-27,2026-02-27,0.1,54.0,1050.0
c-6701003248780,producto02,Vida grupo particular,F,PEN,1996-02-09,2021-02-27,2027-02-27,0.1,43.0,1350.0
c-6701003248789,producto02,Vida grupo particular,F,PEN,1942-11-22,2021-02-27,2027-02-27,0.1,80.0,1225.0
c-6701003248793,producto02,Vida grupo particular,F,PEN,1954-01-12,2021-02-27,2027-02-27,0.1,126.0,1500.0
c-6701003248801,producto02,Vida grupo particular,F,PEN,1973-12-07,2021-02-27,2027-02-27,0.1,100.0,1340.0
c-6701003248831,producto02,Vida grupo particular,F,PEN,1948-01-27,2021-02-27,2027-02-27,0.1,11.0,740.0
c-6701003248839,producto02,Vida grupo particular,F,PEN,1966-07-12,2021-02-27,2025-02-27,0.1,33.0,850.0
c-6701003248848,producto02,Vida grupo particular,F,PEN,1980-02-03,2021-02-27,2025-02-27,0.1,51.0,750.0
c-6701003248854,producto02,Vida grupo particular,F,PEN,1987-11-08,2021-02-27,2027-02-27,0.1,76.0,1350.0
c-6701003248875,producto02,Vida grupo particular,F,PEN,1969-07-02,2021-02-27,2025-02-27,0.1,16.0,1500.0
c-6701003248887,producto02,Vida grupo particular,F,PEN,1947-12-20,2021-02-27,2027-02-27,0.1,66.0,1280.0
c-6701003248891,producto02,Vida grupo particular,F,PEN,1959-11-14,2021-02-27,2027-02-27,0.1,40.0,735.0
c-6701003248899,producto02,Vida grupo particular,F,PEN,1986-04-08,2021-02-27,2027-02-27,0.1,70.0,1050.0
c-6701003248903,producto02,Vida grupo particular,F,PEN,1957-07-08,2021-02-27,2027-02-27,0.1,86.0,1170.0
c-6701003248922,producto02,Vida grupo particular,F,PEN,1942-05-24,2021-02-27,2027-02-27,0.1,23.0,500.0
c-6701003248924,producto02,Vida grupo particular,F,PEN,1962-04-28,2021-02-27,2025-04-27,0.1,4.0,830.0
c-6701003248965,producto02,Vida grupo particular,F,PEN,1957-11-13,2021-02-27,2027-02-27,0.1,59.0,940.0
c-6701003248984,producto02,Vida grupo particular,F,PEN,1965-05-14,2021-02-27,2027-03-27,0.1,17.0,1115.0
c-6701003248990,producto02,Vida grupo particular,F,PEN,1965-05-08,2021-02-27,2025-02-27,0.1,53.0,830.0
c-6701003248992,producto02,Vida grupo particular,F,PEN,1961-05-25,2021-02-27,2025-02-27,0.1,28.0,500.1
c-6701003249011,producto02,Vida grupo particular,F,PEN,1990-01-28,2021-02-27,2026-02-27,0.1,84.0,1050.0
c-6701003249021,producto02,Vida grupo particular,F,PEN,1980-11-02,2021-02-27,2025-02-27,0.1,14.0,1050.0
c-6701003249049,producto02,Vida grupo particular,F,PEN,1985-01-30,2021-02-27,2026-03-27,0.1,93.0,1050.0
c-6701003249056,producto02,Vida grupo particular,F,PEN,1980-06-09,2021-02-27,2027-02-27,0.1,20.0,1050.0
c-6701003249076,producto02,Vida grupo particular,F,PEN,1941-07-20,2021-02-27,2027-02-27,0.1,9.0,855.0
c-6701003249082,producto02,Vida grupo particular,F,PEN,1955-02-22,2021-02-27,2025-02-27,0.1,61.0,900.0
c-6701003249100,producto02,Vida grupo particular,F,PEN,1959-10-12,2021-02-27,2026-02-27,0.1,78.0,1700.0
c-6701003249112,producto02,Vida grupo particular,F,PEN,1955-09-05,2021-02-27,2027-02-27,0.1,18.0,1050.0
c-6701003249125,producto02,Vida grupo particular,F,PEN,1951-05-30,2021-03-01,2026-03-01,0.1,4.0,400.0
c-6701003249132,producto02,Vida grupo particular,F,PEN,1954-06-05,2021-03-01,2027-03-01,0.1,19.0,1285.0
c-6701003249137,producto02,Vida grupo particular,F,PEN,1985-06-22,2021-03-01,2025-03-01,0.1,1.0,1000.0
c-6701003249149,producto02,Vida grupo particular,F,PEN,1968-01-30,2021-03-01,2025-03-01,0.1,92.0,1200.0
c-6701003249160,producto02,Vida grupo particular,F,PEN,1968-10-22,2021-03-01,2026-03-01,0.1,47.0,1000.0
c-6701003249167,producto02,Vida grupo particular,F,PEN,1949-08-02,2021-03-01,2026-03-01,0.1,33.0,900.0
c-6701003249168,producto02,Vida grupo particular,F,PEN,1947-05-15,2021-03-01,2027-03-01,0.1,39.0,865.0
c-6701003249180,producto02,Vida grupo particular,F,PEN,1976-11-14,2021-03-01,2027-03-01,0.1,40.0,650.0
c-6701003249181,producto02,Vida grupo particular,F,PEN,1986-04-21,2021-03-01,2025-03-01,0.1,62.0,700.0
c-6701003249190,producto02,Vida grupo particular,F,PEN,1964-03-05,2021-03-01,2025-12-01,0.1,98.0,1280.0
c-6701003249211,producto02,Vida grupo particular,F,PEN,1947-06-04,2021-03-01,2025-03-01,0.1,93.0,1900.0
c-6701003249213,producto02,Vida grupo particular,F,PEN,1951-11-28,2021-03-01,2025-03-01,0.1,64.0,1500.0
c-6701003249218,producto02,Vida grupo particular,F,PEN,1959-11-07,2021-03-01,2026-03-01,0.1,27.0,785.0
c-6701003249239,producto02,Vida grupo particular,F,PEN,1984-04-23,2021-03-01,2025-03-01,0.1,24.0,900.0
c-6701003249252,producto02,Vida grupo particular,F,PEN,1973-01-30,2021-03-01,2025-03-01,0.1,6.0,500.0
c-6701003249255,producto02,Vida grupo particular,F,PEN,1976-04-04,2021-03-01,2025-03-01,0.1,38.0,1220.0
c-6701003249280,producto02,Vida grupo particular,F,PEN,1962-09-17,2021-03-01,2027-03-01,0.1,122.0,1365.0
c-6701003249298,producto02,Vida grupo particular,F,PEN,1952-10-24,2021-03-01,2027-03-01,0.1,101.0,1510.0
c-6701003249314,producto02,Vida grupo particular,F,PEN,1985-08-25,2021-03-01,2027-03-01,0.1,52.0,705.0
c-6701003249322,producto02,Vida grupo particular,F,PEN,1953-07-07,2021-03-01,2027-03-01,0.1,6.0,765.0
c-6701003249341,producto02,Vida grupo particular,F,PEN,1985-03-31,2021-03-01,2026-03-01,0.1,31.0,500.0
c-6701003249345,producto02,Vida grupo particular,F,PEN,1977-11-11,2021-03-01,2026-03-01,0.1,44.0,850.0
c-6701003249347,producto02,Vida grupo particular,F,PEN,1960-02-03,2021-03-01,2025-03-01,0.1,48.0,600.0
c-6701003249361,producto02,Vida grupo particular,F,PEN,1941-10-23,2021-03-01,2026-03-01,0.1,69.0,1104.9
c-6701003249371,producto02,Vida grupo particular,F,PEN,1958-08-11,2021-03-01,2025-03-01,0.1,53.0,2200.0
c-6701003249387,producto02,Vida grupo particular,F,PEN,1957-02-26,2021-03-01,2026-03-01,0.1,11.0,315.0
c-6701003249412,producto02,Vida grupo particular,F,PEN,1992-10-11,2021-03-01,2026-03-01,0.1,9.0,375.0
c-6701003249417,producto02,Vida grupo particular,F,PEN,1981-02-15,2021-03-01,2025-03-01,0.1,36.0,500.0
c-6701003249428,producto02,Vida grupo particular,F,PEN,1991-02-22,2021-03-01,2026-03-01,0.1,20.0,340.0
c-6701003249436,producto02,Vida grupo particular,F,PEN,1946-04-11,2021-03-01,2027-03-01,0.1,31.0,570.0
c-6701003249442,producto02,Vida grupo particular,F,PEN,1995-07-08,2021-03-01,2025-05-01,0.1,76.0,1335.0
c-6701003249465,producto02,Vida grupo particular,F,PEN,1993-05-14,2021-03-01,2027-03-01,0.1,63.0,1340.0
c-6701003249503,producto02,Vida grupo particular,F,PEN,1975-09-25,2021-03-02,2025-03-02,0.1,71.0,1450.0
c-6701003249537,producto02,Vida grupo particular,F,PEN,1963-06-13,2021-03-02,2027-03-02,0.1,21.0,625.0
c-6701003249574,producto02,Vida grupo particular,F,PEN,1948-01-15,2021-03-02,2027-03-02,0.1,26.0,460.0
c-6701003249575,producto02,Vida grupo particular,F,PEN,1977-07-11,2021-03-02,2025-03-02,0.1,122.0,2200.0
c-6701003249581,producto02,Vida grupo particular,F,PEN,1985-01-02,2021-03-02,2027-03-02,0.1,60.0,700.0
c-6701003249592,producto02,Vida grupo particular,F,PEN,1978-09-21,2021-03-02,2027-03-02,0.1,35.0,430.0
c-6701003249599,producto02,Vida grupo particular,F,PEN,1991-09-26,2021-03-02,2025-03-02,0.1,12.0,950.0
c-6701003249643,producto02,Vida grupo particular,F,PEN,1970-08-27,2021-03-02,2027-03-02,0.1,28.0,1000.0
c-6701003249656,producto02,Vida grupo particular,F,PEN,1971-10-04,2021-03-02,2025-03-02,0.1,20.0,505.0
c-6701003249661,producto02,Vida grupo particular,F,PEN,1977-09-03,2021-03-02,2025-03-02,0.1,34.0,830.0
c-6701003249676,producto02,Vida grupo particular,F,PEN,1963-02-01,2021-03-02,2026-03-02,0.1,57.0,1200.0
c-6701003249697,producto02,Vida grupo particular,F,PEN,1980-01-01,2021-03-02,2027-03-02,0.1,31.0,670.0
c-6701003249725,producto02,Vida grupo particular,F,PEN,1981-05-13,2021-03-02,2027-03-02,0.1,16.0,920.0
c-6701003249730,producto02,Vida grupo particular,F,PEN,1991-02-06,2021-03-02,2026-03-02,0.1,15.0,540.0
c-6701003249750,producto02,Vida grupo particular,F,PEN,1975-10-21,2021-03-02,2027-03-02,0.1,49.0,950.0
c-6701003249777,producto02,Vida grupo particular,F,PEN,1991-09-01,2021-03-02,2027-03-02,0.1,11.0,815.0
c-6701003249779,producto02,Vida grupo particular,F,PEN,1969-05-17,2021-03-02,2027-03-02,0.1,49.0,850.0
c-6701003249781,producto02,Vida grupo particular,F,PEN,1971-09-15,2021-03-02,2027-03-02,0.1,37.0,700.0
c-6701003249783,producto02,Vida grupo particular,F,PEN,1974-05-31,2021-03-02,2025-03-02,0.1,130.0,1605.0
c-6701003249805,producto02,Vida grupo particular,F,PEN,1953-12-27,2021-03-03,2025-03-03,0.1,7.0,400.0
c-6701003249809,producto02,Vida grupo particular,F,PEN,1969-02-20,2021-03-03,2027-03-03,0.1,187.0,2355.0
c-6701003249811,producto02,Vida grupo particular,F,PEN,1950-11-24,2021-03-03,2027-03-03,0.1,15.0,620.0
c-6701003249882,producto02,Vida grupo particular,F,PEN,1954-08-03,2021-03-03,2027-03-03,0.1,6.0,500.0
c-6701003249901,producto02,Vida grupo particular,F,PEN,1969-08-10,2021-03-03,2026-03-03,0.1,95.0,1500.0
c-6701003249908,producto02,Vida grupo particular,F,PEN,1966-02-03,2021-03-03,2027-03-03,0.1,16.0,405.0
c-6701003249909,producto02,Vida grupo particular,F,PEN,1960-08-30,2021-03-03,2026-03-03,0.1,59.0,950.0
c-6701003249916,producto02,Vida grupo particular,F,PEN,1978-06-18,2021-03-03,2027-03-03,0.1,69.0,850.0
c-6701003249918,producto02,Vida grupo particular,F,PEN,1962-04-09,2021-03-03,2027-03-03,0.1,75.0,1000.0
c-6701003249934,producto02,Vida grupo particular,F,PEN,1943-04-22,2021-03-03,2027-03-03,0.1,50.0,700.0
c-6701003249942,producto02,Vida grupo particular,F,PEN,1980-01-21,2021-03-03,2027-03-03,0.1,1.0,300.1
c-6701003249962,producto02,Vida grupo particular,F,PEN,1979-11-27,2021-03-03,2027-03-03,0.1,76.0,850.0
c-6701003249977,producto02,Vida grupo particular,F,PEN,1963-10-09,2021-03-03,2027-03-03,0.1,16.0,695.0
c-6701003249981,producto02,Vida grupo particular,F,PEN,1969-12-31,2021-03-03,2027-03-03,0.1,58.0,1785.0
c-6701003250025,producto02,Vida grupo particular,F,PEN,1941-07-26,2021-03-03,2025-03-03,0.1,38.0,700.0
c-6701003250048,producto02,Vida grupo particular,F,PEN,1950-12-05,2021-03-03,2026-03-03,0.1,28.0,405.0
c-6701003250051,producto02,Vida grupo particular,F,PEN,1956-11-04,2021-03-03,2027-03-03,0.1,34.0,700.0
c-6701003250078,producto02,Vida grupo particular,F,PEN,1954-08-29,2021-03-03,2027-03-03,0.1,38.0,605.0
c-6701003250082,producto02,Vida grupo particular,F,PEN,1983-10-20,2021-03-03,2026-03-03,0.1,89.0,1200.0
c-6701003250122,producto02,Vida grupo particular,F,PEN,1962-11-29,2021-03-03,2027-03-03,0.1,9.0,360.0
c-6701003250128,producto02,Vida grupo particular,F,PEN,1954-05-13,2021-03-03,2025-03-03,0.1,2.0,850.0
c-6701003250151,producto02,Vida grupo particular,F,PEN,1964-01-08,2021-03-03,2027-03-03,0.1,79.0,920.0
c-6701003250156,producto02,Vida grupo particular,F,PEN,1987-10-17,2021-03-04,2025-03-04,0.1,76.0,850.0
c-6701003250191,producto02,Vida grupo particular,F,PEN,1942-05-05,2021-03-04,2025-03-04,0.1,24.0,300.1
c-6701003250194,producto02,Vida grupo particular,F,PEN,1942-12-24,2021-03-04,2026-03-04,0.1,23.0,2365.0
c-6701003250204,producto02,Vida grupo particular,F,PEN,1946-11-20,2021-03-04,2027-02-04,0.1,2.0,200.0
c-6701003250226,producto02,Vida grupo particular,F,PEN,1947-07-03,2021-03-04,2027-03-04,0.1,4.0,550.0
c-6701003250238,producto02,Vida grupo particular,F,PEN,1954-07-10,2021-03-04,2025-03-04,0.1,16.0,500.0
c-6701003250260,producto02,Vida grupo particular,F,PEN,1974-03-11,2021-03-04,2026-04-04,0.1,30.0,500.0
c-6701003250276,producto02,Vida grupo particular,F,PEN,1987-12-27,2021-03-04,2026-03-04,0.1,23.0,400.0
c-6701003250281,producto02,Vida grupo particular,F,PEN,1957-07-07,2021-03-04,2027-04-04,0.1,71.0,1625.0
c-6701003250290,producto02,Vida grupo particular,F,PEN,1965-10-02,2021-03-04,2026-05-04,0.1,55.0,1250.0
c-6701003250295,producto02,Vida grupo particular,F,PEN,1966-10-17,2021-03-04,2027-03-04,0.1,73.0,830.0
c-6701003250331,producto02,Vida grupo particular,F,PEN,1954-12-07,2021-03-04,2027-03-04,0.1,72.0,910.0
c-6701003250333,producto02,Vida grupo particular,F,PEN,1995-01-15,2021-03-04,2027-03-04,0.1,102.0,1235.0
c-6701003250338,producto02,Vida grupo particular,F,PEN,1987-04-13,2021-03-04,2027-03-04,0.1,65.0,750.0
c-6701003250358,producto02,Vida grupo particular,F,PEN,1977-06-03,2021-03-04,2025-03-04,0.1,35.0,850.0
c-6701003250375,producto02,Vida grupo particular,F,PEN,1977-10-30,2021-03-04,2025-03-04,0.1,28.0,440.0
c-6701003250428,producto02,Vida grupo particular,F,PEN,1981-05-24,2021-03-04,2025-03-04,0.1,8.0,400.0
c-6701003250430,producto02,Vida grupo particular,F,PEN,1952-03-10,2021-03-04,2025-03-04,0.1,68.0,1000.0
c-6701003250458,producto02,Vida grupo particular,F,PEN,1994-03-13,2021-03-04,2026-03-04,0.1,13.0,475.0
c-6701003250461,producto02,Vida grupo particular,F,PEN,1972-01-06,2021-03-04,2025-03-04,0.1,8.0,1650.0
c-6701003250481,producto02,Vida grupo particular,F,PEN,1971-07-10,2021-03-04,2025-04-04,0.1,91.0,1075.0
c-6701003250485,producto02,Vida grupo particular,F,PEN,1958-08-29,2021-03-04,2026-03-04,0.1,97.0,1500.0
c-6701003250490,producto02,Vida grupo particular,F,PEN,1981-06-05,2021-03-04,2027-03-04,0.1,59.0,925.0
c-6701003250521,producto02,Vida grupo particular,F,PEN,1967-12-23,2021-03-04,2027-03-04,0.1,37.0,1130.0
c-6701003250524,producto02,Vida grupo particular,F,PEN,1981-08-26,2021-03-04,2027-03-04,0.1,4.0,1400.0
c-6701003250534,producto02,Vida grupo particular,F,PEN,1979-05-09,2021-03-04,2026-03-04,0.1,16.0,400.0
c-6701003250538,producto02,Vida grupo particular,F,PEN,1986-10-14,2021-03-04,2026-03-04,0.1,75.0,1050.0
c-6701003250592,producto02,Vida grupo particular,F,PEN,1972-11-22,2021-03-05,2027-03-05,0.1,14.0,735.0
c-6701003250599,producto02,Vida grupo particular,F,PEN,1987-03-24,2021-03-05,2027-03-05,0.1,38.0,850.0
c-6701003250604,producto02,Vida grupo particular,F,PEN,1943-05-16,2021-03-05,2026-03-05,0.1,79.0,1500.0
c-6701003250625,producto02,Vida grupo particular,F,PEN,1954-05-02,2021-03-05,2027-03-05,0.1,74.0,1600.0
c-6701003250657,producto02,Vida grupo particular,F,PEN,1981-01-10,2021-03-05,2025-03-05,0.1,9.0,765.0
c-6701003250667,producto02,Vida grupo particular,F,PEN,1976-02-23,2021-03-05,2027-03-05,0.1,23.0,950.0
c-6701003250668,producto02,Vida grupo particular,F,PEN,1979-03-24,2021-03-05,2025-03-05,0.1,13.0,1050.0
c-6701003250680,producto02,Vida grupo particular,F,PEN,1940-06-06,2021-03-05,2026-03-05,0.1,15.0,800.0
c-6701003250708,producto02,Vida grupo particular,F,PEN,1978-07-14,2021-03-05,2027-03-05,0.1,21.0,855.0
c-6701003250711,producto02,Vida grupo particular,F,PEN,1980-12-12,2021-03-05,2025-03-05,0.1,25.0,700.0
c-6701003250721,producto02,Vida grupo particular,F,PEN,1952-11-16,2021-03-05,2027-03-05,0.1,25.0,1680.0
c-6701003250758,producto02,Vida grupo particular,F,PEN,1980-03-20,2021-03-05,2027-03-05,0.1,2.0,700.1
c-6701003250767,producto02,Vida grupo particular,F,PEN,1970-09-26,2021-03-05,2027-04-05,0.1,64.0,915.0
c-6701003250769,producto02,Vida grupo particular,F,PEN,1985-08-12,2021-03-05,2027-03-05,0.1,11.0,350.0
c-6701003250791,producto02,Vida grupo particular,F,PEN,1984-11-29,2021-03-05,2027-03-05,0.1,1.0,1050.0
c-6701003250819,producto02,Vida grupo particular,F,PEN,1965-04-14,2021-03-05,2027-03-05,0.1,21.0,360.0
c-6701003250830,producto02,Vida grupo particular,F,PEN,1966-12-23,2021-03-05,2026-03-05,0.1,33.0,1550.0
c-6701003250842,producto02,Vida grupo particular,F,PEN,1968-03-27,2021-03-05,2027-03-05,0.1,13.0,610.0
c-6701003250869,producto02,Vida grupo particular,F,PEN,1980-08-29,2021-03-05,2025-03-05,0.1,55.0,1050.0
c-6701003250881,producto02,Vida grupo particular,F,PEN,1942-02-28,2021-03-05,2025-03-05,0.1,49.0,555.0
c-6701003250895,producto02,Vida grupo particular,F,PEN,1965-12-19,2021-03-05,2025-03-05,0.1,47.0,1550.0
c-6701003250916,producto02,Vida grupo particular,F,PEN,1970-02-02,2021-03-05,2026-03-05,0.1,3.0,700.0
c-6701003250928,producto02,Vida grupo particular,F,PEN,1989-03-17,2021-03-05,2026-03-05,0.1,5.0,150.0
c-6701003250932,producto02,Vida grupo particular,F,PEN,1987-08-08,2021-03-05,2025-03-05,0.1,35.0,750.0
c-6701003250958,producto02,Vida grupo particular,F,PEN,1984-01-21,2021-03-06,2025-03-06,0.1,49.0,850.0
c-6701003250976,producto02,Vida grupo particular,F,PEN,1969-05-11,2021-03-06,2027-03-06,0.1,1.0,1090.0
c-6701003251034,producto02,Vida grupo particular,F,PEN,1959-02-10,2021-03-06,2027-03-06,0.1,21.0,400.0
c-6701003251067,producto02,Vida grupo particular,F,PEN,1971-09-24,2021-03-06,2026-03-06,0.1,3.0,150.0
c-6701003251072,producto02,Vida grupo particular,F,PEN,1992-02-21,2021-03-06,2025-03-06,0.1,50.0,595.0
c-6701003251077,producto02,Vida grupo particular,F,PEN,1990-04-18,2021-03-06,2025-03-06,0.1,15.0,2050.0
c-6701003251080,producto02,Vida grupo particular,F,PEN,1972-08-10,2021-03-06,2026-03-06,0.1,20.0,310.0
c-6701003251106,producto02,Vida grupo particular,F,PEN,1945-10-22,2021-03-06,2027-04-06,0.1,5.0,430.0
c-6701003251111,producto02,Vida grupo particular,F,PEN,1966-11-22,2021-03-06,2027-03-06,0.1,75.0,915.0
c-6701003251113,producto02,Vida grupo particular,F,PEN,1955-05-06,2021-03-06,2027-03-06,0.1,21.0,545.0
c-6701003251117,producto02,Vida grupo particular,F,PEN,1972-09-03,2021-03-06,2027-03-06,0.1,11.0,400.0
c-6701003251123,producto02,Vida grupo particular,F,PEN,1979-07-25,2021-03-06,2026-03-06,0.1,29.0,775.0
c-6701003251128,producto02,Vida grupo particular,F,PEN,1953-04-04,2021-03-06,2027-03-06,0.1,77.0,1609.9
c-6701003251148,producto02,Vida grupo particular,F,PEN,1972-06-17,2021-03-06,2027-03-06,0.1,6.0,905.0
c-6701003251166,producto02,Vida grupo particular,F,PEN,1968-05-04,2021-03-06,2024-10-06,0.1,142.0,1835.0
c-6701003251183,producto02,Vida grupo particular,F,PEN,1974-01-05,2021-03-06,2027-03-06,0.1,75.0,1000.0
c-6701003251187,producto02,Vida grupo particular,F,PEN,1972-12-12,2021-03-06,2027-03-06,0.1,38.0,1200.0
c-6701003251241,producto02,Vida grupo particular,F,PEN,1961-12-19,2021-03-08,2027-03-08,0.1,91.0,1180.0
c-6701003251246,producto02,Vida grupo particular,F,PEN,1974-06-20,2021-03-08,2027-03-08,0.1,75.0,2055.0
c-6701003251261,producto02,Vida grupo particular,F,PEN,1963-07-26,2021-03-08,2027-03-08,0.1,98.0,1600.0
c-6701003251280,producto02,Vida grupo particular,F,PEN,1965-08-28,2021-03-08,2026-03-08,0.1,78.0,1450.0
c-6701003251281,producto02,Vida grupo particular,F,PEN,1986-12-04,2021-03-08,2027-03-08,0.1,22.0,950.0
c-6701003251309,producto02,Vida grupo particular,F,PEN,1991-09-28,2021-03-08,2026-03-08,0.1,8.0,245.0
c-6701003251345,producto02,Vida grupo particular,F,PEN,1952-05-25,2021-03-08,2027-03-08,0.1,75.0,1605.0
c-6701003251368,producto02,Vida grupo particular,F,PEN,1970-01-05,2021-03-08,2027-03-08,0.1,42.0,1350.0
c-6701003251372,producto02,Vida grupo particular,F,PEN,1982-07-29,2021-03-08,2026-03-08,0.1,33.0,1050.0
c-6701003251376,producto02,Vida grupo particular,F,PEN,1992-12-25,2021-03-08,2027-03-08,0.1,66.0,1200.0
c-6701003251378,producto02,Vida grupo particular,F,PEN,1940-04-07,2021-03-08,2026-03-08,0.1,58.0,850.0
c-6701003251385,producto02,Vida grupo particular,F,PEN,1977-09-09,2021-03-08,2027-03-08,0.1,15.0,950.0
c-6701003251395,producto02,Vida grupo particular,F,PEN,1952-01-07,2021-03-08,2026-03-08,0.1,16.0,400.0
c-6701003251400,producto02,Vida grupo particular,F,PEN,1970-10-09,2021-03-08,2025-04-08,0.1,39.0,850.0
c-6701003251401,producto02,Vida grupo particular,F,PEN,1962-02-13,2021-03-08,2026-03-08,0.1,123.0,1500.0
c-6701003251416,producto02,Vida grupo particular,F,PEN,1988-01-14,2021-03-08,2027-03-08,0.1,54.0,600.0
c-6701003251425,producto02,Vida grupo particular,F,PEN,1970-07-22,2021-03-08,2026-03-08,0.1,50.0,850.0
c-6701003251485,producto02,Vida grupo particular,F,PEN,1971-08-31,2021-03-08,2025-03-08,0.1,19.0,500.0
c-6701003251498,producto02,Vida grupo particular,F,PEN,1977-12-30,2021-03-08,2027-03-08,0.1,18.0,495.0
c-6701003251510,producto02,Vida grupo particular,F,PEN,1960-08-01,2021-03-08,2025-03-08,0.1,34.0,900.0
c-6701003251552,producto02,Vida grupo particular,F,PEN,1974-02-01,2021-03-08,2026-03-08,0.1,43.0,2000.0
c-6701003251581,producto02,Vida grupo particular,F,PEN,1960-03-28,2021-03-08,2025-03-08,0.1,19.0,900.0
c-6701003251598,producto02,Vida grupo particular,F,PEN,1970-11-25,2021-03-08,2025-03-08,0.1,59.0,850.0
c-6701003251603,producto02,Vida grupo particular,F,PEN,1981-10-17,2021-03-08,2025-03-08,0.1,51.0,850.0
c-6701003251617,producto02,Vida grupo particular,F,PEN,1994-01-12,2021-03-08,2025-03-08,0.1,6.0,600.0
c-6701003251623,producto02,Vida grupo particular,F,PEN,1956-01-12,2021-03-08,2027-03-08,0.1,62.0,750.0
c-6701003251626,producto02,Vida grupo particular,F,PEN,1985-10-03,2021-03-08,2027-03-08,0.1,104.0,1235.0
c-6701003251655,producto02,Vida grupo particular,F,PEN,1975-09-01,2021-03-09,2026-03-09,0.1,9.0,525.0
c-6701003251684,producto02,Vida grupo particular,F,PEN,1991-05-27,2021-03-09,2025-03-09,0.1,9.0,150.0
c-6701003251686,producto02,Vida grupo particular,F,PEN,1975-08-03,2021-03-09,2025-03-09,0.1,26.0,445.0
c-6701003251691,producto02,Vida grupo particular,F,PEN,1966-04-18,2021-03-09,2026-03-09,0.1,32.0,415.0
c-6701003251692,producto02,Vida grupo particular,F,PEN,1982-10-30,2021-03-09,2025-03-09,0.1,25.0,500.0
c-6701003251698,producto02,Vida grupo particular,F,PEN,1953-08-30,2021-03-09,2026-03-09,0.1,37.0,465.0
c-6701003251701,producto02,Vida grupo particular,F,PEN,1966-12-06,2021-03-09,2027-03-09,0.1,29.0,899.9000000000001
c-6701003251703,producto02,Vida grupo particular,F,PEN,1966-11-20,2021-03-09,2025-03-09,0.1,15.0,500.0
c-6701003251708,producto02,Vida grupo particular,F,PEN,1956-11-20,2021-03-09,2025-03-09,0.1,34.0,455.0
c-6701003251717,producto02,Vida grupo particular,F,PEN,1973-09-07,2021-03-09,2027-03-09,0.1,98.0,1460.0
c-6701003251731,producto02,Vida grupo particular,F,PEN,1981-11-11,2021-03-09,2026-03-09,0.1,28.0,700.0
c-6701003251767,producto02,Vida grupo particular,F,PEN,1958-06-03,2021-03-09,2027-03-09,0.1,8.0,300.0
c-6701003251798,producto02,Vida grupo particular,F,PEN,1947-04-20,2021-03-09,2026-03-09,0.1,21.0,400.0
c-6701003251819,producto02,Vida grupo particular,F,PEN,1988-09-30,2021-03-09,2026-03-09,0.1,91.0,1500.0
c-6701003251831,producto02,Vida grupo particular,F,PEN,1968-08-29,2021-03-09,2027-03-09,0.1,22.0,410.0
c-6701003251852,producto02,Vida grupo particular,F,PEN,1972-03-03,2021-03-09,2025-03-09,0.1,10.0,700.0
c-6701003251872,producto02,Vida grupo particular,F,PEN,1942-12-15,2021-03-09,2027-03-09,0.1,16.0,730.0
c-6701003251877,producto02,Vida grupo particular,F,PEN,1963-09-27,2021-03-09,2026-03-09,0.1,5.0,700.0
c-6701003251885,producto02,Vida grupo particular,F,PEN,1971-04-01,2021-03-09,2025-03-09,0.1,10.0,300.1
c-6701003251896,producto02,Vida grupo particular,F,PEN,1974-08-23,2021-03-09,2027-03-09,0.1,30.0,490.0
c-6701003251906,producto02,Vida grupo particular,F,PEN,1972-07-20,2021-03-09,2027-03-09,0.1,10.0,300.0
c-6701003251920,producto02,Vida grupo particular,F,PEN,1982-04-13,2021-03-09,2026-03-09,0.1,11.0,615.0
c-6701003251930,producto02,Vida grupo particular,F,PEN,1980-10-10,2021-03-09,2027-03-09,0.1,87.0,1100.0
c-6701003251978,producto02,Vida grupo particular,F,PEN,1966-02-17,2021-03-09,2025-03-09,0.1,19.0,2050.0
c-6701003251982,producto02,Vida grupo particular,F,PEN,1995-07-03,2021-03-09,2027-04-09,0.1,74.0,1000.0
c-6701003252002,producto02,Vida grupo particular,F,PEN,1971-06-06,2021-03-09,2027-03-09,0.1,23.0,645.0
c-6701003252016,producto02,Vida grupo particular,F,PEN,1944-08-05,2021-03-09,2027-03-09,0.1,132.0,1710.0
c-6701003252026,producto02,Vida grupo particular,F,PEN,1948-08-27,2021-03-09,2027-03-09,0.1,14.0,300.0
c-6701003252065,producto02,Vida grupo particular,F,PEN,1971-01-03,2021-03-09,2026-03-09,0.1,40.0,600.0
c-6701003252100,producto02,Vida grupo particular,F,PEN,1968-10-22,2021-03-09,2026-03-09,0.1,16.0,1000.0
c-6701003252115,producto02,Vida grupo particular,F,PEN,1977-02-25,2021-03-09,2027-03-09,0.1,72.0,1300.0
c-6701003252130,producto02,Vida grupo particular,F,PEN,1968-12-28,2021-03-09,2026-03-09,0.1,69.0,850.0
c-6701003252135,producto02,Vida grupo particular,F,PEN,1973-03-06,2021-03-09,2027-03-09,0.1,35.0,635.0
c-6701003252174,producto02,Vida grupo particular,F,PEN,1993-12-22,2021-03-09,2026-03-09,0.1,16.0,370.0
c-6701003252182,producto02,Vida grupo particular,F,PEN,1998-12-06,2021-03-09,2025-03-09,0.1,15.0,850.0
c-6701003252207,producto02,Vida grupo particular,F,PEN,1943-10-12,2021-03-09,2027-03-09,0.1,179.0,2050.0
c-6701003252215,producto02,Vida grupo particular,F,PEN,1986-05-04,2021-03-09,2026-03-09,0.1,1.0,560.0
c-6701003252223,producto02,Vida grupo particular,F,PEN,1955-07-28,2021-03-09,2027-03-09,0.1,12.0,1350.0
c-6701003252233,producto02,Vida grupo particular,F,PEN,1990-01-20,2021-03-09,2025-03-09,0.1,99.0,1200.0
c-6701003252289,producto02,Vida grupo particular,F,PEN,1945-01-20,2021-03-10,2025-03-10,0.1,50.0,700.0
c-6701003252329,producto02,Vida grupo particular,F,PEN,1953-05-06,2021-03-10,2027-03-10,0.1,2.0,385.0
c-6701003252336,producto02,Vida grupo particular,F,PEN,1992-11-10,2021-03-10,2026-03-10,0.1,37.0,700.0
c-6701003252354,producto02,Vida grupo particular,F,PEN,1983-06-10,2021-03-10,2026-03-10,0.1,11.0,305.0
c-6701003252356,producto02,Vida grupo particular,F,PEN,1964-04-01,2021-03-10,2025-03-10,0.1,52.0,1000.0
c-6701003252418,producto02,Vida grupo particular,F,PEN,1971-09-26,2021-03-10,2027-03-10,0.1,2.0,1049.9
c-6701003252441,producto02,Vida grupo particular,F,PEN,1981-11-19,2021-03-10,2026-03-10,0.1,66.0,1050.0
c-6701003252444,producto02,Vida grupo particular,F,PEN,1972-09-12,2021-03-10,2026-03-10,0.1,26.0,600.0
c-6701003252449,producto02,Vida grupo particular,F,PEN,1966-09-25,2021-03-10,2026-03-10,0.1,69.0,850.0
c-6701003252470,producto02,Vida grupo particular,F,PEN,1962-06-28,2021-03-10,2026-03-10,0.1,31.0,355.0
c-6701003252480,producto02,Vida grupo particular,F,PEN,1993-07-24,2021-03-10,2025-03-10,0.1,16.0,500.0
c-6701003252514,producto02,Vida grupo particular,F,PEN,1957-08-25,2021-03-10,2027-03-10,0.1,59.0,1180.0
c-6701003252531,producto02,Vida grupo particular,F,PEN,1981-04-12,2021-03-10,2026-03-10,0.1,35.0,440.0
c-6701003252543,producto02,Vida grupo particular,F,PEN,1988-08-12,2021-03-10,2025-03-10,0.1,20.0,700.0
c-6701003252545,producto02,Vida grupo particular,F,PEN,1959-07-23,2021-03-10,2026-03-10,0.1,36.0,540.0
c-6701003252559,producto02,Vida grupo particular,F,PEN,1980-09-13,2021-03-10,2027-03-10,0.1,98.0,1655.0
c-6701003252614,producto02,Vida grupo particular,F,PEN,1975-10-29,2021-03-10,2025-03-10,0.1,114.0,1400.0
c-6701003252629,producto02,Vida grupo particular,F,PEN,1972-11-30,2021-03-10,2026-03-10,0.1,17.0,1035.0
c-6701003252642,producto02,Vida grupo particular,F,PEN,1973-01-09,2021-03-10,2027-03-10,0.1,87.0,1000.0
c-6701003252649,producto02,Vida grupo particular,F,PEN,1957-05-03,2021-03-10,2025-03-10,0.1,35.0,500.0
c-6701003252663,producto02,Vida grupo particular,F,PEN,1979-05-22,2021-03-10,2026-03-10,0.1,3.0,400.0
c-6701003252668,producto02,Vida grupo particular,F,PEN,1981-05-20,2021-03-10,2027-03-10,0.1,19.0,305.0
c-6701003252701,producto02,Vida grupo particular,F,PEN,1961-12-07,2021-03-10,2026-03-10,0.1,9.0,500.0
c-6701003252718,producto02,Vida grupo particular,F,PEN,1941-12-19,2021-03-10,2027-03-10,0.1,32.0,1275.0
c-6701003252735,producto02,Vida grupo particular,F,PEN,1980-07-08,2021-03-10,2027-03-10,0.1,40.0,1200.0
c-6701003252755,producto02,Vida grupo particular,F,PEN,1966-03-15,2021-03-10,2027-03-10,0.1,31.0,400.0
c-6701003252758,producto02,Vida grupo particular,F,PEN,1958-06-18,2021-03-10,2025-03-10,0.1,14.0,400.0
c-6701003252767,producto02,Vida grupo particular,F,PEN,1940-12-17,2021-03-10,2025-03-10,0.1,122.0,1395.0
c-6701003252776,producto02,Vida grupo particular,F,PEN,1940-05-30,2021-03-10,2025-03-10,0.1,27.0,1600.0
c-6701003252788,producto02,Vida grupo particular,F,PEN,1990-05-28,2021-03-10,2027-03-10,0.1,33.0,845.0
c-6701003252791,producto02,Vida grupo particular,F,PEN,1968-01-21,2021-03-10,2027-03-10,0.1,18.0,1200.0
c-6701003252806,producto02,Vida grupo particular,F,PEN,1988-11-28,2021-03-10,2026-03-10,0.1,5.0,500.0
c-6701003252827,producto02,Vida grupo particular,F,PEN,1955-12-14,2021-03-10,2026-03-10,0.1,19.0,365.0
c-6701003252831,producto02,Vida grupo particular,F,PEN,1986-10-14,2021-03-10,2025-03-10,0.1,17.0,1100.1
c-6701003252865,producto02,Vida grupo particular,F,PEN,1981-08-03,2021-03-10,2027-03-10,0.1,16.0,1000.0
c-6701003252869,producto02,Vida grupo particular,F,PEN,1984-05-13,2021-03-10,2027-03-10,0.1,27.0,570.0
c-6701003252893,producto02,Vida grupo particular,F,PEN,1983-01-01,2021-03-10,2027-03-10,0.1,42.0,900.0
c-6701003252917,producto02,Vida grupo particular,F,PEN,1972-09-13,2021-03-10,2027-03-10,0.1,88.0,1250.0
c-6701003252922,producto02,Vida grupo particular,F,PEN,1944-06-16,2021-03-10,2027-03-10,0.1,143.0,1620.0
c-6701003252932,producto02,Vida grupo particular,F,PEN,1954-03-07,2021-03-10,2027-03-10,0.1,25.0,675.0
c-6701003252964,producto02,Vida grupo particular,F,PEN,1978-03-10,2021-03-10,2027-03-10,0.1,73.0,975.0
c-6701003252979,producto02,Vida grupo particular,F,PEN,1958-06-23,2021-03-10,2026-03-10,0.1,96.0,1200.0
c-6701003252986,producto02,Vida grupo particular,F,PEN,1959-11-30,2021-03-10,2027-03-10,0.1,81.0,1350.0
c-6701003252993,producto02,Vida grupo particular,F,PEN,1992-02-22,2021-03-10,2025-03-10,0.1,61.0,1165.0
c-6701003253015,producto02,Vida grupo particular,F,PEN,1971-05-13,2021-03-10,2026-03-10,0.1,134.0,1550.0
c-6701003253016,producto02,Vida grupo particular,F,PEN,1979-06-16,2021-03-10,2027-03-10,0.1,43.0,1050.0
c-6701003253020,producto02,Vida grupo particular,F,PEN,1951-09-15,2021-03-10,2027-03-10,0.1,107.0,2249.9990000000003
c-6701003253059,producto02,Vida grupo particular,F,PEN,1967-10-22,2021-03-10,2027-03-10,0.1,1.0,615.0
c-6701003253069,producto02,Vida grupo particular,F,PEN,1970-09-25,2021-03-10,2026-03-10,0.1,4.0,445.0
c-6701003253101,producto02,Vida grupo particular,F,PEN,1986-05-28,2021-03-10,2027-03-10,0.1,49.0,1080.0
c-6701003253150,producto02,Vida grupo particular,F,PEN,1978-11-26,2021-03-10,2027-03-10,0.1,62.0,800.0
c-6701003253182,producto02,Vida grupo particular,F,PEN,1977-12-24,2021-03-10,2025-03-10,0.1,13.0,615.0
c-6701003253190,producto02,Vida grupo particular,F,PEN,1983-01-02,2021-03-11,2027-03-11,0.1,19.0,530.0
c-6701003253195,producto02,Vida grupo particular,F,PEN,1971-12-30,2021-03-11,2027-03-11,0.1,142.0,1820.0
c-6701003253209,producto02,Vida grupo particular,F,PEN,1965-01-01,2021-03-11,2027-03-11,0.1,66.0,2000.0
c-6701003253218,producto02,Vida grupo particular,F,PEN,1950-01-06,2021-03-11,2027-03-11,0.1,30.0,580.0
c-6701003253220,producto02,Vida grupo particular,F,PEN,1984-08-21,2021-03-11,2025-03-11,0.1,7.0,400.0
c-6701003253225,producto02,Vida grupo particular,F,PEN,1988-01-19,2021-03-11,2027-03-11,0.1,20.0,375.0
c-6701003253238,producto02,Vida grupo particular,F,PEN,1978-12-14,2021-03-11,2027-03-11,0.1,40.0,1000.0
c-6701003253245,producto02,Vida grupo particular,F,PEN,1992-02-22,2021-03-11,2025-03-11,0.1,16.0,700.0
c-6701003253249,producto02,Vida grupo particular,F,PEN,1964-03-10,2021-03-11,2025-03-11,0.1,8.0,200.0
c-6701003253264,producto02,Vida grupo particular,F,PEN,1985-09-02,2021-03-11,2025-03-11,0.1,8.0,250.0
c-6701003253266,producto02,Vida grupo particular,F,PEN,1948-08-24,2021-03-11,2027-03-11,0.1,40.0,555.0
c-6701003253294,producto02,Vida grupo particular,F,PEN,1985-12-10,2021-03-11,2025-03-11,0.1,6.0,500.0
c-6701003253299,producto02,Vida grupo particular,F,PEN,1986-05-19,2021-03-11,2025-03-11,0.1,18.0,1050.0
c-6701003253322,producto02,Vida grupo particular,F,PEN,1984-12-26,2021-03-11,2026-03-11,0.1,28.0,330.0
c-6701003253324,producto02,Vida grupo particular,F,PEN,1964-05-15,2021-03-11,2025-03-11,0.1,13.0,700.0
c-6701003253325,producto02,Vida grupo particular,F,PEN,1946-04-29,2021-03-11,2027-03-11,0.1,4.0,236.2
c-6701003253343,producto02,Vida grupo particular,F,PEN,1976-12-06,2021-03-11,2027-03-11,0.1,34.0,1250.0
c-6701003253347,producto02,Vida grupo particular,F,PEN,1962-10-24,2021-03-11,2027-03-11,0.1,49.0,595.0
c-6701003253352,producto02,Vida grupo particular,F,PEN,1969-02-03,2021-03-11,2027-03-11,0.1,14.0,450.0
c-6701003253368,producto02,Vida grupo particular,F,PEN,1949-01-01,2021-03-11,2025-03-11,0.1,15.0,700.0
c-6701003253374,producto02,Vida grupo particular,F,PEN,1986-11-06,2021-03-11,2026-03-11,0.1,9.0,725.0
c-6701003253377,producto02,Vida grupo particular,F,PEN,1989-04-19,2021-03-11,2026-03-11,0.1,23.0,390.0
c-6701003253387,producto02,Vida grupo particular,F,PEN,1951-08-15,2021-03-11,2027-03-11,0.1,47.0,1060.0
c-6701003253388,producto02,Vida grupo particular,F,PEN,1971-10-02,2021-03-11,2026-03-11,0.1,12.0,475.0
c-6701003253393,producto02,Vida grupo particular,F,PEN,1988-09-29,2021-03-11,2027-03-11,0.1,18.0,1200.0
c-6701003253401,producto02,Vida grupo particular,F,PEN,1990-07-26,2021-03-11,2025-03-11,0.1,36.0,500.0
c-6701003253424,producto02,Vida grupo particular,F,PEN,1980-06-25,2021-03-11,2026-03-11,0.1,13.0,930.0
c-6701003253438,producto02,Vida grupo particular,F,PEN,1948-02-15,2021-03-11,2027-03-11,0.1,66.0,1625.0
c-6701003253447,producto02,Vida grupo particular,F,PEN,1986-06-22,2021-03-11,2026-03-11,0.1,31.0,1000.0
c-6701003253464,producto02,Vida grupo particular,F,PEN,1984-10-04,2021-03-11,2025-03-11,0.1,41.0,1100.0
c-6701003253477,producto02,Vida grupo particular,F,PEN,1975-09-03,2021-03-11,2026-03-11,0.1,39.0,700.0
c-6701003253505,producto02,Vida grupo particular,F,PEN,1955-02-19,2021-03-11,2027-03-11,0.1,26.0,545.0
c-6701003253510,producto02,Vida grupo particular,F,PEN,1989-05-29,2021-03-11,2027-03-11,0.1,21.0,380.0
c-6701003253524,producto02,Vida grupo particular,F,PEN,1953-07-06,2021-03-11,2025-03-11,0.1,81.0,1017.3
c-6701003253528,producto02,Vida grupo particular,F,PEN,1966-11-01,2021-03-11,2025-03-11,0.1,169.0,3640.0
c-6701003253544,producto02,Vida grupo particular,F,PEN,1960-03-29,2021-03-11,2025-03-11,0.1,10.0,400.0
c-6701003253559,producto02,Vida grupo particular,F,PEN,1942-03-15,2021-03-11,2025-03-11,0.1,20.0,400.0
c-6701003253568,producto02,Vida grupo particular,F,PEN,1953-03-11,2021-03-11,2025-03-11,0.1,3.0,600.0
c-6701003253570,producto02,Vida grupo particular,F,PEN,1997-06-29,2021-03-11,2025-03-11,0.1,14.0,800.0
c-6701003253572,producto02,Vida grupo particular,F,PEN,1992-08-25,2021-03-11,2027-03-11,0.1,57.0,1100.0
c-6701003253584,producto02,Vida grupo particular,F,PEN,1962-11-01,2021-03-11,2027-03-11,0.1,5.0,350.0
c-6701003253587,producto02,Vida grupo particular,F,PEN,1989-08-02,2021-03-11,2026-03-11,0.1,36.0,415.0
c-6701003253589,producto02,Vida grupo particular,F,PEN,1956-06-12,2021-03-11,2027-03-11,0.1,32.0,550.0
c-6701003253598,producto02,Vida grupo particular,F,PEN,1965-10-05,2021-03-11,2026-03-11,0.1,7.0,400.0
c-6701003253607,producto02,Vida grupo particular,F,PEN,1986-12-06,2021-03-11,2025-03-11,0.1,18.0,300.0
c-6701003253624,producto02,Vida grupo particular,F,PEN,1975-01-01,2021-03-11,2027-03-11,0.1,82.0,1250.0
c-6701003253631,producto02,Vida grupo particular,F,PEN,1976-12-02,2021-03-11,2027-03-11,0.1,26.0,900.0
c-6701003253633,producto02,Vida grupo particular,F,PEN,1982-11-06,2021-03-11,2026-03-11,0.1,3.0,400.0
c-6701003253636,producto02,Vida grupo particular,F,PEN,1995-11-26,2021-03-11,2025-03-11,0.1,43.0,500.0
c-6701003253665,producto02,Vida grupo particular,F,PEN,1959-04-13,2021-03-11,2027-03-11,0.1,23.0,635.0
c-6701003253681,producto02,Vida grupo particular,F,PEN,1982-09-06,2021-03-11,2027-03-11,0.1,8.0,630.0
c-6701003253692,producto02,Vida grupo particular,F,PEN,1980-04-18,2021-03-11,2027-03-11,0.1,25.0,380.0
c-6701003253697,producto02,Vida grupo particular,F,PEN,1960-12-21,2021-03-11,2027-03-11,0.1,14.0,1175.0
c-6701003253709,producto02,Vida grupo particular,F,PEN,1963-05-08,2021-03-11,2026-03-11,0.1,26.0,465.0
c-6701003253729,producto02,Vida grupo particular,F,PEN,1975-03-10,2021-03-11,2026-03-11,0.1,26.0,615.0
c-6701003253800,producto02,Vida grupo particular,F,PEN,1982-11-12,2021-03-11,2025-03-11,0.1,33.0,1100.1
c-6701003253813,producto02,Vida grupo particular,F,PEN,1947-08-12,2021-03-11,2025-03-11,0.1,33.0,516.0
c-6701003253835,producto02,Vida grupo particular,F,PEN,1981-07-15,2021-03-11,2026-03-11,0.1,99.0,1225.0
c-6701003253844,producto02,Vida grupo particular,F,PEN,1982-07-22,2021-03-11,2027-03-11,0.1,44.0,515.0
c-6701003253866,producto02,Vida grupo particular,F,PEN,1967-12-05,2021-03-11,2026-03-11,0.1,35.0,700.0
c-6701003253871,producto02,Vida grupo particular,F,PEN,1971-10-20,2021-03-11,2027-03-11,0.1,6.0,335.0
c-6701003253889,producto02,Vida grupo particular,F,PEN,1972-10-30,2021-03-11,2027-03-11,0.1,20.0,1200.0
c-6701003253893,producto02,Vida grupo particular,F,PEN,1959-02-03,2021-03-11,2027-03-11,0.1,20.0,1335.0
c-6701003253898,producto02,Vida grupo particular,F,PEN,1948-09-15,2021-03-11,2027-03-11,0.1,34.0,590.0
c-6701003253903,producto02,Vida grupo particular,F,PEN,1960-08-17,2021-03-11,2026-03-11,0.1,81.0,2000.0
c-6701003253908,producto02,Vida grupo particular,F,PEN,1979-06-23,2021-03-11,2026-04-11,0.1,6.0,1500.0
c-6701003253915,producto02,Vida grupo particular,F,PEN,1982-04-28,2021-03-11,2027-03-11,0.1,7.0,430.0
c-6701003253939,producto02,Vida grupo particular,F,PEN,1979-10-12,2021-03-11,2027-03-11,0.1,21.0,425.0
c-6701003253953,producto02,Vida grupo particular,F,PEN,1973-07-21,2021-03-11,2027-03-11,0.1,53.0,800.0
c-6701003253969,producto02,Vida grupo particular,F,PEN,1953-05-01,2021-03-11,2026-03-11,0.1,22.0,385.0
c-6701003253977,producto02,Vida grupo particular,F,PEN,1981-04-21,2021-03-11,2026-03-11,0.1,79.0,900.0
c-6701003253983,producto02,Vida grupo particular,F,PEN,1971-06-30,2021-03-11,2027-03-11,0.1,15.0,1680.0
c-6701003254024,producto02,Vida grupo particular,F,PEN,1957-11-26,2021-03-11,2025-03-11,0.1,75.0,910.0
c-6701003254025,producto02,Vida grupo particular,F,PEN,1982-03-28,2021-03-11,2027-03-11,0.1,43.0,790.0
c-6701003254026,producto02,Vida grupo particular,F,PEN,1971-08-18,2021-03-11,2027-03-11,0.1,10.0,1100.0
c-6701003254063,producto02,Vida grupo particular,F,PEN,1966-02-07,2021-03-11,2027-03-11,0.1,8.0,535.0
c-6701003254078,producto02,Vida grupo particular,F,PEN,1980-12-03,2021-03-11,2026-03-11,0.1,18.0,500.1
c-6701003254080,producto02,Vida grupo particular,F,PEN,1983-06-13,2021-03-11,2027-03-11,0.1,11.0,360.0
c-6701003254088,producto02,Vida grupo particular,F,PEN,1982-11-22,2021-03-11,2027-03-11,0.1,12.0,440.0
c-6701003254114,producto02,Vida grupo particular,F,PEN,1987-11-03,2021-03-11,2026-03-11,0.1,91.0,1150.0
c-6701003254125,producto02,Vida grupo particular,F,PEN,1963-06-08,2021-03-12,2027-03-12,0.1,3.0,600.0
c-6701003254139,producto02,Vida grupo particular,F,PEN,1942-02-10,2021-03-12,2027-03-12,0.1,37.0,1200.0
c-6701003254204,producto02,Vida grupo particular,F,PEN,1964-09-30,2021-03-12,2027-03-12,0.1,69.0,780.0
c-6701003254210,producto02,Vida grupo particular,F,PEN,1968-06-11,2021-03-12,2027-03-12,0.1,2.0,450.0
c-6701003254217,producto02,Vida grupo particular,F,PEN,1975-04-17,2021-03-12,2027-03-12,0.1,74.0,1000.0
c-6701003254230,producto02,Vida grupo particular,F,PEN,1961-10-07,2021-03-12,2027-03-12,0.1,41.0,835.0
c-6701003254233,producto02,Vida grupo particular,F,PEN,1952-07-27,2021-03-12,2025-03-12,0.1,49.0,575.0
c-6701003254235,producto02,Vida grupo particular,F,PEN,1978-08-21,2021-03-12,2027-03-12,0.1,1.0,405.0
c-6701003254236,producto02,Vida grupo particular,F,PEN,1969-12-06,2021-03-12,2025-03-12,0.1,142.0,1900.0
c-6701003254239,producto02,Vida grupo particular,F,PEN,1974-01-16,2021-03-12,2026-03-12,0.1,28.0,995.0
c-6701003254251,producto02,Vida grupo particular,F,PEN,1954-03-19,2021-03-12,2027-03-12,0.1,101.0,1235.0
c-6701003254267,producto02,Vida grupo particular,F,PEN,1965-10-07,2021-03-12,2027-03-12,0.1,76.0,1485.0
c-6701003254269,producto02,Vida grupo particular,F,PEN,1963-08-04,2021-03-12,2025-03-12,0.1,46.0,600.0
c-6701003254272,producto02,Vida grupo particular,F,PEN,1983-11-21,2021-03-12,2027-03-12,0.1,28.0,500.0
c-6701003254288,producto02,Vida grupo particular,F,PEN,1962-01-11,2021-03-12,2027-03-12,0.1,157.0,2500.0
c-6701003254298,producto02,Vida grupo particular,F,PEN,1983-03-24,2021-03-12,2026-03-12,0.1,101.0,2800.0
c-6701003254299,producto02,Vida grupo particular,F,PEN,1988-12-08,2021-03-12,2025-03-12,0.1,28.0,1200.0
c-6701003254316,producto02,Vida grupo particular,F,PEN,1956-07-04,2021-03-12,2027-03-12,0.1,19.0,970.0
c-6701003254321,producto02,Vida grupo particular,F,PEN,1966-06-24,2021-03-12,2026-03-12,0.1,85.0,1170.0
c-6701003254322,producto02,Vida grupo particular,F,PEN,1979-12-07,2021-03-12,2027-03-12,0.1,16.0,840.0
c-6701003254326,producto02,Vida grupo particular,F,PEN,1957-05-10,2021-03-12,2027-03-12,0.1,43.0,710.0
c-6701003254329,producto02,Vida grupo particular,F,PEN,1961-01-30,2021-03-12,2027-03-12,0.1,13.0,439.9
c-6701003254333,producto02,Vida grupo particular,F,PEN,1964-07-05,2021-03-12,2027-03-12,0.1,28.0,1710.0
c-6701003254336,producto02,Vida grupo particular,F,PEN,1952-07-01,2021-03-12,2026-09-12,0.1,37.0,555.0
c-6701003254341,producto02,Vida grupo particular,F,PEN,1948-06-20,2021-03-12,2027-03-12,0.1,11.0,1000.0
c-6701003254345,producto02,Vida grupo particular,F,PEN,1942-12-29,2021-03-12,2025-03-12,0.1,19.0,450.0
c-6701003254349,producto02,Vida grupo particular,F,PEN,1964-11-20,2021-03-12,2026-03-12,0.1,39.0,700.0
c-6701003254355,producto02,Vida grupo particular,F,PEN,1967-07-16,2021-03-12,2027-03-12,0.1,18.0,500.0
c-6701003254362,producto02,Vida grupo particular,F,PEN,1968-04-03,2021-03-12,2027-03-12,0.1,47.0,900.1
c-6701003254363,producto02,Vida grupo particular,F,PEN,1982-01-16,2021-03-12,2026-03-12,0.1,13.0,565.0
c-6701003254378,producto02,Vida grupo particular,F,PEN,1979-01-29,2021-03-12,2025-03-12,0.1,36.0,450.0
c-6701003254411,producto02,Vida grupo particular,F,PEN,1983-03-03,2021-03-12,2026-03-12,0.1,13.0,825.0
c-6701003254420,producto02,Vida grupo particular,F,PEN,1965-11-13,2021-03-12,2027-03-12,0.1,12.0,955.0
c-6701003254421,producto02,Vida grupo particular,F,PEN,1970-08-26,2021-03-12,2026-03-12,0.1,13.0,860.0
c-6701003254453,producto02,Vida grupo particular,F,PEN,1966-06-03,2021-03-12,2027-03-12,0.1,47.0,755.0
c-6701003254472,producto02,Vida grupo particular,F,PEN,1983-03-25,2021-03-12,2027-03-12,0.1,17.0,650.0
c-6701003254484,producto02,Vida grupo particular,F,PEN,1975-08-20,2021-03-12,2027-03-12,0.1,17.0,300.1
c-6701003254487,producto02,Vida grupo particular,F,PEN,1975-04-02,2021-03-12,2026-03-12,0.1,28.0,460.0
c-6701003254491,producto02,Vida grupo particular,F,PEN,1984-03-08,2021-03-12,2026-03-12,0.1,18.0,530.0
c-6701003254506,producto02,Vida grupo particular,F,PEN,1962-05-10,2021-03-12,2025-07-12,0.1,7.0,750.0
c-6701003254508,producto02,Vida grupo particular,F,PEN,1956-12-08,2021-03-12,2026-09-12,0.1,21.0,975.0
c-6701003254514,producto02,Vida grupo particular,F,PEN,1947-11-19,2021-03-12,2027-03-12,0.1,64.0,730.0
c-6701003254516,producto02,Vida grupo particular,F,PEN,1967-11-13,2021-03-12,2025-03-12,0.1,2.0,500.0
c-6701003254522,producto02,Vida grupo particular,F,PEN,1981-12-24,2021-03-12,2026-03-12,0.1,33.0,790.0
c-6701003254538,producto02,Vida grupo particular,F,PEN,1982-02-12,2021-03-12,2026-03-12,0.1,7.0,465.0
c-6701003254539,producto02,Vida grupo particular,F,PEN,1982-03-21,2021-03-12,2026-03-12,0.1,11.0,400.0
c-6701003254542,producto02,Vida grupo particular,F,PEN,1945-09-20,2021-03-12,2027-03-12,0.1,35.0,430.0
c-6701003254543,producto02,Vida grupo particular,F,PEN,1941-10-06,2021-03-12,2025-03-12,0.1,53.0,1475.0
c-6701003254550,producto02,Vida grupo particular,F,PEN,1994-06-24,2021-03-12,2025-03-12,0.1,28.0,470.0
c-6701003254559,producto02,Vida grupo particular,F,PEN,1982-03-28,2021-03-12,2027-03-12,0.1,52.0,700.0
c-6701003254564,producto02,Vida grupo particular,F,PEN,1973-05-27,2021-03-12,2025-03-12,0.1,42.0,1100.0
c-6701003254565,producto02,Vida grupo particular,F,PEN,1964-03-11,2021-03-12,2027-03-12,0.1,77.0,900.0
c-6701003254567,producto02,Vida grupo particular,F,PEN,1964-08-18,2021-03-12,2025-03-12,0.1,9.0,305.0
c-6701003254568,producto02,Vida grupo particular,F,PEN,1949-05-17,2021-03-12,2027-03-12,0.1,35.0,805.0
c-6701003254571,producto02,Vida grupo particular,F,PEN,1971-03-09,2021-03-12,2026-03-12,0.1,26.0,500.0
c-6701003254581,producto02,Vida grupo particular,F,PEN,1961-12-28,2021-03-12,2025-03-12,0.1,56.0,2100.0
c-6701003254583,producto02,Vida grupo particular,F,PEN,1953-07-09,2021-03-12,2026-03-12,0.1,30.0,515.0
c-6701003254587,producto02,Vida grupo particular,F,PEN,1978-12-10,2021-03-12,2027-03-12,0.1,2.0,485.0
c-6701003254590,producto02,Vida grupo particular,F,PEN,1993-10-23,2021-03-12,2027-03-12,0.1,4.0,635.0
c-6701003254598,producto02,Vida grupo particular,F,PEN,1962-10-11,2021-03-12,2027-03-12,0.1,13.0,600.0
c-6701003254609,producto02,Vida grupo particular,F,PEN,1969-03-30,2021-03-12,2025-03-12,0.1,8.0,1350.0
c-6701003254618,producto02,Vida grupo particular,F,PEN,1993-04-16,2021-03-12,2025-03-12,0.1,35.0,1000.0
c-6701003254620,producto02,Vida grupo particular,F,PEN,1980-04-13,2021-03-12,2026-03-12,0.1,37.0,1000.0
c-6701003254625,producto02,Vida grupo particular,F,PEN,1965-03-27,2021-03-12,2025-03-12,0.1,32.0,500.0
c-6701003254634,producto02,Vida grupo particular,F,PEN,1983-05-12,2021-03-12,2026-03-12,0.1,52.0,1000.0
c-6701003254638,producto02,Vida grupo particular,F,PEN,1968-04-05,2021-03-12,2025-03-12,0.1,145.0,1675.0
c-6701003254648,producto02,Vida grupo particular,F,PEN,1967-03-27,2021-03-12,2025-03-12,0.1,21.0,500.0
c-6701003254672,producto02,Vida grupo particular,F,PEN,1995-10-26,2021-03-12,2027-03-12,0.1,12.0,750.0
c-6701003254675,producto02,Vida grupo particular,F,PEN,1955-05-03,2021-03-12,2027-03-12,0.1,160.0,2000.0
c-6701003254698,producto02,Vida grupo particular,F,PEN,1981-05-28,2021-03-12,2027-03-12,0.1,98.0,1120.0
c-6701003254706,producto02,Vida grupo particular,F,PEN,1987-01-10,2021-03-12,2027-03-12,0.1,6.0,700.0
c-6701003254754,producto02,Vida grupo particular,F,PEN,1955-06-08,2021-03-12,2026-03-12,0.1,16.0,320.0
c-6701003254755,producto02,Vida grupo particular,F,PEN,1983-10-18,2021-03-12,2026-03-12,0.1,78.0,1050.0
c-6701003254774,producto02,Vida grupo particular,F,PEN,1962-02-01,2021-03-12,2025-03-12,0.1,65.0,1875.0
c-6701003254798,producto02,Vida grupo particular,F,PEN,1964-07-24,2021-03-12,2026-05-12,0.1,36.0,765.0
c-6701003254806,producto02,Vida grupo particular,F,PEN,1981-09-28,2021-03-12,2025-03-12,0.1,25.0,900.0
c-6701003254809,producto02,Vida grupo particular,F,PEN,1972-05-14,2021-03-12,2027-03-12,0.1,12.0,520.0
c-6701003254811,producto02,Vida grupo particular,F,PEN,1984-08-10,2021-03-12,2027-03-12,0.1,14.0,1130.0
c-6701003254814,producto02,Vida grupo particular,F,PEN,1977-01-19,2021-03-12,2027-03-12,0.1,71.0,1060.0
c-6701003254835,producto02,Vida grupo particular,F,PEN,1978-07-28,2021-03-12,2025-03-12,0.1,131.0,1950.0
c-6701003254841,producto02,Vida grupo particular,F,PEN,1954-02-16,2021-03-12,2027-03-12,0.1,73.0,1420.0
c-6701003254850,producto02,Vida grupo particular,F,PEN,1971-01-18,2021-03-12,2027-03-12,0.1,50.0,830.0
c-6701003254853,producto02,Vida grupo particular,F,PEN,1984-11-25,2021-03-12,2026-03-12,0.1,10.0,380.0
c-6701003254859,producto02,Vida grupo particular,F,PEN,1974-07-17,2021-03-12,2026-03-12,0.1,107.0,1250.0
c-6701003254880,producto02,Vida grupo particular,F,PEN,1987-09-25,2021-03-12,2026-03-12,0.1,23.0,1305.0
c-6701003254882,producto02,Vida grupo particular,F,PEN,1968-05-04,2021-03-12,2027-03-12,0.1,55.0,615.0
c-6701003254885,producto02,Vida grupo particular,F,PEN,1941-05-29,2021-03-12,2026-03-12,0.1,43.0,1050.0
c-6701003254888,producto02,Vida grupo particular,F,PEN,1989-05-11,2021-03-12,2027-03-12,0.1,9.0,1305.0
c-6701003254897,producto02,Vida grupo particular,F,PEN,1966-09-19,2021-03-12,2025-11-12,0.1,85.0,1220.0
c-6701003254898,producto02,Vida grupo particular,F,PEN,1973-03-19,2021-03-12,2026-03-12,0.1,69.0,1000.0
c-6701003254901,producto02,Vida grupo particular,F,PEN,1977-11-29,2021-03-12,2027-03-12,0.1,82.0,1100.0
c-6701003254910,producto02,Vida grupo particular,F,PEN,1941-01-20,2021-03-12,2027-03-12,0.1,59.0,670.0
c-6701003254921,producto02,Vida grupo particular,F,PEN,1968-09-30,2021-03-12,2027-03-12,0.1,9.0,325.0
c-6701003254927,producto02,Vida grupo particular,F,PEN,1940-10-29,2021-03-13,2027-03-13,0.1,3.0,1016.0
c-6701003254930,producto02,Vida grupo particular,F,PEN,1972-04-18,2021-03-13,2025-03-13,0.1,33.0,900.0
c-6701003254931,producto02,Vida grupo particular,F,PEN,1973-04-08,2021-03-13,2027-04-13,0.1,14.0,1300.0
c-6701003254938,producto02,Vida grupo particular,F,PEN,1957-10-29,2021-03-13,2027-03-13,0.1,8.0,660.0
c-6701003254940,producto02,Vida grupo particular,F,PEN,1961-09-16,2021-03-13,2026-03-13,0.1,6.0,350.0
c-6701003254961,producto02,Vida grupo particular,F,PEN,1972-11-27,2021-03-13,2026-03-13,0.1,15.0,700.0
c-6701003254962,producto02,Vida grupo particular,F,PEN,1960-07-14,2021-03-13,2027-03-13,0.1,53.0,630.0
c-6701003254968,producto02,Vida grupo particular,F,PEN,1971-11-15,2021-03-13,2025-03-13,0.1,61.0,700.0
c-6701003254976,producto02,Vida grupo particular,F,PEN,1983-05-03,2021-03-13,2026-03-13,0.1,11.0,395.0
c-6701003254988,producto02,Vida grupo particular,F,PEN,1967-11-10,2021-03-13,2027-03-13,0.1,47.0,1150.0
c-6701003254996,producto02,Vida grupo particular,F,PEN,1945-10-21,2021-03-13,2027-03-13,0.1,43.0,985.0
c-6701003255013,producto02,Vida grupo particular,F,PEN,1983-11-09,2021-03-13,2025-03-13,0.1,49.0,1100.0
c-6701003255034,producto02,Vida grupo particular,F,PEN,1962-05-14,2021-03-13,2027-03-13,0.1,79.0,910.0
c-6701003255069,producto02,Vida grupo particular,F,PEN,1985-12-17,2021-03-13,2027-03-13,0.1,19.0,700.0
c-6701003255077,producto02,Vida grupo particular,F,PEN,1976-10-03,2021-03-13,2027-03-13,0.1,16.0,860.0
c-6701003255078,producto02,Vida grupo particular,F,PEN,1949-10-19,2021-03-13,2027-03-13,0.1,39.0,450.0
c-6701003255080,producto02,Vida grupo particular,F,PEN,1968-01-13,2021-03-13,2025-03-13,0.1,104.0,1750.0
c-6701003255097,producto02,Vida grupo particular,F,PEN,1985-10-12,2021-03-13,2027-03-13,0.1,29.0,535.0
c-6701003255100,producto02,Vida grupo particular,F,PEN,1942-07-07,2021-03-13,2025-03-13,0.1,78.0,1345.0
c-6701003255111,producto02,Vida grupo particular,F,PEN,1953-04-12,2021-03-13,2027-03-13,0.1,81.0,1250.0
c-6701003255114,producto02,Vida grupo particular,F,PEN,1960-03-26,2021-03-13,2025-03-13,0.1,44.0,700.0
c-6701003255115,producto02,Vida grupo particular,F,PEN,1976-11-30,2021-03-13,2027-04-13,0.1,36.0,435.0
c-6701003255120,producto02,Vida grupo particular,F,PEN,1975-04-30,2021-03-13,2027-03-13,0.1,52.0,900.0
c-6701003255125,producto02,Vida grupo particular,F,PEN,1964-03-08,2021-03-13,2027-03-13,0.1,66.0,795.0
c-6701003255130,producto02,Vida grupo particular,F,PEN,1991-09-05,2021-03-13,2025-05-13,0.1,4.0,520.0
c-6701003255140,producto02,Vida grupo particular,F,PEN,1956-08-06,2021-03-13,2027-03-13,0.1,14.0,530.0
c-6701003255151,producto02,Vida grupo particular,F,PEN,1960-05-19,2021-03-13,2026-03-13,0.1,14.0,315.0
c-6701003255156,producto02,Vida grupo particular,F,PEN,1987-03-24,2021-03-13,2027-03-13,0.1,58.0,750.0
c-6701003255160,producto02,Vida grupo particular,F,PEN,1977-01-31,2021-03-13,2027-03-13,0.1,69.0,840.0
c-6701003255165,producto02,Vida grupo particular,F,PEN,1960-08-01,2021-03-13,2027-03-13,0.1,88.0,1025.0
c-6701003255174,producto02,Vida grupo particular,F,PEN,1965-01-15,2021-03-13,2026-03-13,0.1,28.0,400.0
c-6701003255185,producto02,Vida grupo particular,F,PEN,1984-03-05,2021-03-13,2027-03-13,0.1,23.0,700.1
c-6701003255196,producto02,Vida grupo particular,F,PEN,1941-01-08,2021-03-13,2025-03-13,0.1,118.0,1350.0
c-6701003255198,producto02,Vida grupo particular,F,PEN,1983-06-15,2021-03-13,2027-03-13,0.1,20.0,715.0
c-6701003255214,producto02,Vida grupo particular,F,PEN,1961-09-20,2021-03-13,2026-05-13,0.1,107.0,1200.0
c-6701003255250,producto02,Vida grupo particular,F,PEN,1988-10-16,2021-03-13,2027-03-13,0.1,23.0,1055.0
c-6701003255253,producto02,Vida grupo particular,F,PEN,1976-01-15,2021-03-13,2027-04-13,0.1,54.0,1085.0
c-6701003255257,producto02,Vida grupo particular,F,PEN,1956-12-20,2021-03-13,2026-10-13,0.1,23.0,610.0
c-6701003255264,producto02,Vida grupo particular,F,PEN,1967-11-08,2021-03-13,2025-03-13,0.1,42.0,500.0
c-6701003255268,producto02,Vida grupo particular,F,PEN,1948-06-16,2021-03-13,2027-03-13,0.1,16.0,1100.0
c-6701003255271,producto02,Vida grupo particular,F,PEN,1984-08-01,2021-03-13,2027-03-13,0.1,148.0,2050.0
c-6701003255292,producto02,Vida grupo particular,F,PEN,1970-02-17,2021-03-13,2025-03-13,0.1,33.0,1000.0
c-6701003255298,producto02,Vida grupo particular,F,PEN,1977-02-02,2021-03-13,2025-03-13,0.1,43.0,500.0
c-6701003255301,producto02,Vida grupo particular,F,PEN,1982-07-06,2021-03-13,2027-03-13,0.1,17.0,620.0
c-6701003255302,producto02,Vida grupo particular,F,PEN,1971-12-26,2021-03-13,2027-04-13,0.1,80.0,1000.0
c-6701003255308,producto02,Vida grupo particular,F,PEN,1945-03-10,2021-03-13,2027-03-13,0.1,6.0,620.0
c-6701003255310,producto02,Vida grupo particular,F,PEN,1952-05-26,2021-03-13,2025-03-13,0.1,14.0,710.0
c-6701003255329,producto02,Vida grupo particular,F,PEN,1986-08-02,2021-03-13,2027-03-13,0.1,97.0,1600.0
c-6701003255334,producto02,Vida grupo particular,F,PEN,1973-09-16,2021-03-13,2025-03-13,0.1,35.0,400.0
c-6701003255340,producto02,Vida grupo particular,F,PEN,1996-09-09,2021-03-13,2025-02-13,0.1,28.0,800.0
c-6701003255355,producto02,Vida grupo particular,F,PEN,1974-06-30,2021-03-13,2026-03-13,0.1,10.0,1400.0
c-6701003255368,producto02,Vida grupo particular,F,PEN,1970-05-28,2021-03-13,2027-03-13,0.1,25.0,1140.0
c-6701003255369,producto02,Vida grupo particular,F,PEN,1959-11-09,2021-03-13,2026-03-13,0.1,55.0,930.0
c-6701003255371,producto02,Vida grupo particular,F,PEN,1969-03-26,2021-03-13,2027-03-13,0.1,14.0,510.0
c-6701003255391,producto02,Vida grupo particular,F,PEN,1978-02-11,2021-03-13,2026-03-13,0.1,22.0,305.0
c-6701003255393,producto02,Vida grupo particular,F,PEN,1980-06-25,2021-03-13,2027-03-13,0.1,20.0,1025.0
c-6701003255409,producto02,Vida grupo particular,F,PEN,1979-06-27,2021-03-13,2027-03-13,0.1,13.0,655.0
c-6701003255422,producto02,Vida grupo particular,F,PEN,1979-05-24,2021-03-13,2027-03-13,0.1,60.0,670.0
c-6701003255430,producto02,Vida grupo particular,F,PEN,1963-09-22,2021-03-13,2026-03-13,0.1,34.0,700.0
c-6701003255483,producto02,Vida grupo particular,F,PEN,1992-04-15,2021-03-15,2027-03-15,0.1,34.0,900.0
c-6701003255488,producto02,Vida grupo particular,F,PEN,1944-02-07,2021-03-15,2026-03-15,0.1,74.0,1075.0
c-6701003255489,producto02,Vida grupo particular,F,PEN,1952-06-16,2021-03-15,2027-03-15,0.1,28.0,405.0
c-6701003255493,producto02,Vida grupo particular,F,PEN,1969-03-04,2021-03-15,2026-03-15,0.1,17.0,1000.0
c-6701003255501,producto02,Vida grupo particular,F,PEN,1970-04-18,2021-03-15,2027-03-15,0.1,56.0,1150.0
c-6701003255508,producto02,Vida grupo particular,F,PEN,1990-08-30,2021-03-15,2026-03-15,0.1,36.0,425.0
c-6701003255510,producto02,Vida grupo particular,F,PEN,1977-02-12,2021-03-15,2026-03-15,0.1,27.0,635.0
c-6701003255543,producto02,Vida grupo particular,F,PEN,1972-09-09,2021-03-15,2027-03-15,0.1,72.0,1935.0
c-6701003255549,producto02,Vida grupo particular,F,PEN,1962-12-01,2021-03-15,2025-03-15,0.1,72.0,1200.0
c-6701003255575,producto02,Vida grupo particular,F,PEN,1967-10-04,2021-03-15,2027-03-15,0.1,34.0,430.0
c-6701003255580,producto02,Vida grupo particular,F,PEN,1953-01-25,2021-03-15,2027-03-15,0.1,17.0,375.0
c-6701003255597,producto02,Vida grupo particular,F,PEN,1986-03-01,2021-03-15,2026-03-15,0.1,16.0,600.0
c-6701003255599,producto02,Vida grupo particular,F,PEN,1969-02-08,2021-03-15,2026-03-15,0.1,92.0,1360.0
c-6701003255604,producto02,Vida grupo particular,F,PEN,1981-01-26,2021-03-15,2026-03-15,0.1,54.0,760.0
c-6701003255615,producto02,Vida grupo particular,F,PEN,1953-04-16,2021-03-15,2027-03-15,0.1,31.0,680.0
c-6701003255641,producto02,Vida grupo particular,F,PEN,1946-01-24,2021-03-15,2027-03-15,0.1,33.0,380.0
c-6701003255643,producto02,Vida grupo particular,F,PEN,1983-08-12,2021-03-15,2026-04-15,0.1,6.0,1100.0
c-6701003255661,producto02,Vida grupo particular,F,PEN,1964-10-02,2021-03-15,2025-03-15,0.1,1.0,400.0
c-6701003255665,producto02,Vida grupo particular,F,PEN,1985-12-12,2021-03-15,2027-03-15,0.1,26.0,630.0
c-6701003255670,producto02,Vida grupo particular,F,PEN,1979-05-10,2021-03-15,2027-03-15,0.1,68.0,935.0
c-6701003255690,producto02,Vida grupo particular,F,PEN,1984-10-13,2021-03-15,2026-03-15,0.1,35.0,1550.0
c-6701003255718,producto02,Vida grupo particular,F,PEN,1993-08-16,2021-03-15,2027-03-15,0.1,58.0,1035.0
c-6701003255741,producto02,Vida grupo particular,F,PEN,1982-05-18,2021-03-15,2027-03-15,0.1,13.0,750.0
c-6701003255760,producto02,Vida grupo particular,F,PEN,1960-08-13,2021-03-15,2026-03-15,0.1,27.0,1650.0
c-6701003255770,producto02,Vida grupo particular,F,PEN,1992-06-29,2021-03-15,2027-03-15,0.1,35.0,645.0
c-6701003255778,producto02,Vida grupo particular,F,PEN,1965-05-14,2021-03-15,2026-03-15,0.1,8.0,350.0
c-6701003255780,producto02,Vida grupo particular,F,PEN,1967-06-15,2021-03-15,2025-03-15,0.1,29.0,1200.0
c-6701003255787,producto02,Vida grupo particular,F,PEN,1979-09-19,2021-03-15,2026-03-15,0.1,3.0,400.0
c-6701003255788,producto02,Vida grupo particular,F,PEN,1990-10-20,2021-03-15,2027-03-15,0.1,9.0,904.0
c-6701003255798,producto02,Vida grupo particular,F,PEN,1996-10-15,2021-03-15,2025-03-15,0.1,4.0,700.0
c-6701003255799,producto02,Vida grupo particular,F,PEN,1986-03-12,2021-03-15,2026-03-15,0.1,2.0,840.0
c-6701003255801,producto02,Vida grupo particular,F,PEN,1985-06-28,2021-03-15,2027-03-15,0.1,46.0,580.0
c-6701003255802,producto02,Vida grupo particular,F,PEN,1989-01-09,2021-03-15,2027-03-15,0.1,21.0,495.0
c-6701003255835,producto02,Vida grupo particular,F,PEN,1962-04-04,2021-03-15,2027-03-15,0.1,36.0,570.0
c-6701003255838,producto02,Vida grupo particular,F,PEN,1983-07-22,2021-03-15,2026-03-15,0.1,57.0,1200.0
c-6701003255844,producto02,Vida grupo particular,F,PEN,1948-11-02,2021-03-15,2026-03-15,0.1,50.0,810.0
c-6701003255849,producto02,Vida grupo particular,F,PEN,1970-05-31,2021-03-15,2027-03-15,0.1,40.0,700.0
c-6701003255859,producto02,Vida grupo particular,F,PEN,1961-07-09,2021-03-15,2026-03-15,0.1,61.0,700.0
c-6701003255876,producto02,Vida grupo particular,F,PEN,1994-03-20,2021-03-15,2026-03-15,0.1,6.0,420.0
c-6701003255878,producto02,Vida grupo particular,F,PEN,1974-03-06,2021-03-15,2025-03-15,0.1,24.0,400.0
c-6701003255880,producto02,Vida grupo particular,F,PEN,1990-01-07,2021-03-15,2025-03-15,0.1,25.0,600.0
c-6701003255890,producto02,Vida grupo particular,F,PEN,1986-01-20,2021-03-15,2027-03-15,0.1,37.0,600.0
c-6701003255899,producto02,Vida grupo particular,F,PEN,1970-07-11,2021-03-15,2027-03-15,0.1,19.0,415.0
c-6701003255908,producto02,Vida grupo particular,F,PEN,1980-12-20,2021-03-15,2026-03-15,0.1,9.0,400.0
c-6701003255910,producto02,Vida grupo particular,F,PEN,1965-12-20,2021-03-15,2027-03-15,0.1,32.0,1000.0
c-6701003255916,producto02,Vida grupo particular,F,PEN,1966-11-20,2021-03-15,2027-03-15,0.1,54.0,1240.0
c-6701003255925,producto02,Vida grupo particular,F,PEN,1986-01-20,2021-03-15,2024-11-15,0.1,68.0,1000.0
c-6701003255926,producto02,Vida grupo particular,F,PEN,1972-06-23,2021-03-15,2027-03-15,0.1,55.0,730.0
c-6701003255937,producto02,Vida grupo particular,F,PEN,1952-10-24,2021-03-15,2027-03-15,0.1,37.0,1000.0
c-6701003255956,producto02,Vida grupo particular,F,PEN,1982-04-06,2021-03-15,2025-03-15,0.1,32.0,400.0
c-6701003255968,producto02,Vida grupo particular,F,PEN,1979-02-20,2021-03-15,2027-03-15,0.1,126.0,1650.0
c-6701003255985,producto02,Vida grupo particular,F,PEN,1985-08-24,2021-03-15,2025-03-15,0.1,18.0,500.0
c-6701003255991,producto02,Vida grupo particular,F,PEN,1981-04-22,2021-03-15,2027-03-15,0.1,60.0,1450.0
c-6701003255994,producto02,Vida grupo particular,F,PEN,1941-08-05,2021-03-15,2027-03-15,0.1,13.0,1030.0
c-6701003256002,producto02,Vida grupo particular,F,PEN,1994-08-20,2021-03-15,2025-03-15,0.1,71.0,850.0
c-6701003256010,producto02,Vida grupo particular,F,PEN,1985-06-11,2021-03-15,2027-03-15,0.1,78.0,1100.0
c-6701003256037,producto02,Vida grupo particular,F,PEN,1972-01-06,2021-03-15,2025-03-15,0.1,16.0,535.0
c-6701003256043,producto02,Vida grupo particular,F,PEN,1962-09-19,2021-03-15,2027-03-15,0.1,13.0,200.0
c-6701003256050,producto02,Vida grupo particular,F,PEN,1990-01-07,2021-03-15,2027-03-15,0.1,58.0,740.0
c-6701003256054,producto02,Vida grupo particular,F,PEN,1988-08-15,2021-03-15,2027-03-15,0.1,40.0,1100.0
c-6701003256056,producto02,Vida grupo particular,F,PEN,1967-11-11,2021-03-15,2026-03-15,0.1,29.0,455.0
c-6701003256060,producto02,Vida grupo particular,F,PEN,1958-10-17,2021-03-15,2026-03-15,0.1,1.0,400.0
c-6701003256065,producto02,Vida grupo particular,F,PEN,1981-11-24,2021-03-15,2025-03-15,0.1,27.0,500.0
c-6701003256094,producto02,Vida grupo particular,F,PEN,1978-07-24,2021-03-15,2027-03-15,0.1,9.0,850.0
c-6701003256112,producto02,Vida grupo particular,F,PEN,1964-09-26,2021-03-15,2027-04-15,0.1,68.0,1090.0
c-6701003256114,producto02,Vida grupo particular,F,PEN,1970-06-21,2021-03-15,2027-03-15,0.1,18.0,1220.0
c-6701003256119,producto02,Vida grupo particular,F,PEN,1962-09-13,2021-03-15,2025-03-15,0.1,73.0,2050.0
c-6701003256131,producto02,Vida grupo particular,F,PEN,1960-03-13,2021-03-15,2025-03-15,0.1,70.0,895.0
c-6701003256140,producto02,Vida grupo particular,F,PEN,1962-09-06,2021-03-15,2027-03-15,0.1,15.0,1200.0
c-6701003256141,producto02,Vida grupo particular,F,PEN,1960-01-06,2021-03-15,2026-03-15,0.1,52.0,700.0
c-6701003256142,producto02,Vida grupo particular,F,PEN,1966-03-08,2021-03-15,2027-03-15,0.1,86.0,975.0
c-6701003256144,producto02,Vida grupo particular,F,PEN,1954-04-08,2021-03-15,2025-03-15,0.1,65.0,2050.0
c-6701003256145,producto02,Vida grupo particular,F,PEN,1981-01-28,2021-03-15,2026-03-15,0.1,18.0,500.0
c-6701003256149,producto02,Vida grupo particular,F,PEN,1986-12-23,2021-03-15,2025-03-15,0.1,88.0,1250.0
c-6701003256155,producto02,Vida grupo particular,F,PEN,1994-12-23,2021-03-15,2027-03-15,0.1,37.0,1185.0
c-6701003256158,producto02,Vida grupo particular,F,PEN,1952-03-09,2021-03-15,2027-03-15,0.1,102.0,2285.0
c-6701003256166,producto02,Vida grupo particular,F,PEN,1980-04-27,2021-03-15,2027-03-15,0.1,18.0,975.0
c-6701003256176,producto02,Vida grupo particular,F,PEN,1958-09-10,2021-03-15,2026-03-15,0.1,33.0,1000.0
c-6701003256183,producto02,Vida grupo particular,F,PEN,1981-01-09,2021-03-15,2026-03-15,0.1,27.0,420.0
c-6701003256194,producto02,Vida grupo particular,F,PEN,1982-08-26,2021-03-15,2027-03-15,0.1,89.0,1020.0
c-6701003256218,producto02,Vida grupo particular,F,PEN,1964-08-27,2021-03-15,2027-03-15,0.1,52.0,725.0
c-6701003256220,producto02,Vida grupo particular,F,PEN,1993-02-01,2021-03-15,2025-03-15,0.1,9.0,595.0
c-6701003256233,producto02,Vida grupo particular,F,PEN,1981-03-17,2021-03-15,2025-03-15,0.1,4.0,850.0
c-6701003256269,producto02,Vida grupo particular,F,PEN,1971-12-13,2021-03-15,2027-03-15,0.1,88.0,1780.0
c-6701003256280,producto02,Vida grupo particular,F,PEN,1973-05-30,2021-03-15,2027-03-15,0.1,56.0,645.0
c-6701003256284,producto02,Vida grupo particular,F,PEN,1985-12-16,2021-03-15,2027-03-15,0.1,25.0,640.0
c-6701003256301,producto02,Vida grupo particular,F,PEN,1991-07-26,2021-03-15,2027-03-15,0.1,5.0,800.0
c-6701003256307,producto02,Vida grupo particular,F,PEN,1970-12-31,2021-03-15,2027-03-15,0.1,15.0,425.0
c-6701003256317,producto02,Vida grupo particular,F,PEN,1970-06-23,2021-03-15,2027-03-15,0.1,20.0,1245.0
c-6701003256356,producto02,Vida grupo particular,F,PEN,1977-11-03,2021-03-16,2025-03-16,0.1,21.0,450.0
c-6701003256359,producto02,Vida grupo particular,F,PEN,1961-01-02,2021-03-16,2027-03-16,0.1,11.0,870.0
c-6701003256368,producto02,Vida grupo particular,F,PEN,1989-03-03,2021-03-16,2026-03-16,0.1,39.0,565.0
c-6701003256374,producto02,Vida grupo particular,F,PEN,1954-10-23,2021-03-16,2027-04-16,0.1,4.0,370.0
c-6701003256375,producto02,Vida grupo particular,F,PEN,1959-08-20,2021-03-16,2025-03-16,0.1,24.0,414.0
c-6701003256386,producto02,Vida grupo particular,F,PEN,1959-06-14,2021-03-16,2027-03-16,0.1,11.0,200.0
c-6701003256397,producto02,Vida grupo particular,F,PEN,1978-12-17,2021-03-16,2025-03-16,0.1,4.0,450.0
c-6701003256420,producto02,Vida grupo particular,F,PEN,1960-09-15,2021-03-16,2027-03-16,0.1,67.0,1320.0
c-6701003256423,producto02,Vida grupo particular,F,PEN,1973-12-15,2021-03-16,2026-03-16,0.1,73.0,1700.0
c-6701003256443,producto02,Vida grupo particular,F,PEN,1983-07-23,2021-03-16,2026-03-16,0.1,2.0,535.0
c-6701003256448,producto02,Vida grupo particular,F,PEN,1975-06-29,2021-03-16,2027-03-16,0.1,97.0,1200.0
c-6701003256473,producto02,Vida grupo particular,F,PEN,1984-03-18,2021-03-16,2027-03-16,0.1,25.0,765.0
c-6701003256478,producto02,Vida grupo particular,F,PEN,1972-10-24,2021-03-16,2027-03-16,0.1,26.0,700.0
c-6701003256480,producto02,Vida grupo particular,F,PEN,1977-01-10,2021-03-16,2025-03-16,0.1,23.0,630.0
c-6701003256482,producto02,Vida grupo particular,F,PEN,1975-09-16,2021-03-16,2027-03-16,0.1,32.0,580.0
c-6701003256494,producto02,Vida grupo particular,F,PEN,1950-04-24,2021-03-16,2027-03-16,0.1,30.0,600.0
c-6701003256513,producto02,Vida grupo particular,F,PEN,1990-09-29,2021-03-16,2025-03-16,0.1,32.0,700.0
c-6701003256519,producto02,Vida grupo particular,F,PEN,1970-03-02,2021-03-16,2026-11-16,0.1,28.0,895.0
c-6701003256521,producto02,Vida grupo particular,F,PEN,1987-03-13,2021-03-16,2027-03-16,0.1,63.0,935.0
c-6701003256545,producto02,Vida grupo particular,F,PEN,1967-10-13,2021-03-16,2027-03-16,0.1,28.0,1100.0
c-6701003256554,producto02,Vida grupo particular,F,PEN,1976-10-10,2021-03-16,2025-03-16,0.1,43.0,500.0
c-6701003256556,producto02,Vida grupo particular,F,PEN,1985-03-13,2021-03-16,2027-03-16,0.1,37.0,630.0
c-6701003256565,producto02,Vida grupo particular,F,PEN,1963-12-17,2021-03-16,2027-03-16,0.1,68.0,1050.0
c-6701003256575,producto02,Vida grupo particular,F,PEN,1973-05-05,2021-03-16,2026-03-16,0.1,47.0,850.0
c-6701003256580,producto02,Vida grupo particular,F,PEN,1970-01-10,2021-03-16,2025-03-16,0.1,79.0,1000.0
c-6701003256591,producto02,Vida grupo particular,F,PEN,1988-02-23,2021-03-16,2026-03-16,0.1,25.0,525.0
c-6701003256606,producto02,Vida grupo particular,F,PEN,1978-02-15,2021-03-16,2027-03-16,0.1,19.0,945.0
c-6701003256608,producto02,Vida grupo particular,F,PEN,1980-07-24,2021-03-16,2025-03-16,0.1,100.0,1600.0
c-6701003256613,producto02,Vida grupo particular,F,PEN,1973-08-11,2021-03-16,2027-03-16,0.1,38.0,715.0
c-6701003256622,producto02,Vida grupo particular,F,PEN,1992-01-03,2021-03-16,2026-03-16,0.1,6.0,1200.0
c-6701003256632,producto02,Vida grupo particular,F,PEN,1974-07-25,2021-03-16,2025-03-16,0.1,40.0,1000.0
c-6701003256657,producto02,Vida grupo particular,F,PEN,1965-08-28,2021-03-16,2027-03-16,0.1,63.0,785.0
c-6701003256658,producto02,Vida grupo particular,F,PEN,1972-02-07,2021-03-16,2026-03-16,0.1,64.0,785.0
c-6701003256663,producto02,Vida grupo particular,F,PEN,1968-02-12,2021-03-16,2025-03-16,0.1,138.0,1850.0
c-6701003256681,producto02,Vida grupo particular,F,PEN,1983-01-16,2021-03-16,2026-03-16,0.1,41.0,600.0
c-6701003256695,producto02,Vida grupo particular,F,PEN,1993-01-01,2021-03-16,2027-03-16,0.1,16.0,1025.0
c-6701003256700,producto02,Vida grupo particular,F,PEN,1973-03-01,2021-03-16,2027-03-16,0.1,20.0,1415.0
c-6701003256707,producto02,Vida grupo particular,F,PEN,1969-07-09,2021-03-16,2027-03-16,0.1,17.0,1230.0
c-6701003256710,producto02,Vida grupo particular,F,PEN,1979-12-22,2021-03-16,2027-03-16,0.1,11.0,525.0
c-6701003256721,producto02,Vida grupo particular,F,PEN,1984-01-11,2021-03-16,2027-03-16,0.1,5.0,650.0
c-6701003256732,producto02,Vida grupo particular,F,PEN,1964-03-22,2021-03-16,2026-03-16,0.1,83.0,2050.0
c-6701003256734,producto02,Vida grupo particular,F,PEN,1985-05-17,2021-03-16,2026-03-16,0.1,78.0,1100.0
c-6701003256740,producto02,Vida grupo particular,F,PEN,1975-01-10,2021-03-16,2025-03-16,0.1,36.0,850.0
c-6701003256751,producto02,Vida grupo particular,F,PEN,1973-07-12,2021-03-16,2026-03-16,0.1,18.0,1250.0
c-6701003256759,producto02,Vida grupo particular,F,PEN,1975-08-20,2021-03-16,2025-03-16,0.1,50.0,700.0
c-6701003256762,producto02,Vida grupo particular,F,PEN,1980-08-23,2021-03-16,2027-03-16,0.1,83.0,1055.0
c-6701003256774,producto02,Vida grupo particular,F,PEN,1969-05-22,2021-03-16,2027-03-16,0.1,53.0,1220.0
c-6701003256779,producto02,Vida grupo particular,F,PEN,1958-06-04,2021-03-16,2027-03-16,0.1,9.0,495.0
c-6701003256786,producto02,Vida grupo particular,F,PEN,1991-02-27,2021-03-16,2027-03-16,0.1,26.0,800.0
c-6701003256794,producto02,Vida grupo particular,F,PEN,1967-07-25,2021-03-16,2027-03-16,0.1,5.0,1640.0
c-6701003256809,producto02,Vida grupo particular,F,PEN,1961-08-02,2021-03-16,2027-03-16,0.1,65.0,900.0
c-6701003256845,producto02,Vida grupo particular,F,PEN,1978-03-29,2021-03-16,2025-03-16,0.1,47.0,700.0
c-6701003256872,producto02,Vida grupo particular,F,PEN,1987-12-23,2021-03-16,2025-03-16,0.1,50.0,620.0
c-6701003256899,producto02,Vida grupo particular,F,PEN,1974-09-21,2021-03-16,2027-03-16,0.1,17.0,500.0
c-6701003256912,producto02,Vida grupo particular,F,PEN,1973-07-20,2021-03-16,2025-03-16,0.1,244.0,4000.0
c-6701003256930,producto02,Vida grupo particular,F,PEN,1971-06-19,2021-03-16,2027-03-16,0.1,41.0,625.0
c-6701003256939,producto02,Vida grupo particular,F,PEN,1959-03-12,2021-03-16,2026-03-16,0.1,3.0,700.0
c-6701003256962,producto02,Vida grupo particular,F,PEN,1969-01-07,2021-03-17,2026-03-17,0.1,75.0,1200.0
c-6701003256972,producto02,Vida grupo particular,F,PEN,1952-12-30,2021-03-17,2026-03-17,0.1,13.0,340.0
c-6701003256987,producto02,Vida grupo particular,F,PEN,1982-02-09,2021-03-17,2025-03-17,0.1,36.0,505.0
c-6701003256999,producto02,Vida grupo particular,F,PEN,1979-07-24,2021-03-17,2027-03-17,0.1,23.0,1135.0
c-6701003257021,producto02,Vida grupo particular,F,PEN,1975-05-17,2021-03-17,2026-03-17,0.1,5.0,1000.0
c-6701003257029,producto02,Vida grupo particular,F,PEN,1979-05-01,2021-03-17,2025-03-17,0.1,107.0,1350.0
c-6701003257031,producto02,Vida grupo particular,F,PEN,1980-11-08,2021-03-17,2027-03-17,0.1,80.0,1000.0
c-6701003257041,producto02,Vida grupo particular,F,PEN,1988-07-03,2021-03-17,2027-03-17,0.1,66.0,1250.0
c-6701003257045,producto02,Vida grupo particular,F,PEN,1977-03-23,2021-03-17,2027-03-17,0.1,104.0,1250.0
c-6701003257056,producto02,Vida grupo particular,F,PEN,1986-07-19,2021-03-17,2027-03-17,0.1,85.0,1050.0
c-6701003257057,producto02,Vida grupo particular,F,PEN,1961-10-15,2021-03-17,2027-03-17,0.1,40.0,625.0
c-6701003257058,producto02,Vida grupo particular,F,PEN,1968-06-24,2021-03-17,2027-03-17,0.1,32.0,1165.0
c-6701003257068,producto02,Vida grupo particular,F,PEN,1944-08-04,2021-03-17,2026-03-17,0.1,18.0,340.0
c-6701003257071,producto02,Vida grupo particular,F,PEN,1946-06-15,2021-03-17,2027-03-17,0.1,27.0,390.0
c-6701003257073,producto02,Vida grupo particular,F,PEN,1962-05-14,2021-03-17,2027-03-17,0.1,61.0,690.0
c-6701003257076,producto02,Vida grupo particular,F,PEN,1964-01-18,2021-03-17,2026-09-17,0.1,48.0,1230.0
c-6701003257082,producto02,Vida grupo particular,F,PEN,1971-09-30,2021-03-17,2027-03-17,0.1,23.0,625.0
c-6701003257091,producto02,Vida grupo particular,F,PEN,1944-05-04,2021-03-17,2027-03-17,0.1,10.0,1205.0
c-6701003257095,producto02,Vida grupo particular,F,PEN,1963-09-29,2021-03-17,2027-03-17,0.1,57.0,720.0
c-6701003257110,producto02,Vida grupo particular,F,PEN,1955-03-03,2021-03-17,2026-03-17,0.1,7.0,150.0
c-6701003257115,producto02,Vida grupo particular,F,PEN,1970-09-18,2021-03-17,2027-03-17,0.1,76.0,1000.0
c-6701003257116,producto02,Vida grupo particular,F,PEN,1974-05-31,2021-03-17,2027-03-17,0.1,35.0,525.0
c-6701003257123,producto02,Vida grupo particular,F,PEN,1968-06-01,2021-03-17,2027-03-17,0.1,17.0,1000.0
c-6701003257145,producto02,Vida grupo particular,F,PEN,1946-10-10,2021-03-17,2027-03-17,0.1,18.0,200.0
c-6701003257147,producto02,Vida grupo particular,F,PEN,1962-04-23,2021-03-17,2027-03-17,0.1,19.0,1000.0
c-6701003257156,producto02,Vida grupo particular,F,PEN,1964-04-29,2021-03-17,2027-03-17,0.1,131.0,1975.0
c-6701003257175,producto02,Vida grupo particular,F,PEN,1973-03-18,2021-03-17,2026-03-17,0.1,35.0,700.0
c-6701003257176,producto02,Vida grupo particular,F,PEN,1987-09-15,2021-03-17,2027-03-17,0.1,3.0,545.0
c-6701003257178,producto02,Vida grupo particular,F,PEN,1975-06-01,2021-03-17,2027-03-17,0.1,35.0,565.0
c-6701003257195,producto02,Vida grupo particular,F,PEN,1993-04-04,2021-03-17,2027-03-17,0.1,16.0,430.0
c-6701003257199,producto02,Vida grupo particular,F,PEN,1988-09-22,2021-03-17,2025-03-17,0.1,70.0,900.0
c-6701003257200,producto02,Vida grupo particular,F,PEN,1974-04-16,2021-03-17,2027-03-17,0.1,39.0,470.0
c-6701003257223,producto02,Vida grupo particular,F,PEN,1970-10-10,2021-03-17,2027-03-17,0.1,1.0,365.0
c-6701003257236,producto02,Vida grupo particular,F,PEN,1949-05-30,2021-03-17,2027-03-17,0.1,32.0,845.0
c-6701003257249,producto02,Vida grupo particular,F,PEN,1972-03-30,2021-03-17,2025-03-17,0.1,19.0,700.0
c-6701003257274,producto02,Vida grupo particular,F,PEN,1986-07-30,2021-03-17,2025-09-17,0.1,3.0,730.0
c-6701003257277,producto02,Vida grupo particular,F,PEN,1983-05-24,2021-03-17,2026-03-17,0.1,18.0,635.0
c-6701003257282,producto02,Vida grupo particular,F,PEN,1986-05-21,2021-03-17,2026-03-17,0.1,31.0,610.0
c-6701003257300,producto02,Vida grupo particular,F,PEN,1944-10-03,2021-03-17,2025-03-17,0.1,34.0,1050.0
c-6701003257309,producto02,Vida grupo particular,F,PEN,1971-06-23,2021-03-17,2027-03-17,0.1,40.0,900.0
c-6701003257312,producto02,Vida grupo particular,F,PEN,1975-05-16,2021-03-17,2025-03-17,0.1,11.0,500.0
c-6701003257336,producto02,Vida grupo particular,F,PEN,1982-01-13,2021-03-17,2025-03-17,0.1,33.0,2050.0
c-6701003257344,producto02,Vida grupo particular,F,PEN,1995-04-20,2021-03-17,2025-03-17,0.1,38.0,500.0
c-6701003257364,producto02,Vida grupo particular,F,PEN,1973-12-10,2021-03-17,2025-06-17,0.1,16.0,975.0
c-6701003257372,producto02,Vida grupo particular,F,PEN,1961-02-22,2021-03-17,2025-03-17,0.1,156.0,1900.0
c-6701003257377,producto02,Vida grupo particular,F,PEN,1969-01-27,2021-03-17,2027-03-17,0.1,73.0,1100.0
c-6701003257398,producto02,Vida grupo particular,F,PEN,1977-09-28,2021-03-17,2026-03-17,0.1,79.0,1300.0
c-6701003257402,producto02,Vida grupo particular,F,PEN,1970-07-15,2021-03-17,2027-03-17,0.1,25.0,690.0
c-6701003257413,producto02,Vida grupo particular,F,PEN,1976-09-11,2021-03-17,2027-03-17,0.1,13.0,945.0
c-6701003257417,producto02,Vida grupo particular,F,PEN,1985-01-14,2021-03-17,2025-03-17,0.1,55.0,700.0
c-6701003257424,producto02,Vida grupo particular,F,PEN,1995-09-30,2021-03-17,2027-03-17,0.1,40.0,900.0
c-6701003257430,producto02,Vida grupo particular,F,PEN,1975-06-03,2021-03-17,2027-03-17,0.1,38.0,1120.0
c-6701003257436,producto02,Vida grupo particular,F,PEN,1958-10-09,2021-03-17,2025-03-17,0.1,60.0,900.1
c-6701003257441,producto02,Vida grupo particular,F,PEN,1972-05-28,2021-03-17,2027-03-17,0.1,94.0,1220.0
c-6701003257442,producto02,Vida grupo particular,F,PEN,1984-03-06,2021-03-17,2027-03-17,0.1,31.0,400.0
c-6701003257444,producto02,Vida grupo particular,F,PEN,1973-12-30,2021-03-17,2027-03-17,0.1,30.0,795.0
c-6701003257453,producto02,Vida grupo particular,F,PEN,1952-10-08,2021-03-17,2026-03-17,0.1,1.0,1000.0
c-6701003257454,producto02,Vida grupo particular,F,PEN,1975-10-21,2021-03-17,2026-03-17,0.1,6.0,450.0
c-6701003257463,producto02,Vida grupo particular,F,PEN,1961-08-08,2021-03-17,2027-03-17,0.1,51.0,1020.0
c-6701003257483,producto02,Vida grupo particular,F,PEN,1966-01-13,2021-03-17,2026-03-17,0.1,81.0,1495.0
c-6701003257489,producto02,Vida grupo particular,F,PEN,1983-03-22,2021-03-17,2027-03-17,0.1,13.0,410.0
c-6701003257493,producto02,Vida grupo particular,F,PEN,1975-03-23,2021-03-17,2026-03-17,0.1,28.0,395.0
c-6701003257503,producto02,Vida grupo particular,F,PEN,1986-10-25,2021-03-18,2026-03-18,0.1,46.0,700.0
c-6701003257524,producto02,Vida grupo particular,F,PEN,1974-09-24,2021-03-18,2026-06-18,0.1,93.0,1070.0
c-6701003257534,producto02,Vida grupo particular,F,PEN,1955-01-08,2021-03-18,2027-03-18,0.1,56.0,980.0
c-6701003257539,producto02,Vida grupo particular,F,PEN,1950-10-20,2021-03-18,2027-03-18,0.1,72.0,1180.0
c-6701003257543,producto02,Vida grupo particular,F,PEN,1969-11-12,2021-03-18,2027-03-18,0.1,10.0,645.0
c-6701003257549,producto02,Vida grupo particular,F,PEN,1974-12-08,2021-03-18,2027-03-18,0.1,23.0,400.0
c-6701003257551,producto02,Vida grupo particular,F,PEN,1960-04-02,2021-03-18,2026-03-18,0.1,120.0,1500.0
c-6701003257555,producto02,Vida grupo particular,F,PEN,1968-09-04,2021-03-18,2026-03-18,0.1,62.0,850.0
c-6701003257559,producto02,Vida grupo particular,F,PEN,1973-01-08,2021-03-18,2027-03-18,0.1,19.0,384.8
c-6701003257561,producto02,Vida grupo particular,F,PEN,1950-11-23,2021-03-18,2025-03-18,0.1,32.0,500.0
c-6701003257569,producto02,Vida grupo particular,F,PEN,1965-07-25,2021-03-18,2027-03-18,0.1,38.0,435.0
c-6701003257575,producto02,Vida grupo particular,F,PEN,1984-09-19,2021-03-18,2026-03-18,0.1,1.0,480.0
c-6701003257577,producto02,Vida grupo particular,F,PEN,1950-11-27,2021-03-18,2027-03-18,0.1,19.0,1090.0
c-6701003257585,producto02,Vida grupo particular,F,PEN,1958-03-29,2021-03-18,2027-03-18,0.1,56.0,1460.0
c-6701003257599,producto02,Vida grupo particular,F,PEN,1959-08-07,2021-03-18,2025-03-18,0.1,78.0,1000.0
c-6701003257612,producto02,Vida grupo particular,F,PEN,1946-08-07,2021-03-18,2025-08-18,0.1,84.0,1085.0
c-6701003257619,producto02,Vida grupo particular,F,PEN,1940-06-12,2021-03-18,2026-03-18,0.1,25.0,1130.0
c-6701003257627,producto02,Vida grupo particular,F,PEN,1978-12-11,2021-03-18,2026-03-18,0.1,22.0,1300.0
c-6701003257632,producto02,Vida grupo particular,F,PEN,1953-08-16,2021-03-18,2025-03-18,0.1,47.0,1450.0
c-6701003257639,producto02,Vida grupo particular,F,PEN,1953-11-30,2021-03-18,2027-03-18,0.1,28.0,705.0
c-6701003257652,producto02,Vida grupo particular,F,PEN,1990-09-22,2021-03-18,2026-03-18,0.1,13.0,355.0
c-6701003257653,producto02,Vida grupo particular,F,PEN,1953-11-09,2021-03-18,2027-03-18,0.1,7.0,800.0
c-6701003257664,producto02,Vida grupo particular,F,PEN,1977-11-08,2021-03-18,2027-03-18,0.1,7.0,1065.0
c-6701003257671,producto02,Vida grupo particular,F,PEN,2015-03-18,2021-03-18,2025-03-18,0.1,60.0,850.0
c-6701003257672,producto02,Vida grupo particular,F,PEN,1964-10-23,2021-03-18,2027-03-18,0.1,46.0,530.0
c-6701003257680,producto02,Vida grupo particular,F,PEN,1954-10-23,2021-03-18,2027-03-18,0.1,45.0,625.0
c-6701003257690,producto02,Vida grupo particular,F,PEN,1940-03-24,2021-03-18,2027-03-18,0.1,8.0,1215.0
c-6701003257724,producto02,Vida grupo particular,F,PEN,1949-12-24,2021-03-18,2027-03-18,0.1,33.0,400.0
c-6701003257738,producto02,Vida grupo particular,F,PEN,1974-03-06,2021-03-18,2025-03-18,0.1,27.0,1000.0
c-6701003257751,producto02,Vida grupo particular,F,PEN,1963-05-28,2021-03-18,2027-03-18,0.1,23.0,850.0
c-6701003257753,producto02,Vida grupo particular,F,PEN,1970-06-03,2021-03-18,2026-03-18,0.1,50.0,1050.0
c-6701003257762,producto02,Vida grupo particular,F,PEN,1984-08-16,2021-03-18,2025-03-18,0.1,47.0,700.0
c-6701003257772,producto02,Vida grupo particular,F,PEN,1964-09-27,2021-03-18,2026-03-18,0.1,9.0,500.0
c-6701003257778,producto02,Vida grupo particular,F,PEN,1959-10-09,2021-03-18,2027-03-18,0.1,41.0,500.0
c-6701003257790,producto02,Vida grupo particular,F,PEN,1942-06-03,2021-03-18,2025-03-18,0.1,21.0,980.0
c-6701003257818,producto02,Vida grupo particular,F,PEN,1950-07-04,2021-03-18,2027-03-18,0.1,104.0,1400.0
c-6701003257836,producto02,Vida grupo particular,F,PEN,1977-09-03,2021-03-18,2026-03-18,0.1,7.0,875.0
c-6701003257845,producto02,Vida grupo particular,F,PEN,1975-08-27,2021-03-18,2027-03-18,0.1,91.0,1280.0
c-6701003257850,producto02,Vida grupo particular,F,PEN,1986-08-02,2021-03-18,2026-03-18,0.1,44.0,1250.0
c-6701003257854,producto02,Vida grupo particular,F,PEN,1973-08-15,2021-03-18,2027-03-18,0.1,80.0,1030.0
c-6701003257865,producto02,Vida grupo particular,F,PEN,1962-02-02,2021-03-18,2027-03-18,0.1,29.0,1234.9
c-6701003257878,producto02,Vida grupo particular,F,PEN,1968-06-28,2021-03-18,2025-03-18,0.1,29.0,1895.0
c-6701003257879,producto02,Vida grupo particular,F,PEN,1978-03-08,2021-03-18,2025-03-18,0.1,28.0,1250.0
c-6701003257886,producto02,Vida grupo particular,F,PEN,1975-12-21,2021-03-18,2027-03-18,0.1,70.0,920.0
c-6701003257890,producto02,Vida grupo particular,F,PEN,1952-10-20,2021-03-18,2027-03-18,0.1,23.0,500.0
c-6701003257905,producto02,Vida grupo particular,F,PEN,1960-05-25,2021-03-18,2027-03-18,0.1,101.0,1330.0
c-6701003257918,producto02,Vida grupo particular,F,PEN,1960-03-14,2021-03-18,2027-03-18,0.1,87.0,1500.0
c-6701003257925,producto02,Vida grupo particular,F,PEN,1968-09-19,2021-03-18,2026-03-18,0.1,8.0,300.0
c-6701003257926,producto02,Vida grupo particular,F,PEN,1979-03-15,2021-03-18,2027-03-18,0.1,33.0,575.0
c-6701003257931,producto02,Vida grupo particular,F,PEN,1982-11-19,2021-03-18,2027-03-18,0.1,18.0,445.0
c-6701003257936,producto02,Vida grupo particular,F,PEN,1968-06-15,2021-03-18,2027-03-18,0.1,86.0,1285.0
c-6701003257941,producto02,Vida grupo particular,F,PEN,1950-12-27,2021-03-18,2027-03-18,0.1,36.0,515.0
c-6701003257946,producto02,Vida grupo particular,F,PEN,1973-09-05,2021-03-18,2027-03-18,0.1,47.0,895.0
c-6701003257947,producto02,Vida grupo particular,F,PEN,1955-11-14,2021-03-18,2026-03-18,0.1,5.0,200.0
c-6701003257952,producto02,Vida grupo particular,F,PEN,1954-08-19,2021-03-18,2027-03-18,0.1,20.0,555.0
c-6701003257959,producto02,Vida grupo particular,F,PEN,1980-09-27,2021-03-18,2025-03-18,0.1,33.0,600.0
c-6701003257963,producto02,Vida grupo particular,F,PEN,1967-11-21,2021-03-18,2026-03-18,0.1,41.0,975.0
c-6701003257964,producto02,Vida grupo particular,F,PEN,1983-01-31,2021-03-18,2025-03-18,0.1,41.0,700.0
c-6701003257965,producto02,Vida grupo particular,F,PEN,1969-10-26,2021-03-18,2027-03-18,0.1,53.0,1700.0
c-6701003257968,producto02,Vida grupo particular,F,PEN,1969-05-22,2021-03-18,2025-03-18,0.1,5.0,750.0
c-6701003257981,producto02,Vida grupo particular,F,PEN,1977-02-02,2021-03-18,2025-03-18,0.1,30.0,700.0
c-6701003257999,producto02,Vida grupo particular,F,PEN,1995-09-14,2021-03-18,2025-03-18,0.1,11.0,510.0
c-6701003258002,producto02,Vida grupo particular,F,PEN,1959-07-27,2021-03-18,2027-03-18,0.1,18.0,445.0
c-6701003258015,producto02,Vida grupo particular,F,PEN,1991-11-02,2021-03-18,2027-03-18,0.1,30.0,585.0
c-6701003258022,producto02,Vida grupo particular,F,PEN,1981-03-01,2021-03-18,2027-03-18,0.1,64.0,1100.0
c-6701003258038,producto02,Vida grupo particular,F,PEN,1973-06-04,2021-03-18,2025-03-18,0.1,9.0,500.0
c-6701003258040,producto02,Vida grupo particular,F,PEN,1956-05-14,2021-03-18,2025-03-18,0.1,13.0,300.0
c-6701003258041,producto02,Vida grupo particular,F,PEN,1986-11-12,2021-03-18,2026-03-18,0.1,34.0,575.0
c-6701003258042,producto02,Vida grupo particular,F,PEN,1966-02-20,2021-03-18,2027-03-18,0.1,39.0,500.0
c-6701003258047,producto02,Vida grupo particular,F,PEN,1969-04-08,2021-03-18,2027-03-18,0.1,66.0,2250.0
c-6701003258050,producto02,Vida grupo particular,F,PEN,1967-07-14,2021-03-18,2027-03-18,0.1,37.0,625.0
c-6701003258058,producto02,Vida grupo particular,F,PEN,1951-03-11,2021-03-18,2027-03-18,0.1,54.0,640.0
c-6701003258087,producto02,Vida grupo particular,F,PEN,1996-09-07,2021-03-19,2025-03-19,0.1,44.0,700.0
c-6701003258095,producto02,Vida grupo particular,F,PEN,1969-08-13,2021-03-19,2025-03-19,0.1,130.0,2050.0
c-6701003258096,producto02,Vida grupo particular,F,PEN,1941-05-17,2021-03-19,2027-03-19,0.1,25.0,1665.0
c-6701003258108,producto02,Vida grupo particular,F,PEN,1961-06-29,2021-03-19,2025-05-19,0.1,60.0,1050.0
c-6701003258111,producto02,Vida grupo particular,F,PEN,1988-08-31,2021-03-19,2026-03-19,0.1,39.0,1100.0
c-6701003258130,producto02,Vida grupo particular,F,PEN,1975-04-28,2021-03-19,2025-07-19,0.1,67.0,1000.0
c-6701003258132,producto02,Vida grupo particular,F,PEN,1987-01-29,2021-03-19,2025-03-19,0.1,11.0,675.0
c-6701003258137,producto02,Vida grupo particular,F,PEN,1989-02-14,2021-03-19,2027-03-19,0.1,6.0,1200.0
c-6701003258144,producto02,Vida grupo particular,F,PEN,1963-11-08,2021-03-19,2027-03-19,0.1,101.0,1350.0
c-6701003258150,producto02,Vida grupo particular,F,PEN,1961-11-01,2021-03-19,2027-03-19,0.1,20.0,310.0
c-6701003258152,producto02,Vida grupo particular,F,PEN,1955-04-26,2021-03-19,2027-03-19,0.1,132.0,2100.0
c-6701003258163,producto02,Vida grupo particular,F,PEN,1972-05-21,2021-03-19,2026-03-19,0.1,23.0,510.0
c-6701003258175,producto02,Vida grupo particular,F,PEN,1979-09-04,2021-03-19,2026-03-19,0.1,39.0,600.0
c-6701003258179,producto02,Vida grupo particular,F,PEN,1986-07-19,2021-03-19,2025-03-19,0.1,29.0,1000.0
c-6701003258186,producto02,Vida grupo particular,F,PEN,1954-10-03,2021-03-19,2027-03-19,0.1,4.0,400.0
c-6701003258188,producto02,Vida grupo particular,F,PEN,1972-07-04,2021-03-19,2027-03-19,0.1,44.0,600.0
c-6701003258193,producto02,Vida grupo particular,F,PEN,1971-10-11,2021-03-19,2027-03-19,0.1,72.0,1175.0
c-6701003258195,producto02,Vida grupo particular,F,PEN,1941-08-26,2021-03-19,2026-03-19,0.1,45.0,850.0
c-6701003258215,producto02,Vida grupo particular,F,PEN,1945-09-14,2021-03-19,2027-03-19,0.1,59.0,700.0
c-6701003258223,producto02,Vida grupo particular,F,PEN,1941-07-01,2021-03-19,2027-03-19,0.1,45.0,735.0
c-6701003258238,producto02,Vida grupo particular,F,PEN,1940-12-27,2021-03-19,2027-03-19,0.1,41.0,900.0
c-6701003258244,producto02,Vida grupo particular,F,PEN,1962-02-09,2021-03-19,2026-03-19,0.1,5.0,945.0
c-6701003258251,producto02,Vida grupo particular,F,PEN,1982-06-01,2021-03-19,2025-04-19,0.1,70.0,1200.0
c-6701003258257,producto02,Vida grupo particular,F,PEN,1941-05-07,2021-03-19,2025-03-19,0.1,61.0,1270.0
c-6701003258259,producto02,Vida grupo particular,F,PEN,1962-06-23,2021-03-19,2027-03-19,0.1,28.0,600.0
c-6701003258266,producto02,Vida grupo particular,F,PEN,1974-06-14,2021-03-19,2027-03-19,0.1,52.0,800.0
c-6701003258268,producto02,Vida grupo particular,F,PEN,1991-09-30,2021-03-19,2027-03-19,0.1,52.0,720.0
c-6701003258271,producto02,Vida grupo particular,F,PEN,1962-08-10,2021-03-19,2026-03-19,0.1,26.0,600.0
c-6701003258272,producto02,Vida grupo particular,F,PEN,1973-01-20,2021-03-19,2027-03-19,0.1,4.0,1340.0
c-6701003258273,producto02,Vida grupo particular,F,PEN,1985-10-14,2021-03-19,2025-03-19,0.1,2.0,1000.0
c-6701003258274,producto02,Vida grupo particular,F,PEN,1940-07-30,2021-03-19,2025-04-19,0.1,28.0,500.0
c-6701003258283,producto02,Vida grupo particular,F,PEN,1965-11-25,2021-03-19,2025-03-19,0.1,118.0,1350.0
c-6701003258292,producto02,Vida grupo particular,F,PEN,1979-03-22,2021-03-19,2027-03-19,0.1,9.0,400.0
c-6701003258304,producto02,Vida grupo particular,F,PEN,1978-05-07,2021-03-19,2027-03-19,0.1,28.0,870.0
c-6701003258309,producto02,Vida grupo particular,F,PEN,1940-04-24,2021-03-19,2027-03-19,0.1,13.0,345.0
c-6701003258318,producto02,Vida grupo particular,F,PEN,1992-06-16,2021-03-19,2025-03-19,0.1,19.0,345.0
c-6701003258322,producto02,Vida grupo particular,F,PEN,1964-04-05,2021-03-19,2027-03-19,0.1,38.0,580.0
c-6701003258324,producto02,Vida grupo particular,F,PEN,1940-04-16,2021-03-19,2025-03-19,0.1,33.0,600.0
c-6701003258329,producto02,Vida grupo particular,F,PEN,1973-01-19,2021-03-19,2027-04-19,0.1,10.0,345.0
c-6701003258337,producto02,Vida grupo particular,F,PEN,1968-05-31,2021-03-19,2025-03-19,0.1,1.0,700.0
c-6701003258354,producto02,Vida grupo particular,F,PEN,1994-01-17,2021-03-19,2027-03-19,0.1,11.0,1200.0
c-6701003258358,producto02,Vida grupo particular,F,PEN,1940-05-22,2021-03-19,2027-03-19,0.1,32.0,695.0
c-6701003258366,producto02,Vida grupo particular,F,PEN,1968-05-24,2021-03-19,2026-03-19,0.1,5.0,500.0
c-6701003258371,producto02,Vida grupo particular,F,PEN,1944-10-17,2021-03-19,2026-03-19,0.1,16.0,900.0
c-6701003258385,producto02,Vida grupo particular,F,PEN,1966-09-20,2021-03-19,2027-03-19,0.1,44.0,525.0
c-6701003258394,producto02,Vida grupo particular,F,PEN,1961-07-10,2021-03-19,2027-03-19,0.1,2.0,340.0
c-6701003258396,producto02,Vida grupo particular,F,PEN,1977-11-10,2021-03-19,2027-03-19,0.1,39.0,565.0
c-6701003258424,producto02,Vida grupo particular,F,PEN,1958-06-11,2021-03-19,2025-03-19,0.1,20.0,1045.0
c-6701003258430,producto02,Vida grupo particular,F,PEN,1970-08-20,2021-03-19,2027-03-19,0.1,39.0,900.0
c-6701003258433,producto02,Vida grupo particular,F,PEN,1986-06-25,2021-03-19,2027-03-19,0.1,14.0,1130.0
c-6701003258444,producto02,Vida grupo particular,F,PEN,1997-06-13,2021-03-19,2025-03-19,0.1,19.0,900.0
c-6701003258455,producto02,Vida grupo particular,F,PEN,1956-11-24,2021-03-19,2027-03-19,0.1,74.0,1350.0
c-6701003258461,producto02,Vida grupo particular,F,PEN,1971-07-06,2021-03-19,2027-03-19,0.1,28.0,810.0
c-6701003258465,producto02,Vida grupo particular,F,PEN,1978-01-07,2021-03-19,2027-03-19,0.1,23.0,400.0
c-6701003258466,producto02,Vida grupo particular,F,PEN,1975-11-06,2021-03-19,2025-03-19,0.1,3.0,150.0
c-6701003258474,producto02,Vida grupo particular,F,PEN,1979-05-06,2021-03-19,2027-04-19,0.1,12.0,520.0
c-6701003258495,producto02,Vida grupo particular,F,PEN,1965-07-10,2021-03-19,2027-03-19,0.1,96.0,2390.0
c-6701003258505,producto02,Vida grupo particular,F,PEN,1973-12-27,2021-03-19,2026-03-19,0.1,22.0,700.0
c-6701003258517,producto02,Vida grupo particular,F,PEN,1977-02-01,2021-03-19,2025-03-19,0.1,8.0,400.0
c-6701003258549,producto02,Vida grupo particular,F,PEN,1953-10-18,2021-03-19,2027-03-19,0.1,4.0,440.0
c-6701003258562,producto02,Vida grupo particular,F,PEN,1986-06-20,2021-03-19,2027-03-19,0.1,70.0,1080.0
c-6701003258580,producto02,Vida grupo particular,F,PEN,1967-08-19,2021-03-19,2027-03-19,0.1,26.0,965.0
c-6701003258582,producto02,Vida grupo particular,F,PEN,1987-10-22,2021-03-19,2026-03-19,0.1,71.0,800.0
c-6701003258591,producto02,Vida grupo particular,F,PEN,1949-12-31,2021-03-19,2027-03-19,0.1,30.0,800.0
c-6701003258614,producto02,Vida grupo particular,F,PEN,1968-01-24,2021-03-19,2027-03-19,0.1,8.0,400.0
c-6701003258635,producto02,Vida grupo particular,F,PEN,1942-03-17,2021-03-20,2026-03-20,0.1,28.0,320.0
c-6701003258647,producto02,Vida grupo particular,F,PEN,1969-08-06,2021-03-20,2027-03-20,0.1,57.0,640.0
c-6701003258653,producto02,Vida grupo particular,F,PEN,1941-03-24,2021-03-20,2027-04-20,0.1,8.0,2250.0
c-6701003258656,producto02,Vida grupo particular,F,PEN,1992-11-20,2021-03-20,2026-03-20,0.1,16.0,435.0
c-6701003258662,producto02,Vida grupo particular,F,PEN,1967-03-22,2021-03-20,2027-03-20,0.1,57.0,724.899
c-6701003258666,producto02,Vida grupo particular,F,PEN,1972-08-06,2021-03-20,2027-03-20,0.1,3.0,430.0
c-6701003258668,producto02,Vida grupo particular,F,PEN,1980-08-14,2021-03-20,2027-03-20,0.1,36.0,570.0
c-6701003258676,producto02,Vida grupo particular,F,PEN,1972-07-08,2021-03-20,2027-04-20,0.1,16.0,370.0
c-6701003258682,producto02,Vida grupo particular,F,PEN,1975-12-03,2021-03-20,2027-03-20,0.1,15.0,400.0
c-6701003258687,producto02,Vida grupo particular,F,PEN,1964-06-10,2021-03-20,2025-03-20,0.1,4.0,150.0
c-6701003258717,producto02,Vida grupo particular,F,PEN,1950-03-02,2021-03-20,2027-03-20,0.1,67.0,1290.0
c-6701003258732,producto02,Vida grupo particular,F,PEN,1965-01-03,2021-03-20,2027-03-20,0.1,22.0,890.0
c-6701003258752,producto02,Vida grupo particular,F,PEN,1973-12-11,2021-03-20,2025-03-20,0.1,14.0,500.0
c-6701003258753,producto02,Vida grupo particular,F,PEN,1986-12-14,2021-03-20,2027-03-20,0.1,64.0,835.0
c-6701003258754,producto02,Vida grupo particular,F,PEN,1960-09-22,2021-03-20,2025-03-20,0.1,41.0,2250.0
c-6701003258761,producto02,Vida grupo particular,F,PEN,1966-04-11,2021-03-20,2025-03-20,0.1,29.0,2405.0
c-6701003258773,producto02,Vida grupo particular,F,PEN,1975-06-09,2021-03-20,2026-03-20,0.1,91.0,1250.0
c-6701003258774,producto02,Vida grupo particular,F,PEN,1978-01-25,2021-03-20,2025-09-20,0.1,102.0,1290.0
c-6701003258775,producto02,Vida grupo particular,F,PEN,1966-10-15,2021-03-20,2027-03-20,0.1,76.0,1200.0
c-6701003258776,producto02,Vida grupo particular,F,PEN,1982-03-15,2021-03-20,2025-03-20,0.1,119.0,1750.0
c-6701003258778,producto02,Vida grupo particular,F,PEN,1960-02-10,2021-03-20,2027-03-20,0.1,126.0,1400.0
c-6701003258801,producto02,Vida grupo particular,F,PEN,1988-03-24,2021-03-20,2026-03-20,0.1,6.0,1000.0
c-6701003258803,producto02,Vida grupo particular,F,PEN,1964-12-10,2021-03-20,2025-03-20,0.1,53.0,770.0
c-6701003258816,producto02,Vida grupo particular,F,PEN,1986-03-24,2021-03-20,2027-03-20,0.1,24.0,535.0
c-6701003258817,producto02,Vida grupo particular,F,PEN,1942-09-06,2021-03-20,2027-03-20,0.1,3.0,830.0
c-6701003258834,producto02,Vida grupo particular,F,PEN,1972-04-28,2021-03-20,2025-02-20,0.1,167.0,1900.0
c-6701003258847,producto02,Vida grupo particular,F,PEN,1980-11-20,2021-03-20,2025-03-20,0.1,39.0,450.0
c-6701003258867,producto02,Vida grupo particular,F,PEN,1972-08-24,2021-03-20,2026-03-20,0.1,29.0,2000.0
c-6701003258875,producto02,Vida grupo particular,F,PEN,1956-03-14,2021-03-20,2026-03-20,0.1,1.0,500.0
c-6701003258882,producto02,Vida grupo particular,F,PEN,1969-01-01,2021-03-20,2025-03-20,0.1,23.0,800.0
c-6701003258889,producto02,Vida grupo particular,F,PEN,1971-11-10,2021-03-20,2025-03-20,0.1,31.0,700.0
c-6701003258902,producto02,Vida grupo particular,F,PEN,1969-07-29,2021-03-20,2027-03-20,0.1,62.0,1470.0
c-6701003258923,producto02,Vida grupo particular,F,PEN,1963-08-28,2021-03-20,2025-03-20,0.1,65.0,800.0
c-6701003258925,producto02,Vida grupo particular,F,PEN,1950-03-18,2021-03-20,2027-03-20,0.1,22.0,600.0
c-6701003258931,producto02,Vida grupo particular,F,PEN,1992-09-05,2021-03-20,2025-03-20,0.1,63.0,1000.0
c-6701003258935,producto02,Vida grupo particular,F,PEN,1978-05-15,2021-03-20,2026-03-20,0.1,12.0,435.0
c-6701003258937,producto02,Vida grupo particular,F,PEN,1944-09-02,2021-03-20,2026-03-20,0.1,14.0,310.0
c-6701003258943,producto02,Vida grupo particular,F,PEN,1959-05-06,2021-03-20,2027-03-20,0.1,81.0,960.0
c-6701003258969,producto02,Vida grupo particular,F,PEN,1990-11-05,2021-03-20,2026-03-20,0.1,33.0,400.0
c-6701003258978,producto02,Vida grupo particular,F,PEN,1988-11-18,2021-03-20,2026-03-20,0.1,61.0,690.0
c-6701003258983,producto02,Vida grupo particular,F,PEN,1962-08-08,2021-03-20,2027-02-20,0.1,12.0,495.0
c-6701003259009,producto02,Vida grupo particular,F,PEN,1970-09-07,2021-03-22,2026-03-22,0.1,26.0,375.0
c-6701003259011,producto02,Vida grupo particular,F,PEN,1972-06-10,2021-03-22,2027-03-22,0.1,77.0,1295.0
c-6701003259013,producto02,Vida grupo particular,F,PEN,1983-07-19,2021-03-22,2027-03-22,0.1,27.0,820.0
c-6701003259019,producto02,Vida grupo particular,F,PEN,1943-07-06,2021-03-22,2027-03-22,0.1,13.0,465.0
c-6701003259021,producto02,Vida grupo particular,F,PEN,1965-04-27,2021-03-22,2027-03-22,0.1,14.0,385.0
c-6701003259026,producto02,Vida grupo particular,F,PEN,1971-03-20,2021-03-22,2027-03-22,0.1,88.0,1380.0
c-6701003259038,producto02,Vida grupo particular,F,PEN,1981-05-20,2021-03-22,2026-03-22,0.1,39.0,485.0
c-6701003259039,producto02,Vida grupo particular,F,PEN,1973-07-27,2021-03-22,2027-03-22,0.1,75.0,1690.0
c-6701003259047,producto02,Vida grupo particular,F,PEN,1968-03-04,2021-03-22,2025-03-22,0.1,33.0,1800.0
c-6701003259056,producto02,Vida grupo particular,F,PEN,1965-03-23,2021-03-22,2025-03-22,0.1,152.0,1950.0
c-6701003259057,producto02,Vida grupo particular,F,PEN,1945-08-25,2021-03-22,2027-03-22,0.1,47.0,1840.0
c-6701003259071,producto02,Vida grupo particular,F,PEN,1959-09-01,2021-03-22,2027-03-22,0.1,12.0,300.1
c-6701003259075,producto02,Vida grupo particular,F,PEN,1942-01-14,2021-03-22,2027-03-22,0.1,69.0,1425.0
c-6701003259083,producto02,Vida grupo particular,F,PEN,1983-01-21,2021-03-22,2026-03-22,0.1,12.0,230.0
c-6701003259098,producto02,Vida grupo particular,F,PEN,1990-02-18,2021-03-22,2025-03-22,0.1,3.0,500.0
c-6701003259120,producto02,Vida grupo particular,F,PEN,1982-02-19,2021-03-22,2027-03-22,0.1,45.0,599.95
c-6701003259133,producto02,Vida grupo particular,F,PEN,1950-03-07,2021-03-22,2027-03-22,0.1,26.0,580.0
c-6701003259136,producto02,Vida grupo particular,F,PEN,1978-07-19,2021-03-22,2026-03-22,0.1,52.0,700.0
c-6701003259152,producto02,Vida grupo particular,F,PEN,1958-10-27,2021-03-22,2026-03-22,0.1,198.0,2200.0
c-6701003259167,producto02,Vida grupo particular,F,PEN,1966-04-28,2021-03-22,2026-03-22,0.1,49.0,1200.0
c-6701003259176,producto02,Vida grupo particular,F,PEN,1968-12-06,2021-03-22,2025-03-22,0.1,51.0,600.0
c-6701003259179,producto02,Vida grupo particular,F,PEN,1952-08-31,2021-03-22,2027-03-22,0.1,187.0,2600.0
c-6701003259181,producto02,Vida grupo particular,F,PEN,1972-05-22,2021-03-22,2026-01-22,0.1,83.0,1300.0
c-6701003259188,producto02,Vida grupo particular,F,PEN,1972-09-09,2021-03-22,2027-03-22,0.1,35.0,589.9
c-6701003259189,producto02,Vida grupo particular,F,PEN,1987-07-29,2021-03-22,2027-03-22,0.1,50.0,640.0
c-6701003259206,producto02,Vida grupo particular,F,PEN,1990-11-19,2021-03-22,2026-03-22,0.1,38.0,465.0
c-6701003259214,producto02,Vida grupo particular,F,PEN,1986-11-28,2021-03-22,2027-03-22,0.1,8.0,885.0
c-6701003259218,producto02,Vida grupo particular,F,PEN,1974-04-15,2021-03-22,2027-03-22,0.1,34.0,380.0
c-6701003259229,producto02,Vida grupo particular,F,PEN,1988-08-16,2021-03-22,2025-03-22,0.1,24.0,700.0
c-6701003259252,producto02,Vida grupo particular,F,PEN,1978-11-30,2021-03-22,2027-03-22,0.1,12.0,900.0
c-6701003259260,producto02,Vida grupo particular,F,PEN,1955-10-03,2021-03-22,2027-03-22,0.1,80.0,1055.0
c-6701003259288,producto02,Vida grupo particular,F,PEN,1958-11-29,2021-03-22,2027-03-22,0.1,4.0,200.0
c-6701003259293,producto02,Vida grupo particular,F,PEN,1986-02-08,2021-03-22,2026-03-22,0.1,56.0,1155.0
c-6701003259295,producto02,Vida grupo particular,F,PEN,1973-12-04,2021-03-22,2026-03-22,0.1,67.0,830.0
c-6701003259303,producto02,Vida grupo particular,F,PEN,1944-02-16,2021-03-22,2027-03-22,0.1,2.0,315.0
c-6701003259326,producto02,Vida grupo particular,F,PEN,1966-06-01,2021-03-22,2027-03-22,0.1,64.0,725.0
c-6701003259327,producto02,Vida grupo particular,F,PEN,1979-03-06,2021-03-22,2025-03-22,0.1,26.0,900.0
c-6701003259329,producto02,Vida grupo particular,F,PEN,1958-10-30,2021-03-22,2027-03-22,0.1,165.0,1865.0
c-6701003259331,producto02,Vida grupo particular,F,PEN,1965-08-04,2021-03-22,2025-03-22,0.1,63.0,1250.0
c-6701003259347,producto02,Vida grupo particular,F,PEN,1963-04-26,2021-03-22,2027-03-22,0.1,66.0,990.0
c-6701003259354,producto02,Vida grupo particular,F,PEN,1978-10-16,2021-03-22,2026-03-22,0.1,154.0,1880.0
c-6701003259391,producto02,Vida grupo particular,F,PEN,1950-10-05,2021-03-22,2027-03-22,0.1,18.0,305.0
c-6701003259400,producto02,Vida grupo particular,F,PEN,1990-09-16,2021-03-22,2027-03-22,0.1,56.0,1100.0
c-6701003259402,producto02,Vida grupo particular,F,PEN,1973-12-28,2021-03-22,2027-03-22,0.1,116.0,1300.0
c-6701003259431,producto02,Vida grupo particular,F,PEN,1966-07-17,2021-03-22,2027-03-22,0.1,16.0,600.0
c-6701003259434,producto02,Vida grupo particular,F,PEN,1947-07-29,2021-03-22,2025-03-22,0.1,80.0,1575.0
c-6701003259439,producto02,Vida grupo particular,F,PEN,1981-12-10,2021-03-22,2025-03-22,0.1,30.0,500.0
c-6701003259443,producto02,Vida grupo particular,F,PEN,1961-04-17,2021-03-22,2025-03-22,0.1,29.0,900.0
c-6701003259465,producto02,Vida grupo particular,F,PEN,1958-02-07,2021-03-22,2027-03-22,0.1,30.0,700.0
c-6701003259483,producto02,Vida grupo particular,F,PEN,1993-02-18,2021-03-22,2027-03-22,0.1,19.0,640.0
c-6701003259492,producto02,Vida grupo particular,F,PEN,1990-08-09,2021-03-22,2027-03-22,0.1,8.0,910.0
c-6701003259499,producto02,Vida grupo particular,F,PEN,1956-08-12,2021-03-22,2025-03-22,0.1,43.0,1450.0
c-6701003259506,producto02,Vida grupo particular,F,PEN,1963-10-07,2021-03-22,2026-03-22,0.1,65.0,1085.0
c-6701003259508,producto02,Vida grupo particular,F,PEN,1967-02-02,2021-03-22,2027-03-22,0.1,18.0,1200.0
c-6701003259511,producto02,Vida grupo particular,F,PEN,1949-03-26,2021-03-22,2026-03-22,0.1,14.0,335.0
c-6701003259527,producto02,Vida grupo particular,F,PEN,1959-04-23,2021-03-22,2027-03-22,0.1,81.0,1150.0
c-6701003259548,producto02,Vida grupo particular,F,PEN,1952-02-07,2021-03-22,2027-03-22,0.1,13.0,399.9
c-6701003259554,producto02,Vida grupo particular,F,PEN,1943-07-12,2021-03-22,2027-03-22,0.1,36.0,575.0
c-6701003259568,producto02,Vida grupo particular,F,PEN,1979-03-30,2021-03-22,2027-03-22,0.1,7.0,390.0
c-6701003259573,producto02,Vida grupo particular,F,PEN,1987-12-17,2021-03-22,2027-03-22,0.1,30.0,700.0
c-6701003259596,producto02,Vida grupo particular,F,PEN,1980-08-16,2021-03-22,2025-03-22,0.1,13.0,500.1
c-6701003259598,producto02,Vida grupo particular,F,PEN,1967-09-12,2021-03-22,2027-03-22,0.1,57.0,750.0
c-6701003259601,producto02,Vida grupo particular,F,PEN,1971-11-11,2021-03-22,2026-03-22,0.1,5.0,2000.0
c-6701003259609,producto02,Vida grupo particular,F,PEN,1984-04-17,2021-03-22,2026-03-22,0.1,145.0,1750.0
c-6701003259620,producto02,Vida grupo particular,F,PEN,1955-01-18,2021-03-22,2027-04-22,0.1,23.0,915.0
c-6701003259622,producto02,Vida grupo particular,F,PEN,1978-08-07,2021-03-22,2025-03-22,0.1,28.0,700.0
c-6701003259631,producto02,Vida grupo particular,F,PEN,1977-09-10,2021-03-22,2025-03-22,0.1,62.0,800.0
c-6701003259636,producto02,Vida grupo particular,F,PEN,1976-06-11,2021-03-22,2026-06-22,0.1,2.0,980.0
c-6701003259649,producto02,Vida grupo particular,F,PEN,1980-08-07,2021-03-22,2027-03-22,0.1,29.0,535.0
c-6701003259653,producto02,Vida grupo particular,F,PEN,1955-03-03,2021-03-22,2027-03-22,0.1,70.0,1200.0
c-6701003259663,producto02,Vida grupo particular,F,PEN,1972-01-19,2021-03-22,2027-03-22,0.1,71.0,805.0
c-6701003259667,producto02,Vida grupo particular,F,PEN,1984-12-14,2021-03-22,2027-03-22,0.1,70.0,820.0
c-6701003259668,producto02,Vida grupo particular,F,PEN,1949-07-20,2021-03-22,2025-03-22,0.1,13.0,785.0
c-6701003259679,producto02,Vida grupo particular,F,PEN,1949-07-05,2021-03-22,2026-03-22,0.1,5.0,400.0
c-6701003259696,producto02,Vida grupo particular,F,PEN,1954-10-14,2021-03-23,2027-03-23,0.1,39.0,1200.0
c-6701003259734,producto02,Vida grupo particular,F,PEN,1974-04-19,2021-03-23,2025-03-23,0.1,20.0,700.0
c-6701003259740,producto02,Vida grupo particular,F,PEN,1966-05-10,2021-03-23,2027-03-23,0.1,75.0,1200.0
c-6701003259780,producto02,Vida grupo particular,F,PEN,1981-10-29,2021-03-23,2027-03-23,0.1,15.0,700.0
c-6701003259786,producto02,Vida grupo particular,F,PEN,1949-05-26,2021-03-23,2027-03-23,0.1,49.0,595.0
c-6701003259787,producto02,Vida grupo particular,F,PEN,1974-07-03,2021-03-23,2025-03-23,0.1,73.0,900.0
c-6701003259799,producto02,Vida grupo particular,F,PEN,1957-06-12,2021-03-23,2026-03-23,0.1,17.0,1200.0
c-6701003259800,producto02,Vida grupo particular,F,PEN,1978-05-22,2021-03-23,2025-03-23,0.1,41.0,1200.0
c-6701003259801,producto02,Vida grupo particular,F,PEN,1957-01-26,2021-03-23,2027-03-23,0.1,157.0,2000.0
c-6701003259803,producto02,Vida grupo particular,F,PEN,1946-11-24,2021-03-23,2027-03-23,0.1,8.0,150.0
c-6701003259809,producto02,Vida grupo particular,F,PEN,1986-04-06,2021-03-23,2027-03-23,0.1,28.0,400.0
c-6701003259831,producto02,Vida grupo particular,F,PEN,1981-05-12,2021-03-23,2026-03-23,0.1,15.0,500.0
c-6701003259837,producto02,Vida grupo particular,F,PEN,1967-11-23,2021-03-23,2027-03-23,0.1,7.0,1350.0
c-6701003259874,producto02,Vida grupo particular,F,PEN,1965-02-25,2021-03-23,2025-03-23,0.1,12.0,200.0
c-6701003259883,producto02,Vida grupo particular,F,PEN,1975-09-20,2021-03-23,2026-02-23,0.1,17.0,1430.0
c-6701003259886,producto02,Vida grupo particular,F,PEN,1966-07-27,2021-03-23,2026-03-23,0.1,20.0,360.0
c-6701003259892,producto02,Vida grupo particular,F,PEN,1988-04-14,2021-03-23,2027-03-23,0.1,39.0,695.0
c-6701003259894,producto02,Vida grupo particular,F,PEN,1941-01-05,2021-03-23,2027-03-23,0.1,31.0,580.0
c-6701003259918,producto02,Vida grupo particular,F,PEN,1974-05-21,2021-03-23,2025-03-23,0.1,31.0,500.0
c-6701003259924,producto02,Vida grupo particular,F,PEN,1980-04-11,2021-03-23,2026-03-23,0.1,34.0,415.0
c-6701003259929,producto02,Vida grupo particular,F,PEN,1940-05-09,2021-03-23,2026-03-23,0.1,58.0,700.0
c-6701003259946,producto02,Vida grupo particular,F,PEN,1998-01-27,2021-03-23,2027-03-23,0.1,73.0,1200.0
c-6701003259984,producto02,Vida grupo particular,F,PEN,1954-08-18,2021-03-23,2027-03-23,0.1,41.0,500.0
c-6701003259995,producto02,Vida grupo particular,F,PEN,1978-11-09,2021-03-23,2027-03-23,0.1,26.0,715.0
c-6701003260024,producto02,Vida grupo particular,F,PEN,1972-06-21,2021-03-23,2027-03-23,0.1,14.0,330.0
c-6701003260026,producto02,Vida grupo particular,F,PEN,1981-03-13,2021-03-23,2027-03-23,0.1,67.0,1040.0
c-6701003260033,producto02,Vida grupo particular,F,PEN,1983-12-07,2021-03-23,2026-03-23,0.1,59.0,800.0
c-6701003260048,producto02,Vida grupo particular,F,PEN,1979-06-15,2021-03-23,2026-03-23,0.1,36.0,700.0
c-6701003260055,producto02,Vida grupo particular,F,PEN,1958-04-09,2021-03-23,2026-03-23,0.1,60.0,1000.0
c-6701003260059,producto02,Vida grupo particular,F,PEN,1973-04-29,2021-03-23,2025-03-23,0.1,65.0,1250.0
c-6701003260073,producto02,Vida grupo particular,F,PEN,1973-04-25,2021-03-23,2026-03-23,0.1,64.0,890.0
c-6701003260099,producto02,Vida grupo particular,F,PEN,1988-11-08,2021-03-23,2027-03-23,0.1,29.0,500.0
c-6701003260105,producto02,Vida grupo particular,F,PEN,1968-02-08,2021-03-23,2027-03-23,0.1,18.0,400.0
c-6701003260115,producto02,Vida grupo particular,F,PEN,1964-02-14,2021-03-23,2025-03-23,0.1,32.0,1000.0
c-6701003260148,producto02,Vida grupo particular,F,PEN,1978-02-22,2021-03-23,2027-03-23,0.1,44.0,700.0
c-6701003260167,producto02,Vida grupo particular,F,PEN,1956-08-23,2021-03-23,2026-03-23,0.1,14.0,1650.0
c-6701003260189,producto02,Vida grupo particular,F,PEN,1972-08-20,2021-03-23,2024-12-23,0.1,37.0,795.0
c-6701003260204,producto02,Vida grupo particular,F,PEN,1976-08-18,2021-03-23,2025-03-23,0.1,13.0,750.0
c-6701003260207,producto02,Vida grupo particular,F,PEN,1974-10-04,2021-03-23,2027-03-23,0.1,49.0,730.0
c-6701003260212,producto02,Vida grupo particular,F,PEN,1992-08-11,2021-03-23,2027-03-23,0.1,18.0,1100.0
c-6701003260226,producto02,Vida grupo particular,F,PEN,1952-10-12,2021-03-24,2026-03-24,0.1,1.0,700.0
c-6701003260228,producto02,Vida grupo particular,F,PEN,1967-05-12,2021-03-24,2027-03-24,0.1,87.0,1060.0
c-6701003260231,producto02,Vida grupo particular,F,PEN,1976-12-10,2021-03-24,2027-03-24,0.1,5.0,900.1
c-6701003260237,producto02,Vida grupo particular,F,PEN,1967-08-03,2021-03-24,2027-03-24,0.1,60.0,800.0
c-6701003260239,producto02,Vida grupo particular,F,PEN,1968-03-27,2021-03-24,2027-03-24,0.1,100.0,1690.0
c-6701003260249,producto02,Vida grupo particular,F,PEN,1984-02-25,2021-03-24,2025-03-24,0.1,79.0,1100.0
c-6701003260252,producto02,Vida grupo particular,F,PEN,1967-08-02,2021-03-24,2026-03-24,0.1,8.0,320.0
c-6701003260265,producto02,Vida grupo particular,F,PEN,1987-04-06,2021-03-24,2027-03-24,0.1,28.0,400.0
c-6701003260270,producto02,Vida grupo particular,F,PEN,1954-07-31,2021-03-24,2027-03-24,0.1,109.0,1620.0
c-6701003260276,producto02,Vida grupo particular,F,PEN,1968-05-24,2021-03-24,2026-03-24,0.1,25.0,910.0
c-6701003260287,producto02,Vida grupo particular,F,PEN,1967-07-11,2021-03-24,2027-03-24,0.1,10.0,800.0
c-6701003260303,producto02,Vida grupo particular,F,PEN,1977-05-08,2021-03-24,2027-03-24,0.1,9.0,380.0
c-6701003260305,producto02,Vida grupo particular,F,PEN,1967-04-04,2021-03-24,2027-03-24,0.1,76.0,1350.0
c-6701003260314,producto02,Vida grupo particular,F,PEN,1973-01-07,2021-03-24,2027-03-24,0.1,203.0,2345.0
c-6701003260328,producto02,Vida grupo particular,F,PEN,1968-05-01,2021-03-24,2027-03-24,0.1,55.0,1000.0
c-6701003260340,producto02,Vida grupo particular,F,PEN,1957-06-16,2021-03-24,2027-03-24,0.1,45.0,1145.0
c-6701003260355,producto02,Vida grupo particular,F,PEN,1981-12-29,2021-03-24,2027-03-24,0.1,35.0,440.0
c-6701003260361,producto02,Vida grupo particular,F,PEN,1975-05-06,2021-03-24,2025-03-24,0.1,69.0,1230.0
c-6701003260372,producto02,Vida grupo particular,F,PEN,1972-04-23,2021-03-24,2025-03-24,0.1,53.0,900.0
c-6701003260416,producto02,Vida grupo particular,F,PEN,1964-07-05,2021-03-24,2027-03-24,0.1,20.0,985.0
c-6701003260421,producto02,Vida grupo particular,F,PEN,1979-12-21,2021-03-24,2025-03-24,0.1,30.0,615.0
c-6701003260451,producto02,Vida grupo particular,F,PEN,1955-02-20,2021-03-24,2026-03-24,0.1,28.0,390.0
c-6701003260452,producto02,Vida grupo particular,F,PEN,1952-07-11,2021-03-24,2027-03-24,0.1,49.0,545.0
c-6701003260458,producto02,Vida grupo particular,F,PEN,1978-02-28,2021-03-24,2027-03-24,0.1,2.0,560.0
c-6701003260469,producto02,Vida grupo particular,F,PEN,1977-04-09,2021-03-24,2027-03-24,0.1,87.0,1075.0
c-6701003260472,producto02,Vida grupo particular,F,PEN,1985-07-24,2021-03-24,2027-03-24,0.1,34.0,1185.0
c-6701003260480,producto02,Vida grupo particular,F,PEN,1996-05-12,2021-03-24,2027-03-24,0.1,76.0,1560.0
c-6701003260491,producto02,Vida grupo particular,F,PEN,1950-10-09,2021-03-24,2027-03-24,0.1,13.0,700.0
c-6701003260495,producto02,Vida grupo particular,F,PEN,1971-07-01,2021-03-24,2027-03-24,0.1,49.0,1200.0
c-6701003260509,producto02,Vida grupo particular,F,PEN,1940-07-08,2021-03-24,2025-03-24,0.1,43.0,600.0
c-6701003260516,producto02,Vida grupo particular,F,PEN,1983-10-01,2021-03-24,2027-03-24,0.1,75.0,1300.0
c-6701003260517,producto02,Vida grupo particular,F,PEN,1987-08-10,2021-03-24,2027-03-24,0.1,19.0,1250.0
c-6701003260521,producto02,Vida grupo particular,F,PEN,1986-10-16,2021-03-24,2026-03-24,0.1,25.0,850.0
c-6701003260526,producto02,Vida grupo particular,F,PEN,1968-02-07,2021-03-24,2027-03-24,0.1,,0.0
c-6701003260527,producto02,Vida grupo particular,F,PEN,1968-05-18,2021-03-24,2026-04-24,0.1,52.0,1130.0
c-6701003260528,producto02,Vida grupo particular,F,PEN,1974-09-29,2021-03-24,2027-03-24,0.1,34.0,500.0
c-6701003260540,producto02,Vida grupo particular,F,PEN,1975-09-29,2021-03-24,2025-03-24,0.1,14.0,535.0
c-6701003260543,producto02,Vida grupo particular,F,PEN,1998-03-20,2021-03-24,2027-03-24,0.1,78.0,1190.0
c-6701003260554,producto02,Vida grupo particular,F,PEN,1956-04-20,2021-03-24,2025-03-24,0.1,13.0,900.0
c-6701003260558,producto02,Vida grupo particular,F,PEN,1973-06-19,2021-03-24,2025-03-24,0.1,115.0,1990.0
c-6701003260559,producto02,Vida grupo particular,F,PEN,1971-12-30,2021-03-24,2027-03-24,0.1,14.0,2200.0
c-6701003260563,producto02,Vida grupo particular,F,PEN,1957-04-03,2021-03-24,2027-03-24,0.1,51.0,700.0
c-6701003260575,producto02,Vida grupo particular,F,PEN,1964-04-29,2021-03-24,2026-03-24,0.1,75.0,1200.0
c-6701003260583,producto02,Vida grupo particular,F,PEN,1984-07-08,2021-03-24,2027-03-24,0.1,66.0,1150.0
c-6701003260585,producto02,Vida grupo particular,F,PEN,1977-03-11,2021-03-24,2025-03-24,0.1,38.0,450.0
c-6701003260592,producto02,Vida grupo particular,F,PEN,1964-04-13,2021-03-24,2025-03-24,0.1,83.0,1000.0
c-6701003260593,producto02,Vida grupo particular,F,PEN,1957-08-06,2021-03-24,2027-03-24,0.1,45.0,605.0
c-6701003260599,producto02,Vida grupo particular,F,PEN,1968-06-11,2021-03-24,2026-05-24,0.1,53.0,1150.0
c-6701003260616,producto02,Vida grupo particular,F,PEN,1956-02-08,2021-03-24,2026-03-24,0.1,24.0,700.0
c-6701003260617,producto02,Vida grupo particular,F,PEN,1961-06-21,2021-03-24,2025-03-24,0.1,61.0,1150.0
c-6701003260657,producto02,Vida grupo particular,F,PEN,1944-10-07,2021-03-24,2027-03-24,0.1,3.0,470.0
c-6701003260662,producto02,Vida grupo particular,F,PEN,1975-01-10,2021-03-24,2027-03-24,0.1,62.0,1180.0
c-6701003260664,producto02,Vida grupo particular,F,PEN,1966-03-05,2021-03-24,2025-03-24,0.1,7.0,1350.0
c-6701003260675,producto02,Vida grupo particular,F,PEN,1965-12-25,2021-03-24,2024-10-24,0.1,53.0,900.0
c-6701003260695,producto02,Vida grupo particular,F,PEN,1943-09-13,2021-03-24,2027-03-24,0.1,60.0,1350.0
c-6701003260698,producto02,Vida grupo particular,F,PEN,1974-01-05,2021-03-24,2027-03-24,0.1,40.0,1030.0
c-6701003260704,producto02,Vida grupo particular,F,PEN,1974-07-10,2021-03-25,2025-02-25,0.1,38.0,905.0
c-6701003260710,producto02,Vida grupo particular,F,PEN,1986-02-21,2021-03-25,2027-03-25,0.1,67.0,2800.0
c-6701003260714,producto02,Vida grupo particular,F,PEN,1965-04-13,2021-03-25,2026-03-25,0.1,11.0,700.0
c-6701003260718,producto02,Vida grupo particular,F,PEN,1955-12-26,2021-03-25,2027-03-25,0.1,28.0,495.0
c-6701003260725,producto02,Vida grupo particular,F,PEN,1960-06-30,2021-03-25,2027-03-25,0.1,60.0,1085.0
c-6701003260743,producto02,Vida grupo particular,F,PEN,1974-06-13,2021-03-25,2027-03-25,0.1,37.0,645.0
c-6701003260750,producto02,Vida grupo particular,F,PEN,1976-08-27,2021-03-25,2027-03-25,0.1,21.0,400.0
c-6701003260765,producto02,Vida grupo particular,F,PEN,1964-09-09,2021-03-25,2027-03-25,0.1,75.0,1080.0
c-6701003260770,producto02,Vida grupo particular,F,PEN,1952-07-18,2021-03-25,2027-03-25,0.1,27.0,800.0
c-6701003260786,producto02,Vida grupo particular,F,PEN,1962-06-26,2021-03-25,2027-03-25,0.1,31.0,540.0
c-6701003260787,producto02,Vida grupo particular,F,PEN,1982-04-14,2021-03-25,2027-03-25,0.1,26.0,545.0
c-6701003260805,producto02,Vida grupo particular,F,PEN,1987-02-21,2021-03-25,2026-03-25,0.1,74.0,1000.0
c-6701003260813,producto02,Vida grupo particular,F,PEN,1965-06-09,2021-03-25,2026-03-25,0.1,11.0,380.0
c-6701003260853,producto02,Vida grupo particular,F,PEN,1966-09-18,2021-03-25,2026-03-25,0.1,102.0,1170.0
c-6701003260860,producto02,Vida grupo particular,F,PEN,1980-11-14,2021-03-25,2027-03-25,0.1,6.0,340.0
c-6701003260867,producto02,Vida grupo particular,F,PEN,1959-06-23,2021-03-25,2025-03-25,0.1,36.0,400.0
c-6701003260876,producto02,Vida grupo particular,F,PEN,1981-01-18,2021-03-25,2027-03-25,0.1,6.0,415.0
c-6701003260878,producto02,Vida grupo particular,F,PEN,1968-12-01,2021-03-25,2027-03-25,0.1,25.0,850.0
c-6701003260919,producto02,Vida grupo particular,F,PEN,1949-05-10,2021-03-25,2026-03-25,0.1,59.0,660.0
c-6701003260927,producto02,Vida grupo particular,F,PEN,1957-08-20,2021-03-25,2026-03-25,0.1,3.0,505.0
c-6701003260931,producto02,Vida grupo particular,F,PEN,1969-08-18,2021-03-25,2027-03-25,0.1,27.0,1010.0
c-6701003260936,producto02,Vida grupo particular,F,PEN,1969-01-23,2021-03-25,2026-07-25,0.1,70.0,1445.0
c-6701003260941,producto02,Vida grupo particular,F,PEN,1968-06-14,2021-03-25,2026-03-25,0.1,56.0,700.0
c-6701003260964,producto02,Vida grupo particular,F,PEN,1969-10-07,2021-03-25,2026-03-25,0.1,17.0,465.0
c-6701003260965,producto02,Vida grupo particular,F,PEN,1966-05-08,2021-03-25,2027-03-25,0.1,11.0,1290.0
c-6701003260966,producto02,Vida grupo particular,F,PEN,1988-11-10,2021-03-25,2027-03-25,0.1,72.0,1600.0
c-6701003260973,producto02,Vida grupo particular,F,PEN,1993-05-06,2021-03-25,2025-03-25,0.1,16.0,700.0
c-6701003260981,producto02,Vida grupo particular,F,PEN,1983-07-26,2021-03-25,2026-03-25,0.1,4.0,405.0
c-6701003260982,producto02,Vida grupo particular,F,PEN,1979-02-16,2021-03-25,2025-03-25,0.1,74.0,910.0
c-6701003261001,producto02,Vida grupo particular,F,PEN,1971-12-23,2021-03-25,2025-03-25,0.1,47.0,1200.0
c-6701003261004,producto02,Vida grupo particular,F,PEN,1977-07-19,2021-03-25,2027-03-25,0.1,42.0,550.0
c-6701003261007,producto02,Vida grupo particular,F,PEN,1964-04-09,2021-03-25,2024-12-25,0.1,28.0,925.0
c-6701003261018,producto02,Vida grupo particular,F,PEN,1955-03-17,2021-03-25,2027-03-25,0.1,37.0,455.0
c-6701003261028,producto02,Vida grupo particular,F,PEN,1953-01-14,2021-03-25,2025-03-25,0.1,9.0,700.0
c-6701003261031,producto02,Vida grupo particular,F,PEN,1993-10-29,2021-03-25,2026-03-25,0.1,1.0,500.0
c-6701003261047,producto02,Vida grupo particular,F,PEN,1965-03-27,2021-03-25,2026-03-25,0.1,21.0,700.0
c-6701003261056,producto02,Vida grupo particular,F,PEN,1942-09-12,2021-03-25,2027-03-25,0.1,76.0,900.0
c-6701003261070,producto02,Vida grupo particular,F,PEN,1964-01-24,2021-03-25,2025-03-25,0.1,234.0,2800.0
c-6701003261075,producto02,Vida grupo particular,F,PEN,1963-12-07,2021-03-25,2027-03-25,0.1,7.0,375.0
c-6701003261082,producto02,Vida grupo particular,F,PEN,1981-04-20,2021-03-25,2026-03-25,0.1,22.0,600.0
c-6701003261098,producto02,Vida grupo particular,F,PEN,1975-05-05,2021-03-25,2026-03-25,0.1,21.0,665.0
c-6701003261102,producto02,Vida grupo particular,F,PEN,1969-06-18,2021-03-25,2027-03-25,0.1,6.0,150.0
c-6701003261125,producto02,Vida grupo particular,F,PEN,1977-10-02,2021-03-25,2025-03-25,0.1,26.0,400.0
c-6701003261142,producto02,Vida grupo particular,F,PEN,1963-01-10,2021-03-25,2027-03-25,0.1,77.0,1210.0
c-6701003261165,producto02,Vida grupo particular,F,PEN,1970-10-03,2021-03-25,2026-03-25,0.1,8.0,150.0
c-6701003261166,producto02,Vida grupo particular,F,PEN,1991-09-01,2021-03-25,2027-03-25,0.1,9.0,700.0
c-6701003261191,producto02,Vida grupo particular,F,PEN,1948-10-23,2021-03-25,2025-05-25,0.1,177.0,2000.0
c-6701003261209,producto02,Vida grupo particular,F,PEN,1975-05-28,2021-03-25,2025-03-25,0.1,161.0,1850.0
c-6701003261224,producto02,Vida grupo particular,F,PEN,1953-02-20,2021-03-25,2027-03-25,0.1,51.0,964.995
c-6701003261226,producto02,Vida grupo particular,F,PEN,1958-06-28,2021-03-25,2027-03-25,0.1,86.0,1250.0
c-6701003261230,producto02,Vida grupo particular,F,PEN,1988-05-23,2021-03-25,2026-03-25,0.1,19.0,1150.0
c-6701003261246,producto02,Vida grupo particular,F,PEN,1985-07-18,2021-03-26,2026-03-26,0.1,25.0,495.0
c-6701003261275,producto02,Vida grupo particular,F,PEN,1969-09-24,2021-03-26,2025-03-26,0.1,25.0,500.0
c-6701003261294,producto02,Vida grupo particular,F,PEN,1970-11-05,2021-03-26,2027-03-26,0.1,58.0,690.0
c-6701003261317,producto02,Vida grupo particular,F,PEN,1940-11-16,2021-03-26,2027-03-26,0.1,51.0,700.0
c-6701003261323,producto02,Vida grupo particular,F,PEN,1983-09-30,2021-03-26,2027-03-26,0.1,41.0,1200.0
c-6701003261329,producto02,Vida grupo particular,F,PEN,1989-11-07,2021-03-26,2026-03-26,0.1,25.0,320.0
c-6701003261331,producto02,Vida grupo particular,F,PEN,1951-08-15,2021-03-26,2027-03-26,0.1,28.0,460.0
c-6701003261336,producto02,Vida grupo particular,F,PEN,1982-11-15,2021-03-26,2027-03-26,0.1,11.0,625.0
c-6701003261344,producto02,Vida grupo particular,F,PEN,1948-09-15,2021-03-26,2025-03-26,0.1,92.0,1150.0
c-6701003261351,producto02,Vida grupo particular,F,PEN,1964-11-07,2021-03-26,2025-03-26,0.1,70.0,1100.0
c-6701003261358,producto02,Vida grupo particular,F,PEN,1977-02-26,2021-03-26,2025-03-26,0.1,58.0,1560.0
c-6701003261379,producto02,Vida grupo particular,F,PEN,1985-04-17,2021-03-26,2025-03-26,0.1,50.0,1755.0
c-6701003261393,producto02,Vida grupo particular,F,PEN,1963-12-11,2021-03-26,2027-03-26,0.1,75.0,1070.0
c-6701003261421,producto02,Vida grupo particular,F,PEN,1955-10-17,2021-03-26,2026-03-26,0.1,38.0,1100.0
c-6701003261428,producto02,Vida grupo particular,F,PEN,1993-01-27,2021-03-26,2025-03-26,0.1,64.0,787.0
c-6701003261429,producto02,Vida grupo particular,F,PEN,1966-05-19,2021-03-26,2027-03-26,0.1,23.0,360.0
c-6701003261441,producto02,Vida grupo particular,F,PEN,1970-05-17,2021-03-26,2027-03-26,0.1,4.0,1000.0
c-6701003261455,producto02,Vida grupo particular,F,PEN,1974-09-23,2021-03-26,2027-03-26,0.1,30.0,730.0
c-6701003261466,producto02,Vida grupo particular,F,PEN,1974-07-09,2021-03-26,2026-03-26,0.1,9.0,765.0
c-6701003261473,producto02,Vida grupo particular,F,PEN,1975-06-21,2021-03-26,2025-03-26,0.1,5.0,500.0
c-6701003261479,producto02,Vida grupo particular,F,PEN,1993-07-19,2021-03-26,2025-03-26,0.1,39.0,500.0
c-6701003261486,producto02,Vida grupo particular,F,PEN,1958-06-01,2021-03-26,2025-03-26,0.1,51.0,800.0
c-6701003261488,producto02,Vida grupo particular,F,PEN,1966-12-31,2021-03-26,2026-03-26,0.1,43.0,655.0
c-6701003261490,producto02,Vida grupo particular,F,PEN,1964-07-03,2021-03-26,2027-04-26,0.1,50.0,924.996
c-6701003261493,producto02,Vida grupo particular,F,PEN,1984-01-06,2021-03-26,2027-03-26,0.1,3.0,1215.0
c-6701003261513,producto02,Vida grupo particular,F,PEN,1952-12-08,2021-03-26,2027-03-26,0.1,13.0,500.0
c-6701003261515,producto02,Vida grupo particular,F,PEN,1958-12-19,2021-03-26,2027-03-26,0.1,3.0,500.0
c-6701003261522,producto02,Vida grupo particular,F,PEN,1982-04-20,2021-03-26,2026-05-26,0.1,8.0,795.0
c-6701003261545,producto02,Vida grupo particular,F,PEN,1972-05-10,2021-03-26,2027-03-26,0.1,66.0,900.0
c-6701003261546,producto02,Vida grupo particular,F,PEN,1973-03-10,2021-03-26,2026-03-26,0.1,8.0,600.0
c-6701003261548,producto02,Vida grupo particular,F,PEN,1988-02-16,2021-03-26,2026-03-26,0.1,10.0,395.0
c-6701003261580,producto02,Vida grupo particular,F,PEN,1961-10-17,2021-03-26,2027-03-26,0.1,72.0,1390.0
c-6701003261596,producto02,Vida grupo particular,F,PEN,1993-05-01,2021-03-26,2025-03-26,0.1,8.0,900.0
c-6701003261605,producto02,Vida grupo particular,F,PEN,1971-05-14,2021-03-26,2025-03-26,0.1,31.0,685.0
c-6701003261610,producto02,Vida grupo particular,F,PEN,1981-09-04,2021-03-26,2026-03-26,0.1,10.0,345.0
c-6701003261614,producto02,Vida grupo particular,F,PEN,1981-06-10,2021-03-26,2027-03-26,0.1,41.0,1200.0
c-6701003261624,producto02,Vida grupo particular,F,PEN,1988-08-09,2021-03-26,2026-04-26,0.1,28.0,450.0
c-6701003261637,producto02,Vida grupo particular,F,PEN,1975-06-02,2021-03-26,2025-03-26,0.1,31.0,900.0
c-6701003261645,producto02,Vida grupo particular,F,PEN,1975-04-30,2021-03-26,2027-03-26,0.1,28.0,480.0
c-6701003261648,producto02,Vida grupo particular,F,PEN,1969-05-18,2021-03-26,2027-03-26,0.1,70.0,915.0
c-6701003261658,producto02,Vida grupo particular,F,PEN,1970-02-24,2021-03-26,2027-03-26,0.1,37.0,665.0
c-6701003261663,producto02,Vida grupo particular,F,PEN,1964-04-10,2021-03-26,2027-03-26,0.1,37.0,500.0
c-6701003261664,producto02,Vida grupo particular,F,PEN,1980-03-02,2021-03-26,2026-03-26,0.1,41.0,835.0
c-6701003261667,producto02,Vida grupo particular,F,PEN,1971-09-07,2021-03-26,2025-03-26,0.1,2.0,430.0
c-6701003261700,producto02,Vida grupo particular,F,PEN,1971-12-12,2021-03-26,2027-03-26,0.1,20.0,665.0
c-6701003261731,producto02,Vida grupo particular,F,PEN,1949-05-07,2021-03-26,2027-03-26,0.1,123.0,1720.0
c-6701003261733,producto02,Vida grupo particular,F,PEN,1941-09-29,2021-03-26,2027-03-26,0.1,36.0,1220.0
c-6701003261737,producto02,Vida grupo particular,F,PEN,1964-12-11,2021-03-26,2025-03-26,0.1,61.0,700.0
c-6701003261748,producto02,Vida grupo particular,F,PEN,1965-11-28,2021-03-26,2025-03-26,0.1,67.0,900.0
c-6701003261754,producto02,Vida grupo particular,F,PEN,1979-02-26,2021-03-26,2027-03-26,0.1,7.0,1005.0
c-6701003261790,producto02,Vida grupo particular,F,PEN,1987-06-12,2021-03-26,2027-03-26,0.1,5.0,865.0
c-6701003261822,producto02,Vida grupo particular,F,PEN,1947-01-11,2021-03-26,2025-03-26,0.1,18.0,1150.0
c-6701003261842,producto02,Vida grupo particular,F,PEN,1992-02-03,2021-03-26,2026-01-26,0.1,18.0,1110.0
c-6701003261851,producto02,Vida grupo particular,F,PEN,1964-10-24,2021-03-26,2027-03-26,0.1,28.0,695.0
c-6701003261856,producto02,Vida grupo particular,F,PEN,1982-05-17,2021-03-26,2026-03-26,0.1,21.0,575.0
c-6701003261879,producto02,Vida grupo particular,F,PEN,1972-04-10,2021-03-27,2025-03-27,0.1,54.0,1550.0
c-6701003261884,producto02,Vida grupo particular,F,PEN,1986-12-26,2021-03-27,2027-03-27,0.1,29.0,1200.0
c-6701003261893,producto02,Vida grupo particular,F,PEN,1969-08-08,2021-03-27,2027-03-27,0.1,3.0,350.0
c-6701003261899,producto02,Vida grupo particular,F,PEN,1956-06-08,2021-03-27,2027-03-27,0.1,22.0,320.0
c-6701003261927,producto02,Vida grupo particular,F,PEN,1962-06-13,2021-03-27,2026-03-27,0.1,22.0,1500.0
c-6701003261941,producto02,Vida grupo particular,F,PEN,1968-07-16,2021-03-27,2027-03-27,0.1,11.0,545.0
c-6701003261944,producto02,Vida grupo particular,F,PEN,1968-10-12,2021-03-27,2025-03-27,0.1,85.0,1000.0
c-6701003261968,producto02,Vida grupo particular,F,PEN,1957-02-20,2021-03-27,2025-03-27,0.1,40.0,535.0
c-6701003261974,producto02,Vida grupo particular,F,PEN,1970-05-09,2021-03-27,2025-03-27,0.1,75.0,1415.0
c-6701003262023,producto02,Vida grupo particular,F,PEN,1963-05-12,2021-03-27,2027-03-27,0.1,69.0,1300.0
c-6701003262031,producto02,Vida grupo particular,F,PEN,1990-02-15,2021-03-27,2026-03-27,0.1,9.0,320.0
c-6701003262045,producto02,Vida grupo particular,F,PEN,1990-02-20,2021-03-27,2026-03-27,0.1,37.0,1040.0
c-6701003262052,producto02,Vida grupo particular,F,PEN,1993-03-10,2021-03-27,2026-03-27,0.1,18.0,500.0
c-6701003262145,producto02,Vida grupo particular,F,PEN,1964-11-16,2021-03-27,2027-03-27,0.1,9.0,1270.0
c-6701003262162,producto02,Vida grupo particular,F,PEN,1963-02-22,2021-03-27,2026-03-27,0.1,16.0,500.0
c-6701003262166,producto02,Vida grupo particular,F,PEN,1978-12-19,2021-03-27,2027-03-27,0.1,131.0,1650.0
c-6701003262171,producto02,Vida grupo particular,F,PEN,1978-07-09,2021-03-27,2027-03-27,0.1,91.0,1750.0
c-6701003262175,producto02,Vida grupo particular,F,PEN,1966-09-17,2021-03-27,2027-03-27,0.1,13.0,600.0
c-6701003262180,producto02,Vida grupo particular,F,PEN,1968-04-12,2021-03-27,2026-03-27,0.1,43.0,1260.0
c-6701003262192,producto02,Vida grupo particular,F,PEN,1995-04-17,2021-03-27,2025-03-27,0.1,25.0,700.0
c-6701003262194,producto02,Vida grupo particular,F,PEN,1942-05-20,2021-03-27,2027-03-27,0.1,17.0,275.0
c-6701003262214,producto02,Vida grupo particular,F,PEN,1963-09-10,2021-03-27,2026-09-27,0.1,1.0,1145.0
c-6701003262226,producto02,Vida grupo particular,F,PEN,1985-07-14,2021-03-27,2027-03-27,0.1,13.0,370.0
c-6701003262231,producto02,Vida grupo particular,F,PEN,1980-10-31,2021-03-27,2026-03-27,0.1,15.0,455.0
c-6701003262260,producto02,Vida grupo particular,F,PEN,1966-08-06,2021-03-29,2027-03-29,0.1,1.0,1400.0
c-6701003262264,producto02,Vida grupo particular,F,PEN,1980-02-10,2021-03-29,2026-03-29,0.1,27.0,345.0
c-6701003262265,producto02,Vida grupo particular,F,PEN,1983-08-13,2021-03-29,2027-03-29,0.1,62.0,1000.0
c-6701003262268,producto02,Vida grupo particular,F,PEN,1955-09-04,2021-03-29,2027-03-29,0.1,36.0,900.0
c-6701003262270,producto02,Vida grupo particular,F,PEN,1975-09-26,2021-03-29,2026-03-29,0.1,2.0,555.0
c-6701003262271,producto02,Vida grupo particular,F,PEN,1973-01-18,2021-03-29,2025-03-29,0.1,5.0,500.0
c-6701003262285,producto02,Vida grupo particular,F,PEN,1967-11-28,2021-03-29,2026-03-29,0.1,13.0,399.9
c-6701003262292,producto02,Vida grupo particular,F,PEN,1971-01-29,2021-03-29,2025-03-29,0.1,20.0,700.0
c-6701003262297,producto02,Vida grupo particular,F,PEN,1970-04-17,2021-03-29,2027-01-29,0.1,4.0,900.0
c-6701003262350,producto02,Vida grupo particular,F,PEN,1977-10-01,2021-03-29,2025-03-29,0.1,58.0,1050.0
c-6701003262369,producto02,Vida grupo particular,F,PEN,1959-01-17,2021-03-29,2025-04-29,0.1,86.0,1200.0
c-6701003262370,producto02,Vida grupo particular,F,PEN,1987-06-29,2021-03-29,2026-03-29,0.1,23.0,310.0
c-6701003262386,producto02,Vida grupo particular,F,PEN,1976-04-27,2021-03-29,2027-03-29,0.1,62.0,1160.0
c-6701003262398,producto02,Vida grupo particular,F,PEN,1971-08-18,2021-03-29,2025-03-29,0.1,63.0,700.0
c-6701003262412,producto02,Vida grupo particular,F,PEN,1959-09-11,2021-03-29,2026-03-29,0.1,4.0,600.0
c-6701003262462,producto02,Vida grupo particular,F,PEN,1982-02-01,2021-03-29,2026-03-29,0.1,9.0,855.0
c-6701003262578,producto02,Vida grupo particular,F,PEN,1991-07-26,2021-03-29,2026-03-29,0.1,28.0,435.0
c-6701003262581,producto02,Vida grupo particular,F,PEN,1989-07-01,2021-03-29,2027-03-29,0.1,36.0,1000.0
c-6701003262591,producto02,Vida grupo particular,F,PEN,1963-11-11,2021-03-29,2027-03-29,0.1,20.0,585.0
c-6701003262600,producto02,Vida grupo particular,F,PEN,1967-07-15,2021-03-29,2027-03-29,0.1,6.0,315.0
c-6701003262659,producto02,Vida grupo particular,F,PEN,1968-03-30,2021-03-29,2027-03-29,0.1,39.0,1850.0
c-6701003262660,producto02,Vida grupo particular,F,PEN,1985-09-13,2021-03-29,2026-04-29,0.1,60.0,1750.0
c-6701003262676,producto02,Vida grupo particular,F,PEN,1973-07-12,2021-03-29,2025-05-29,0.1,38.0,670.0
c-6701003262677,producto02,Vida grupo particular,F,PEN,1984-06-11,2021-03-29,2027-03-29,0.1,46.0,700.0
c-6701003262683,producto02,Vida grupo particular,F,PEN,1983-05-16,2021-03-29,2027-03-29,0.1,53.0,950.0
c-6701003262688,producto02,Vida grupo particular,F,PEN,1971-07-22,2021-03-29,2027-03-29,0.1,110.0,1485.0
c-6701003262705,producto02,Vida grupo particular,F,PEN,1962-10-01,2021-03-29,2025-07-29,0.1,83.0,1200.0
c-6701003262733,producto02,Vida grupo particular,F,PEN,1964-06-27,2021-03-29,2025-03-29,0.1,59.0,800.0
c-6701003262736,producto02,Vida grupo particular,F,PEN,1975-01-16,2021-03-29,2026-03-29,0.1,15.0,480.0
c-6701003262744,producto02,Vida grupo particular,F,PEN,1967-07-26,2021-03-29,2025-03-29,0.1,2.0,400.0
c-6701003262748,producto02,Vida grupo particular,F,PEN,1976-12-16,2021-03-29,2027-03-29,0.1,22.0,510.0
c-6701003262755,producto02,Vida grupo particular,F,PEN,1982-10-22,2021-03-29,2027-03-29,0.1,63.0,900.0
c-6701003262770,producto02,Vida grupo particular,F,PEN,1974-11-07,2021-03-29,2025-03-29,0.1,27.0,500.0
c-6701003262785,producto02,Vida grupo particular,F,PEN,1974-05-11,2021-03-29,2024-11-29,0.1,54.0,700.0
c-6701003262793,producto02,Vida grupo particular,F,PEN,1973-02-11,2021-03-29,2024-12-29,0.1,45.0,535.0
c-6701003262798,producto02,Vida grupo particular,F,PEN,1985-04-08,2021-03-29,2027-03-29,0.1,7.0,905.0
c-6701003262812,producto02,Vida grupo particular,F,PEN,1988-01-23,2021-03-29,2027-03-29,0.1,97.0,1180.0
c-6701003262820,producto02,Vida grupo particular,F,PEN,1961-02-05,2021-03-29,2025-03-29,0.1,72.0,810.0
c-6701003262831,producto02,Vida grupo particular,F,PEN,1994-06-29,2021-03-29,2027-03-29,0.1,54.0,775.0
c-6701003262869,producto02,Vida grupo particular,F,PEN,1948-09-07,2021-03-29,2026-03-29,0.1,57.0,1125.0
c-6701003262870,producto02,Vida grupo particular,F,PEN,1983-02-15,2021-03-29,2026-05-29,0.1,44.0,690.0
c-6701003262891,producto02,Vida grupo particular,F,PEN,1963-01-01,2021-03-29,2027-03-29,0.1,64.0,900.0
c-6701003262893,producto02,Vida grupo particular,F,PEN,1954-02-02,2021-03-29,2026-03-29,0.1,24.0,465.0
c-6701003262898,producto02,Vida grupo particular,F,PEN,1985-01-17,2021-03-29,2026-03-29,0.1,94.0,1615.0
c-6701003262909,producto02,Vida grupo particular,F,PEN,1972-06-21,2021-03-29,2027-03-29,0.1,40.0,1400.0
c-6701003262916,producto02,Vida grupo particular,F,PEN,1964-02-15,2021-03-29,2027-03-29,0.1,10.0,500.0
c-6701003262926,producto02,Vida grupo particular,F,PEN,1962-06-06,2021-03-29,2026-03-29,0.1,36.0,400.0
c-6701003262927,producto02,Vida grupo particular,F,PEN,1970-06-30,2021-03-29,2026-03-29,0.1,21.0,690.0
c-6701003262932,producto02,Vida grupo particular,F,PEN,1982-12-27,2021-03-29,2027-03-29,0.1,88.0,1250.0
c-6701003262966,producto02,Vida grupo particular,F,PEN,1975-11-01,2021-03-30,2026-03-30,0.1,25.0,400.0
c-6701003262998,producto02,Vida grupo particular,F,PEN,1945-04-20,2021-03-30,2025-03-30,0.1,31.0,500.0
c-6701003263008,producto02,Vida grupo particular,F,PEN,1985-05-29,2021-03-30,2026-03-30,0.1,19.0,900.0
c-6701003263011,producto02,Vida grupo particular,F,PEN,1977-12-23,2021-03-30,2027-03-30,0.1,31.0,625.0
c-6701003263016,producto02,Vida grupo particular,F,PEN,1968-09-11,2021-03-30,2027-03-30,0.1,57.0,655.0
c-6701003263021,producto02,Vida grupo particular,F,PEN,1962-03-05,2021-03-30,2025-10-30,0.1,37.0,955.0
c-6701003263027,producto02,Vida grupo particular,F,PEN,1980-03-22,2021-03-30,2025-03-30,0.1,33.0,400.0
c-6701003263067,producto02,Vida grupo particular,F,PEN,1973-09-22,2021-03-30,2026-04-30,0.1,1.0,770.0
c-6701003263068,producto02,Vida grupo particular,F,PEN,1958-11-17,2021-03-30,2027-03-30,0.1,14.0,1095.0
c-6701003263074,producto02,Vida grupo particular,F,PEN,1960-06-06,2021-03-30,2027-03-30,0.1,74.0,870.0
c-6701003263077,producto02,Vida grupo particular,F,PEN,1962-10-16,2021-03-30,2025-03-30,0.1,67.0,760.0
c-6701003263079,producto02,Vida grupo particular,F,PEN,1959-01-16,2021-03-30,2027-03-30,0.1,6.0,970.0
c-6701003263086,producto02,Vida grupo particular,F,PEN,1940-04-27,2021-03-30,2025-05-30,0.1,30.0,1000.0
c-6701003263093,producto02,Vida grupo particular,F,PEN,1973-12-19,2021-03-30,2027-03-30,0.1,23.0,339.8
c-6701003263095,producto02,Vida grupo particular,F,PEN,1955-12-12,2021-03-30,2027-03-30,0.1,13.0,765.0
c-6701003263109,producto02,Vida grupo particular,F,PEN,1978-07-20,2021-03-30,2026-03-30,0.1,39.0,540.0
c-6701003263142,producto02,Vida grupo particular,F,PEN,1976-11-23,2021-03-30,2027-03-30,0.1,25.0,400.0
c-6701003263147,producto02,Vida grupo particular,F,PEN,1970-09-24,2021-03-30,2026-03-30,0.1,62.0,815.0
c-6701003263152,producto02,Vida grupo particular,F,PEN,1987-04-17,2021-03-30,2025-03-30,0.1,38.0,700.0
c-6701003263154,producto02,Vida grupo particular,F,PEN,1958-05-01,2021-03-30,2027-03-30,0.1,1.0,515.0
c-6701003263161,producto02,Vida grupo particular,F,PEN,1984-02-23,2021-03-30,2027-03-30,0.1,28.0,320.0
c-6701003263166,producto02,Vida grupo particular,F,PEN,1957-06-17,2021-03-30,2027-03-30,0.1,7.0,990.0
c-6701003263174,producto02,Vida grupo particular,F,PEN,1955-02-27,2021-03-30,2027-03-30,0.1,4.0,595.0
c-6701003263176,producto02,Vida grupo particular,F,PEN,1940-12-14,2021-03-30,2027-03-30,0.1,2.0,195.0
c-6701003263195,producto02,Vida grupo particular,F,PEN,1961-06-10,2021-03-30,2025-03-30,0.1,18.0,1375.0
c-6701003263199,producto02,Vida grupo particular,F,PEN,1974-08-23,2021-03-30,2027-03-30,0.1,15.0,700.0
c-6701003263225,producto02,Vida grupo particular,F,PEN,1951-10-18,2021-03-30,2025-03-30,0.1,27.0,1100.0
c-6701003263232,producto02,Vida grupo particular,F,PEN,1969-04-27,2021-03-30,2026-03-30,0.1,25.0,420.0
c-6701003263234,producto02,Vida grupo particular,F,PEN,1980-06-12,2021-03-30,2025-11-30,0.1,11.0,1300.0
c-6701003263243,producto02,Vida grupo particular,F,PEN,1949-01-31,2021-03-30,2025-03-30,0.1,18.0,1635.0
c-6701003263248,producto02,Vida grupo particular,F,PEN,1989-09-03,2021-03-30,2024-11-30,0.1,74.0,850.0
c-6701003263274,producto02,Vida grupo particular,F,PEN,1953-10-11,2021-03-30,2026-03-30,0.1,69.0,1050.0
c-6701003263278,producto02,Vida grupo particular,F,PEN,1977-06-27,2021-03-30,2026-03-30,0.1,55.0,700.0
c-6701003263287,producto02,Vida grupo particular,F,PEN,1966-11-15,2021-03-30,2025-03-30,0.1,7.0,500.1
c-6701003263313,producto02,Vida grupo particular,F,PEN,1973-12-30,2021-03-30,2027-03-30,0.1,3.0,300.0
c-6701003263317,producto02,Vida grupo particular,F,PEN,1968-07-02,2021-03-30,2027-03-30,0.1,28.0,900.0
c-6701003263326,producto02,Vida grupo particular,F,PEN,1967-09-18,2021-03-30,2025-03-30,0.1,1.0,1000.0
c-6701003263333,producto02,Vida grupo particular,F,PEN,1953-06-24,2021-03-30,2025-03-30,0.1,11.0,2100.0
c-6701003263340,producto02,Vida grupo particular,F,PEN,1986-09-20,2021-03-30,2025-04-30,0.1,9.0,620.0
c-6701003263344,producto02,Vida grupo particular,F,PEN,1973-10-11,2021-03-30,2026-03-30,0.1,5.0,340.0
c-6701003263349,producto02,Vida grupo particular,F,PEN,1986-02-17,2021-03-30,2026-08-30,0.1,23.0,785.0
c-6701003263360,producto02,Vida grupo particular,F,PEN,1989-05-12,2021-03-30,2025-03-30,0.1,91.0,1350.0
c-6701003263379,producto02,Vida grupo particular,F,PEN,1963-03-31,2021-03-30,2027-03-30,0.1,19.0,900.0
c-6701003263389,producto02,Vida grupo particular,F,PEN,1972-06-13,2021-03-30,2026-03-30,0.1,24.0,600.0
c-6701003263400,producto02,Vida grupo particular,F,PEN,1970-09-15,2021-03-30,2027-03-30,0.1,25.0,490.0
c-6701003263408,producto02,Vida grupo particular,F,PEN,1958-03-13,2021-03-30,2027-03-30,0.1,47.0,895.0
c-6701003263409,producto02,Vida grupo particular,F,PEN,1968-09-28,2021-03-30,2027-03-30,0.1,48.0,599.99
c-6701003263425,producto02,Vida grupo particular,F,PEN,1960-01-24,2021-03-30,2025-10-30,0.1,45.0,785.0
c-6701003263450,producto02,Vida grupo particular,F,PEN,1979-05-08,2021-03-30,2027-03-30,0.1,4.0,885.0
c-6701003263463,producto02,Vida grupo particular,F,PEN,1965-07-16,2021-03-30,2026-12-30,0.1,43.0,1730.0
c-6701003263474,producto02,Vida grupo particular,F,PEN,1949-07-19,2021-03-30,2025-03-30,0.1,34.0,700.0
c-6701003263498,producto02,Vida grupo particular,F,PEN,1969-10-16,2021-03-30,2027-03-30,0.1,54.0,2050.0
c-6701003263499,producto02,Vida grupo particular,F,PEN,1998-02-11,2021-03-30,2026-03-30,0.1,44.0,700.0
c-6701003263503,producto02,Vida grupo particular,F,PEN,1976-07-02,2021-03-30,2026-03-30,0.1,8.0,500.0
c-6701003263506,producto02,Vida grupo particular,F,PEN,1967-02-16,2021-03-30,2027-03-30,0.1,2.0,1430.0
c-6701003263539,producto02,Vida grupo particular,F,PEN,1982-10-02,2021-03-31,2026-03-31,0.1,10.0,675.0
c-6701003263540,producto02,Vida grupo particular,F,PEN,1962-02-03,2021-03-31,2027-03-31,0.1,26.0,470.0
c-6701003263548,producto02,Vida grupo particular,F,PEN,1960-06-24,2021-03-31,2027-03-31,0.1,33.0,405.0
c-6701003263552,producto02,Vida grupo particular,F,PEN,1962-08-09,2021-03-31,2025-08-31,0.1,57.0,925.0
c-6701003263559,producto02,Vida grupo particular,F,PEN,1969-03-30,2021-03-31,2027-03-31,0.1,7.0,150.0
c-6701003263565,producto02,Vida grupo particular,F,PEN,1983-06-23,2021-03-31,2025-03-31,0.1,6.0,1050.0
c-6701003263583,producto02,Vida grupo particular,F,PEN,1960-01-16,2021-03-31,2025-03-31,0.1,6.0,400.0
c-6701003263598,producto02,Vida grupo particular,F,PEN,1973-09-16,2021-03-31,2027-03-31,0.1,37.0,1000.0
c-6701003263599,producto02,Vida grupo particular,F,PEN,1990-05-22,2021-03-31,2025-03-31,0.1,56.0,675.0
c-6701003263617,producto02,Vida grupo particular,F,PEN,1966-10-10,2021-03-31,2026-03-31,0.1,24.0,300.1
c-6701003263638,producto02,Vida grupo particular,F,PEN,1957-11-16,2021-03-31,2026-03-31,0.1,36.0,1320.0
c-6701003263644,producto02,Vida grupo particular,F,PEN,1959-04-08,2021-03-31,2025-11-30,0.1,46.0,820.0
c-6701003263646,producto02,Vida grupo particular,F,PEN,1972-08-26,2021-03-31,2027-03-31,0.1,6.0,300.0
c-6701003263657,producto02,Vida grupo particular,F,PEN,1975-05-14,2021-03-31,2027-03-31,0.1,7.0,565.0
c-6701003263672,producto02,Vida grupo particular,F,PEN,1971-11-30,2021-03-31,2027-03-31,0.1,104.0,1200.0
c-6701003263681,producto02,Vida grupo particular,F,PEN,1978-05-10,2021-03-31,2025-03-31,0.1,42.0,1000.0
c-6701003263688,producto02,Vida grupo particular,F,PEN,1982-07-12,2021-03-31,2027-03-31,0.1,36.0,1000.0
c-6701003263690,producto02,Vida grupo particular,F,PEN,1977-03-10,2021-03-31,2027-03-31,0.1,2.0,755.0
c-6701003263693,producto02,Vida grupo particular,F,PEN,1975-03-31,2021-03-31,2025-03-31,0.1,104.0,1200.0
c-6701003263702,producto02,Vida grupo particular,F,PEN,1985-05-31,2021-03-31,2025-03-31,0.1,110.0,1300.0
c-6701003263725,producto02,Vida grupo particular,F,PEN,1961-04-01,2021-03-31,2025-03-31,0.1,55.0,700.0
c-6701003263727,producto02,Vida grupo particular,F,PEN,1967-09-02,2021-03-31,2025-03-31,0.1,81.0,1325.0
c-6701003263735,producto02,Vida grupo particular,F,PEN,1980-03-18,2021-03-31,2027-03-31,0.1,29.0,1350.0
c-6701003263754,producto02,Vida grupo particular,F,PEN,1986-02-17,2021-03-31,2026-03-31,0.1,1.0,435.0
c-6701003263760,producto02,Vida grupo particular,F,PEN,1969-07-27,2021-03-31,2025-03-31,0.1,67.0,760.0
c-6701003263772,producto02,Vida grupo particular,F,PEN,1989-12-31,2021-03-31,2026-03-31,0.1,7.0,500.0
c-6701003263784,producto02,Vida grupo particular,F,PEN,1995-04-28,2021-03-31,2027-03-31,0.1,64.0,1005.0
c-6701003263794,producto02,Vida grupo particular,F,PEN,1991-07-03,2021-03-31,2026-03-31,0.1,72.0,900.0
c-6701003263805,producto02,Vida grupo particular,F,PEN,1990-08-01,2021-03-31,2027-03-31,0.1,9.0,900.0
c-6701003263817,producto02,Vida grupo particular,F,PEN,1986-04-21,2021-03-31,2026-03-31,0.1,25.0,315.0
c-6701003263820,producto02,Vida grupo particular,F,PEN,1961-08-10,2021-03-31,2026-03-31,0.1,161.0,2250.0
c-6701003263822,producto02,Vida grupo particular,F,PEN,1980-06-25,2021-03-31,2027-03-31,0.1,22.0,570.0
c-6701003263829,producto02,Vida grupo particular,F,PEN,1966-09-15,2021-03-31,2025-03-31,0.1,34.0,700.0
c-6701003263832,producto02,Vida grupo particular,F,PEN,1979-04-08,2021-03-31,2025-03-31,0.1,13.0,200.0
c-6701003263845,producto02,Vida grupo particular,F,PEN,1962-07-09,2021-03-31,2025-03-31,0.1,17.0,800.0
c-6701003263863,producto02,Vida grupo particular,F,PEN,1940-08-11,2021-03-31,2027-03-31,0.1,92.0,1055.0
c-6701003263868,producto02,Vida grupo particular,F,PEN,1969-01-01,2021-03-31,2027-03-31,0.1,77.0,895.0
c-6701003263873,producto02,Vida grupo particular,F,PEN,1975-07-26,2021-03-31,2025-03-31,0.1,15.0,500.0
c-6701003263876,producto02,Vida grupo particular,F,PEN,1993-05-20,2021-03-31,2025-03-31,0.1,59.0,1800.0
c-6701003263877,producto02,Vida grupo particular,F,PEN,1945-01-11,2021-03-31,2027-03-31,0.1,2.0,1450.0
c-6701003263904,producto02,Vida grupo particular,F,PEN,1994-02-11,2021-03-31,2027-03-31,0.1,21.0,400.0
c-6701003263911,producto02,Vida grupo particular,F,PEN,1955-08-12,2021-03-31,2026-03-31,0.1,34.0,850.0
c-6701003263933,producto02,Vida grupo particular,F,PEN,1958-06-10,2021-03-31,2026-03-31,0.1,27.0,390.0
c-6701003263936,producto02,Vida grupo particular,F,PEN,1952-02-13,2021-03-31,2025-03-31,0.1,50.0,1000.0
c-6701003263940,producto02,Vida grupo particular,F,PEN,1963-06-24,2021-03-31,2025-03-31,0.1,41.0,500.0
c-6701003263963,producto02,Vida grupo particular,F,PEN,1973-07-13,2021-03-31,2027-03-31,0.1,27.0,320.0
c-6701003263983,producto02,Vida grupo particular,F,PEN,1963-08-05,2021-03-31,2027-03-31,0.1,40.0,610.0
c-6701003263993,producto02,Vida grupo particular,F,PEN,1959-11-28,2021-03-31,2027-03-31,0.1,49.0,900.0
c-6701003263998,producto02,Vida grupo particular,F,PEN,1963-11-15,2021-03-31,2026-03-31,0.1,77.0,900.0
c-6701003264008,producto02,Vida grupo particular,F,PEN,1965-12-20,2021-03-31,2027-03-31,0.1,3.0,1900.0
c-6701003264046,producto02,Vida grupo particular,F,PEN,1967-06-02,2021-03-31,2025-03-31,0.1,79.0,1090.0
c-6701003264068,producto02,Vida grupo particular,F,PEN,1986-10-14,2021-03-31,2026-08-31,0.1,38.0,580.0
c-6701003264076,producto02,Vida grupo particular,F,PEN,1959-02-05,2021-03-31,2026-08-31,0.1,87.0,985.0
c-6701003264082,producto02,Vida grupo particular,F,PEN,1984-09-23,2021-03-31,2025-05-31,0.1,76.0,900.0
c-6701003264091,producto02,Vida grupo particular,F,PEN,1982-12-03,2021-03-31,2026-03-31,0.1,30.0,460.0
c-6701003264113,producto02,Vida grupo particular,F,PEN,1958-03-19,2021-03-31,2025-03-31,0.1,70.0,1000.0
c-6701003264114,producto02,Vida grupo particular,F,PEN,1941-07-08,2021-03-31,2027-03-31,0.1,30.0,700.1
c-6701003264115,producto02,Vida grupo particular,F,PEN,1963-06-02,2021-03-31,2026-03-31,0.1,4.0,500.0
c-6701003264149,producto02,Vida grupo particular,F,PEN,1941-07-11,2021-03-31,2027-03-31,0.1,6.0,840.0
c-6701003264150,producto02,Vida grupo particular,F,PEN,1963-01-14,2021-03-31,2025-03-31,0.1,10.0,2000.0
c-6701003264169,producto02,Vida grupo particular,F,PEN,1965-02-08,2021-03-31,2025-03-31,0.1,33.0,700.0
c-6701003264176,producto02,Vida grupo particular,F,PEN,1990-03-05,2021-03-31,2026-03-31,0.1,35.0,455.0
c-6701003264213,producto02,Vida grupo particular,F,PEN,1956-11-11,2021-04-03,2025-04-03,0.1,39.0,450.0
c-6701003264284,producto02,Vida grupo particular,F,PEN,1977-01-24,2021-04-03,2026-04-03,0.1,59.0,700.0
c-6701003264299,producto02,Vida grupo particular,F,PEN,1968-02-15,2021-04-03,2025-04-03,0.1,69.0,1890.0
c-6701003264301,producto02,Vida grupo particular,F,PEN,1961-07-11,2021-04-03,2025-04-03,0.1,129.0,1660.0
c-6701003264306,producto02,Vida grupo particular,F,PEN,1959-09-24,2021-04-03,2027-04-03,0.1,199.0,3000.0
c-6701003264316,producto02,Vida grupo particular,F,PEN,1972-01-08,2021-04-03,2025-04-03,0.1,97.0,1300.1
c-6701003264326,producto02,Vida grupo particular,F,PEN,1947-11-06,2021-04-03,2027-04-03,0.1,107.0,2375.0
c-6701003264328,producto02,Vida grupo particular,F,PEN,1941-12-30,2021-04-03,2026-05-03,0.1,176.0,2000.0
c-6701003264336,producto02,Vida grupo particular,F,PEN,1984-12-05,2021-04-03,2026-04-03,0.1,136.0,1550.0
c-6701003264380,producto02,Vida grupo particular,F,PEN,1952-11-08,2021-04-03,2025-04-03,0.1,18.0,700.0
c-6701003264420,producto02,Vida grupo particular,F,PEN,1979-11-25,2021-04-05,2025-11-05,0.1,83.0,975.0
c-6701003264447,producto02,Vida grupo particular,F,PEN,1963-06-11,2021-04-05,2025-04-05,0.1,69.0,2700.0
c-6701003264479,producto02,Vida grupo particular,F,PEN,1959-07-28,2021-04-05,2025-04-05,0.1,93.0,1100.0
c-6701003264490,producto02,Vida grupo particular,F,PEN,1952-01-13,2021-04-05,2024-11-05,0.1,70.0,1200.0
c-6701003264577,producto02,Vida grupo particular,F,PEN,1957-07-02,2021-04-05,2026-04-05,0.1,53.0,840.0
c-6701003264589,producto02,Vida grupo particular,F,PEN,1982-11-28,2021-04-05,2025-04-05,0.1,34.0,890.0
c-6701003264601,producto02,Vida grupo particular,F,PEN,1942-07-25,2021-04-05,2025-04-05,0.1,251.0,2910.0
c-6701003264624,producto02,Vida grupo particular,F,PEN,1943-08-01,2021-04-05,2026-04-05,0.1,45.0,1200.0
c-6701003264648,producto02,Vida grupo particular,F,PEN,1943-08-30,2021-04-05,2027-04-05,0.1,123.0,1755.0
c-6701003264662,producto02,Vida grupo particular,F,PEN,1966-02-01,2021-04-05,2027-04-05,0.1,125.0,2000.0
c-6701003264665,producto02,Vida grupo particular,F,PEN,1956-12-03,2021-04-05,2025-04-05,0.1,59.0,1035.0
c-6701003264703,producto02,Vida grupo particular,F,PEN,1953-02-23,2021-04-05,2025-04-05,0.1,154.0,3135.0
c-6701003264708,producto02,Vida grupo particular,F,PEN,1965-07-11,2021-04-05,2027-04-05,0.1,17.0,2520.0
c-6701003264712,producto02,Vida grupo particular,F,PEN,1946-10-18,2021-04-05,2027-04-05,0.1,138.0,2110.0
c-6701003264795,producto02,Vida grupo particular,F,PEN,1953-12-08,2021-04-05,2027-04-05,0.1,31.0,1505.0
c-6701003264801,producto02,Vida grupo particular,F,PEN,1986-09-15,2021-04-05,2027-04-05,0.1,58.0,1755.0
c-6701003264837,producto02,Vida grupo particular,F,PEN,1969-10-26,2021-04-05,2026-04-05,0.1,172.0,2415.0
c-6701003264838,producto02,Vida grupo particular,F,PEN,1981-07-20,2021-04-05,2025-08-05,0.1,69.0,1250.0
c-6701003264908,producto02,Vida grupo particular,F,PEN,1983-06-14,2021-04-05,2026-04-05,0.1,2.0,180.0
c-6701003264949,producto02,Vida grupo particular,F,PEN,1971-11-29,2021-04-05,2027-04-05,0.1,76.0,2450.0
c-6701003264953,producto02,Vida grupo particular,F,PEN,1963-11-30,2021-04-05,2027-04-05,0.1,14.0,2585.0
c-6701003264998,producto02,Vida grupo particular,F,PEN,1942-12-27,2021-04-05,2027-04-05,0.1,2.0,850.0
c-6701003265040,producto02,Vida grupo particular,F,PEN,1965-08-30,2021-04-05,2026-04-05,0.1,6.0,735.0
c-6701003265055,producto02,Vida grupo particular,F,PEN,1981-05-13,2021-04-05,2025-04-05,0.1,48.0,680.0
c-6701003265108,producto02,Vida grupo particular,F,PEN,1968-07-05,2021-04-05,2027-04-05,0.1,16.0,3135.0
c-6701003265154,producto02,Vida grupo particular,F,PEN,1968-11-27,2021-04-05,2025-06-05,0.1,1.0,1095.0
c-6701003265173,producto02,Vida grupo particular,F,PEN,1959-03-29,2021-04-05,2027-04-05,0.1,44.0,650.0
c-6701003265204,producto02,Vida grupo particular,F,PEN,1965-12-01,2021-04-05,2027-04-05,0.1,15.0,320.0
c-6701003265295,producto02,Vida grupo particular,F,PEN,1980-01-11,2021-04-05,2025-04-05,0.1,59.0,680.0
c-6701003265303,producto02,Vida grupo particular,F,PEN,1980-07-11,2021-04-05,2025-04-05,0.1,164.0,2720.0
c-6701003265317,producto02,Vida grupo particular,F,PEN,1970-09-20,2021-04-05,2026-04-05,0.1,45.0,1385.0
c-6701003265331,producto02,Vida grupo particular,F,PEN,1975-05-17,2021-04-05,2027-04-05,0.1,36.0,425.0
c-6701003265361,producto02,Vida grupo particular,F,PEN,1965-03-22,2021-04-05,2025-04-05,0.1,57.0,2250.0
c-6701003265380,producto02,Vida grupo particular,F,PEN,1945-10-26,2021-04-05,2026-04-05,0.1,38.0,500.0
c-6701003265395,producto02,Vida grupo particular,F,PEN,1977-04-21,2021-04-05,2025-04-05,0.1,20.0,1045.0
c-6701003265399,producto02,Vida grupo particular,F,PEN,1950-09-23,2021-04-05,2027-04-05,0.1,96.0,1985.0
c-6701003265435,producto02,Vida grupo particular,F,PEN,1974-02-17,2021-04-05,2025-04-05,0.1,17.0,890.0
c-6701003265445,producto02,Vida grupo particular,F,PEN,1968-09-08,2021-04-05,2025-04-05,0.1,48.0,875.0
c-6701003265455,producto02,Vida grupo particular,F,PEN,1981-10-14,2021-04-05,2026-04-05,0.1,74.0,1125.0
c-6701003265494,producto02,Vida grupo particular,F,PEN,1964-05-28,2021-04-05,2027-04-05,0.1,218.0,3200.0
c-6701003265549,producto02,Vida grupo particular,F,PEN,1980-07-05,2021-04-05,2025-04-05,0.1,255.0,2880.0
c-6701003265571,producto02,Vida grupo particular,F,PEN,1942-12-11,2021-04-05,2027-04-05,0.1,114.0,2880.0
c-6701003265618,producto02,Vida grupo particular,F,PEN,1956-08-05,2021-04-05,2027-04-05,0.1,95.0,1495.0
c-6701003265626,producto02,Vida grupo particular,F,PEN,1981-06-17,2021-04-05,2026-04-05,0.1,52.0,700.0
c-6701003265640,producto02,Vida grupo particular,F,PEN,1967-11-20,2021-04-06,2025-04-06,0.1,5.0,305.0
c-6701003265648,producto02,Vida grupo particular,F,PEN,1986-05-29,2021-04-06,2025-04-06,0.1,34.0,1150.0
c-6701003265659,producto02,Vida grupo particular,F,PEN,1942-09-28,2021-04-06,2027-04-06,0.1,85.0,2880.0
c-6701003265660,producto02,Vida grupo particular,F,PEN,1946-08-30,2021-04-06,2027-04-06,0.1,117.0,1650.0
c-6701003265704,producto02,Vida grupo particular,F,PEN,1971-04-23,2021-04-06,2025-04-06,0.1,89.0,1755.0
c-6701003265705,producto02,Vida grupo particular,F,PEN,1945-03-21,2021-04-06,2026-04-06,0.1,4.0,1150.0
c-6701003265707,producto02,Vida grupo particular,F,PEN,1948-04-25,2021-04-06,2025-04-06,0.1,40.0,1890.0
c-6701003265723,producto02,Vida grupo particular,F,PEN,1957-02-05,2021-04-06,2025-05-06,0.1,110.0,2440.0
c-6701003265734,producto02,Vida grupo particular,F,PEN,1951-03-03,2021-04-06,2027-04-06,0.1,28.0,1860.0
c-6701003265739,producto02,Vida grupo particular,F,PEN,1984-03-04,2021-04-06,2027-04-06,0.1,19.0,360.0
c-6701003265765,producto02,Vida grupo particular,F,PEN,1968-08-05,2021-04-06,2025-04-06,0.1,14.0,200.0
c-6701003265767,producto02,Vida grupo particular,F,PEN,1965-10-10,2021-04-06,2027-04-06,0.1,68.0,1800.0
c-6701003265795,producto02,Vida grupo particular,F,PEN,1959-05-03,2021-04-06,2027-04-06,0.1,96.0,2700.0
c-6701003265805,producto02,Vida grupo particular,F,PEN,1980-09-12,2021-04-06,2027-04-06,0.1,50.0,570.0
c-6701003265848,producto02,Vida grupo particular,F,PEN,1960-04-25,2021-04-06,2026-04-06,0.1,3.0,595.0
c-6701003265870,producto02,Vida grupo particular,F,PEN,1955-05-07,2021-04-06,2027-04-06,0.1,62.0,1700.0
c-6701003265871,producto02,Vida grupo particular,F,PEN,1970-05-19,2021-04-06,2027-04-06,0.1,192.0,3200.0
c-6701003265923,producto02,Vida grupo particular,F,PEN,1960-02-05,2021-04-06,2027-04-06,0.1,24.0,1540.0
c-6701003265937,producto02,Vida grupo particular,F,PEN,1957-09-30,2021-04-06,2026-04-06,0.1,13.0,410.0
c-6701003265938,producto02,Vida grupo particular,F,PEN,1958-01-23,2021-04-06,2025-04-06,0.1,30.0,400.0
c-6701003265946,producto02,Vida grupo particular,F,PEN,1969-07-07,2021-04-06,2027-04-06,0.1,14.0,2275.0
c-6701003265969,producto02,Vida grupo particular,F,PEN,1947-06-07,2021-04-06,2025-04-06,0.1,273.0,3565.0
c-6701003265980,producto02,Vida grupo particular,F,PEN,1961-06-14,2021-04-06,2026-04-06,0.1,64.0,1250.0
c-6701003266017,producto02,Vida grupo particular,F,PEN,1975-01-10,2021-04-06,2025-04-06,0.1,13.0,495.0
c-6701003266064,producto02,Vida grupo particular,F,PEN,1949-10-17,2021-04-06,2027-04-06,0.1,4.0,200.0
c-6701003266106,producto02,Vida grupo particular,F,PEN,1963-05-28,2021-04-06,2025-04-06,0.1,38.0,1500.0
c-6701003266110,producto02,Vida grupo particular,F,PEN,1962-12-31,2021-04-06,2026-05-06,0.1,14.0,1445.0
c-6701003266138,producto02,Vida grupo particular,F,PEN,1984-12-21,2021-04-06,2027-04-06,0.1,44.0,745.0
c-6701003266149,producto02,Vida grupo particular,F,PEN,1942-09-23,2021-04-06,2025-05-06,0.1,233.0,2880.0
c-6701003266268,producto02,Vida grupo particular,F,PEN,1959-10-25,2021-04-06,2026-04-06,0.1,6.0,400.0
c-6701003266278,producto02,Vida grupo particular,F,PEN,1950-05-30,2021-04-06,2026-04-06,0.1,82.0,1055.0
c-6701003266290,producto02,Vida grupo particular,F,PEN,1951-09-14,2021-04-06,2027-05-06,0.1,91.0,1445.0
c-6701003266328,producto02,Vida grupo particular,F,PEN,1968-03-11,2021-04-06,2027-04-06,0.1,50.0,1355.0
c-6701003266367,producto02,Vida grupo particular,F,PEN,1981-03-09,2021-04-06,2025-04-06,0.1,117.0,2080.0
c-6701003266396,producto02,Vida grupo particular,F,PEN,1981-10-23,2021-04-06,2026-04-06,0.1,4.0,900.0
c-6701003266406,producto02,Vida grupo particular,F,PEN,1980-05-10,2021-04-06,2025-04-06,0.1,110.0,1890.0
c-6701003266414,producto02,Vida grupo particular,F,PEN,1960-09-22,2021-04-06,2025-05-06,0.1,96.0,2125.0
c-6701003266438,producto02,Vida grupo particular,F,PEN,1955-08-10,2021-04-06,2025-04-06,0.1,48.0,2610.0
c-6701003266456,producto02,Vida grupo particular,F,PEN,1971-07-08,2021-04-06,2026-04-06,0.1,11.0,425.0
c-6701003266463,producto02,Vida grupo particular,F,PEN,1966-05-25,2021-04-06,2026-04-06,0.1,107.0,1500.0
c-6701003266483,producto02,Vida grupo particular,F,PEN,1961-04-16,2021-04-06,2025-04-06,0.1,216.0,2550.0
c-6701003266565,producto02,Vida grupo particular,F,PEN,1972-03-26,2021-04-06,2027-05-06,0.1,1.0,1495.0
c-6701003266645,producto02,Vida grupo particular,F,PEN,1964-01-17,2021-04-06,2026-04-06,0.1,10.0,535.0
c-6701003266676,producto02,Vida grupo particular,F,PEN,1942-08-01,2021-04-06,2027-04-06,0.1,111.0,2000.0
c-6701003266695,producto02,Vida grupo particular,F,PEN,1961-08-18,2021-04-06,2026-04-06,0.1,111.0,2000.0
c-6701003266766,producto02,Vida grupo particular,F,PEN,1985-07-09,2021-04-06,2025-04-06,0.1,112.0,1400.0
c-6701003266810,producto02,Vida grupo particular,F,PEN,1964-05-17,2021-04-06,2027-04-06,0.1,9.0,440.0
c-6701003266821,producto02,Vida grupo particular,F,PEN,1975-01-03,2021-04-06,2025-04-06,0.1,62.0,1500.0
c-6701003266824,producto02,Vida grupo particular,F,PEN,1974-12-23,2021-04-06,2027-04-06,0.1,21.0,430.0
c-6701003266829,producto02,Vida grupo particular,F,PEN,1961-09-27,2021-04-06,2027-04-06,0.1,7.0,554.9
c-6701003266859,producto02,Vida grupo particular,F,PEN,1984-01-20,2021-04-07,2027-04-07,0.1,24.0,850.0
c-6701003266910,producto02,Vida grupo particular,F,PEN,1952-06-18,2021-04-07,2027-04-07,0.1,109.0,1500.0
c-6701003266927,producto02,Vida grupo particular,F,PEN,1966-03-14,2021-04-07,2025-04-07,0.1,44.0,560.0
c-6701003266982,producto02,Vida grupo particular,F,PEN,1966-10-23,2021-04-07,2025-04-07,0.1,2.0,650.0
c-6701003266983,producto02,Vida grupo particular,F,PEN,1943-03-29,2021-04-07,2026-04-07,0.1,136.0,2500.0
c-6701003267004,producto02,Vida grupo particular,F,PEN,1967-11-10,2021-04-07,2027-04-07,0.1,130.0,1500.0
c-6701003267072,producto02,Vida grupo particular,F,PEN,1963-08-13,2021-04-07,2025-04-07,0.1,57.0,1755.0
c-6701003267088,producto02,Vida grupo particular,F,PEN,1945-06-14,2021-04-07,2027-04-07,0.1,53.0,2110.0
c-6701003267090,producto02,Vida grupo particular,F,PEN,1953-10-27,2021-04-07,2025-04-07,0.1,21.0,1800.0
c-6701003267097,producto02,Vida grupo particular,F,PEN,1943-07-12,2021-04-07,2027-04-07,0.1,127.0,1600.0
c-6701003267110,producto02,Vida grupo particular,F,PEN,1961-01-10,2021-04-07,2025-04-07,0.1,102.0,2125.0
c-6701003267114,producto02,Vida grupo particular,F,PEN,1970-10-17,2021-04-07,2027-04-07,0.1,171.0,2680.0
c-6701003267156,producto02,Vida grupo particular,F,PEN,1970-09-09,2021-04-07,2025-04-07,0.1,1.0,300.0
c-6701003267163,producto02,Vida grupo particular,F,PEN,1971-12-24,2021-04-07,2027-04-07,0.1,179.0,2410.0
c-6701003267185,producto02,Vida grupo particular,F,PEN,1963-09-26,2021-04-07,2027-04-07,0.1,17.0,440.0
c-6701003267200,producto02,Vida grupo particular,F,PEN,1984-12-12,2021-04-07,2026-04-07,0.1,7.0,500.0
c-6701003267216,producto02,Vida grupo particular,F,PEN,1955-08-02,2021-04-07,2027-04-07,0.1,209.0,2660.0
c-6701003267275,producto02,Vida grupo particular,F,PEN,1971-01-23,2021-04-07,2026-04-07,0.1,79.0,1485.0
c-6701003267287,producto02,Vida grupo particular,F,PEN,1981-03-27,2021-04-07,2026-04-07,0.1,52.0,600.0
c-6701003267288,producto02,Vida grupo particular,F,PEN,1943-04-05,2021-04-07,2025-04-07,0.1,178.0,2800.0
c-6701003267296,producto02,Vida grupo particular,F,PEN,1957-08-06,2021-04-07,2027-04-07,0.1,114.0,2195.0
c-6701003267383,producto02,Vida grupo particular,F,PEN,1970-08-05,2021-04-07,2025-04-07,0.1,15.0,3110.0
c-6701003267384,producto02,Vida grupo particular,F,PEN,1964-05-30,2021-04-07,2027-04-07,0.1,141.0,1600.0
c-6701003267435,producto02,Vida grupo particular,F,PEN,1973-12-12,2021-04-07,2026-04-07,0.1,28.0,1145.0
c-6701003267490,producto02,Vida grupo particular,F,PEN,1956-01-01,2021-04-07,2026-04-07,0.1,13.0,320.0
c-6701003267493,producto02,Vida grupo particular,F,PEN,1946-05-14,2021-04-07,2025-04-07,0.1,56.0,900.0
c-6701003267514,producto02,Vida grupo particular,F,PEN,1949-03-30,2021-04-07,2027-04-07,0.1,4.0,1450.0
c-6701003267600,producto02,Vida grupo particular,F,PEN,1981-12-17,2021-04-07,2025-04-07,0.1,28.0,1150.0
c-6701003267639,producto02,Vida grupo particular,F,PEN,1961-01-06,2021-04-07,2026-04-07,0.1,24.0,500.0
c-6701003267659,producto02,Vida grupo particular,F,PEN,1977-12-26,2021-04-07,2025-04-07,0.1,37.0,600.0
c-6701003267705,producto02,Vida grupo particular,F,PEN,1964-01-13,2021-04-07,2025-04-07,0.1,32.0,500.1
c-6701003267741,producto02,Vida grupo particular,F,PEN,1988-07-16,2021-04-07,2026-04-07,0.1,51.0,935.0
c-6701003267767,producto02,Vida grupo particular,F,PEN,1960-12-30,2021-04-07,2025-04-07,0.1,49.0,1485.0
c-6701003267831,producto02,Vida grupo particular,F,PEN,1962-07-23,2021-04-07,2026-04-07,0.1,34.0,1000.0
c-6701003267854,producto02,Vida grupo particular,F,PEN,1958-09-25,2021-04-07,2027-04-07,0.1,10.0,885.0
c-6701003267866,producto02,Vida grupo particular,F,PEN,1993-05-27,2021-04-07,2027-04-07,0.1,10.0,680.0
c-6701003267935,producto02,Vida grupo particular,F,PEN,1973-12-05,2021-04-07,2025-04-07,0.1,88.0,1850.0
c-6701003267976,producto02,Vida grupo particular,F,PEN,1950-11-10,2021-04-07,2025-01-07,0.1,25.0,1215.0
c-6701003268015,producto02,Vida grupo particular,F,PEN,1968-11-20,2021-04-07,2027-04-07,0.1,5.0,1450.0
c-6701003268024,producto02,Vida grupo particular,F,PEN,1974-08-11,2021-04-08,2025-04-08,0.1,164.0,3305.0
c-6701003268028,producto02,Vida grupo particular,F,PEN,1951-05-24,2021-04-08,2027-04-08,0.1,4.0,1640.0
c-6701003268079,producto02,Vida grupo particular,F,PEN,1976-10-11,2021-04-08,2026-04-08,0.1,17.0,375.0
c-6701003268092,producto02,Vida grupo particular,F,PEN,1967-11-28,2021-04-08,2027-04-08,0.1,118.0,2520.0
c-6701003268164,producto02,Vida grupo particular,F,PEN,1974-05-29,2021-04-08,2025-04-08,0.1,77.0,1350.0
c-6701003268169,producto02,Vida grupo particular,F,PEN,1940-07-15,2021-04-08,2025-04-08,0.1,62.0,1200.0
c-6701003268203,producto02,Vida grupo particular,F,PEN,1961-05-26,2021-04-08,2026-04-08,0.1,58.0,1215.0
c-6701003268211,producto02,Vida grupo particular,F,PEN,1953-06-08,2021-04-08,2025-04-08,0.1,59.0,1130.0
c-6701003268300,producto02,Vida grupo particular,F,PEN,1976-12-14,2021-04-08,2025-04-08,0.1,25.0,565.0
c-6701003268319,producto02,Vida grupo particular,F,PEN,1973-08-20,2021-04-08,2025-04-08,0.1,123.0,1485.0
c-6701003268320,producto02,Vida grupo particular,F,PEN,1960-07-28,2021-04-08,2027-04-08,0.1,10.0,580.0
c-6701003268330,producto02,Vida grupo particular,F,PEN,1953-03-26,2021-04-08,2026-09-08,0.1,35.0,620.0
c-6701003268334,producto02,Vida grupo particular,F,PEN,1962-11-01,2021-04-08,2026-12-08,0.1,20.0,830.0
c-6701003268352,producto02,Vida grupo particular,F,PEN,1963-12-13,2021-04-08,2027-04-08,0.1,27.0,2475.0
c-6701003268357,producto02,Vida grupo particular,F,PEN,1967-03-06,2021-04-08,2027-04-08,0.1,97.0,1560.0
c-6701003268410,producto02,Vida grupo particular,F,PEN,1952-04-03,2021-04-08,2026-04-08,0.1,118.0,1600.0
c-6701003268414,producto02,Vida grupo particular,F,PEN,1979-04-18,2021-04-08,2025-04-08,0.1,40.0,580.0
c-6701003268441,producto02,Vida grupo particular,F,PEN,1953-11-21,2021-04-08,2027-04-08,0.1,43.0,1000.0
c-6701003268447,producto02,Vida grupo particular,F,PEN,1955-08-23,2021-04-08,2027-04-08,0.1,15.0,3000.0
c-6701003268455,producto02,Vida grupo particular,F,PEN,1985-02-28,2021-04-08,2026-04-08,0.1,8.0,595.0
c-6701003268505,producto02,Vida grupo particular,F,PEN,1969-05-09,2021-04-08,2026-04-08,0.1,62.0,1500.0
c-6701003268547,producto02,Vida grupo particular,F,PEN,1944-05-03,2021-04-08,2025-04-08,0.1,2.0,1185.0
c-6701003268573,producto02,Vida grupo particular,F,PEN,1961-11-23,2021-04-08,2025-11-08,0.1,44.0,1280.0
c-6701003268574,producto02,Vida grupo particular,F,PEN,1980-08-09,2021-04-08,2027-04-08,0.1,35.0,585.0
c-6701003268648,producto02,Vida grupo particular,F,PEN,1982-12-03,2021-04-08,2025-04-08,0.1,10.0,200.0
c-6701003268748,producto02,Vida grupo particular,F,PEN,1962-08-01,2021-04-08,2025-04-08,0.1,94.0,1700.0
c-6701003268758,producto02,Vida grupo particular,F,PEN,1959-01-15,2021-04-08,2027-04-08,0.1,29.0,340.0
c-6701003268778,producto02,Vida grupo particular,F,PEN,1967-04-03,2021-04-08,2027-04-08,0.1,21.0,415.0
c-6701003268827,producto02,Vida grupo particular,F,PEN,1969-11-26,2021-04-08,2026-04-08,0.1,59.0,1145.0
c-6701003268833,producto02,Vida grupo particular,F,PEN,1970-12-16,2021-04-08,2025-04-08,0.1,178.0,2000.0
c-6701003268845,producto02,Vida grupo particular,F,PEN,1955-05-20,2021-04-08,2025-04-08,0.1,22.0,500.0
c-6701003268848,producto02,Vida grupo particular,F,PEN,1966-02-04,2021-04-08,2027-04-08,0.1,30.0,850.0
c-6701003268870,producto02,Vida grupo particular,F,PEN,1981-01-23,2021-04-08,2025-04-08,0.1,20.0,1215.0
c-6701003268897,producto02,Vida grupo particular,F,PEN,1976-09-25,2021-04-08,2025-04-08,0.1,51.0,1250.0
c-6701003268916,producto02,Vida grupo particular,F,PEN,1975-11-19,2021-04-08,2025-04-08,0.1,98.0,1800.0
c-6701003268946,producto02,Vida grupo particular,F,PEN,1955-07-22,2021-04-08,2026-04-08,0.1,27.0,604.9970000000001
c-6701003268989,producto02,Vida grupo particular,F,PEN,1976-09-23,2021-04-08,2025-04-08,0.1,88.0,1060.0
c-6701003268990,producto02,Vida grupo particular,F,PEN,1990-09-03,2021-04-08,2026-04-08,0.1,43.0,500.0
c-6701003269030,producto02,Vida grupo particular,F,PEN,1968-04-10,2021-04-08,2025-04-08,0.1,48.0,1050.0
c-6701003269038,producto02,Vida grupo particular,F,PEN,1966-12-16,2021-04-08,2027-04-08,0.1,40.0,450.0
c-6701003269068,producto02,Vida grupo particular,F,PEN,1982-05-11,2021-04-08,2025-04-08,0.1,87.0,1550.0
c-6701003269099,producto02,Vida grupo particular,F,PEN,1964-07-25,2021-04-08,2025-04-08,0.1,18.0,1485.0
c-6701003269120,producto02,Vida grupo particular,F,PEN,1965-11-27,2021-04-08,2027-04-08,0.1,67.0,1124.998
c-6701003269125,producto02,Vida grupo particular,F,PEN,1969-01-26,2021-04-09,2026-04-09,0.1,57.0,1485.0
c-6701003269126,producto02,Vida grupo particular,F,PEN,1970-04-03,2021-04-09,2027-04-09,0.1,18.0,2250.0
c-6701003269181,producto02,Vida grupo particular,F,PEN,1971-09-26,2021-04-09,2025-04-09,0.1,65.0,1700.0
c-6701003269201,producto02,Vida grupo particular,F,PEN,1941-08-02,2021-04-09,2027-04-09,0.1,166.0,2150.0
c-6701003269221,producto02,Vida grupo particular,F,PEN,1953-09-19,2021-04-09,2027-05-09,0.1,29.0,900.0
c-6701003269225,producto02,Vida grupo particular,F,PEN,1963-08-12,2021-04-09,2025-04-09,0.1,120.0,1700.0
c-6701003269234,producto02,Vida grupo particular,F,PEN,1975-02-11,2021-04-09,2025-04-09,0.1,16.0,1060.0
c-6701003269263,producto02,Vida grupo particular,F,PEN,1989-12-02,2021-04-09,2026-04-09,0.1,10.0,875.0
c-6701003269264,producto02,Vida grupo particular,F,PEN,1971-01-12,2021-04-09,2027-04-09,0.1,51.0,595.0
c-6701003269292,producto02,Vida grupo particular,F,PEN,1977-11-14,2021-04-09,2026-04-09,0.1,51.0,1000.0
c-6701003269296,producto02,Vida grupo particular,F,PEN,1956-09-24,2021-04-09,2025-04-09,0.1,109.0,1700.0
c-6701003269297,producto02,Vida grupo particular,F,PEN,1975-02-13,2021-04-09,2027-04-09,0.1,191.0,2700.0
c-6701003269311,producto02,Vida grupo particular,F,PEN,1982-09-17,2021-04-09,2026-04-09,0.1,131.0,3000.0
c-6701003269312,producto02,Vida grupo particular,F,PEN,1946-07-05,2021-04-09,2025-04-09,0.1,57.0,1800.0
c-6701003269321,producto02,Vida grupo particular,F,PEN,1972-03-15,2021-04-09,2025-04-09,0.1,16.0,1215.0
c-6701003269334,producto02,Vida grupo particular,F,PEN,1959-04-21,2021-04-09,2025-06-09,0.1,50.0,1035.0
c-6701003269361,producto02,Vida grupo particular,F,PEN,1973-05-06,2021-04-09,2027-04-09,0.1,52.0,700.0
c-6701003269405,producto02,Vida grupo particular,F,PEN,1968-10-11,2021-04-09,2025-04-09,0.1,37.0,1170.0
c-6701003269407,producto02,Vida grupo particular,F,PEN,1986-04-27,2021-04-09,2027-04-09,0.1,6.0,1400.0
c-6701003269456,producto02,Vida grupo particular,F,PEN,1969-09-15,2021-04-09,2027-04-09,0.1,119.0,1755.0
c-6701003269476,producto02,Vida grupo particular,F,PEN,1963-07-18,2021-04-09,2025-04-09,0.1,21.0,1060.0
c-6701003269499,producto02,Vida grupo particular,F,PEN,1965-12-21,2021-04-09,2027-04-09,0.1,150.0,2700.0
c-6701003269504,producto02,Vida grupo particular,F,PEN,1992-09-08,2021-04-09,2027-04-09,0.1,12.0,700.0
c-6701003269562,producto02,Vida grupo particular,F,PEN,1967-06-29,2021-04-09,2025-04-09,0.1,88.0,1190.0
c-6701003269564,producto02,Vida grupo particular,F,PEN,1976-11-06,2021-04-09,2027-04-09,0.1,39.0,630.0
c-6701003269567,producto02,Vida grupo particular,F,PEN,1975-03-10,2021-04-09,2027-04-09,0.1,34.0,1125.0
c-6701003269611,producto02,Vida grupo particular,F,PEN,1956-01-21,2021-04-09,2026-04-09,0.1,20.0,460.0
c-6701003269632,producto02,Vida grupo particular,F,PEN,1988-05-04,2021-04-09,2025-04-09,0.1,3.0,340.0
c-6701003269646,producto02,Vida grupo particular,F,PEN,1990-03-27,2021-04-09,2026-04-09,0.1,7.0,315.0
c-6701003269654,producto02,Vida grupo particular,F,PEN,1972-06-10,2021-04-09,2025-04-09,0.1,10.0,700.0
c-6701003269665,producto02,Vida grupo particular,F,PEN,1979-05-21,2021-04-09,2026-02-09,0.1,22.0,305.0
c-6701003269677,producto02,Vida grupo particular,F,PEN,1975-08-20,2021-04-09,2025-04-09,0.1,44.0,1700.0
c-6701003269691,producto02,Vida grupo particular,F,PEN,1967-07-15,2021-04-09,2026-04-09,0.1,42.0,1150.0
c-6701003269694,producto02,Vida grupo particular,F,PEN,1966-02-08,2021-04-09,2025-04-09,0.1,54.0,680.0
c-6701003269716,producto02,Vida grupo particular,F,PEN,1942-08-04,2021-04-09,2027-04-09,0.1,185.0,4000.0
c-6701003269762,producto02,Vida grupo particular,F,PEN,1992-09-23,2021-04-09,2027-04-09,0.1,57.0,1075.0
c-6701003269827,producto02,Vida grupo particular,F,PEN,1974-06-04,2021-04-09,2027-04-09,0.1,49.0,1300.0
c-6701003269840,producto02,Vida grupo particular,F,PEN,1984-02-14,2021-04-09,2027-04-09,0.1,27.0,560.0
c-6701003269850,producto02,Vida grupo particular,F,PEN,1941-04-17,2021-04-09,2027-04-09,0.1,83.0,1430.0
c-6701003269855,producto02,Vida grupo particular,F,PEN,1966-10-08,2021-04-09,2025-04-09,0.1,18.0,400.0
c-6701003269861,producto02,Vida grupo particular,F,PEN,1940-07-17,2021-04-09,2025-04-09,0.1,150.0,2000.0
c-6701003269868,producto02,Vida grupo particular,F,PEN,1970-08-24,2021-04-09,2026-04-09,0.1,17.0,790.0
c-6701003269900,producto02,Vida grupo particular,F,PEN,1987-05-14,2021-04-09,2025-04-09,0.1,42.0,595.0
c-6701003269915,producto02,Vida grupo particular,F,PEN,1949-09-09,2021-04-09,2027-04-09,0.1,25.0,785.0
c-6701003269944,producto02,Vida grupo particular,F,PEN,1956-08-28,2021-04-09,2026-04-09,0.1,86.0,2500.0
c-6701003270022,producto02,Vida grupo particular,F,PEN,1979-11-09,2021-04-09,2025-04-09,0.1,5.0,414.5
c-6701003270046,producto02,Vida grupo particular,F,PEN,1970-12-22,2021-04-09,2025-04-09,0.1,49.0,1060.0
c-6701003270055,producto02,Vida grupo particular,F,PEN,1959-03-27,2021-04-09,2026-04-09,0.1,19.0,2135.0
c-6701003270082,producto02,Vida grupo particular,F,PEN,1985-05-16,2021-04-09,2027-04-09,0.1,1.0,680.0
c-6701003270103,producto02,Vida grupo particular,F,PEN,1998-11-09,2021-04-09,2026-04-09,0.1,38.0,500.0
c-6701003270179,producto02,Vida grupo particular,F,PEN,1968-07-15,2021-04-09,2026-04-09,0.1,130.0,2210.0
c-6701003270199,producto02,Vida grupo particular,F,PEN,1971-10-08,2021-04-10,2024-10-10,0.1,167.0,2035.0
c-6701003270278,producto02,Vida grupo particular,F,PEN,1988-04-26,2021-04-10,2026-04-10,0.1,39.0,555.0
c-6701003270307,producto02,Vida grupo particular,F,PEN,1962-09-03,2021-04-10,2025-04-10,0.1,51.0,2520.0
c-6701003270309,producto02,Vida grupo particular,F,PEN,1963-10-25,2021-04-10,2025-04-10,0.1,190.0,2535.0
c-6701003270315,producto02,Vida grupo particular,F,PEN,1951-10-09,2021-04-10,2026-12-10,0.1,24.0,760.0
c-6701003270316,producto02,Vida grupo particular,F,PEN,1965-09-14,2021-04-10,2025-04-10,0.1,153.0,1800.0
c-6701003270337,producto02,Vida grupo particular,F,PEN,1970-01-10,2021-04-10,2027-04-10,0.1,94.0,1155.0
c-6701003270341,producto02,Vida grupo particular,F,PEN,1956-02-26,2021-04-10,2026-04-10,0.1,33.0,400.0
c-6701003270349,producto02,Vida grupo particular,F,PEN,1977-08-16,2021-04-10,2027-04-10,0.1,78.0,1150.0
c-6701003270397,producto02,Vida grupo particular,F,PEN,1982-08-15,2021-04-10,2026-04-10,0.1,46.0,885.0
c-6701003270419,producto02,Vida grupo particular,F,PEN,1949-11-02,2021-04-10,2025-04-10,0.1,138.0,1660.0
c-6701003270450,producto02,Vida grupo particular,F,PEN,1966-03-30,2021-04-10,2025-04-10,0.1,52.0,1035.0
c-6701003270457,producto02,Vida grupo particular,F,PEN,1968-02-06,2021-04-10,2027-04-10,0.1,60.0,1365.0
c-6701003270474,producto02,Vida grupo particular,F,PEN,1953-09-20,2021-04-10,2025-04-10,0.1,78.0,2035.0
c-6701003270502,producto02,Vida grupo particular,F,PEN,1985-01-25,2021-04-10,2025-04-10,0.1,139.0,1625.0
c-6701003270506,producto02,Vida grupo particular,F,PEN,1988-01-15,2021-04-10,2027-04-10,0.1,21.0,710.0
c-6701003270521,producto02,Vida grupo particular,F,PEN,1959-07-02,2021-04-10,2025-04-10,0.1,40.0,1215.0
c-6701003270531,producto02,Vida grupo particular,F,PEN,1969-06-18,2021-04-10,2026-12-10,0.1,6.0,640.0
c-6701003270534,producto02,Vida grupo particular,F,PEN,1961-06-01,2021-04-10,2027-04-10,0.1,139.0,2700.0
c-6701003270573,producto02,Vida grupo particular,F,PEN,1973-12-31,2021-04-10,2025-04-10,0.1,164.0,2000.0
c-6701003270598,producto02,Vida grupo particular,F,PEN,1973-10-06,2021-04-10,2027-05-10,0.1,117.0,1665.0
c-6701003270614,producto02,Vida grupo particular,F,PEN,1973-03-04,2021-04-10,2026-04-10,0.1,38.0,700.0
c-6701003270656,producto02,Vida grupo particular,F,PEN,1985-02-06,2021-04-10,2026-04-10,0.1,22.0,300.0
c-6701003270706,producto02,Vida grupo particular,F,PEN,1950-06-17,2021-04-10,2025-04-10,0.1,15.0,500.0
c-6701003270707,producto02,Vida grupo particular,F,PEN,1970-04-27,2021-04-10,2025-04-10,0.1,20.0,595.0
c-6701003270713,producto02,Vida grupo particular,F,PEN,1963-08-24,2021-04-10,2027-04-10,0.1,32.0,425.0
c-6701003270724,producto02,Vida grupo particular,F,PEN,1957-04-08,2021-04-10,2025-04-10,0.1,43.0,975.0
c-6701003270753,producto02,Vida grupo particular,F,PEN,1973-10-27,2021-04-10,2025-04-10,0.1,121.0,1350.0
c-6701003270754,producto02,Vida grupo particular,F,PEN,1950-06-08,2021-04-10,2026-04-10,0.1,83.0,1190.0
c-6701003270769,producto02,Vida grupo particular,F,PEN,1969-11-12,2021-04-10,2026-04-10,0.1,30.0,1300.0
c-6701003270849,producto02,Vida grupo particular,F,PEN,1960-05-19,2021-04-12,2026-04-12,0.1,140.0,1710.0
c-6701003270882,producto02,Vida grupo particular,F,PEN,1972-07-08,2021-04-12,2025-04-12,0.1,84.0,960.0
c-6701003270897,producto02,Vida grupo particular,F,PEN,1968-06-12,2021-04-12,2025-04-12,0.1,70.0,1660.0
c-6701003270904,producto02,Vida grupo particular,F,PEN,1969-01-28,2021-04-12,2026-04-12,0.1,23.0,1445.0
c-6701003270908,producto02,Vida grupo particular,F,PEN,1984-10-25,2021-04-12,2025-04-12,0.1,60.0,1040.0
c-6701003270914,producto02,Vida grupo particular,F,PEN,1950-10-11,2021-04-12,2026-04-12,0.1,86.0,2180.0
c-6701003270929,producto02,Vida grupo particular,F,PEN,1972-04-02,2021-04-12,2027-04-12,0.1,67.0,2720.0
c-6701003270954,producto02,Vida grupo particular,F,PEN,1964-07-23,2021-04-12,2025-04-12,0.1,24.0,300.1
c-6701003270959,producto02,Vida grupo particular,F,PEN,1966-05-11,2021-04-12,2027-04-12,0.1,4.0,570.0
c-6701003271025,producto02,Vida grupo particular,F,PEN,1964-06-01,2021-04-12,2027-04-12,0.1,56.0,975.0
c-6701003271034,producto02,Vida grupo particular,F,PEN,1995-06-24,2021-04-12,2025-04-12,0.1,88.0,1060.0
c-6701003271068,producto02,Vida grupo particular,F,PEN,1985-10-10,2021-04-12,2026-04-12,0.1,21.0,425.0
c-6701003271074,producto02,Vida grupo particular,F,PEN,1947-09-08,2021-04-12,2027-04-12,0.1,26.0,1305.0
c-6701003271112,producto02,Vida grupo particular,F,PEN,1957-08-21,2021-04-12,2027-04-12,0.1,29.0,370.0
c-6701003271150,producto02,Vida grupo particular,F,PEN,1966-12-17,2021-04-12,2027-04-12,0.1,48.0,695.0
c-6701003271154,producto02,Vida grupo particular,F,PEN,1979-08-10,2021-04-12,2027-04-12,0.1,58.0,1580.0
c-6701003271159,producto02,Vida grupo particular,F,PEN,1974-08-25,2021-04-12,2027-04-12,0.1,81.0,1215.0
c-6701003271200,producto02,Vida grupo particular,F,PEN,1952-03-25,2021-04-12,2027-04-12,0.1,96.0,1150.0
c-6701003271218,producto02,Vida grupo particular,F,PEN,1987-01-29,2021-04-12,2027-04-12,0.1,38.0,595.0
c-6701003271221,producto02,Vida grupo particular,F,PEN,1969-06-03,2021-04-12,2027-04-12,0.1,17.0,620.0
c-6701003271226,producto02,Vida grupo particular,F,PEN,1955-04-28,2021-04-12,2026-04-12,0.1,44.0,790.0
c-6701003271231,producto02,Vida grupo particular,F,PEN,1976-09-30,2021-04-12,2026-04-12,0.1,44.0,784.999
c-6701003271269,producto02,Vida grupo particular,F,PEN,1962-03-28,2021-04-12,2027-04-12,0.1,2.0,530.0
c-6701003271278,producto02,Vida grupo particular,F,PEN,1956-04-15,2021-04-12,2025-04-12,0.1,85.0,1500.0
c-6701003271305,producto02,Vida grupo particular,F,PEN,1981-11-13,2021-04-12,2025-04-12,0.1,84.0,1200.0
c-6701003271317,producto02,Vida grupo particular,F,PEN,1958-01-17,2021-04-12,2026-04-12,0.1,61.0,3200.0
c-6701003271340,producto02,Vida grupo particular,F,PEN,1990-06-17,2021-04-12,2025-04-12,0.1,79.0,1150.0
c-6701003271341,producto02,Vida grupo particular,F,PEN,1988-01-05,2021-04-12,2026-04-12,0.1,75.0,1250.0
c-6701003271359,producto02,Vida grupo particular,F,PEN,1984-02-12,2021-04-12,2026-04-12,0.1,29.0,1060.0
c-6701003271364,producto02,Vida grupo particular,F,PEN,1953-01-02,2021-04-12,2027-04-12,0.1,46.0,2800.0
c-6701003271413,producto02,Vida grupo particular,F,PEN,1970-10-30,2021-04-12,2027-04-12,0.1,180.0,2075.0
c-6701003271469,producto02,Vida grupo particular,F,PEN,1979-08-04,2021-04-12,2025-04-12,0.1,47.0,995.0
c-6701003271476,producto02,Vida grupo particular,F,PEN,1960-04-18,2021-04-12,2026-04-12,0.1,33.0,425.0
c-6701003271477,producto02,Vida grupo particular,F,PEN,1942-06-29,2021-04-12,2027-04-12,0.1,48.0,1080.0
c-6701003271487,producto02,Vida grupo particular,F,PEN,1957-06-12,2021-04-12,2025-04-12,0.1,27.0,900.1
c-6701003271534,producto02,Vida grupo particular,F,PEN,1957-03-08,2021-04-12,2027-04-12,0.1,47.0,1700.0
c-6701003271560,producto02,Vida grupo particular,F,PEN,1965-06-02,2021-04-12,2025-04-12,0.1,136.0,2880.0
c-6701003271572,producto02,Vida grupo particular,F,PEN,1962-01-16,2021-04-12,2027-04-12,0.1,13.0,680.0
c-6701003271605,producto02,Vida grupo particular,F,PEN,1985-11-01,2021-04-12,2025-04-12,0.1,42.0,580.0
c-6701003271620,producto02,Vida grupo particular,F,PEN,1943-10-07,2021-04-12,2027-04-12,0.1,176.0,2000.0
c-6701003271728,producto02,Vida grupo particular,F,PEN,1959-01-07,2021-04-12,2025-04-12,0.1,43.0,1000.0
c-6701003271759,producto02,Vida grupo particular,F,PEN,1973-05-10,2021-04-12,2025-04-12,0.1,11.0,400.0
c-6701003271780,producto02,Vida grupo particular,F,PEN,1979-06-24,2021-04-12,2027-04-12,0.1,84.0,1215.0
c-6701003271880,producto02,Vida grupo particular,F,PEN,1976-04-27,2021-04-12,2026-04-12,0.1,8.0,1045.0
c-6701003271883,producto02,Vida grupo particular,F,PEN,1985-01-15,2021-04-12,2025-04-12,0.1,1.0,400.0
c-6701003271896,producto02,Vida grupo particular,F,PEN,1979-05-03,2021-04-12,2025-04-12,0.1,108.0,1315.0
c-6701003271904,producto02,Vida grupo particular,F,PEN,1957-10-25,2021-04-12,2025-04-12,0.1,81.0,1020.0
c-6701003271927,producto02,Vida grupo particular,F,PEN,1960-04-23,2021-04-13,2027-04-13,0.1,16.0,600.0
c-6701003271943,producto02,Vida grupo particular,F,PEN,1945-01-23,2021-04-13,2027-04-13,0.1,87.0,2400.0
c-6701003271984,producto02,Vida grupo particular,F,PEN,1955-07-18,2021-04-13,2026-04-13,0.1,124.0,2800.0
c-6701003272015,producto02,Vida grupo particular,F,PEN,1946-08-09,2021-04-13,2025-04-13,0.1,69.0,1150.0
c-6701003272029,producto02,Vida grupo particular,F,PEN,1946-01-31,2021-04-13,2027-04-13,0.1,33.0,825.0
c-6701003272057,producto02,Vida grupo particular,F,PEN,1976-10-18,2021-04-13,2027-04-13,0.1,60.0,800.0
c-6701003272062,producto02,Vida grupo particular,F,PEN,1953-03-31,2021-04-13,2026-04-13,0.1,132.0,2085.0
c-6701003272075,producto02,Vida grupo particular,F,PEN,1967-09-21,2021-04-13,2027-04-13,0.1,150.0,2000.0
c-6701003272099,producto02,Vida grupo particular,F,PEN,1955-04-13,2021-04-13,2027-04-13,0.1,62.0,1215.0
c-6701003272107,producto02,Vida grupo particular,F,PEN,1945-06-26,2021-04-13,2025-04-13,0.1,119.0,1500.0
c-6701003272110,producto02,Vida grupo particular,F,PEN,1958-10-23,2021-04-13,2025-04-13,0.1,60.0,1715.0
c-6701003272164,producto02,Vida grupo particular,F,PEN,1984-05-09,2021-04-13,2025-04-13,0.1,35.0,720.0
c-6701003272188,producto02,Vida grupo particular,F,PEN,1971-09-12,2021-04-13,2027-04-13,0.1,44.0,860.0
c-6701003272194,producto02,Vida grupo particular,F,PEN,1961-03-11,2021-04-13,2024-12-13,0.1,18.0,595.0
c-6701003272215,producto02,Vida grupo particular,F,PEN,1958-06-22,2021-04-13,2026-04-13,0.1,18.0,1000.0
c-6701003272239,producto02,Vida grupo particular,F,PEN,1965-07-26,2021-04-13,2025-04-13,0.1,10.0,425.0
c-6701003272251,producto02,Vida grupo particular,F,PEN,1961-06-06,2021-04-13,2027-04-13,0.1,252.0,2880.0
c-6701003272263,producto02,Vida grupo particular,F,PEN,1950-09-13,2021-04-13,2027-04-13,0.1,98.0,1100.0
c-6701003272300,producto02,Vida grupo particular,F,PEN,1954-01-09,2021-04-13,2027-04-13,0.1,99.0,1650.0
c-6701003272303,producto02,Vida grupo particular,F,PEN,1951-11-16,2021-04-13,2027-04-13,0.1,22.0,595.0
c-6701003272328,producto02,Vida grupo particular,F,PEN,1969-05-02,2021-04-13,2025-04-13,0.1,81.0,1035.0
c-6701003272362,producto02,Vida grupo particular,F,PEN,1986-05-12,2021-04-13,2025-04-13,0.1,10.0,2880.0
c-6701003272370,producto02,Vida grupo particular,F,PEN,1960-12-07,2021-04-13,2026-04-13,0.1,5.0,365.0
c-6701003272408,producto02,Vida grupo particular,F,PEN,1981-02-26,2021-04-13,2027-04-13,0.1,41.0,560.0
c-6701003272425,producto02,Vida grupo particular,F,PEN,1971-11-01,2021-04-13,2026-04-13,0.1,107.0,1755.0
c-6701003272469,producto02,Vida grupo particular,F,PEN,1969-11-23,2021-04-13,2025-04-13,0.1,49.0,680.0
c-6701003272477,producto02,Vida grupo particular,F,PEN,1975-09-05,2021-04-13,2025-04-13,0.1,34.0,595.0
c-6701003272501,producto02,Vida grupo particular,F,PEN,1962-03-17,2021-04-13,2026-04-13,0.1,101.0,1250.0
c-6701003272585,producto02,Vida grupo particular,F,PEN,1963-06-16,2021-04-13,2025-04-13,0.1,36.0,590.0
c-6701003272586,producto02,Vida grupo particular,F,PEN,1984-08-23,2021-04-13,2025-04-13,0.1,82.0,1060.0
c-6701003272596,producto02,Vida grupo particular,F,PEN,1966-01-26,2021-04-13,2027-04-13,0.1,7.0,2550.0
c-6701003272613,producto02,Vida grupo particular,F,PEN,1950-02-16,2021-04-13,2025-04-13,0.1,4.0,1378.5
c-6701003272634,producto02,Vida grupo particular,F,PEN,1948-11-03,2021-04-13,2025-04-13,0.1,36.0,1275.0
c-6701003272641,producto02,Vida grupo particular,F,PEN,1981-07-31,2021-04-13,2026-04-13,0.1,25.0,875.0
c-6701003272668,producto02,Vida grupo particular,F,PEN,1998-06-26,2021-04-13,2025-04-13,0.1,27.0,300.0
c-6701003272672,producto02,Vida grupo particular,F,PEN,1979-11-03,2021-04-13,2026-03-13,0.1,22.0,655.0
c-6701003272695,producto02,Vida grupo particular,F,PEN,1990-12-22,2021-04-13,2025-04-13,0.1,28.0,1150.0
c-6701003272798,producto02,Vida grupo particular,F,PEN,1968-01-16,2021-04-14,2026-04-14,0.1,22.0,310.0
c-6701003272840,producto02,Vida grupo particular,F,PEN,1966-03-14,2021-04-14,2027-04-14,0.1,26.0,445.0
c-6701003272860,producto02,Vida grupo particular,F,PEN,1960-05-14,2021-04-14,2027-04-14,0.1,38.0,720.0
c-6701003272866,producto02,Vida grupo particular,F,PEN,1954-11-18,2021-04-14,2027-02-14,0.1,2.0,240.0
c-6701003272878,producto02,Vida grupo particular,F,PEN,1979-04-19,2021-04-14,2026-04-14,0.1,5.0,560.0
c-6701003272892,producto02,Vida grupo particular,F,PEN,1944-10-30,2021-04-14,2027-04-14,0.1,90.0,1000.0
c-6701003272914,producto02,Vida grupo particular,F,PEN,1946-03-08,2021-04-14,2027-04-14,0.1,39.0,1000.0
c-6701003272960,producto02,Vida grupo particular,F,PEN,1985-09-03,2021-04-14,2025-04-14,0.1,108.0,1250.0
c-6701003272967,producto02,Vida grupo particular,F,PEN,1993-10-31,2021-04-14,2026-04-14,0.1,10.0,500.0
c-6701003272980,producto02,Vida grupo particular,F,PEN,1960-04-21,2021-04-14,2025-04-14,0.1,97.0,1635.0
c-6701003272996,producto02,Vida grupo particular,F,PEN,1982-08-30,2021-04-14,2025-04-14,0.1,40.0,1050.0
c-6701003273007,producto02,Vida grupo particular,F,PEN,1955-08-10,2021-04-14,2025-04-14,0.1,58.0,1350.0
c-6701003273012,producto02,Vida grupo particular,F,PEN,1987-07-31,2021-04-14,2026-04-14,0.1,11.0,150.0
c-6701003273033,producto02,Vida grupo particular,F,PEN,1952-05-16,2021-04-14,2025-04-14,0.1,56.0,1165.0
c-6701003273043,producto02,Vida grupo particular,F,PEN,1993-02-07,2021-04-14,2027-04-14,0.1,35.0,1060.0
c-6701003273053,producto02,Vida grupo particular,F,PEN,1970-05-02,2021-04-14,2027-04-14,0.1,6.0,245.0
c-6701003273093,producto02,Vida grupo particular,F,PEN,1963-07-08,2021-04-14,2025-04-14,0.1,29.0,1350.0
c-6701003273126,producto02,Vida grupo particular,F,PEN,1954-05-08,2021-04-14,2027-04-14,0.1,23.0,415.0
c-6701003273132,producto02,Vida grupo particular,F,PEN,1980-12-01,2021-04-14,2027-04-14,0.1,11.0,1035.0
c-6701003273166,producto02,Vida grupo particular,F,PEN,1951-09-01,2021-04-14,2027-04-14,0.1,58.0,1350.0
c-6701003273168,producto02,Vida grupo particular,F,PEN,1987-12-04,2021-04-14,2025-04-14,0.1,7.0,700.0
c-6701003273178,producto02,Vida grupo particular,F,PEN,1970-02-16,2021-04-14,2025-04-14,0.1,141.0,3640.0
c-6701003273320,producto02,Vida grupo particular,F,PEN,1941-08-11,2021-04-14,2027-04-14,0.1,155.0,3035.0
c-6701003273322,producto02,Vida grupo particular,F,PEN,1989-03-04,2021-04-14,2026-04-14,0.1,39.0,560.0
c-6701003273398,producto02,Vida grupo particular,F,PEN,1978-07-22,2021-04-14,2027-04-14,0.1,95.0,1395.0
c-6701003273401,producto02,Vida grupo particular,F,PEN,1969-06-15,2021-04-14,2025-04-14,0.1,47.0,1250.0
c-6701003273415,producto02,Vida grupo particular,F,PEN,1977-07-31,2021-04-14,2025-04-14,0.1,14.0,975.0
c-6701003273463,producto02,Vida grupo particular,F,PEN,1974-10-13,2021-04-14,2025-04-14,0.1,39.0,1385.0
c-6701003273471,producto02,Vida grupo particular,F,PEN,1971-03-30,2021-04-14,2026-04-14,0.1,64.0,765.0
c-6701003273473,producto02,Vida grupo particular,F,PEN,1970-10-18,2021-04-14,2025-04-14,0.1,35.0,1415.0
c-6701003273485,producto02,Vida grupo particular,F,PEN,1973-09-23,2021-04-14,2025-04-14,0.1,66.0,735.0
c-6701003273508,producto02,Vida grupo particular,F,PEN,1967-02-26,2021-04-14,2027-04-14,0.1,14.0,2565.0
c-6701003273535,producto02,Vida grupo particular,F,PEN,1963-12-30,2021-04-14,2025-04-14,0.1,53.0,975.0
c-6701003273541,producto02,Vida grupo particular,F,PEN,1967-11-07,2021-04-14,2025-06-14,0.1,45.0,800.0
c-6701003273563,producto02,Vida grupo particular,F,PEN,1969-05-04,2021-04-15,2025-04-15,0.1,56.0,700.0
c-6701003273570,producto02,Vida grupo particular,F,PEN,1975-11-08,2021-04-15,2025-04-15,0.1,13.0,560.0
c-6701003273585,producto02,Vida grupo particular,F,PEN,1940-10-28,2021-04-15,2025-04-15,0.1,267.0,3200.0
c-6701003273586,producto02,Vida grupo particular,F,PEN,1970-04-10,2021-04-15,2025-04-15,0.1,123.0,1755.0
c-6701003273647,producto02,Vida grupo particular,F,PEN,1965-06-16,2021-04-15,2027-04-15,0.1,7.0,415.0
c-6701003273712,producto02,Vida grupo particular,F,PEN,1941-12-13,2021-04-15,2026-04-15,0.1,96.0,2000.0
c-6701003273741,producto02,Vida grupo particular,F,PEN,1949-09-19,2021-04-15,2026-04-15,0.1,3.0,700.0
c-6701003273769,producto02,Vida grupo particular,F,PEN,1951-05-13,2021-04-15,2025-04-15,0.1,45.0,505.0
c-6701003273830,producto02,Vida grupo particular,F,PEN,1950-04-16,2021-04-15,2025-04-15,0.1,5.0,860.0
c-6701003273837,producto02,Vida grupo particular,F,PEN,1959-09-08,2021-04-15,2026-04-15,0.1,14.0,935.0
c-6701003273841,producto02,Vida grupo particular,F,PEN,1954-03-04,2021-04-15,2025-04-15,0.1,20.0,2900.0
c-6701003273844,producto02,Vida grupo particular,F,PEN,1972-03-28,2021-04-15,2027-04-15,0.1,106.0,2800.0
c-6701003273853,producto02,Vida grupo particular,F,PEN,1943-08-24,2021-04-15,2025-04-15,0.1,152.0,2880.0
c-6701003273877,producto02,Vida grupo particular,F,PEN,1948-08-14,2021-04-15,2025-04-15,0.1,61.0,1000.0
c-6701003273904,producto02,Vida grupo particular,F,PEN,1975-03-02,2021-04-15,2026-04-15,0.1,162.0,2550.0
c-6701003273923,producto02,Vida grupo particular,F,PEN,1993-08-11,2021-04-15,2026-04-15,0.1,4.0,645.0
c-6701003273927,producto02,Vida grupo particular,F,PEN,1978-11-06,2021-04-15,2025-04-15,0.1,78.0,1050.0
c-6701003273934,producto02,Vida grupo particular,F,PEN,1956-01-13,2021-04-15,2025-04-15,0.1,48.0,1480.0
c-6701003273968,producto02,Vida grupo particular,F,PEN,1970-12-06,2021-04-15,2025-04-15,0.1,64.0,770.0
c-6701003273978,producto02,Vida grupo particular,F,PEN,1971-01-01,2021-04-15,2025-04-15,0.1,62.0,1060.0
c-6701003274037,producto02,Vida grupo particular,F,PEN,1974-05-16,2021-04-15,2025-05-15,0.1,39.0,1190.0
c-6701003274040,producto02,Vida grupo particular,F,PEN,1946-05-20,2021-04-15,2025-04-15,0.1,119.0,2390.0
c-6701003274142,producto02,Vida grupo particular,F,PEN,1949-04-07,2021-04-15,2025-04-15,0.1,168.0,2600.0
c-6701003274176,producto02,Vida grupo particular,F,PEN,1968-12-23,2021-04-15,2027-04-15,0.1,25.0,2800.0
c-6701003274207,producto02,Vida grupo particular,F,PEN,1952-12-02,2021-04-15,2025-04-15,0.1,85.0,1250.0
c-6701003274210,producto02,Vida grupo particular,F,PEN,1973-07-03,2021-04-15,2026-04-15,0.1,23.0,1755.0
c-6701003274221,producto02,Vida grupo particular,F,PEN,1969-12-22,2021-04-15,2025-05-15,0.1,8.0,1700.0
c-6701003274258,producto02,Vida grupo particular,F,PEN,1985-05-24,2021-04-15,2025-04-15,0.1,13.0,920.0
c-6701003274265,producto02,Vida grupo particular,F,PEN,1988-06-17,2021-04-15,2025-04-15,0.1,36.0,700.0
c-6701003274266,producto02,Vida grupo particular,F,PEN,1971-05-11,2021-04-15,2027-04-15,0.1,16.0,1050.0
c-6701003274268,producto02,Vida grupo particular,F,PEN,1982-03-12,2021-04-15,2027-04-15,0.1,1.0,1780.0
c-6701003274269,producto02,Vida grupo particular,F,PEN,1990-03-25,2021-04-15,2025-04-15,0.1,3.0,560.0
c-6701003274281,producto02,Vida grupo particular,F,PEN,1987-08-20,2021-04-15,2027-04-15,0.1,40.0,550.0
c-6701003274324,producto02,Vida grupo particular,F,PEN,1959-11-28,2021-04-16,2025-04-16,0.1,34.0,1400.0
c-6701003274343,producto02,Vida grupo particular,F,PEN,1959-10-24,2021-04-16,2027-04-16,0.1,21.0,600.0
c-6701003274415,producto02,Vida grupo particular,F,PEN,1944-05-31,2021-04-16,2025-04-16,0.1,37.0,700.0
c-6701003274424,producto02,Vida grupo particular,F,PEN,1955-09-18,2021-04-16,2027-04-16,0.1,7.0,485.0
c-6701003274481,producto02,Vida grupo particular,F,PEN,1962-01-25,2021-04-16,2025-04-16,0.1,65.0,1050.0
c-6701003274511,producto02,Vida grupo particular,F,PEN,1968-08-18,2021-04-16,2025-04-16,0.1,81.0,2510.0
c-6701003274552,producto02,Vida grupo particular,F,PEN,1951-01-27,2021-04-16,2027-04-16,0.1,155.0,2450.0
c-6701003274556,producto02,Vida grupo particular,F,PEN,1982-07-04,2021-04-16,2026-04-16,0.1,40.0,890.0
c-6701003274626,producto02,Vida grupo particular,F,PEN,1947-02-09,2021-04-16,2027-04-16,0.1,179.0,2000.0
c-6701003274724,producto02,Vida grupo particular,F,PEN,1954-08-19,2021-04-16,2027-04-16,0.1,90.0,2155.0
c-6701003274735,producto02,Vida grupo particular,F,PEN,1993-05-01,2021-04-16,2026-04-16,0.1,6.0,400.0
c-6701003274786,producto02,Vida grupo particular,F,PEN,1968-03-14,2021-04-16,2027-04-16,0.1,4.0,845.0
c-6701003274803,producto02,Vida grupo particular,F,PEN,1970-07-14,2021-04-16,2027-04-16,0.1,22.0,345.0
c-6701003274812,producto02,Vida grupo particular,F,PEN,1958-10-26,2021-04-16,2027-04-16,0.1,64.0,1925.0
c-6701003274822,producto02,Vida grupo particular,F,PEN,1978-02-15,2021-04-16,2027-04-16,0.1,29.0,405.0
c-6701003274833,producto02,Vida grupo particular,F,PEN,1986-01-30,2021-04-16,2027-04-16,0.1,37.0,975.0
c-6701003274840,producto02,Vida grupo particular,F,PEN,1972-06-19,2021-04-16,2025-04-16,0.1,107.0,1190.0
c-6701003274859,producto02,Vida grupo particular,F,PEN,1977-10-08,2021-04-16,2025-04-16,0.1,21.0,765.0
c-6701003274873,producto02,Vida grupo particular,F,PEN,1995-12-20,2021-04-16,2025-04-16,0.1,56.0,1250.0
c-6701003274878,producto02,Vida grupo particular,F,PEN,1943-07-14,2021-04-16,2026-04-16,0.1,78.0,1250.0
c-6701003274894,producto02,Vida grupo particular,F,PEN,1971-09-14,2021-04-16,2027-04-16,0.1,75.0,1260.0
c-6701003274912,producto02,Vida grupo particular,F,PEN,1997-10-20,2021-04-16,2025-04-16,0.1,47.0,560.0
c-6701003274941,producto02,Vida grupo particular,F,PEN,1962-10-12,2021-04-16,2024-11-16,0.1,55.0,900.0
c-6701003274960,producto02,Vida grupo particular,F,PEN,1976-12-31,2021-04-16,2026-04-16,0.1,28.0,910.0
c-6701003274992,producto02,Vida grupo particular,F,PEN,1965-10-28,2021-04-16,2026-04-16,0.1,97.0,1835.0
c-6701003275017,producto02,Vida grupo particular,F,PEN,1960-10-06,2021-04-17,2026-04-17,0.1,48.0,3200.0
c-6701003275041,producto02,Vida grupo particular,F,PEN,1975-12-01,2021-04-17,2025-04-17,0.1,56.0,1190.0
c-6701003275058,producto02,Vida grupo particular,F,PEN,1956-10-15,2021-04-17,2027-04-17,0.1,35.0,1230.0
c-6701003275126,producto02,Vida grupo particular,F,PEN,1974-12-24,2021-04-17,2027-04-17,0.1,53.0,595.0
c-6701003275130,producto02,Vida grupo particular,F,PEN,1974-05-17,2021-04-17,2025-04-17,0.1,21.0,3200.0
c-6701003275144,producto02,Vida grupo particular,F,PEN,1964-11-06,2021-04-17,2026-04-17,0.1,38.0,2150.0
c-6701003275172,producto02,Vida grupo particular,F,PEN,1960-10-28,2021-04-17,2025-04-17,0.1,24.0,700.0
c-6701003275178,producto02,Vida grupo particular,F,PEN,1956-06-09,2021-04-17,2025-04-17,0.1,25.0,2035.0
c-6701003275196,producto02,Vida grupo particular,F,PEN,1961-10-29,2021-04-17,2025-04-17,0.1,10.0,150.0
c-6701003275217,producto02,Vida grupo particular,F,PEN,1964-09-11,2021-04-17,2026-04-17,0.1,42.0,560.0
c-6701003275220,producto02,Vida grupo particular,F,PEN,1968-09-30,2021-04-17,2025-04-17,0.1,122.0,2000.0
c-6701003275243,producto02,Vida grupo particular,F,PEN,1959-04-08,2021-04-17,2025-04-17,0.1,35.0,760.0
c-6701003275261,producto02,Vida grupo particular,F,PEN,1988-12-05,2021-04-17,2026-04-17,0.1,20.0,400.0
c-6701003275269,producto02,Vida grupo particular,F,PEN,1961-10-15,2021-04-17,2025-04-17,0.1,66.0,975.0
c-6701003275330,producto02,Vida grupo particular,F,PEN,1968-07-03,2021-04-17,2025-04-17,0.1,104.0,1700.0
c-6701003275340,producto02,Vida grupo particular,F,PEN,1972-12-21,2021-04-17,2026-04-17,0.1,57.0,3135.0
c-6701003275376,producto02,Vida grupo particular,F,PEN,1968-04-18,2021-04-17,2027-04-17,0.1,44.0,515.0
c-6701003275411,producto02,Vida grupo particular,F,PEN,1966-12-01,2021-04-17,2027-04-17,0.1,26.0,1190.0
c-6701003275415,producto02,Vida grupo particular,F,PEN,1981-09-28,2021-04-17,2027-04-17,0.1,73.0,1250.0
c-6701003275457,producto02,Vida grupo particular,F,PEN,1966-05-09,2021-04-19,2026-04-19,0.1,180.0,2150.0
c-6701003275463,producto02,Vida grupo particular,F,PEN,1974-03-24,2021-04-19,2026-04-19,0.1,91.0,1500.1
c-6701003275499,producto02,Vida grupo particular,F,PEN,1959-08-28,2021-04-19,2026-04-19,0.1,51.0,1215.0
c-6701003275508,producto02,Vida grupo particular,F,PEN,1970-06-14,2021-04-19,2026-04-19,0.1,45.0,900.0
c-6701003275523,producto02,Vida grupo particular,F,PEN,1944-08-10,2021-04-19,2027-04-19,0.1,76.0,1150.0
c-6701003275574,producto02,Vida grupo particular,F,PEN,1970-12-19,2021-04-19,2025-04-19,0.1,63.0,2300.0
c-6701003275626,producto02,Vida grupo particular,F,PEN,1972-02-16,2021-04-19,2027-04-19,0.1,14.0,305.0
c-6701003275642,producto02,Vida grupo particular,F,PEN,1970-05-23,2021-04-19,2026-04-19,0.1,36.0,1235.0
c-6701003275656,producto02,Vida grupo particular,F,PEN,1986-03-27,2021-04-19,2027-04-19,0.1,11.0,450.0
c-6701003275661,producto02,Vida grupo particular,F,PEN,1977-05-04,2021-04-19,2025-04-19,0.1,35.0,560.0
c-6701003275662,producto02,Vida grupo particular,F,PEN,1984-11-16,2021-04-19,2025-04-19,0.1,62.0,1050.0
c-6701003275727,producto02,Vida grupo particular,F,PEN,1983-12-17,2021-04-19,2027-04-19,0.1,74.0,890.0
c-6701003275781,producto02,Vida grupo particular,F,PEN,1947-04-11,2021-04-19,2027-04-19,0.1,9.0,2800.0
c-6701003275782,producto02,Vida grupo particular,F,PEN,1962-10-18,2021-04-19,2027-04-19,0.1,105.0,1350.0
c-6701003275794,producto02,Vida grupo particular,F,PEN,1978-03-15,2021-04-19,2027-04-19,0.1,2.0,480.0
c-6701003275802,producto02,Vida grupo particular,F,PEN,1972-07-13,2021-04-19,2026-04-19,0.1,42.0,570.0
c-6701003275920,producto02,Vida grupo particular,F,PEN,1963-06-23,2021-04-19,2025-04-19,0.1,40.0,1485.0
c-6701003275929,producto02,Vida grupo particular,F,PEN,1962-07-11,2021-04-19,2027-04-19,0.1,25.0,580.0
c-6701003275937,producto02,Vida grupo particular,F,PEN,1986-05-06,2021-04-19,2026-04-19,0.1,23.0,415.0
c-6701003275960,producto02,Vida grupo particular,F,PEN,1984-04-21,2021-04-19,2025-04-19,0.1,68.0,850.0
c-6701003275962,producto02,Vida grupo particular,F,PEN,1976-05-30,2021-04-19,2027-04-19,0.1,19.0,425.0
c-6701003275978,producto02,Vida grupo particular,F,PEN,1984-06-07,2021-04-19,2027-04-19,0.1,65.0,890.0
c-6701003275982,producto02,Vida grupo particular,F,PEN,1969-12-20,2021-04-19,2027-04-19,0.1,30.0,560.0
c-6701003276018,producto02,Vida grupo particular,F,PEN,1955-06-12,2021-04-19,2025-04-19,0.1,141.0,3200.0
c-6701003276028,producto02,Vida grupo particular,F,PEN,1980-03-28,2021-04-19,2027-04-19,0.1,48.0,1145.0
c-6701003276046,producto02,Vida grupo particular,F,PEN,1948-11-16,2021-04-19,2027-04-19,0.1,34.0,420.0
c-6701003276084,producto02,Vida grupo particular,F,PEN,1948-05-25,2021-04-20,2026-05-20,0.1,8.0,1035.0
c-6701003276100,producto02,Vida grupo particular,F,PEN,1964-07-14,2021-04-20,2027-04-20,0.1,90.0,1610.0
c-6701003276116,producto02,Vida grupo particular,F,PEN,1957-07-15,2021-04-20,2025-04-20,0.1,75.0,1350.0
c-6701003276132,producto02,Vida grupo particular,F,PEN,1985-05-24,2021-04-20,2027-04-20,0.1,21.0,645.0
c-6701003276178,producto02,Vida grupo particular,F,PEN,1941-11-06,2021-04-20,2025-04-20,0.1,38.0,500.0
c-6701003276212,producto02,Vida grupo particular,F,PEN,1940-11-27,2021-04-20,2027-04-20,0.1,7.0,2000.0
c-6701003276259,producto02,Vida grupo particular,F,PEN,1965-01-16,2021-04-20,2027-04-20,0.1,7.0,1200.0
c-6701003276293,producto02,Vida grupo particular,F,PEN,1974-07-07,2021-04-20,2027-04-20,0.1,10.0,1800.0
c-6701003276317,producto02,Vida grupo particular,F,PEN,1983-12-24,2021-04-20,2026-04-20,0.1,32.0,425.0
c-6701003276334,producto02,Vida grupo particular,F,PEN,1945-05-24,2021-04-20,2025-04-20,0.1,83.0,1640.0
c-6701003276343,producto02,Vida grupo particular,F,PEN,1958-03-17,2021-04-20,2025-04-20,0.1,38.0,670.0
c-6701003276365,producto02,Vida grupo particular,F,PEN,1946-05-24,2021-04-20,2027-04-20,0.1,27.0,1100.0
c-6701003276386,producto02,Vida grupo particular,F,PEN,1975-03-01,2021-04-20,2026-04-20,0.1,1.0,1155.0
c-6701003276410,producto02,Vida grupo particular,F,PEN,1950-09-25,2021-04-20,2026-04-20,0.1,4.0,700.0
c-6701003276435,producto02,Vida grupo particular,F,PEN,1967-11-27,2021-04-20,2027-04-20,0.1,35.0,420.0
c-6701003276470,producto02,Vida grupo particular,F,PEN,1963-05-04,2021-04-20,2025-04-20,0.1,88.0,1980.0
c-6701003276483,producto02,Vida grupo particular,F,PEN,1942-06-28,2021-04-20,2027-04-20,0.1,194.0,2170.0
c-6701003276484,producto02,Vida grupo particular,F,PEN,1965-04-28,2021-04-20,2027-04-20,0.1,10.0,435.0
c-6701003276485,producto02,Vida grupo particular,F,PEN,1961-03-05,2021-04-20,2027-04-20,0.1,91.0,1215.0
c-6701003276507,producto02,Vida grupo particular,F,PEN,1951-12-24,2021-04-20,2027-04-20,0.1,206.0,2335.0
c-6701003276555,producto02,Vida grupo particular,F,PEN,1970-03-09,2021-04-21,2027-04-21,0.1,36.0,1195.0
c-6701003276623,producto02,Vida grupo particular,F,PEN,1961-08-17,2021-04-21,2025-04-21,0.1,137.0,2000.0
c-6701003276637,producto02,Vida grupo particular,F,PEN,1950-11-13,2021-04-21,2027-04-21,0.1,59.0,820.0
c-6701003276661,producto02,Vida grupo particular,F,PEN,1971-11-24,2021-04-21,2027-04-21,0.1,131.0,1935.0
c-6701003276699,producto02,Vida grupo particular,F,PEN,1973-07-10,2021-04-21,2025-04-21,0.1,80.0,1350.0
c-6701003276700,producto02,Vida grupo particular,F,PEN,1976-09-04,2021-04-21,2025-04-21,0.1,10.0,900.0
c-6701003276735,producto02,Vida grupo particular,F,PEN,1993-06-10,2021-04-21,2025-04-21,0.1,41.0,585.0
c-6701003276736,producto02,Vida grupo particular,F,PEN,1949-09-05,2021-04-21,2027-04-21,0.1,57.0,2880.0
c-6701003276772,producto02,Vida grupo particular,F,PEN,1966-04-26,2021-04-21,2025-05-21,0.1,97.0,1600.0
c-6701003276800,producto02,Vida grupo particular,F,PEN,1946-05-08,2021-04-21,2027-04-21,0.1,86.0,2420.0
c-6701003276857,producto02,Vida grupo particular,F,PEN,1959-06-13,2021-04-21,2026-04-21,0.1,188.0,2880.0
c-6701003276865,producto02,Vida grupo particular,F,PEN,1953-09-02,2021-04-21,2027-04-21,0.1,8.0,1345.0
c-6701003276895,producto02,Vida grupo particular,F,PEN,1971-01-01,2021-04-21,2026-04-21,0.1,38.0,2000.0
c-6701003276899,producto02,Vida grupo particular,F,PEN,1961-02-26,2021-04-21,2027-04-21,0.1,162.0,2500.0
c-6701003277071,producto02,Vida grupo particular,F,PEN,1967-07-10,2021-04-22,2027-04-22,0.1,141.0,1795.0
c-6701003277120,producto02,Vida grupo particular,F,PEN,1942-04-01,2021-04-22,2026-04-22,0.1,2.0,2000.0
c-6701003277132,producto02,Vida grupo particular,F,PEN,1958-12-17,2021-04-22,2025-04-22,0.1,4.0,1145.0
c-6701003277171,producto02,Vida grupo particular,F,PEN,1980-01-05,2021-04-22,2026-04-22,0.1,90.0,1170.0
c-6701003277172,producto02,Vida grupo particular,F,PEN,1954-02-17,2021-04-22,2027-04-22,0.1,20.0,470.0
c-6701003277217,producto02,Vida grupo particular,F,PEN,1959-03-30,2021-04-22,2027-04-22,0.1,232.0,3460.0
c-6701003277254,producto02,Vida grupo particular,F,PEN,1970-04-07,2021-04-22,2027-04-22,0.1,9.0,375.0
c-6701003277265,producto02,Vida grupo particular,F,PEN,1986-03-28,2021-04-22,2025-04-22,0.1,49.0,1250.0
c-6701003277269,producto02,Vida grupo particular,F,PEN,1981-07-29,2021-04-22,2025-04-22,0.1,63.0,1400.0
c-6701003277280,producto02,Vida grupo particular,F,PEN,1959-03-17,2021-04-22,2027-04-22,0.1,44.0,530.0
c-6701003277287,producto02,Vida grupo particular,F,PEN,1941-10-14,2021-04-22,2026-04-22,0.1,2.0,1050.0
c-6701003277297,producto02,Vida grupo particular,F,PEN,1962-07-20,2021-04-22,2027-04-22,0.1,95.0,1563.8000000000002
c-6701003277299,producto02,Vida grupo particular,F,PEN,1948-01-23,2021-04-22,2025-04-22,0.1,146.0,1890.0
c-6701003277305,producto02,Vida grupo particular,F,PEN,1985-08-17,2021-04-22,2027-04-22,0.1,27.0,1050.0
c-6701003277357,producto02,Vida grupo particular,F,PEN,1953-04-14,2021-04-22,2026-03-22,0.1,25.0,525.0
c-6701003277388,producto02,Vida grupo particular,F,PEN,1963-05-13,2021-04-22,2026-04-22,0.1,26.0,450.0
c-6701003277399,producto02,Vida grupo particular,F,PEN,1954-07-28,2021-04-22,2025-04-22,0.1,231.0,2600.0
c-6701003277419,producto02,Vida grupo particular,F,PEN,1969-09-02,2021-04-22,2025-10-22,0.1,27.0,1755.0
c-6701003277480,producto02,Vida grupo particular,F,PEN,1986-01-07,2021-04-22,2026-04-22,0.1,5.0,315.0
c-6701003277486,producto02,Vida grupo particular,F,PEN,1979-08-17,2021-04-22,2026-04-22,0.1,14.0,765.0
c-6701003277512,producto02,Vida grupo particular,F,PEN,1986-01-26,2021-04-22,2026-04-22,0.1,14.0,1050.0
c-6701003277515,producto02,Vida grupo particular,F,PEN,1984-12-06,2021-04-22,2027-04-22,0.1,7.0,890.0
c-6701003277531,producto02,Vida grupo particular,F,PEN,1948-10-10,2021-04-22,2027-04-22,0.1,41.0,2780.0
c-6701003277547,producto02,Vida grupo particular,F,PEN,1972-11-11,2021-04-22,2025-04-22,0.1,3.0,850.0
c-6701003277556,producto02,Vida grupo particular,F,PEN,1947-10-25,2021-04-22,2025-04-22,0.1,105.0,2025.0
c-6701003277580,producto02,Vida grupo particular,F,PEN,1959-05-05,2021-04-22,2027-04-22,0.1,185.0,3000.0
c-6701003277601,producto02,Vida grupo particular,F,PEN,1975-03-10,2021-04-23,2026-04-23,0.1,23.0,1175.0
c-6701003277604,producto02,Vida grupo particular,F,PEN,1952-04-09,2021-04-23,2025-04-23,0.1,108.0,1800.0
c-6701003277605,producto02,Vida grupo particular,F,PEN,1966-01-25,2021-04-23,2027-04-23,0.1,11.0,720.0
c-6701003277626,producto02,Vida grupo particular,F,PEN,1940-09-20,2021-04-23,2027-04-23,0.1,2.0,920.0
c-6701003277646,producto02,Vida grupo particular,F,PEN,1974-10-11,2021-04-23,2027-04-23,0.1,17.0,465.0
c-6701003277670,producto02,Vida grupo particular,F,PEN,1951-06-05,2021-04-23,2025-04-23,0.1,33.0,1900.0
c-6701003277672,producto02,Vida grupo particular,F,PEN,1942-11-11,2021-04-23,2027-04-23,0.1,83.0,1200.0
c-6701003277685,producto02,Vida grupo particular,F,PEN,1962-06-18,2021-04-23,2027-04-23,0.1,64.0,825.0
c-6701003277693,producto02,Vida grupo particular,F,PEN,1946-07-11,2021-04-23,2025-04-23,0.1,157.0,2000.0
c-6701003277715,producto02,Vida grupo particular,F,PEN,1979-07-14,2021-04-23,2026-04-23,0.1,64.0,910.0
c-6701003277719,producto02,Vida grupo particular,F,PEN,1964-01-18,2021-04-23,2027-04-23,0.1,17.0,765.0
c-6701003277731,producto02,Vida grupo particular,F,PEN,1970-04-15,2021-04-23,2025-04-23,0.1,37.0,600.0
c-6701003277737,producto02,Vida grupo particular,F,PEN,1953-05-27,2021-04-23,2026-04-23,0.1,17.0,490.0
c-6701003277771,producto02,Vida grupo particular,F,PEN,1973-09-18,2021-04-23,2025-04-23,0.1,54.0,1800.0
c-6701003277780,producto02,Vida grupo particular,F,PEN,1986-11-02,2021-04-23,2027-04-23,0.1,4.0,575.0
c-6701003277815,producto02,Vida grupo particular,F,PEN,1953-07-26,2021-04-23,2025-04-23,0.1,14.0,525.0
c-6701003277818,producto02,Vida grupo particular,F,PEN,1976-04-20,2021-04-23,2027-03-23,0.1,29.0,890.0
c-6701003277826,producto02,Vida grupo particular,F,PEN,1956-08-15,2021-04-23,2026-04-23,0.1,65.0,1800.0
c-6701003277841,producto02,Vida grupo particular,F,PEN,1990-07-30,2021-04-23,2025-04-23,0.1,5.0,400.0
c-6701003277854,producto02,Vida grupo particular,F,PEN,1970-01-27,2021-04-23,2027-04-23,0.1,91.0,1190.0
c-6701003277889,producto02,Vida grupo particular,F,PEN,1971-08-16,2021-04-23,2026-04-23,0.1,95.0,1215.0
c-6701003277894,producto02,Vida grupo particular,F,PEN,1961-08-11,2021-04-23,2027-04-23,0.1,195.0,2250.0
c-6701003277902,producto02,Vida grupo particular,F,PEN,1982-07-29,2021-04-23,2025-04-23,0.1,33.0,580.0
c-6701003277903,producto02,Vida grupo particular,F,PEN,1942-05-29,2021-04-23,2026-04-23,0.1,102.0,1700.1
c-6701003277910,producto02,Vida grupo particular,F,PEN,1961-06-02,2021-04-23,2026-04-23,0.1,13.0,780.0
c-6701003277940,producto02,Vida grupo particular,F,PEN,1949-12-10,2021-04-23,2027-04-23,0.1,34.0,500.0
c-6701003278019,producto02,Vida grupo particular,F,PEN,1980-08-09,2021-04-23,2027-04-23,0.1,54.0,1400.0
c-6701003278030,producto02,Vida grupo particular,F,PEN,1945-04-16,2021-04-23,2025-04-23,0.1,73.0,1485.0
c-6701003278070,producto02,Vida grupo particular,F,PEN,1972-06-03,2021-04-23,2027-04-23,0.1,79.0,1185.0
c-6701003278113,producto02,Vida grupo particular,F,PEN,1947-09-01,2021-04-23,2027-04-23,0.1,79.0,1568.0
c-6701003278125,producto02,Vida grupo particular,F,PEN,1978-07-13,2021-04-23,2025-04-23,0.1,52.0,595.0
c-6701003278133,producto02,Vida grupo particular,F,PEN,1975-08-26,2021-04-23,2025-04-23,0.1,174.0,2000.0
c-6701003278142,producto02,Vida grupo particular,F,PEN,1965-05-18,2021-04-23,2026-04-23,0.1,31.0,900.0
c-6701003278153,producto02,Vida grupo particular,F,PEN,1989-07-31,2021-04-23,2026-04-23,0.1,33.0,510.0
c-6701003278166,producto02,Vida grupo particular,F,PEN,1994-12-14,2021-04-23,2026-04-23,0.1,22.0,595.0
c-6701003278199,producto02,Vida grupo particular,F,PEN,1981-03-08,2021-04-24,2025-04-24,0.1,17.0,960.0
c-6701003278230,producto02,Vida grupo particular,F,PEN,1974-05-26,2021-04-24,2027-04-24,0.1,2.0,200.1
c-6701003278256,producto02,Vida grupo particular,F,PEN,1965-06-10,2021-04-24,2027-04-24,0.1,117.0,1800.0
c-6701003278302,producto02,Vida grupo particular,F,PEN,1971-10-21,2021-04-24,2025-04-24,0.1,131.0,2000.0
c-6701003278304,producto02,Vida grupo particular,F,PEN,1980-07-01,2021-04-24,2025-04-24,0.1,78.0,900.0
c-6701003278344,producto02,Vida grupo particular,F,PEN,1942-05-29,2021-04-24,2027-04-24,0.1,111.0,1800.0
c-6701003278377,producto02,Vida grupo particular,F,PEN,1965-12-21,2021-04-24,2025-04-24,0.1,12.0,640.0
c-6701003278384,producto02,Vida grupo particular,F,PEN,1987-06-05,2021-04-24,2027-04-24,0.1,45.0,1035.0
c-6701003278386,producto02,Vida grupo particular,F,PEN,1977-01-25,2021-04-24,2025-04-24,0.1,57.0,700.1
c-6701003278408,producto02,Vida grupo particular,F,PEN,2012-01-01,2021-04-24,2025-04-24,0.1,130.0,1500.0
c-6701003278452,producto02,Vida grupo particular,F,PEN,1971-09-19,2021-04-24,2025-04-24,0.1,23.0,1190.0
c-6701003278474,producto02,Vida grupo particular,F,PEN,1975-01-31,2021-04-24,2025-04-24,0.1,56.0,1050.0
c-6701003278487,producto02,Vida grupo particular,F,PEN,1963-03-17,2021-04-26,2025-04-26,0.1,90.0,2340.0
c-6701003278510,producto02,Vida grupo particular,F,PEN,1948-10-02,2021-04-26,2027-04-26,0.1,62.0,1400.0
c-6701003278537,producto02,Vida grupo particular,F,PEN,1973-12-02,2021-04-26,2025-05-26,0.1,83.0,995.0
c-6701003278545,producto02,Vida grupo particular,F,PEN,1952-05-01,2021-04-26,2027-04-26,0.1,124.0,1800.0
c-6701003278560,producto02,Vida grupo particular,F,PEN,1971-03-31,2021-04-26,2026-04-26,0.1,9.0,560.0
c-6701003278567,producto02,Vida grupo particular,F,PEN,1953-03-08,2021-04-26,2027-04-26,0.1,9.0,400.0
c-6701003278571,producto02,Vida grupo particular,F,PEN,1968-02-06,2021-04-26,2025-04-26,0.1,55.0,630.0
c-6701003278614,producto02,Vida grupo particular,F,PEN,1989-05-07,2021-04-26,2026-05-26,0.1,5.0,850.0
c-6701003278630,producto02,Vida grupo particular,F,PEN,1973-08-02,2021-04-26,2026-04-26,0.1,66.0,1210.0
c-6701003278642,producto02,Vida grupo particular,F,PEN,1942-08-16,2021-04-26,2027-04-26,0.1,42.0,500.0
c-6701003278682,producto02,Vida grupo particular,F,PEN,1979-10-06,2021-04-26,2025-04-26,0.1,71.0,1145.0
c-6701003278701,producto02,Vida grupo particular,F,PEN,1950-11-25,2021-04-26,2027-04-26,0.1,119.0,1800.0
c-6701003278725,producto02,Vida grupo particular,F,PEN,1975-12-17,2021-04-26,2025-04-26,0.1,46.0,1060.0
c-6701003278727,producto02,Vida grupo particular,F,PEN,1987-05-19,2021-04-26,2026-04-26,0.1,46.0,755.0
c-6701003278749,producto02,Vida grupo particular,F,PEN,1948-12-16,2021-04-26,2027-04-26,0.1,45.0,600.0
c-6701003278799,producto02,Vida grupo particular,F,PEN,1962-04-30,2021-04-26,2025-04-26,0.1,8.0,1035.0
c-6701003278812,producto02,Vida grupo particular,F,PEN,1959-11-02,2021-04-26,2025-04-26,0.1,1.0,975.0
c-6701003278831,producto02,Vida grupo particular,F,PEN,1958-09-01,2021-04-26,2027-04-26,0.1,8.0,500.0
c-6701003278896,producto02,Vida grupo particular,F,PEN,1953-09-08,2021-04-26,2025-06-26,0.1,119.0,1600.0
c-6701003278918,producto02,Vida grupo particular,F,PEN,1986-12-12,2021-04-26,2025-04-26,0.1,36.0,1300.1
c-6701003278934,producto02,Vida grupo particular,F,PEN,1969-03-16,2021-04-26,2027-04-26,0.1,25.0,825.0
c-6701003278942,producto02,Vida grupo particular,F,PEN,1965-05-03,2021-04-26,2025-05-26,0.1,162.0,2000.0
c-6701003278948,producto02,Vida grupo particular,F,PEN,1968-01-14,2021-04-26,2025-04-26,0.1,38.0,1590.0
c-6701003278984,producto02,Vida grupo particular,F,PEN,1960-01-20,2021-04-26,2027-04-26,0.1,4.0,605.0
c-6701003279013,producto02,Vida grupo particular,F,PEN,1979-03-12,2021-04-26,2025-04-26,0.1,60.0,910.0
c-6701003279019,producto02,Vida grupo particular,F,PEN,1952-10-13,2021-04-26,2025-04-26,0.1,191.0,2135.0
c-6701003279045,producto02,Vida grupo particular,F,PEN,1992-08-23,2021-04-26,2025-04-26,0.1,72.0,840.0
c-6701003279072,producto02,Vida grupo particular,F,PEN,1954-03-08,2021-04-27,2025-04-27,0.1,9.0,1800.0
c-6701003279075,producto02,Vida grupo particular,F,PEN,1963-07-19,2021-04-27,2027-04-27,0.1,97.0,2880.0
c-6701003279092,producto02,Vida grupo particular,F,PEN,1969-01-28,2021-04-27,2025-04-27,0.1,66.0,1755.0
c-6701003279104,producto02,Vida grupo particular,F,PEN,1958-06-09,2021-04-27,2025-04-27,0.1,18.0,800.0
c-6701003279129,producto02,Vida grupo particular,F,PEN,1985-12-16,2021-04-27,2025-05-27,0.1,128.0,2025.0
c-6701003279136,producto02,Vida grupo particular,F,PEN,1969-10-28,2021-04-27,2026-04-27,0.1,26.0,900.1
c-6701003279192,producto02,Vida grupo particular,F,PEN,1965-11-06,2021-04-27,2026-04-27,0.1,43.0,2110.0
c-6701003279252,producto02,Vida grupo particular,F,PEN,1959-09-03,2021-04-27,2025-04-27,0.1,26.0,615.0
c-6701003279253,producto02,Vida grupo particular,F,PEN,1950-08-22,2021-04-27,2026-04-27,0.1,39.0,718.0
c-6701003279264,producto02,Vida grupo particular,F,PEN,1958-07-24,2021-04-27,2025-04-27,0.1,44.0,1200.0
c-6701003279332,producto02,Vida grupo particular,F,PEN,1960-05-12,2021-04-27,2026-04-27,0.1,18.0,500.0
c-6701003279346,producto02,Vida grupo particular,F,PEN,1941-03-20,2021-04-27,2027-04-27,0.1,128.0,1890.0
c-6701003279355,producto02,Vida grupo particular,F,PEN,1967-05-12,2021-04-27,2025-05-27,0.1,140.0,1890.0
c-6701003279361,producto02,Vida grupo particular,F,PEN,1963-02-27,2021-04-27,2026-04-27,0.1,81.0,1350.0
c-6701003279403,producto02,Vida grupo particular,F,PEN,1993-10-24,2021-04-27,2026-04-27,0.1,13.0,595.0
c-6701003279419,producto02,Vida grupo particular,F,PEN,1967-11-30,2021-04-27,2025-04-27,0.1,68.0,890.0
c-6701003279429,producto02,Vida grupo particular,F,PEN,1969-02-23,2021-04-27,2025-04-27,0.1,32.0,400.0
c-6701003279440,producto02,Vida grupo particular,F,PEN,1976-09-26,2021-04-27,2027-04-27,0.1,44.0,900.0
c-6701003279477,producto02,Vida grupo particular,F,PEN,1985-01-22,2021-04-27,2026-04-27,0.1,64.0,1485.0
c-6701003279542,producto02,Vida grupo particular,F,PEN,1941-11-26,2021-04-27,2027-04-27,0.1,25.0,2035.0
c-6701003279566,producto02,Vida grupo particular,F,PEN,1954-09-11,2021-04-28,2025-04-28,0.1,45.0,700.0
c-6701003279600,producto02,Vida grupo particular,F,PEN,1962-04-22,2021-04-28,2025-04-28,0.1,85.0,1700.0
c-6701003279705,producto02,Vida grupo particular,F,PEN,1962-02-18,2021-04-28,2025-04-28,0.1,94.0,1150.0
c-6701003279706,producto02,Vida grupo particular,F,PEN,1978-02-15,2021-04-28,2027-04-28,0.1,17.0,930.0
c-6701003279742,producto02,Vida grupo particular,F,PEN,1953-01-27,2021-04-28,2027-04-28,0.1,48.0,680.0
c-6701003279744,producto02,Vida grupo particular,F,PEN,1968-05-13,2021-04-28,2025-04-28,0.1,65.0,1550.0
c-6701003279750,producto02,Vida grupo particular,F,PEN,1974-05-15,2021-04-28,2026-04-28,0.1,27.0,300.1
c-6701003279758,producto02,Vida grupo particular,F,PEN,1993-03-15,2021-04-28,2026-04-28,0.1,21.0,560.0
c-6701003279782,producto02,Vida grupo particular,F,PEN,1974-01-09,2021-04-28,2026-04-28,0.1,65.0,1150.0
c-6701003279796,producto02,Vida grupo particular,F,PEN,1963-12-04,2021-04-28,2026-04-28,0.1,48.0,1400.0
c-6701003279835,producto02,Vida grupo particular,F,PEN,1966-11-17,2021-04-28,2025-04-28,0.1,65.0,1000.0
c-6701003279845,producto02,Vida grupo particular,F,PEN,1981-07-18,2021-04-28,2026-04-28,0.1,20.0,680.0
c-6701003279852,producto02,Vida grupo particular,F,PEN,1952-04-21,2021-04-28,2025-04-28,0.1,42.0,1825.0
c-6701003279871,producto02,Vida grupo particular,F,PEN,1957-04-24,2021-04-28,2025-04-28,0.1,61.0,2700.0
c-6701003279887,producto02,Vida grupo particular,F,PEN,1952-02-23,2021-04-28,2027-04-28,0.1,151.0,2670.0
c-6701003279893,producto02,Vida grupo particular,F,PEN,1989-02-01,2021-04-28,2026-04-28,0.1,77.0,980.0
c-6701003279898,producto02,Vida grupo particular,F,PEN,1960-09-13,2021-04-28,2026-04-28,0.1,55.0,1150.0
c-6701003279906,producto02,Vida grupo particular,F,PEN,1975-10-27,2021-04-28,2026-04-28,0.1,49.0,1485.0
c-6701003279907,producto02,Vida grupo particular,F,PEN,1941-02-05,2021-04-28,2025-04-28,0.1,48.0,750.0
c-6701003279940,producto02,Vida grupo particular,F,PEN,1974-12-06,2021-04-28,2027-04-28,0.1,50.0,800.0
c-6701003279960,producto02,Vida grupo particular,F,PEN,1957-11-09,2021-04-28,2027-04-28,0.1,42.0,2000.0
c-6701003279966,producto02,Vida grupo particular,F,PEN,1962-08-08,2021-04-28,2027-04-28,0.1,27.0,395.0
c-6701003279971,producto02,Vida grupo particular,F,PEN,1980-09-06,2021-04-28,2026-04-28,0.1,23.0,500.0
c-6701003279974,producto02,Vida grupo particular,F,PEN,1964-01-19,2021-04-28,2027-04-28,0.1,49.0,1400.0
c-6701003279990,producto02,Vida grupo particular,F,PEN,1941-05-18,2021-04-28,2027-04-28,0.1,39.0,2650.0
c-6701003280017,producto02,Vida grupo particular,F,PEN,1980-07-22,2021-04-28,2026-09-28,0.1,48.0,535.0
c-6701003280050,producto02,Vida grupo particular,F,PEN,1950-06-29,2021-04-28,2027-04-28,0.1,18.0,1150.0
c-6701003280068,producto02,Vida grupo particular,F,PEN,1957-09-17,2021-04-29,2025-04-29,0.1,31.0,1145.0
c-6701003280086,producto02,Vida grupo particular,F,PEN,1989-12-09,2021-04-29,2027-04-29,0.1,38.0,595.0
c-6701003280099,producto02,Vida grupo particular,F,PEN,1968-02-12,2021-04-29,2027-04-29,0.1,65.0,1200.0
c-6701003280109,producto02,Vida grupo particular,F,PEN,1967-10-27,2021-04-29,2027-04-29,0.1,110.0,2415.0
c-6701003280162,producto02,Vida grupo particular,F,PEN,1978-12-02,2021-04-29,2025-04-29,0.1,40.0,1050.0
c-6701003280177,producto02,Vida grupo particular,F,PEN,1980-08-15,2021-04-29,2027-04-29,0.1,46.0,850.0
c-6701003280181,producto02,Vida grupo particular,F,PEN,1961-05-30,2021-04-29,2027-04-29,0.1,5.0,720.0
c-6701003280182,producto02,Vida grupo particular,F,PEN,1963-02-21,2021-04-29,2027-04-29,0.1,66.0,940.0
c-6701003280194,producto02,Vida grupo particular,F,PEN,1961-11-15,2021-04-29,2025-04-29,0.1,28.0,425.0
c-6701003280206,producto02,Vida grupo particular,F,PEN,1944-11-14,2021-04-29,2026-04-29,0.1,35.0,2000.0
c-6701003280214,producto02,Vida grupo particular,F,PEN,1947-12-18,2021-04-29,2026-04-29,0.1,41.0,2000.0
c-6701003280225,producto02,Vida grupo particular,F,PEN,1979-01-05,2021-04-29,2027-04-29,0.1,7.0,900.0
c-6701003280230,producto02,Vida grupo particular,F,PEN,1971-02-10,2021-04-29,2027-04-29,0.1,79.0,1060.0
c-6701003280244,producto02,Vida grupo particular,F,PEN,1972-02-23,2021-04-29,2027-04-29,0.1,34.0,700.0
c-6701003280249,producto02,Vida grupo particular,F,PEN,1987-01-28,2021-04-29,2026-04-29,0.1,45.0,850.0
c-6701003280297,producto02,Vida grupo particular,F,PEN,1947-03-27,2021-04-29,2027-04-29,0.1,97.0,1150.0
c-6701003280312,producto02,Vida grupo particular,F,PEN,1977-08-06,2021-04-29,2027-03-29,0.1,34.0,1000.0
c-6701003280321,producto02,Vida grupo particular,F,PEN,1967-10-17,2021-04-29,2027-04-29,0.1,14.0,375.0
c-6701003280398,producto02,Vida grupo particular,F,PEN,1960-05-20,2021-04-29,2026-04-29,0.1,8.0,100.1
c-6701003280456,producto02,Vida grupo particular,F,PEN,1959-01-18,2021-04-29,2027-04-29,0.1,36.0,450.0
c-6701003280501,producto02,Vida grupo particular,F,PEN,1974-09-27,2021-04-29,2027-04-29,0.1,5.0,445.0
c-6701003280509,producto02,Vida grupo particular,F,PEN,1957-03-27,2021-04-29,2025-04-29,0.1,17.0,680.0
c-6701003280525,producto02,Vida grupo particular,F,PEN,1988-08-19,2021-04-29,2026-04-29,0.1,43.0,500.0
c-6701003280566,producto02,Vida grupo particular,F,PEN,1962-12-20,2021-04-29,2025-05-29,0.1,56.0,680.0
c-6701003280584,producto02,Vida grupo particular,F,PEN,1974-10-16,2021-04-30,2025-04-30,0.1,23.0,560.0
c-6701003280591,producto02,Vida grupo particular,F,PEN,1973-01-30,2021-04-30,2025-04-30,0.1,5.0,1870.0
c-6701003280603,producto02,Vida grupo particular,F,PEN,1967-03-19,2021-04-30,2027-04-30,0.1,25.0,1500.0
c-6701003280673,producto02,Vida grupo particular,F,PEN,1954-01-19,2021-04-30,2026-04-30,0.1,25.0,1145.0
c-6701003280781,producto02,Vida grupo particular,F,PEN,1967-03-28,2021-04-30,2025-04-30,0.1,25.0,935.0
c-6701003280791,producto02,Vida grupo particular,F,PEN,1951-08-13,2021-04-30,2025-04-30,0.1,4.0,300.1
c-6701003280816,producto02,Vida grupo particular,F,PEN,1964-01-14,2021-04-30,2025-04-30,0.1,52.0,2880.0
c-6701003280863,producto02,Vida grupo particular,F,PEN,1945-04-25,2021-04-30,2025-04-30,0.1,81.0,950.0
c-6701003280876,producto02,Vida grupo particular,F,PEN,1975-04-20,2021-04-30,2027-04-30,0.1,116.0,1350.0
c-6701003280914,producto02,Vida grupo particular,F,PEN,1960-05-30,2021-04-30,2025-04-30,0.1,4.0,2000.0
c-6701003280955,producto02,Vida grupo particular,F,PEN,1947-02-11,2021-04-30,2025-04-30,0.1,123.0,1935.0
c-6701003280977,producto02,Vida grupo particular,F,PEN,1940-08-11,2021-04-30,2027-04-30,0.1,160.0,2100.0
c-6701003281012,producto02,Vida grupo particular,F,PEN,1971-10-01,2021-04-30,2026-04-30,0.1,7.0,950.0
c-6701003281029,producto02,Vida grupo particular,F,PEN,1968-03-26,2021-04-30,2025-04-30,0.1,79.0,1215.0
c-6701003281046,producto02,Vida grupo particular,F,PEN,1957-03-19,2021-04-30,2027-04-30,0.1,50.0,560.0
c-6701003281061,producto02,Vida grupo particular,F,PEN,1985-11-28,2021-04-30,2025-04-30,0.1,82.0,1215.0
c-6701003281080,producto02,Vida grupo particular,F,PEN,1978-05-31,2021-04-30,2027-04-30,0.1,18.0,320.0
c-6701003281088,producto02,Vida grupo particular,F,PEN,1984-12-10,2021-04-30,2027-04-30,0.1,21.0,455.0
c-6701003281095,producto02,Vida grupo particular,F,PEN,1966-02-01,2021-04-30,2025-04-30,0.1,209.0,2500.1000000000004
c-6701003281099,producto02,Vida grupo particular,F,PEN,1992-07-03,2021-04-30,2025-04-30,0.1,32.0,595.0
c-6701003281104,producto02,Vida grupo particular,F,PEN,1967-04-12,2021-04-30,2027-04-30,0.1,55.0,920.0
c-6701003281127,producto02,Vida grupo particular,F,PEN,1965-08-23,2021-04-30,2027-04-30,0.1,107.0,1700.0
c-6701003281129,producto02,Vida grupo particular,F,PEN,1989-12-10,2021-04-30,2025-04-30,0.1,15.0,730.0
c-6701003281132,producto02,Vida grupo particular,F,PEN,1948-08-14,2021-04-30,2025-04-30,0.1,106.0,1800.0
c-6701003281143,producto02,Vida grupo particular,F,PEN,1983-01-28,2021-04-30,2025-04-30,0.1,46.0,975.0
c-6701003281194,producto02,Vida grupo particular,F,PEN,1940-10-14,2021-04-30,2026-04-30,0.1,30.0,700.0
c-6701003281199,producto02,Vida grupo particular,F,PEN,1957-11-24,2021-04-30,2025-04-30,0.1,13.0,890.0
c-6701003281246,producto02,Vida grupo particular,F,PEN,1984-08-09,2021-04-30,2025-04-30,0.1,37.0,1400.0
c-6701003281270,producto02,Vida grupo particular,F,PEN,1974-10-04,2021-05-03,2027-05-03,0.1,57.0,1375.0
c-6701003281274,producto02,Vida grupo particular,F,PEN,1966-02-08,2021-05-03,2027-06-03,0.1,16.0,1000.0
c-6701003281284,producto02,Vida grupo particular,F,PEN,1964-09-02,2021-05-03,2025-06-03,0.1,1.0,700.0
c-6701003281314,producto02,Vida grupo particular,F,PEN,1945-03-06,2021-05-03,2027-05-03,0.1,11.0,950.0
c-6701003281350,producto02,Vida grupo particular,F,PEN,1949-03-20,2021-05-03,2027-01-03,0.1,17.0,650.0
c-6701003281414,producto02,Vida grupo particular,F,PEN,1983-09-26,2021-05-03,2026-05-03,0.1,45.0,500.0
c-6701003281433,producto02,Vida grupo particular,F,PEN,1954-01-26,2021-05-03,2027-05-03,0.1,230.0,2800.0
c-6701003281447,producto02,Vida grupo particular,F,PEN,1954-11-23,2021-05-03,2027-05-03,0.1,40.0,2000.0
c-6701003281483,producto02,Vida grupo particular,F,PEN,1956-05-14,2021-05-03,2027-05-03,0.1,29.0,2100.0
c-6701003281540,producto02,Vida grupo particular,F,PEN,1971-08-06,2021-05-03,2026-05-03,0.1,39.0,1200.0
c-6701003281548,producto02,Vida grupo particular,F,PEN,1961-11-22,2021-05-03,2027-05-03,0.1,64.0,1200.0
c-6701003281552,producto02,Vida grupo particular,F,PEN,1973-08-05,2021-05-03,2026-05-03,0.1,45.0,800.0
c-6701003281567,producto02,Vida grupo particular,F,PEN,1940-08-21,2021-05-03,2026-05-03,0.1,109.0,2800.0
c-6701003281600,producto02,Vida grupo particular,F,PEN,1993-04-09,2021-05-03,2025-05-03,0.1,77.0,1050.0
c-6701003281625,producto02,Vida grupo particular,F,PEN,1975-10-26,2021-05-03,2027-05-03,0.1,26.0,600.0
c-6701003281701,producto02,Vida grupo particular,F,PEN,1959-05-26,2021-05-03,2027-05-03,0.1,170.0,3000.0
c-6701003281713,producto02,Vida grupo particular,F,PEN,1962-08-03,2021-05-03,2027-05-03,0.1,141.0,2500.0
c-6701003281817,producto02,Vida grupo particular,F,PEN,1941-04-03,2021-05-03,2026-06-03,0.1,17.0,1225.0
c-6701003281818,producto02,Vida grupo particular,F,PEN,1973-07-26,2021-05-03,2027-05-03,0.1,29.0,745.0
c-6701003281821,producto02,Vida grupo particular,F,PEN,1954-02-10,2021-05-03,2025-05-03,0.1,44.0,1050.0
c-6701003281826,producto02,Vida grupo particular,F,PEN,1944-09-29,2021-05-03,2025-05-03,0.1,21.0,500.0
c-6701003281838,producto02,Vida grupo particular,F,PEN,1981-05-03,2021-05-03,2027-05-03,0.1,297.0,3430.0
c-6701003281869,producto02,Vida grupo particular,F,PEN,1947-01-13,2021-05-03,2025-05-03,0.1,17.0,1850.0
c-6701003281886,producto02,Vida grupo particular,F,PEN,1974-02-04,2021-05-03,2025-05-03,0.1,46.0,1050.0
c-6701003281930,producto02,Vida grupo particular,F,PEN,1967-09-28,2021-05-03,2025-05-03,0.1,43.0,1050.0
c-6701003281934,producto02,Vida grupo particular,F,PEN,1975-12-09,2021-05-03,2025-05-03,0.1,16.0,1555.0
c-6701003281963,producto02,Vida grupo particular,F,PEN,1948-04-05,2021-05-03,2027-05-03,0.1,129.0,1925.0
c-6701003282012,producto02,Vida grupo particular,F,PEN,1954-12-09,2021-05-03,2026-05-03,0.1,115.0,2400.0
c-6701003282066,producto02,Vida grupo particular,F,PEN,1964-12-07,2021-05-03,2027-05-03,0.1,18.0,1870.0
c-6701003282089,producto02,Vida grupo particular,F,PEN,1969-07-08,2021-05-03,2027-05-03,0.1,66.0,1000.0
c-6701003282159,producto02,Vida grupo particular,F,PEN,1957-04-17,2021-05-04,2025-05-04,0.1,206.0,2775.0
c-6701003282220,producto02,Vida grupo particular,F,PEN,1958-09-11,2021-05-04,2026-05-04,0.1,39.0,605.0
c-6701003282232,producto02,Vida grupo particular,F,PEN,1959-09-24,2021-05-04,2027-05-04,0.1,194.0,2400.0
c-6701003282241,producto02,Vida grupo particular,F,PEN,1976-11-22,2021-05-04,2025-05-04,0.1,93.0,1100.0
c-6701003282253,producto02,Vida grupo particular,F,PEN,1984-05-17,2021-05-04,2025-05-04,0.1,36.0,1050.0
c-6701003282255,producto02,Vida grupo particular,F,PEN,1952-06-07,2021-05-04,2026-05-04,0.1,22.0,450.0
c-6701003282276,producto02,Vida grupo particular,F,PEN,1968-03-31,2021-05-04,2027-05-04,0.1,123.0,3000.0
c-6701003282290,producto02,Vida grupo particular,F,PEN,1962-06-09,2021-05-04,2027-05-04,0.1,9.0,305.0
c-6701003282297,producto02,Vida grupo particular,F,PEN,1958-03-01,2021-05-04,2027-05-04,0.1,83.0,990.0
c-6701003282336,producto02,Vida grupo particular,F,PEN,1977-03-14,2021-05-04,2027-05-04,0.1,37.0,520.0
c-6701003282345,producto02,Vida grupo particular,F,PEN,1951-06-13,2021-05-04,2027-05-04,0.1,69.0,2000.0
c-6701003282371,producto02,Vida grupo particular,F,PEN,1979-11-06,2021-05-04,2027-05-04,0.1,148.0,1700.0
c-6701003282389,producto02,Vida grupo particular,F,PEN,1952-10-05,2021-05-04,2027-05-04,0.1,90.0,2400.0
c-6701003282430,producto02,Vida grupo particular,F,PEN,1989-01-31,2021-05-04,2025-05-04,0.1,163.0,1900.0
c-6701003282445,producto02,Vida grupo particular,F,PEN,1979-05-24,2021-05-04,2026-05-04,0.1,32.0,1050.0
c-6701003282452,producto02,Vida grupo particular,F,PEN,1952-08-02,2021-05-04,2026-06-04,0.1,148.0,3220.0
c-6701003282465,producto02,Vida grupo particular,F,PEN,1985-11-19,2021-05-04,2025-05-04,0.1,29.0,1100.0
c-6701003282485,producto02,Vida grupo particular,F,PEN,1972-08-21,2021-05-04,2027-05-04,0.1,34.0,1500.0
c-6701003282547,producto02,Vida grupo particular,F,PEN,1947-03-14,2021-05-04,2025-05-04,0.1,101.0,1175.0
c-6701003282572,producto02,Vida grupo particular,F,PEN,1966-10-17,2021-05-04,2027-05-04,0.1,33.0,2735.0
c-6701003282573,producto02,Vida grupo particular,F,PEN,1948-12-26,2021-05-04,2027-05-04,0.1,60.0,900.0
c-6701003282580,producto02,Vida grupo particular,F,PEN,1941-01-04,2021-05-04,2027-05-04,0.1,191.0,3200.0
c-6701003282596,producto02,Vida grupo particular,F,PEN,1943-09-28,2021-05-04,2025-05-04,0.1,40.0,3785.0
c-6701003282604,producto02,Vida grupo particular,F,PEN,1973-09-08,2021-05-04,2027-05-04,0.1,29.0,945.0
c-6701003282609,producto02,Vida grupo particular,F,PEN,1968-04-01,2021-05-04,2026-05-04,0.1,124.0,1400.0
c-6701003282626,producto02,Vida grupo particular,F,PEN,1989-02-07,2021-05-04,2027-05-04,0.1,19.0,1050.0
c-6701003282634,producto02,Vida grupo particular,F,PEN,1950-06-28,2021-05-04,2027-05-04,0.1,64.0,2200.0
c-6701003282643,producto02,Vida grupo particular,F,PEN,1957-09-01,2021-05-04,2027-05-04,0.1,25.0,425.0
c-6701003282692,producto02,Vida grupo particular,F,PEN,1956-05-27,2021-05-04,2025-05-04,0.1,16.0,1845.0
c-6701003282786,producto02,Vida grupo particular,F,PEN,1949-12-02,2021-05-04,2027-05-04,0.1,56.0,1000.0
c-6701003282808,producto02,Vida grupo particular,F,PEN,1966-05-15,2021-05-04,2027-05-04,0.1,113.0,3000.0
c-6701003282816,producto02,Vida grupo particular,F,PEN,1966-02-28,2021-05-04,2026-05-04,0.1,82.0,1320.0
c-6701003282846,producto02,Vida grupo particular,F,PEN,1968-03-23,2021-05-04,2025-05-04,0.1,275.0,3170.0
c-6701003282909,producto02,Vida grupo particular,F,PEN,1940-10-08,2021-05-04,2026-05-04,0.1,75.0,1050.0
c-6701003282949,producto02,Vida grupo particular,F,PEN,1971-09-02,2021-05-04,2025-05-04,0.1,153.0,1850.0
c-6701003282957,producto02,Vida grupo particular,F,PEN,1976-05-02,2021-05-04,2027-05-04,0.1,2.0,800.0
c-6701003282982,producto02,Vida grupo particular,F,PEN,1964-02-02,2021-05-04,2026-05-04,0.1,39.0,1535.0
c-6701003282992,producto02,Vida grupo particular,F,PEN,1959-08-09,2021-05-04,2025-05-04,0.1,41.0,2600.0
c-6701003283019,producto02,Vida grupo particular,F,PEN,1987-02-20,2021-05-04,2025-05-04,0.1,16.0,950.0
c-6701003283035,producto02,Vida grupo particular,F,PEN,1979-03-10,2021-05-04,2025-05-04,0.1,1.0,1450.0
c-6701003283045,producto02,Vida grupo particular,F,PEN,1961-11-19,2021-05-04,2026-05-04,0.1,12.0,2000.0
c-6701003283051,producto02,Vida grupo particular,F,PEN,1981-09-21,2021-05-04,2026-05-04,0.1,40.0,460.0
c-6701003283085,producto02,Vida grupo particular,F,PEN,1975-12-20,2021-05-05,2027-05-05,0.1,90.0,1550.0
c-6701003283088,producto02,Vida grupo particular,F,PEN,1945-03-31,2021-05-05,2025-05-05,0.1,174.0,2000.0
c-6701003283109,producto02,Vida grupo particular,F,PEN,1968-01-27,2021-05-05,2027-05-05,0.1,32.0,1035.0
c-6701003283123,producto02,Vida grupo particular,F,PEN,1955-06-09,2021-05-05,2025-05-05,0.1,199.0,3000.0
c-6701003283169,producto02,Vida grupo particular,F,PEN,1944-03-05,2021-05-05,2027-05-05,0.1,78.0,1250.0
c-6701003283194,producto02,Vida grupo particular,F,PEN,1971-03-06,2021-05-05,2025-05-05,0.1,105.0,1200.0
c-6701003283214,producto02,Vida grupo particular,F,PEN,1952-02-11,2021-05-05,2025-05-05,0.1,44.0,3000.0
c-6701003283242,producto02,Vida grupo particular,F,PEN,1968-05-04,2021-05-05,2026-05-05,0.1,9.0,430.0
c-6701003283263,producto02,Vida grupo particular,F,PEN,1950-04-29,2021-05-05,2026-05-05,0.1,56.0,950.0
c-6701003283311,producto02,Vida grupo particular,F,PEN,1985-03-12,2021-05-05,2026-05-05,0.1,12.0,500.0
c-6701003283314,producto02,Vida grupo particular,F,PEN,1985-02-08,2021-05-05,2027-05-05,0.1,107.0,1425.0
c-6701003283387,producto02,Vida grupo particular,F,PEN,1964-09-01,2021-05-05,2027-05-05,0.1,183.0,3000.0
c-6701003283423,producto02,Vida grupo particular,F,PEN,1977-12-08,2021-05-05,2025-05-05,0.1,62.0,900.0
c-6701003283431,producto02,Vida grupo particular,F,PEN,1977-02-19,2021-05-05,2027-05-05,0.1,10.0,500.0
c-6701003283443,producto02,Vida grupo particular,F,PEN,1979-06-08,2021-05-05,2026-05-05,0.1,133.0,3000.0
c-6701003283482,producto02,Vida grupo particular,F,PEN,1952-05-13,2021-05-05,2025-05-05,0.1,100.0,2400.0
c-6701003283505,producto02,Vida grupo particular,F,PEN,1958-08-01,2021-05-05,2027-05-05,0.1,55.0,1850.0
c-6701003283642,producto02,Vida grupo particular,F,PEN,1967-05-30,2021-05-05,2025-05-05,0.1,80.0,2110.0
c-6701003283660,producto02,Vida grupo particular,F,PEN,1973-02-09,2021-05-05,2027-04-05,0.1,242.0,2999.9
c-6701003283670,producto02,Vida grupo particular,F,PEN,1965-11-01,2021-05-05,2027-05-05,0.1,104.0,1700.0
c-6701003283702,producto02,Vida grupo particular,F,PEN,1960-09-14,2021-05-05,2027-05-05,0.1,23.0,1050.0
c-6701003283719,producto02,Vida grupo particular,F,PEN,1972-07-18,2021-05-05,2027-05-05,0.1,17.0,600.0
c-6701003283736,producto02,Vida grupo particular,F,PEN,1972-07-12,2021-05-05,2025-05-05,0.1,2.0,600.0
c-6701003283754,producto02,Vida grupo particular,F,PEN,1990-08-20,2021-05-05,2027-05-05,0.1,16.0,885.0
c-6701003283755,producto02,Vida grupo particular,F,PEN,1973-02-28,2021-05-05,2025-05-05,0.1,3.0,1100.0
c-6701003283838,producto02,Vida grupo particular,F,PEN,1965-09-22,2021-05-05,2025-05-05,0.1,17.0,650.0
c-6701003283889,producto02,Vida grupo particular,F,PEN,1982-07-19,2021-05-05,2027-05-05,0.1,60.0,1000.0
c-6701003283931,producto02,Vida grupo particular,F,PEN,1962-12-28,2021-05-05,2027-05-05,0.1,12.0,360.0
c-6701003283973,producto02,Vida grupo particular,F,PEN,1946-07-08,2021-05-06,2027-05-06,0.1,35.0,800.0
c-6701003283981,producto02,Vida grupo particular,F,PEN,1962-05-27,2021-05-06,2026-05-06,0.1,209.0,3000.0
c-6701003284006,producto02,Vida grupo particular,F,PEN,1954-11-04,2021-05-06,2027-05-06,0.1,5.0,200.0
c-6701003284010,producto02,Vida grupo particular,F,PEN,1986-07-11,2021-05-06,2025-05-06,0.1,9.0,950.0
c-6701003284040,producto02,Vida grupo particular,F,PEN,1969-06-01,2021-05-06,2025-05-06,0.1,108.0,1995.0
c-6701003284059,producto02,Vida grupo particular,F,PEN,1943-09-21,2021-05-06,2027-05-06,0.1,90.0,1330.0
c-6701003284171,producto02,Vida grupo particular,F,PEN,1950-03-03,2021-05-06,2027-05-06,0.1,158.0,2500.0
c-6701003284199,producto02,Vida grupo particular,F,PEN,1976-11-10,2021-05-06,2026-05-06,0.1,109.0,1250.0
c-6701003284204,producto02,Vida grupo particular,F,PEN,1967-04-09,2021-05-06,2025-05-06,0.1,52.0,1050.0
c-6701003284218,producto02,Vida grupo particular,F,PEN,1948-11-30,2021-05-06,2027-05-06,0.1,25.0,3640.0
c-6701003284238,producto02,Vida grupo particular,F,PEN,1974-12-24,2021-05-06,2027-05-06,0.1,83.0,2200.0
c-6701003284258,producto02,Vida grupo particular,F,PEN,1958-04-27,2021-05-06,2027-05-06,0.1,13.0,555.0
c-6701003284314,producto02,Vida grupo particular,F,PEN,1986-10-08,2021-05-06,2025-05-06,0.1,53.0,1300.0
c-6701003284354,producto02,Vida grupo particular,F,PEN,1946-08-18,2021-05-06,2027-05-06,0.1,9.0,3000.0
c-6701003284395,producto02,Vida grupo particular,F,PEN,1993-03-25,2021-05-06,2025-05-06,0.1,32.0,1050.0
c-6701003284603,producto02,Vida grupo particular,F,PEN,1961-09-08,2021-05-06,2027-05-06,0.1,19.0,630.0
c-6701003284648,producto02,Vida grupo particular,F,PEN,1966-10-11,2021-05-06,2025-05-06,0.1,3.0,1050.0
c-6701003284698,producto02,Vida grupo particular,F,PEN,1967-03-21,2021-05-06,2027-05-06,0.1,34.0,1050.0
c-6701003284708,producto02,Vida grupo particular,F,PEN,1968-01-21,2021-05-06,2027-05-06,0.1,9.0,1050.0
c-6701003284717,producto02,Vida grupo particular,F,PEN,1976-10-20,2021-05-06,2027-05-06,0.1,1.0,425.0
c-6701003284733,producto02,Vida grupo particular,F,PEN,1981-12-19,2021-05-06,2027-05-06,0.1,20.0,650.0
c-6701003284737,producto02,Vida grupo particular,F,PEN,1987-09-28,2021-05-06,2026-05-06,0.1,1.0,2000.0
c-6701003284747,producto02,Vida grupo particular,F,PEN,1989-02-08,2021-05-06,2025-01-06,0.1,13.0,1365.0
c-6701003284753,producto02,Vida grupo particular,F,PEN,1956-01-02,2021-05-07,2026-05-07,0.1,95.0,1250.0
c-6701003284795,producto02,Vida grupo particular,F,PEN,1954-09-16,2021-05-07,2027-05-07,0.1,87.0,1080.0
c-6701003284814,producto02,Vida grupo particular,F,PEN,1975-03-26,2021-05-07,2025-05-07,0.1,54.0,665.0
c-6701003284867,producto02,Vida grupo particular,F,PEN,1962-11-21,2021-05-07,2027-05-07,0.1,13.0,800.0
c-6701003284911,producto02,Vida grupo particular,F,PEN,1965-04-06,2021-05-07,2027-05-07,0.1,40.0,500.0
c-6701003284923,producto02,Vida grupo particular,F,PEN,1962-06-10,2021-05-07,2027-05-07,0.1,193.0,2200.0
c-6701003284930,producto02,Vida grupo particular,F,PEN,1948-03-17,2021-05-07,2027-05-07,0.1,25.0,700.0
c-6701003285013,producto02,Vida grupo particular,F,PEN,1957-04-16,2021-05-07,2026-05-07,0.1,215.0,3000.0
c-6701003285017,producto02,Vida grupo particular,F,PEN,1971-03-02,2021-05-07,2027-05-07,0.1,1.0,1350.0
c-6701003285018,producto02,Vida grupo particular,F,PEN,1962-12-19,2021-05-07,2025-05-07,0.1,15.0,1500.1
c-6701003285026,producto02,Vida grupo particular,F,PEN,1951-12-03,2021-05-07,2027-05-07,0.1,68.0,2350.0
c-6701003285031,producto02,Vida grupo particular,F,PEN,1987-05-17,2021-05-07,2027-05-07,0.1,53.0,1000.0
c-6701003285036,producto02,Vida grupo particular,F,PEN,1992-12-22,2021-05-07,2026-04-07,0.1,45.0,650.0
c-6701003285063,producto02,Vida grupo particular,F,PEN,1963-12-25,2021-05-07,2027-05-07,0.1,56.0,700.0
c-6701003285074,producto02,Vida grupo particular,F,PEN,1991-01-06,2021-05-07,2025-05-07,0.1,63.0,1365.0
c-6701003285087,producto02,Vida grupo particular,F,PEN,1941-12-15,2021-05-07,2027-05-07,0.1,19.0,1850.0
c-6701003285134,producto02,Vida grupo particular,F,PEN,1970-11-15,2021-05-07,2025-05-07,0.1,107.0,2400.0
c-6701003285165,producto02,Vida grupo particular,F,PEN,1985-04-10,2021-05-07,2027-05-07,0.1,51.0,675.0
c-6701003285224,producto02,Vida grupo particular,F,PEN,1965-06-27,2021-05-07,2027-05-07,0.1,4.0,600.0
c-6701003285232,producto02,Vida grupo particular,F,PEN,1981-10-23,2021-05-07,2025-05-07,0.1,85.0,1100.0
c-6701003285241,producto02,Vida grupo particular,F,PEN,1955-03-18,2021-05-07,2025-05-07,0.1,20.0,3000.0
c-6701003285245,producto02,Vida grupo particular,F,PEN,1970-08-01,2021-05-07,2027-05-07,0.1,48.0,600.0
c-6701003285259,producto02,Vida grupo particular,F,PEN,1966-08-14,2021-05-07,2025-05-07,0.1,26.0,800.0
c-6701003285274,producto02,Vida grupo particular,F,PEN,1942-08-07,2021-05-07,2025-05-07,0.1,76.0,2000.0
c-6701003285277,producto02,Vida grupo particular,F,PEN,1967-07-27,2021-05-07,2027-05-07,0.1,219.0,3000.0
c-6701003285282,producto02,Vida grupo particular,F,PEN,1969-08-19,2021-05-07,2026-05-07,0.1,153.0,2000.1
c-6701003285285,producto02,Vida grupo particular,F,PEN,1989-07-28,2021-05-07,2025-05-07,0.1,72.0,1365.0
c-6701003285317,producto02,Vida grupo particular,F,PEN,1959-03-03,2021-05-07,2027-05-07,0.1,6.0,635.0
c-6701003285365,producto02,Vida grupo particular,F,PEN,1965-07-31,2021-05-07,2026-05-07,0.1,22.0,500.1
c-6701003285373,producto02,Vida grupo particular,F,PEN,1980-09-17,2021-05-07,2025-05-07,0.1,52.0,850.0
c-6701003285511,producto02,Vida grupo particular,F,PEN,1984-05-14,2021-05-07,2027-05-07,0.1,23.0,1075.0
c-6701003285578,producto02,Vida grupo particular,F,PEN,1964-02-22,2021-05-08,2025-05-08,0.1,74.0,1100.0
c-6701003285623,producto02,Vida grupo particular,F,PEN,1960-02-10,2021-05-08,2026-05-08,0.1,23.0,360.0
c-6701003285625,producto02,Vida grupo particular,F,PEN,1953-02-16,2021-05-08,2027-05-08,0.1,53.0,1850.0
c-6701003285631,producto02,Vida grupo particular,F,PEN,1963-10-14,2021-05-08,2026-05-08,0.1,77.0,1725.0
c-6701003285654,producto02,Vida grupo particular,F,PEN,1978-09-06,2021-05-08,2026-05-08,0.1,21.0,400.0
c-6701003285664,producto02,Vida grupo particular,F,PEN,1976-09-24,2021-05-08,2026-05-08,0.1,66.0,900.0
c-6701003285665,producto02,Vida grupo particular,F,PEN,1942-03-09,2021-05-08,2027-05-08,0.1,177.0,2400.0
c-6701003285728,producto02,Vida grupo particular,F,PEN,1959-06-09,2021-05-08,2027-05-08,0.1,6.0,569.996
c-6701003285782,producto02,Vida grupo particular,F,PEN,1956-10-12,2021-05-08,2026-05-08,0.1,24.0,400.0
c-6701003285834,producto02,Vida grupo particular,F,PEN,1982-06-12,2021-05-08,2026-05-08,0.1,117.0,1705.0
c-6701003285921,producto02,Vida grupo particular,F,PEN,1978-03-02,2021-05-08,2026-05-08,0.1,89.0,1050.0
c-6701003285922,producto02,Vida grupo particular,F,PEN,1978-03-27,2021-05-08,2025-05-08,0.1,54.0,1795.0
c-6701003285941,producto02,Vida grupo particular,F,PEN,1963-07-26,2021-05-08,2026-05-08,0.1,27.0,335.0
c-6701003285946,producto02,Vida grupo particular,F,PEN,1973-04-04,2021-05-08,2025-05-08,0.1,158.0,2500.0
c-6701003285949,producto02,Vida grupo particular,F,PEN,1986-12-14,2021-05-08,2027-06-08,0.1,25.0,1550.0
c-6701003285970,producto02,Vida grupo particular,F,PEN,1964-03-01,2021-05-10,2027-05-10,0.1,58.0,650.0
c-6701003286014,producto02,Vida grupo particular,F,PEN,1972-06-11,2021-05-10,2025-05-10,0.1,194.0,3000.0
c-6701003286059,producto02,Vida grupo particular,F,PEN,1961-01-04,2021-05-10,2027-05-10,0.1,50.0,1080.0
c-6701003286067,producto02,Vida grupo particular,F,PEN,1969-06-02,2021-05-10,2027-05-10,0.1,7.0,485.0
c-6701003286082,producto02,Vida grupo particular,F,PEN,1958-06-19,2021-05-10,2025-05-10,0.1,36.0,600.0
c-6701003286170,producto02,Vida grupo particular,F,PEN,1962-07-28,2021-05-10,2027-05-10,0.1,95.0,1350.0
c-6701003286178,producto02,Vida grupo particular,F,PEN,1965-07-14,2021-05-10,2025-05-10,0.1,38.0,1000.0
c-6701003286261,producto02,Vida grupo particular,F,PEN,1970-10-27,2021-05-10,2025-05-10,0.1,78.0,1000.0
c-6701003286312,producto02,Vida grupo particular,F,PEN,1994-06-19,2021-05-10,2025-05-10,0.1,84.0,1050.0
c-6701003286316,producto02,Vida grupo particular,F,PEN,1956-09-05,2021-05-10,2025-05-10,0.1,130.0,1895.0
c-6701003286327,producto02,Vida grupo particular,F,PEN,1964-06-09,2021-05-10,2025-05-10,0.1,110.0,2600.0
c-6701003286332,producto02,Vida grupo particular,F,PEN,1965-12-19,2021-05-10,2027-05-10,0.1,1.0,505.0
c-6701003286355,producto02,Vida grupo particular,F,PEN,1952-05-30,2021-05-10,2026-05-10,0.1,44.0,1850.0
c-6701003286376,producto02,Vida grupo particular,F,PEN,1970-07-14,2021-05-10,2027-05-10,0.1,45.0,1600.0
c-6701003286409,producto02,Vida grupo particular,F,PEN,1962-01-15,2021-05-10,2025-05-10,0.1,201.0,2600.0
c-6701003286443,producto02,Vida grupo particular,F,PEN,1955-05-04,2021-05-10,2025-11-10,0.1,138.0,1850.0
c-6701003286487,producto02,Vida grupo particular,F,PEN,1988-08-06,2021-05-10,2026-05-10,0.1,83.0,1365.0
c-6701003286503,producto02,Vida grupo particular,F,PEN,1968-01-18,2021-05-10,2026-05-10,0.1,36.0,735.0
c-6701003286513,producto02,Vida grupo particular,F,PEN,1975-05-16,2021-05-10,2025-05-10,0.1,15.0,560.0
c-6701003286531,producto02,Vida grupo particular,F,PEN,1961-06-12,2021-05-10,2027-05-10,0.1,3.0,650.0
c-6701003286532,producto02,Vida grupo particular,F,PEN,1971-12-29,2021-05-10,2026-05-10,0.1,121.0,2300.0
c-6701003286537,producto02,Vida grupo particular,F,PEN,1971-10-15,2021-05-10,2027-05-10,0.1,2.0,705.0
c-6701003286542,producto02,Vida grupo particular,F,PEN,1964-03-06,2021-05-10,2026-05-10,0.1,76.0,3000.0
c-6701003286594,producto02,Vida grupo particular,F,PEN,1976-09-29,2021-05-10,2025-05-10,0.1,22.0,650.0
c-6701003286606,producto02,Vida grupo particular,F,PEN,1972-05-10,2021-05-10,2027-05-10,0.1,66.0,1050.0
c-6701003286673,producto02,Vida grupo particular,F,PEN,1946-08-23,2021-05-11,2025-05-11,0.1,10.0,3000.0
c-6701003286746,producto02,Vida grupo particular,F,PEN,1972-04-10,2021-05-11,2027-05-11,0.1,47.0,1850.0
c-6701003286748,producto02,Vida grupo particular,F,PEN,1961-07-14,2021-05-11,2027-05-11,0.1,85.0,2465.0
c-6701003286786,producto02,Vida grupo particular,F,PEN,1988-04-23,2021-05-11,2025-05-11,0.1,49.0,650.0
c-6701003286787,producto02,Vida grupo particular,F,PEN,1968-12-06,2021-05-11,2025-05-11,0.1,34.0,1200.0
c-6701003286802,producto02,Vida grupo particular,F,PEN,1986-06-11,2021-05-11,2027-05-11,0.1,13.0,390.0
c-6701003286910,producto02,Vida grupo particular,F,PEN,1969-04-28,2021-05-11,2027-05-11,0.1,187.0,2800.0
c-6701003286928,producto02,Vida grupo particular,F,PEN,1964-10-22,2021-05-11,2026-05-11,0.1,53.0,1200.0
c-6701003286942,producto02,Vida grupo particular,F,PEN,1971-04-23,2021-05-11,2027-05-11,0.1,57.0,725.0
c-6701003286955,producto02,Vida grupo particular,F,PEN,1973-08-17,2021-05-11,2027-05-11,0.1,142.0,1600.0
c-6701003286957,producto02,Vida grupo particular,F,PEN,1972-06-02,2021-05-11,2026-05-11,0.1,50.0,1400.0
c-6701003286965,producto02,Vida grupo particular,F,PEN,1976-03-28,2021-05-11,2027-05-11,0.1,95.0,1850.0
c-6701003286968,producto02,Vida grupo particular,F,PEN,1963-01-21,2021-05-11,2026-05-11,0.1,140.0,3935.0
c-6701003286972,producto02,Vida grupo particular,F,PEN,1954-06-21,2021-05-11,2025-05-11,0.1,33.0,750.0
c-6701003287033,producto02,Vida grupo particular,F,PEN,1965-01-15,2021-05-11,2026-05-11,0.1,234.0,3000.0
c-6701003287041,producto02,Vida grupo particular,F,PEN,1963-06-12,2021-05-11,2027-05-11,0.1,192.0,3000.0
c-6701003287128,producto02,Vida grupo particular,F,PEN,1981-05-21,2021-05-11,2025-05-11,0.1,33.0,500.0
c-6701003287157,producto02,Vida grupo particular,F,PEN,1953-09-12,2021-05-11,2027-05-11,0.1,33.0,1100.1
c-6701003287259,producto02,Vida grupo particular,F,PEN,1994-08-28,2021-05-11,2027-05-11,0.1,28.0,650.0
c-6701003287287,producto02,Vida grupo particular,F,PEN,1946-04-15,2021-05-11,2027-05-11,0.1,50.0,670.0
c-6701003287289,producto02,Vida grupo particular,F,PEN,1947-05-21,2021-05-11,2025-05-11,0.1,259.0,3000.0
c-6701003287298,producto02,Vida grupo particular,F,PEN,1946-11-06,2021-05-12,2025-05-12,0.1,41.0,2200.0
c-6701003287321,producto02,Vida grupo particular,F,PEN,1967-01-19,2021-05-12,2026-05-12,0.1,60.0,1300.0
c-6701003287343,producto02,Vida grupo particular,F,PEN,1969-10-06,2021-05-12,2026-05-12,0.1,8.0,460.0
c-6701003287361,producto02,Vida grupo particular,F,PEN,1952-03-05,2021-05-12,2026-05-12,0.1,63.0,2000.0
c-6701003287519,producto02,Vida grupo particular,F,PEN,1955-03-06,2021-05-12,2025-05-12,0.1,8.0,650.0
c-6701003287593,producto02,Vida grupo particular,F,PEN,1969-03-02,2021-05-12,2025-05-12,0.1,36.0,400.0
c-6701003287598,producto02,Vida grupo particular,F,PEN,1980-01-05,2021-05-12,2027-05-12,0.1,31.0,1050.0
c-6701003287600,producto02,Vida grupo particular,F,PEN,1948-03-24,2021-05-12,2027-05-12,0.1,231.0,3000.0
c-6701003287620,producto02,Vida grupo particular,F,PEN,1970-11-24,2021-05-12,2026-05-12,0.1,26.0,400.0
c-6701003287683,producto02,Vida grupo particular,F,PEN,1964-01-31,2021-05-12,2025-05-12,0.1,50.0,2785.0
c-6701003287694,producto02,Vida grupo particular,F,PEN,1971-03-16,2021-05-12,2027-05-12,0.1,56.0,1329.9
c-6701003287758,producto02,Vida grupo particular,F,PEN,1968-10-30,2021-05-12,2025-05-12,0.1,14.0,900.0
c-6701003287761,producto02,Vida grupo particular,F,PEN,1955-10-29,2021-05-12,2025-05-12,0.1,32.0,400.0
c-6701003287821,producto02,Vida grupo particular,F,PEN,1968-03-01,2021-05-12,2027-05-12,0.1,40.0,1350.0
c-6701003287851,producto02,Vida grupo particular,F,PEN,1949-10-30,2021-05-13,2025-05-13,0.1,46.0,865.0
c-6701003287856,producto02,Vida grupo particular,F,PEN,1957-07-06,2021-05-13,2026-05-13,0.1,70.0,1350.0
c-6701003287857,producto02,Vida grupo particular,F,PEN,1979-06-15,2021-05-13,2026-05-13,0.1,76.0,1100.0
c-6701003287889,producto02,Vida grupo particular,F,PEN,1955-05-02,2021-05-13,2027-05-13,0.1,104.0,2120.0
c-6701003287898,producto02,Vida grupo particular,F,PEN,1965-10-11,2021-05-13,2025-05-13,0.1,5.0,950.0
c-6701003287945,producto02,Vida grupo particular,F,PEN,1943-12-01,2021-05-13,2027-05-13,0.1,72.0,1225.0
c-6701003287963,producto02,Vida grupo particular,F,PEN,1951-10-24,2021-05-13,2026-05-13,0.1,43.0,900.0
c-6701003287989,producto02,Vida grupo particular,F,PEN,1972-02-09,2021-05-13,2026-05-13,0.1,28.0,1700.0
c-6701003287995,producto02,Vida grupo particular,F,PEN,1985-08-31,2021-05-13,2025-05-13,0.1,19.0,1050.0
c-6701003288005,producto02,Vida grupo particular,F,PEN,1952-03-20,2021-05-13,2027-05-13,0.1,179.0,3000.0
c-6701003288049,producto02,Vida grupo particular,F,PEN,1974-08-12,2021-05-13,2026-05-13,0.1,23.0,2025.0
c-6701003288109,producto02,Vida grupo particular,F,PEN,1974-04-29,2021-05-13,2025-05-13,0.1,89.0,1500.0
c-6701003288129,producto02,Vida grupo particular,F,PEN,1954-12-05,2021-05-13,2025-05-13,0.1,107.0,1200.0
c-6701003288136,producto02,Vida grupo particular,F,PEN,1956-11-04,2021-05-13,2025-05-13,0.1,22.0,1995.0
c-6701003288161,producto02,Vida grupo particular,F,PEN,1940-09-06,2021-05-13,2027-05-13,0.1,55.0,900.0
c-6701003288165,producto02,Vida grupo particular,F,PEN,1975-01-31,2021-05-13,2025-05-13,0.1,33.0,650.0
c-6701003288182,producto02,Vida grupo particular,F,PEN,1960-04-30,2021-05-13,2025-05-13,0.1,15.0,1050.0
c-6701003288206,producto02,Vida grupo particular,F,PEN,1953-01-25,2021-05-13,2027-05-13,0.1,31.0,600.0
c-6701003288227,producto02,Vida grupo particular,F,PEN,1989-07-15,2021-05-13,2027-05-13,0.1,40.0,720.0
c-6701003288341,producto02,Vida grupo particular,F,PEN,1971-06-13,2021-05-13,2027-05-13,0.1,19.0,2110.0
c-6701003288376,producto02,Vida grupo particular,F,PEN,1945-11-11,2021-05-14,2027-05-14,0.1,73.0,2940.0
c-6701003288393,producto02,Vida grupo particular,F,PEN,1970-03-08,2021-05-14,2027-05-14,0.1,64.0,1050.0
c-6701003288438,producto02,Vida grupo particular,F,PEN,1950-11-20,2021-05-14,2025-05-14,0.1,53.0,650.0
c-6701003288442,producto02,Vida grupo particular,F,PEN,1962-07-24,2021-05-14,2027-05-14,0.1,20.0,325.0
c-6701003288472,producto02,Vida grupo particular,F,PEN,1979-04-07,2021-05-14,2027-05-14,0.1,25.0,1050.0
c-6701003288490,producto02,Vida grupo particular,F,PEN,1940-09-15,2021-05-14,2025-05-14,0.1,14.0,280.0
c-6701003288515,producto02,Vida grupo particular,F,PEN,1969-02-12,2021-05-14,2025-05-14,0.1,39.0,1850.0
c-6701003288538,producto02,Vida grupo particular,F,PEN,1959-05-13,2021-05-14,2025-05-14,0.1,42.0,500.0
c-6701003288542,producto02,Vida grupo particular,F,PEN,1951-05-08,2021-05-14,2027-05-14,0.1,10.0,200.0
c-6701003288552,producto02,Vida grupo particular,F,PEN,1976-05-27,2021-05-14,2025-05-14,0.1,56.0,750.0
c-6701003288636,producto02,Vida grupo particular,F,PEN,1989-06-05,2021-05-14,2026-05-14,0.1,55.0,1800.0
c-6701003288687,producto02,Vida grupo particular,F,PEN,1963-12-20,2021-05-14,2027-05-14,0.1,50.0,1050.0
c-6701003288712,producto02,Vida grupo particular,F,PEN,1980-08-30,2021-05-14,2027-05-14,0.1,22.0,1250.0
c-6701003288736,producto02,Vida grupo particular,F,PEN,1945-01-02,2021-05-14,2025-05-14,0.1,152.0,2025.0
c-6701003288761,producto02,Vida grupo particular,F,PEN,1962-10-20,2021-05-14,2026-05-14,0.1,155.0,2550.0
c-6701003288807,producto02,Vida grupo particular,F,PEN,1969-07-04,2021-05-14,2027-05-14,0.1,21.0,605.0
c-6701003288852,producto02,Vida grupo particular,F,PEN,1972-04-10,2021-05-14,2027-05-14,0.1,84.0,1100.0
c-6701003288874,producto02,Vida grupo particular,F,PEN,1976-05-27,2021-05-14,2025-05-14,0.1,37.0,1350.0
c-6701003288888,producto02,Vida grupo particular,F,PEN,1978-09-18,2021-05-14,2027-05-14,0.1,3.0,1250.0
c-6701003288898,producto02,Vida grupo particular,F,PEN,1989-01-11,2021-05-14,2025-05-14,0.1,70.0,1100.0
c-6701003288904,producto02,Vida grupo particular,F,PEN,1967-04-08,2021-05-14,2026-05-14,0.1,6.0,650.0
c-6701003288906,producto02,Vida grupo particular,F,PEN,1988-05-31,2021-05-14,2024-11-14,0.1,19.0,1040.0
c-6701003288936,producto02,Vida grupo particular,F,PEN,1951-12-03,2021-05-14,2027-05-14,0.1,59.0,900.0
c-6701003288955,producto02,Vida grupo particular,F,PEN,1972-10-30,2021-05-15,2027-05-15,0.1,25.0,1200.0
c-6701003288960,producto02,Vida grupo particular,F,PEN,1971-05-13,2021-05-15,2026-05-15,0.1,50.0,800.0
c-6701003289010,producto02,Vida grupo particular,F,PEN,1992-07-18,2021-05-15,2027-05-15,0.1,23.0,300.1
c-6701003289016,producto02,Vida grupo particular,F,PEN,1946-11-03,2021-05-15,2025-05-15,0.1,124.0,1750.0
c-6701003289027,producto02,Vida grupo particular,F,PEN,1961-01-31,2021-05-15,2026-01-15,0.1,26.0,400.0
c-6701003289047,producto02,Vida grupo particular,F,PEN,1964-03-18,2021-05-15,2025-05-15,0.1,119.0,1650.0
c-6701003289092,producto02,Vida grupo particular,F,PEN,1940-08-10,2021-05-15,2025-06-15,0.1,172.0,2000.0
c-6701003289130,producto02,Vida grupo particular,F,PEN,1988-01-12,2021-05-15,2027-05-15,0.1,89.0,1050.0
c-6701003289135,producto02,Vida grupo particular,F,PEN,1993-06-15,2021-05-15,2025-05-15,0.1,58.0,1250.0
c-6701003289149,producto02,Vida grupo particular,F,PEN,1966-05-05,2021-05-15,2027-05-15,0.1,29.0,1700.0
c-6701003289153,producto02,Vida grupo particular,F,PEN,1988-12-09,2021-05-15,2027-05-15,0.1,57.0,950.0
c-6701003289175,producto02,Vida grupo particular,F,PEN,1984-04-01,2021-05-15,2025-05-15,0.1,28.0,800.0
c-6701003289185,producto02,Vida grupo particular,F,PEN,1942-08-08,2021-05-15,2025-05-15,0.1,13.0,1100.0
c-6701003289203,producto02,Vida grupo particular,F,PEN,1956-11-21,2021-05-15,2026-08-15,0.1,3.0,1560.0
c-6701003289208,producto02,Vida grupo particular,F,PEN,1948-10-16,2021-05-15,2027-05-15,0.1,70.0,3000.0
c-6701003289218,producto02,Vida grupo particular,F,PEN,1971-06-27,2021-05-15,2027-05-15,0.1,37.0,1100.0
c-6701003289235,producto02,Vida grupo particular,F,PEN,1984-10-05,2021-05-15,2026-05-15,0.1,70.0,1050.0
c-6701003289247,producto02,Vida grupo particular,F,PEN,1954-08-15,2021-05-15,2027-05-15,0.1,4.0,430.0
c-6701003289277,producto02,Vida grupo particular,F,PEN,1977-08-30,2021-05-15,2027-05-15,0.1,10.0,1035.0
c-6701003289304,producto02,Vida grupo particular,F,PEN,1951-04-16,2021-05-17,2027-05-17,0.1,113.0,1850.0
c-6701003289316,producto02,Vida grupo particular,F,PEN,1956-04-22,2021-05-17,2027-05-17,0.1,71.0,1350.0
c-6701003289334,producto02,Vida grupo particular,F,PEN,1966-12-27,2021-05-17,2026-05-17,0.1,44.0,500.0
c-6701003289346,producto02,Vida grupo particular,F,PEN,1948-08-06,2021-05-17,2027-05-17,0.1,8.0,460.0
c-6701003289379,producto02,Vida grupo particular,F,PEN,1979-06-02,2021-05-17,2026-05-17,0.1,84.0,1100.1
c-6701003289416,producto02,Vida grupo particular,F,PEN,1967-07-01,2021-05-17,2027-05-17,0.1,247.0,3000.0
c-6701003289432,producto02,Vida grupo particular,F,PEN,1941-08-06,2021-05-17,2025-06-17,0.1,76.0,1445.0
c-6701003289441,producto02,Vida grupo particular,F,PEN,1944-08-20,2021-05-17,2026-05-17,0.1,53.0,1250.0
c-6701003289444,producto02,Vida grupo particular,F,PEN,1950-03-15,2021-05-17,2026-05-17,0.1,20.0,800.0
c-6701003289559,producto02,Vida grupo particular,F,PEN,1944-05-24,2021-05-17,2027-05-17,0.1,45.0,1200.0
c-6701003289600,producto02,Vida grupo particular,F,PEN,1970-06-26,2021-05-17,2027-05-17,0.1,5.0,900.0
c-6701003289604,producto02,Vida grupo particular,F,PEN,1961-07-14,2021-05-17,2026-05-17,0.1,8.0,900.0
c-6701003289659,producto02,Vida grupo particular,F,PEN,1979-02-10,2021-05-17,2025-05-17,0.1,44.0,1790.0
c-6701003289678,producto02,Vida grupo particular,F,PEN,1951-12-21,2021-05-17,2027-05-17,0.1,28.0,395.0
c-6701003289684,producto02,Vida grupo particular,F,PEN,1950-07-05,2021-05-17,2025-05-17,0.1,104.0,1650.0
c-6701003289694,producto02,Vida grupo particular,F,PEN,1970-09-17,2021-05-17,2027-05-17,0.1,72.0,900.0
c-6701003289716,producto02,Vida grupo particular,F,PEN,1962-08-02,2021-05-17,2027-04-17,0.1,23.0,1015.0
c-6701003289723,producto02,Vida grupo particular,F,PEN,1987-07-28,2021-05-17,2026-05-17,0.1,5.0,1000.0
c-6701003289743,producto02,Vida grupo particular,F,PEN,1970-01-18,2021-05-17,2027-05-17,0.1,124.0,3000.0
c-6701003289762,producto02,Vida grupo particular,F,PEN,1986-10-26,2021-05-17,2025-05-17,0.1,92.0,1250.0
c-6701003289769,producto02,Vida grupo particular,F,PEN,1987-10-26,2021-05-17,2027-05-17,0.1,22.0,455.0
c-6701003289823,producto02,Vida grupo particular,F,PEN,1959-01-13,2021-05-17,2027-05-17,0.1,21.0,700.0
c-6701003289855,producto02,Vida grupo particular,F,PEN,1961-03-05,2021-05-17,2026-05-17,0.1,214.0,2600.0
c-6701003289882,producto02,Vida grupo particular,F,PEN,1966-11-24,2021-05-17,2025-05-17,0.1,53.0,1350.0
c-6701003289993,producto02,Vida grupo particular,F,PEN,1968-03-18,2021-05-18,2025-05-18,0.1,28.0,500.0
c-6701003290054,producto02,Vida grupo particular,F,PEN,1948-11-22,2021-05-18,2026-05-18,0.1,51.0,600.0
c-6701003290056,producto02,Vida grupo particular,F,PEN,1947-08-12,2021-05-18,2026-05-18,0.1,33.0,3000.0
c-6701003290092,producto02,Vida grupo particular,F,PEN,1973-11-30,2021-05-18,2025-05-18,0.1,47.0,1700.0
c-6701003290115,producto02,Vida grupo particular,F,PEN,1959-10-03,2021-05-18,2026-05-18,0.1,207.0,3000.0
c-6701003290168,producto02,Vida grupo particular,F,PEN,1947-06-16,2021-05-18,2027-05-18,0.1,180.0,2500.0
c-6701003290176,producto02,Vida grupo particular,F,PEN,1976-10-21,2021-05-18,2025-05-18,0.1,131.0,2000.0
c-6701003290184,producto02,Vida grupo particular,F,PEN,1976-08-31,2021-05-18,2025-05-18,0.1,208.0,2650.0
c-6701003290213,producto02,Vida grupo particular,F,PEN,1956-05-19,2021-05-18,2027-05-18,0.1,48.0,1000.0
c-6701003290220,producto02,Vida grupo particular,F,PEN,1959-11-11,2021-05-18,2025-05-18,0.1,54.0,600.0
c-6701003290232,producto02,Vida grupo particular,F,PEN,1941-06-18,2021-05-18,2027-05-18,0.1,155.0,1850.0
c-6701003290303,producto02,Vida grupo particular,F,PEN,1966-07-29,2021-05-18,2026-05-18,0.1,7.0,1050.0
c-6701003290364,producto02,Vida grupo particular,F,PEN,1987-01-23,2021-05-18,2025-05-18,0.1,25.0,1100.0
c-6701003290442,producto02,Vida grupo particular,F,PEN,1967-05-07,2021-05-19,2026-05-19,0.1,34.0,600.0
c-6701003290473,producto02,Vida grupo particular,F,PEN,1961-04-30,2021-05-19,2026-05-19,0.1,61.0,1050.0
c-6701003290481,producto02,Vida grupo particular,F,PEN,1964-03-21,2021-05-19,2025-05-19,0.1,44.0,1910.0
c-6701003290502,producto02,Vida grupo particular,F,PEN,1985-01-11,2021-05-19,2026-05-19,0.1,31.0,1000.0
c-6701003290512,producto02,Vida grupo particular,F,PEN,1941-12-12,2021-05-19,2025-05-19,0.1,35.0,2415.0
c-6701003290517,producto02,Vida grupo particular,F,PEN,1981-10-08,2021-05-19,2027-05-19,0.1,252.0,2800.0
c-6701003290548,producto02,Vida grupo particular,F,PEN,1945-08-10,2021-05-19,2027-05-19,0.1,166.0,3000.0
c-6701003290573,producto02,Vida grupo particular,F,PEN,1972-08-22,2021-05-19,2027-05-19,0.1,147.0,1755.0
c-6701003290592,producto02,Vida grupo particular,F,PEN,1964-11-03,2021-05-19,2025-05-19,0.1,23.0,400.0
c-6701003290595,producto02,Vida grupo particular,F,PEN,1969-12-02,2021-05-19,2025-05-19,0.1,73.0,1600.0
c-6701003290610,producto02,Vida grupo particular,F,PEN,1971-03-20,2021-05-19,2027-05-19,0.1,7.0,854.99
c-6701003290629,producto02,Vida grupo particular,F,PEN,1949-11-23,2021-05-19,2027-05-19,0.1,22.0,900.0
c-6701003290694,producto02,Vida grupo particular,F,PEN,1956-10-07,2021-05-19,2025-05-19,0.1,28.0,400.0
c-6701003290700,producto02,Vida grupo particular,F,PEN,1943-01-13,2021-05-19,2027-05-19,0.1,2.0,2800.0
c-6701003290828,producto02,Vida grupo particular,F,PEN,1970-01-18,2021-05-19,2026-05-19,0.1,16.0,600.0
c-6701003290897,producto02,Vida grupo particular,F,PEN,1986-02-12,2021-05-19,2025-05-19,0.1,67.0,800.0
c-6701003290936,producto02,Vida grupo particular,F,PEN,1970-07-04,2021-05-20,2025-05-20,0.1,36.0,1850.0
c-6701003290942,producto02,Vida grupo particular,F,PEN,1963-03-21,2021-05-20,2027-05-20,0.1,10.0,250.0
c-6701003290997,producto02,Vida grupo particular,F,PEN,1967-01-13,2021-05-20,2025-05-20,0.1,14.0,500.0
c-6701003291009,producto02,Vida grupo particular,F,PEN,1987-10-03,2021-05-20,2025-05-20,0.1,54.0,785.0
c-6701003291026,producto02,Vida grupo particular,F,PEN,1976-04-10,2021-05-20,2025-05-20,0.1,48.0,1050.0
c-6701003291030,producto02,Vida grupo particular,F,PEN,1970-05-06,2021-05-20,2026-05-20,0.1,132.0,1850.0
c-6701003291035,producto02,Vida grupo particular,F,PEN,1973-07-04,2021-05-20,2025-05-20,0.1,37.0,1930.0
c-6701003291059,producto02,Vida grupo particular,F,PEN,1968-12-13,2021-05-20,2027-05-20,0.1,40.0,685.0
c-6701003291073,producto02,Vida grupo particular,F,PEN,1954-07-29,2021-05-20,2027-05-20,0.1,167.0,3000.0
c-6701003291083,producto02,Vida grupo particular,F,PEN,1968-08-03,2021-05-20,2027-05-20,0.1,35.0,435.0
c-6701003291115,producto02,Vida grupo particular,F,PEN,1953-10-08,2021-05-20,2027-05-20,0.1,141.0,1850.0
c-6701003291162,producto02,Vida grupo particular,F,PEN,1959-05-13,2021-05-20,2027-06-20,0.1,96.0,1200.0
c-6701003291166,producto02,Vida grupo particular,F,PEN,1977-01-09,2021-05-20,2025-05-20,0.1,5.0,650.0
c-6701003291222,producto02,Vida grupo particular,F,PEN,1941-07-27,2021-05-20,2027-05-20,0.1,90.0,2490.0
c-6701003291239,producto02,Vida grupo particular,F,PEN,1962-11-02,2021-05-20,2027-05-20,0.1,153.0,2150.0
c-6701003291244,producto02,Vida grupo particular,F,PEN,1969-05-01,2021-05-20,2025-05-20,0.1,285.0,3845.0
c-6701003291260,producto02,Vida grupo particular,F,PEN,1982-07-21,2021-05-20,2025-05-20,0.1,18.0,1100.0
c-6701003291284,producto02,Vida grupo particular,F,PEN,1953-10-12,2021-05-20,2025-05-20,0.1,6.0,600.0
c-6701003291300,producto02,Vida grupo particular,F,PEN,1974-02-25,2021-05-20,2027-05-20,0.1,65.0,1100.0
c-6701003291343,producto02,Vida grupo particular,F,PEN,1981-09-25,2021-05-20,2025-05-20,0.1,28.0,1350.0
c-6701003291349,producto02,Vida grupo particular,F,PEN,1968-04-12,2021-05-20,2025-05-20,0.1,182.0,3000.0
c-6701003291350,producto02,Vida grupo particular,F,PEN,1983-01-22,2021-05-20,2026-05-20,0.1,8.0,400.0
c-6701003291400,producto02,Vida grupo particular,F,PEN,1972-06-05,2021-05-20,2026-05-20,0.1,25.0,355.0
c-6701003291401,producto02,Vida grupo particular,F,PEN,1958-11-20,2021-05-20,2025-05-20,0.1,35.0,500.0
c-6701003291404,producto02,Vida grupo particular,F,PEN,1980-11-13,2021-05-20,2026-05-20,0.1,6.0,800.0
c-6701003291447,producto02,Vida grupo particular,F,PEN,1970-09-22,2021-05-20,2026-05-20,0.1,63.0,800.0
c-6701003291473,producto02,Vida grupo particular,F,PEN,1950-09-18,2021-05-21,2026-05-21,0.1,13.0,1890.0
c-6701003291477,producto02,Vida grupo particular,F,PEN,1953-12-24,2021-05-21,2027-05-21,0.1,51.0,1510.0
c-6701003291505,producto02,Vida grupo particular,F,PEN,1967-09-30,2021-05-21,2025-05-21,0.1,19.0,650.0
c-6701003291517,producto02,Vida grupo particular,F,PEN,1954-07-05,2021-05-21,2025-05-21,0.1,59.0,840.0
c-6701003291519,producto02,Vida grupo particular,F,PEN,1942-08-27,2021-05-21,2026-05-21,0.1,108.0,1850.0
c-6701003291524,producto02,Vida grupo particular,F,PEN,1959-06-20,2021-05-21,2027-05-21,0.1,33.0,1500.0
c-6701003291529,producto02,Vida grupo particular,F,PEN,1962-01-07,2021-05-21,2027-05-21,0.1,39.0,605.0
c-6701003291560,producto02,Vida grupo particular,F,PEN,1974-12-16,2021-05-21,2025-05-21,0.1,95.0,1215.0
c-6701003291593,producto02,Vida grupo particular,F,PEN,1947-02-06,2021-05-21,2027-05-21,0.1,71.0,1100.0
c-6701003291633,producto02,Vida grupo particular,F,PEN,1960-01-04,2021-05-21,2025-05-21,0.1,100.0,1850.0
c-6701003291638,producto02,Vida grupo particular,F,PEN,1955-07-29,2021-05-21,2027-05-21,0.1,29.0,395.0
c-6701003291678,producto02,Vida grupo particular,F,PEN,1955-04-25,2021-05-21,2026-05-21,0.1,137.0,1850.0
c-6701003291716,producto02,Vida grupo particular,F,PEN,1946-05-24,2021-05-21,2027-05-21,0.1,5.0,365.0
c-6701003291743,producto02,Vida grupo particular,F,PEN,1978-03-14,2021-05-21,2025-05-21,0.1,27.0,500.1
c-6701003291753,producto02,Vida grupo particular,F,PEN,1944-10-29,2021-05-21,2027-05-21,0.1,155.0,3170.0
c-6701003291796,producto02,Vida grupo particular,F,PEN,1965-07-24,2021-05-21,2025-05-21,0.1,8.0,900.0
c-6701003291991,producto02,Vida grupo particular,F,PEN,1979-07-16,2021-05-22,2027-05-22,0.1,4.0,500.0
c-6701003292001,producto02,Vida grupo particular,F,PEN,1964-11-20,2021-05-22,2025-06-22,0.1,22.0,1300.0
c-6701003292030,producto02,Vida grupo particular,F,PEN,1951-08-30,2021-05-22,2027-05-22,0.1,71.0,990.0
c-6701003292120,producto02,Vida grupo particular,F,PEN,1993-07-15,2021-05-22,2027-03-22,0.1,26.0,570.0
c-6701003292138,producto02,Vida grupo particular,F,PEN,1964-10-18,2021-05-22,2027-05-22,0.1,53.0,3485.0
c-6701003292151,producto02,Vida grupo particular,F,PEN,1982-10-11,2021-05-22,2027-05-22,0.1,4.0,1000.0
c-6701003292168,producto02,Vida grupo particular,F,PEN,1994-08-22,2021-05-22,2026-05-22,0.1,22.0,1050.0
c-6701003292197,producto02,Vida grupo particular,F,PEN,1963-11-06,2021-05-22,2027-05-22,0.1,65.0,3000.0
c-6701003292217,producto02,Vida grupo particular,F,PEN,1961-01-21,2021-05-22,2027-04-22,0.1,82.0,2000.0
c-6701003292259,producto02,Vida grupo particular,F,PEN,1963-08-12,2021-05-24,2026-05-24,0.1,81.0,2710.0
c-6701003292275,producto02,Vida grupo particular,F,PEN,1950-07-16,2021-05-24,2027-05-24,0.1,229.0,3000.0
c-6701003292304,producto02,Vida grupo particular,F,PEN,1983-05-05,2021-05-24,2026-05-24,0.1,93.0,1100.0
c-6701003292306,producto02,Vida grupo particular,F,PEN,1974-04-30,2021-05-24,2025-05-24,0.1,16.0,500.0
c-6701003292356,producto02,Vida grupo particular,F,PEN,1970-10-23,2021-05-24,2027-05-24,0.1,19.0,410.0
c-6701003292365,producto02,Vida grupo particular,F,PEN,1953-12-01,2021-05-24,2026-05-24,0.1,7.0,500.0
c-6701003292386,producto02,Vida grupo particular,F,PEN,1966-03-01,2021-05-24,2027-05-24,0.1,25.0,435.0
c-6701003292418,producto02,Vida grupo particular,F,PEN,1973-06-01,2021-05-24,2027-05-24,0.1,110.0,1370.0
c-6701003292453,producto02,Vida grupo particular,F,PEN,1963-04-08,2021-05-24,2027-05-24,0.1,190.0,2508.0
c-6701003292476,producto02,Vida grupo particular,F,PEN,1966-02-16,2021-05-24,2026-05-24,0.1,93.0,1050.0
c-6701003292478,producto02,Vida grupo particular,F,PEN,1947-06-12,2021-05-24,2026-05-24,0.1,13.0,200.0
c-6701003292479,producto02,Vida grupo particular,F,PEN,1960-02-01,2021-05-24,2026-05-24,0.1,71.0,1050.0
c-6701003292483,producto02,Vida grupo particular,F,PEN,1954-06-29,2021-05-24,2027-05-24,0.1,78.0,1150.0
c-6701003292484,producto02,Vida grupo particular,F,PEN,1956-12-24,2021-05-24,2027-05-24,0.1,66.0,1405.0
c-6701003292487,producto02,Vida grupo particular,F,PEN,1959-03-14,2021-05-24,2025-05-24,0.1,5.0,800.0
c-6701003292528,producto02,Vida grupo particular,F,PEN,1943-03-17,2021-05-24,2025-05-24,0.1,96.0,3000.0
c-6701003292628,producto02,Vida grupo particular,F,PEN,1942-06-01,2021-05-24,2025-05-24,0.1,67.0,2500.0
c-6701003292651,producto02,Vida grupo particular,F,PEN,1962-06-24,2021-05-24,2025-05-24,0.1,63.0,800.0
c-6701003292671,producto02,Vida grupo particular,F,PEN,1958-06-14,2021-05-24,2025-05-24,0.1,9.0,1050.0
c-6701003292785,producto02,Vida grupo particular,F,PEN,1971-08-20,2021-05-24,2027-05-24,0.1,24.0,350.0
c-6701003292824,producto02,Vida grupo particular,F,PEN,1973-08-20,2021-05-25,2025-05-25,0.1,1.0,600.0
c-6701003292865,producto02,Vida grupo particular,F,PEN,1986-04-14,2021-05-25,2025-05-25,0.1,6.0,950.0
c-6701003292878,producto02,Vida grupo particular,F,PEN,1969-11-26,2021-05-25,2025-05-25,0.1,55.0,650.0
c-6701003292919,producto02,Vida grupo particular,F,PEN,1966-06-24,2021-05-25,2027-05-25,0.1,18.0,400.0
c-6701003292934,producto02,Vida grupo particular,F,PEN,1972-03-23,2021-05-25,2027-05-25,0.1,75.0,1250.0
c-6701003292941,producto02,Vida grupo particular,F,PEN,1979-01-29,2021-05-25,2025-05-25,0.1,130.0,1590.0
c-6701003292943,producto02,Vida grupo particular,F,PEN,1975-12-08,2021-05-25,2027-05-25,0.1,19.0,505.0
c-6701003292964,producto02,Vida grupo particular,F,PEN,1966-11-23,2021-05-25,2027-05-25,0.1,29.0,450.0
c-6701003292967,producto02,Vida grupo particular,F,PEN,1957-10-08,2021-05-25,2027-05-25,0.1,67.0,1050.0
c-6701003293021,producto02,Vida grupo particular,F,PEN,1982-10-19,2021-05-25,2026-05-25,0.1,12.0,1050.0
c-6701003293063,producto02,Vida grupo particular,F,PEN,1988-03-01,2021-05-25,2027-05-25,0.1,47.0,950.0
c-6701003293068,producto02,Vida grupo particular,F,PEN,1964-11-28,2021-05-25,2025-05-25,0.1,4.0,300.1
c-6701003293145,producto02,Vida grupo particular,F,PEN,1954-12-24,2021-05-25,2027-05-25,0.1,30.0,360.0
c-6701003293164,producto02,Vida grupo particular,F,PEN,1982-03-23,2021-05-25,2025-05-25,0.1,68.0,950.0
c-6701003293181,producto02,Vida grupo particular,F,PEN,1975-09-16,2021-05-25,2024-12-25,0.1,11.0,500.0
c-6701003293187,producto02,Vida grupo particular,F,PEN,1985-09-10,2021-05-25,2025-05-25,0.1,8.0,950.0
c-6701003293214,producto02,Vida grupo particular,F,PEN,1971-04-28,2021-05-25,2027-05-25,0.1,105.0,1895.0
c-6701003293219,producto02,Vida grupo particular,F,PEN,1970-12-17,2021-05-25,2027-05-25,0.1,218.0,2855.0
c-6701003293227,producto02,Vida grupo particular,F,PEN,1982-03-16,2021-05-25,2027-05-25,0.1,16.0,340.0
c-6701003293270,producto02,Vida grupo particular,F,PEN,1990-05-22,2021-05-25,2025-07-25,0.1,90.0,1365.0
c-6701003293331,producto02,Vida grupo particular,F,PEN,1953-01-11,2021-05-26,2026-05-26,0.1,9.0,1100.0
c-6701003293338,producto02,Vida grupo particular,F,PEN,1962-12-24,2021-05-26,2025-07-26,0.1,57.0,1100.0
c-6701003293363,producto02,Vida grupo particular,F,PEN,1946-11-12,2021-05-26,2025-05-26,0.1,149.0,3135.0
c-6701003293391,producto02,Vida grupo particular,F,PEN,1971-04-11,2021-05-26,2025-05-26,0.1,16.0,1350.0
c-6701003293392,producto02,Vida grupo particular,F,PEN,1988-05-13,2021-05-26,2025-05-26,0.1,67.0,770.0
c-6701003293413,producto02,Vida grupo particular,F,PEN,1965-11-01,2021-05-26,2025-05-26,0.1,192.0,3000.0
c-6701003293473,producto02,Vida grupo particular,F,PEN,1961-07-18,2021-05-26,2027-05-26,0.1,14.0,200.0
c-6701003293475,producto02,Vida grupo particular,F,PEN,1961-06-19,2021-05-26,2025-05-26,0.1,32.0,600.0
c-6701003293487,producto02,Vida grupo particular,F,PEN,1940-07-27,2021-05-26,2025-05-26,0.1,95.0,1850.0
c-6701003293493,producto02,Vida grupo particular,F,PEN,1961-11-27,2021-05-26,2025-05-26,0.1,199.0,3845.0
c-6701003293509,producto02,Vida grupo particular,F,PEN,1958-10-13,2021-05-26,2025-05-26,0.1,82.0,1060.0
c-6701003293515,producto02,Vida grupo particular,F,PEN,1978-03-12,2021-05-26,2026-05-26,0.1,112.0,2110.0
c-6701003293523,producto02,Vida grupo particular,F,PEN,1982-09-26,2021-05-26,2027-05-26,0.1,6.0,1095.0
c-6701003293542,producto02,Vida grupo particular,F,PEN,1991-07-20,2021-05-26,2025-05-26,0.1,28.0,400.0
c-6701003293543,producto02,Vida grupo particular,F,PEN,1948-11-15,2021-05-26,2027-05-26,0.1,109.0,3000.0
c-6701003293577,producto02,Vida grupo particular,F,PEN,1975-03-29,2021-05-26,2025-07-26,0.1,17.0,225.0
c-6701003293592,producto02,Vida grupo particular,F,PEN,1961-02-18,2021-05-26,2025-05-26,0.1,11.0,150.0
c-6701003293601,producto02,Vida grupo particular,F,PEN,1976-03-28,2021-05-26,2026-03-26,0.1,42.0,475.0
c-6701003293626,producto02,Vida grupo particular,F,PEN,1955-03-12,2021-05-26,2027-05-26,0.1,24.0,350.0
c-6701003293635,producto02,Vida grupo particular,F,PEN,1987-05-02,2021-05-26,2027-05-26,0.1,8.0,1000.0
c-6701003293642,producto02,Vida grupo particular,F,PEN,1958-05-17,2021-05-26,2027-05-26,0.1,37.0,600.0
c-6701003293688,producto02,Vida grupo particular,F,PEN,1989-12-18,2021-05-26,2025-05-26,0.1,27.0,950.0
c-6701003293706,producto02,Vida grupo particular,F,PEN,1954-05-13,2021-05-26,2026-05-26,0.1,26.0,600.0
c-6701003293708,producto02,Vida grupo particular,F,PEN,1963-02-15,2021-05-26,2027-05-26,0.1,41.0,2900.0
c-6701003293711,producto02,Vida grupo particular,F,PEN,1956-05-05,2021-05-26,2026-05-26,0.1,2.0,635.0
c-6701003293715,producto02,Vida grupo particular,F,PEN,1954-03-22,2021-05-26,2025-05-26,0.1,97.0,2800.0
c-6701003293716,producto02,Vida grupo particular,F,PEN,1951-05-02,2021-05-26,2025-05-26,0.1,78.0,1000.0
c-6701003293723,producto02,Vida grupo particular,F,PEN,1978-07-29,2021-05-26,2025-05-26,0.1,4.0,700.0
c-6701003293726,producto02,Vida grupo particular,F,PEN,1972-03-21,2021-05-26,2025-05-26,0.1,22.0,400.0
c-6701003293731,producto02,Vida grupo particular,F,PEN,1948-06-27,2021-05-26,2026-05-26,0.1,22.0,2820.0
c-6701003293740,producto02,Vida grupo particular,F,PEN,1989-01-22,2021-05-26,2026-05-26,0.1,71.0,1050.0
c-6701003293750,producto02,Vida grupo particular,F,PEN,1958-02-21,2021-05-27,2026-05-27,0.1,35.0,700.0
c-6701003293769,producto02,Vida grupo particular,F,PEN,1961-08-01,2021-05-27,2025-05-27,0.1,26.0,800.0
c-6701003293802,producto02,Vida grupo particular,F,PEN,1968-11-29,2021-05-27,2027-05-27,0.1,54.0,1350.0
c-6701003293810,producto02,Vida grupo particular,F,PEN,1947-07-23,2021-05-27,2025-05-27,0.1,207.0,2820.0
c-6701003293822,producto02,Vida grupo particular,F,PEN,1965-05-15,2021-05-27,2027-05-27,0.1,42.0,1050.0
c-6701003293840,producto02,Vida grupo particular,F,PEN,1962-03-24,2021-05-27,2026-05-27,0.1,50.0,900.0
c-6701003293866,producto02,Vida grupo particular,F,PEN,1952-06-22,2021-05-27,2025-05-27,0.1,123.0,2180.0
c-6701003293887,producto02,Vida grupo particular,F,PEN,1964-03-07,2021-05-27,2025-05-27,0.1,71.0,2185.0
c-6701003293889,producto02,Vida grupo particular,F,PEN,1953-02-28,2021-05-27,2027-05-27,0.1,231.0,2960.0
c-6701003293893,producto02,Vida grupo particular,F,PEN,1975-03-30,2021-05-27,2027-05-27,0.1,14.0,430.0
c-6701003293909,producto02,Vida grupo particular,F,PEN,1944-06-01,2021-05-27,2026-05-27,0.1,27.0,1250.0
c-6701003293931,producto02,Vida grupo particular,F,PEN,1969-02-13,2021-05-27,2025-05-27,0.1,16.0,800.0
c-6701003293956,producto02,Vida grupo particular,F,PEN,1982-04-16,2021-05-27,2025-05-27,0.1,42.0,1650.0
c-6701003293963,producto02,Vida grupo particular,F,PEN,1972-01-30,2021-05-27,2025-05-27,0.1,29.0,600.0
c-6701003294009,producto02,Vida grupo particular,F,PEN,1996-10-02,2021-05-27,2027-05-27,0.1,3.0,375.0
c-6701003294053,producto02,Vida grupo particular,F,PEN,1955-04-25,2021-05-27,2027-05-27,0.1,1.0,1670.0
c-6701003294180,producto02,Vida grupo particular,F,PEN,1965-03-25,2021-05-27,2026-05-27,0.1,48.0,2100.0
c-6701003294239,producto02,Vida grupo particular,F,PEN,1955-12-28,2021-05-28,2025-05-28,0.1,4.0,3000.0
c-6701003294243,producto02,Vida grupo particular,F,PEN,1993-12-28,2021-05-28,2027-05-28,0.1,99.0,1100.0
c-6701003294275,producto02,Vida grupo particular,F,PEN,1965-01-16,2021-05-28,2027-05-28,0.1,72.0,800.0
c-6701003294295,producto02,Vida grupo particular,F,PEN,1977-10-02,2021-05-28,2027-05-28,0.1,48.0,650.0
c-6701003294346,producto02,Vida grupo particular,F,PEN,1971-07-18,2021-05-28,2027-05-28,0.1,103.0,1150.0
c-6701003294373,producto02,Vida grupo particular,F,PEN,1954-02-05,2021-05-28,2027-05-28,0.1,37.0,915.0
c-6701003294402,producto02,Vida grupo particular,F,PEN,1963-09-17,2021-05-28,2025-05-28,0.1,19.0,600.0
c-6701003294419,producto02,Vida grupo particular,F,PEN,1974-01-22,2021-05-28,2025-05-28,0.1,17.0,1050.0
c-6701003294432,producto02,Vida grupo particular,F,PEN,1944-03-01,2021-05-28,2027-05-28,0.1,66.0,3000.0
c-6701003294460,producto02,Vida grupo particular,F,PEN,1961-04-14,2021-05-28,2027-05-28,0.1,193.0,3000.0
c-6701003294473,producto02,Vida grupo particular,F,PEN,1965-05-19,2021-05-28,2025-05-28,0.1,56.0,700.0
c-6701003294485,producto02,Vida grupo particular,F,PEN,1944-05-02,2021-05-28,2025-05-28,0.1,36.0,670.0
c-6701003294491,producto02,Vida grupo particular,F,PEN,1971-02-22,2021-05-28,2027-05-28,0.1,32.0,370.0
c-6701003294502,producto02,Vida grupo particular,F,PEN,1960-11-14,2021-05-28,2025-05-28,0.1,108.0,1695.0
c-6701003294532,producto02,Vida grupo particular,F,PEN,1963-04-13,2021-05-28,2024-12-28,0.1,93.0,1835.0
c-6701003294533,producto02,Vida grupo particular,F,PEN,1963-04-08,2021-05-28,2027-05-28,0.1,4.0,2500.0
c-6701003294551,producto02,Vida grupo particular,F,PEN,1985-03-30,2021-05-28,2025-05-28,0.1,38.0,1070.0
c-6701003294570,producto02,Vida grupo particular,F,PEN,1969-08-23,2021-05-28,2027-05-28,0.1,47.0,600.0
c-6701003294571,producto02,Vida grupo particular,F,PEN,1986-08-18,2021-05-28,2027-06-28,0.1,68.0,950.0
c-6701003294591,producto02,Vida grupo particular,F,PEN,1984-08-30,2021-05-28,2027-05-28,0.1,155.0,1800.0
c-6701003294603,producto02,Vida grupo particular,F,PEN,1969-05-25,2021-05-28,2025-05-28,0.1,268.0,3000.0
c-6701003294635,producto02,Vida grupo particular,F,PEN,1964-02-14,2021-05-28,2026-05-28,0.1,13.0,300.0
c-6701003294646,producto02,Vida grupo particular,F,PEN,1979-02-12,2021-05-28,2025-05-28,0.1,39.0,1000.0
c-6701003294650,producto02,Vida grupo particular,F,PEN,1980-04-04,2021-05-28,2027-05-28,0.1,17.0,345.0
c-6701003294666,producto02,Vida grupo particular,F,PEN,1969-01-01,2021-05-28,2026-05-28,0.1,50.0,705.0
c-6701003294708,producto02,Vida grupo particular,F,PEN,1969-12-13,2021-05-28,2025-05-28,0.1,61.0,900.0
c-6701003294766,producto02,Vida grupo particular,F,PEN,1959-03-23,2021-05-29,2026-05-29,0.1,24.0,677.6
c-6701003294787,producto02,Vida grupo particular,F,PEN,1957-07-26,2021-05-29,2026-05-29,0.1,50.0,1600.0
c-6701003294822,producto02,Vida grupo particular,F,PEN,1968-08-19,2021-05-29,2027-05-29,0.1,145.0,3000.0
c-6701003294895,producto02,Vida grupo particular,F,PEN,1943-08-16,2021-05-29,2027-05-29,0.1,156.0,1768.4
c-6701003294953,producto02,Vida grupo particular,F,PEN,1952-11-18,2021-05-29,2026-05-29,0.1,76.0,1185.0
c-6701003294969,producto02,Vida grupo particular,F,PEN,1986-02-03,2021-05-29,2027-05-29,0.1,97.0,1100.0
c-6701003295064,producto02,Vida grupo particular,F,PEN,1942-12-26,2021-05-31,2027-05-31,0.1,15.0,1150.0
c-6701003295071,producto02,Vida grupo particular,F,PEN,1959-12-30,2021-05-31,2026-05-31,0.1,19.0,1050.0
c-6701003295087,producto02,Vida grupo particular,F,PEN,1954-06-29,2021-05-31,2027-05-31,0.1,30.0,390.0
c-6701003295095,producto02,Vida grupo particular,F,PEN,1960-09-24,2021-05-31,2025-05-31,0.1,75.0,1450.0
c-6701003295126,producto02,Vida grupo particular,F,PEN,1959-06-20,2021-05-31,2027-05-31,0.1,66.0,1300.0
c-6701003295143,producto02,Vida grupo particular,F,PEN,1968-09-17,2021-05-31,2025-05-31,0.1,43.0,1100.1
c-6701003295152,producto02,Vida grupo particular,F,PEN,1952-02-23,2021-05-31,2025-05-31,0.1,51.0,3170.0
c-6701003295174,producto02,Vida grupo particular,F,PEN,1956-02-10,2021-05-31,2027-05-31,0.1,53.0,650.0
c-6701003295175,producto02,Vida grupo particular,F,PEN,1974-11-04,2021-05-31,2026-05-31,0.1,33.0,1000.0
c-6701003295183,producto02,Vida grupo particular,F,PEN,1963-08-06,2021-05-31,2025-05-31,0.1,40.0,800.0
c-6701003295185,producto02,Vida grupo particular,F,PEN,1971-03-30,2021-05-31,2026-05-31,0.1,16.0,1050.0
c-6701003295198,producto02,Vida grupo particular,F,PEN,1986-12-25,2021-05-31,2026-05-31,0.1,36.0,850.0
c-6701003295211,producto02,Vida grupo particular,F,PEN,1963-11-17,2021-05-31,2025-05-31,0.1,113.0,2490.0
c-6701003295216,producto02,Vida grupo particular,F,PEN,1957-11-17,2021-05-31,2025-05-31,0.1,45.0,500.0
c-6701003295239,producto02,Vida grupo particular,F,PEN,1940-11-13,2021-05-31,2027-05-31,0.1,93.0,1050.0
c-6701003295251,producto02,Vida grupo particular,F,PEN,1985-09-14,2021-05-31,2027-05-31,0.1,6.0,1350.0
c-6701003295305,producto02,Vida grupo particular,F,PEN,1948-06-06,2021-05-31,2025-05-31,0.1,10.0,1500.0
c-6701003295317,producto02,Vida grupo particular,F,PEN,1972-09-22,2021-05-31,2025-05-31,0.1,19.0,1100.0
c-6701003295350,producto02,Vida grupo particular,F,PEN,1956-11-03,2021-05-31,2027-05-31,0.1,12.0,1350.0
c-6701003295363,producto02,Vida grupo particular,F,PEN,1983-07-17,2021-05-31,2025-05-31,0.1,90.0,1000.0
c-6701003295364,producto02,Vida grupo particular,F,PEN,1941-04-04,2021-05-31,2027-05-31,0.1,66.0,800.0
c-6701003295373,producto02,Vida grupo particular,F,PEN,1986-09-27,2021-05-31,2026-05-31,0.1,2.0,365.0
c-6701003295374,producto02,Vida grupo particular,F,PEN,1957-02-22,2021-05-31,2026-05-31,0.1,199.0,2800.0
c-6701003295378,producto02,Vida grupo particular,F,PEN,1982-09-09,2021-05-31,2025-05-31,0.1,59.0,950.0
c-6701003295401,producto02,Vida grupo particular,F,PEN,1950-08-20,2021-05-31,2027-05-31,0.1,21.0,1850.0
c-6701003295429,producto02,Vida grupo particular,F,PEN,1940-10-24,2021-05-31,2025-05-31,0.1,6.0,800.0
c-6701003295458,producto02,Vida grupo particular,F,PEN,1955-05-21,2021-05-31,2025-12-31,0.1,3.0,900.0
c-6701003295470,producto02,Vida grupo particular,F,PEN,1959-09-18,2021-05-31,2027-05-31,0.1,51.0,1350.0
c-6701003295473,producto02,Vida grupo particular,F,PEN,1954-03-07,2021-05-31,2027-05-31,0.1,26.0,3000.0
c-6701003295476,producto02,Vida grupo particular,F,PEN,1954-10-30,2021-05-31,2026-05-31,0.1,63.0,2165.0
c-6701003295480,producto02,Vida grupo particular,F,PEN,1968-05-03,2021-05-31,2026-05-31,0.1,73.0,1500.0
c-6701003295482,producto02,Vida grupo particular,F,PEN,1990-11-26,2021-05-31,2025-05-31,0.1,48.0,1100.0
c-6701003295489,producto02,Vida grupo particular,F,PEN,1956-12-11,2021-05-31,2025-05-31,0.1,2.0,200.0
c-6701003295509,producto02,Vida grupo particular,F,PEN,1960-01-09,2021-05-31,2024-11-30,0.1,112.0,1850.0
c-6701003295517,producto02,Vida grupo particular,F,PEN,1962-09-25,2021-05-31,2027-05-31,0.1,178.0,3000.0
c-6701003295519,producto02,Vida grupo particular,F,PEN,1970-02-03,2021-05-31,2025-10-31,0.1,21.0,600.0
c-6701003295530,producto02,Vida grupo particular,F,PEN,1978-06-24,2021-05-31,2026-05-31,0.1,51.0,950.0
c-6701003295546,producto02,Vida grupo particular,F,PEN,1965-11-02,2021-05-31,2025-05-31,0.1,61.0,1700.0
c-6701003295549,producto02,Vida grupo particular,F,PEN,1978-04-06,2021-05-31,2027-05-31,0.1,24.0,505.0
c-6701003295729,producto02,Vida grupo particular,F,PEN,1985-03-18,2021-05-31,2027-05-31,0.1,57.0,1070.0
c-6701003295873,producto02,Vida grupo particular,F,PEN,1950-05-05,2021-06-01,2026-06-01,0.1,28.0,900.0
c-6701003295879,producto02,Vida grupo particular,F,PEN,1968-01-29,2021-06-01,2025-06-01,0.1,14.0,525.0
c-6701003295920,producto02,Vida grupo particular,F,PEN,1980-12-24,2021-06-01,2027-06-01,0.1,61.0,1100.0
c-6701003295925,producto02,Vida grupo particular,F,PEN,1987-11-10,2021-06-01,2025-04-01,0.1,18.0,1100.0
c-6701003295928,producto02,Vida grupo particular,F,PEN,1971-06-11,2021-06-01,2027-06-01,0.1,19.0,2000.0
c-6701003295946,producto02,Vida grupo particular,F,PEN,1979-03-01,2021-06-01,2026-06-01,0.1,36.0,1850.0
c-6701003295980,producto02,Vida grupo particular,F,PEN,1948-08-13,2021-06-01,2026-06-01,0.1,101.0,2000.0
c-6701003296022,producto02,Vida grupo particular,F,PEN,1969-11-17,2021-06-01,2025-06-01,0.1,112.0,3030.0
c-6701003296024,producto02,Vida grupo particular,F,PEN,1962-11-08,2021-06-01,2025-06-01,0.1,18.0,500.0
c-6701003296040,producto02,Vida grupo particular,F,PEN,1954-09-26,2021-06-01,2025-06-01,0.1,24.0,1050.0
c-6701003296042,producto02,Vida grupo particular,F,PEN,1984-05-05,2021-06-01,2027-06-01,0.1,112.0,1290.0
c-6701003296049,producto02,Vida grupo particular,F,PEN,1964-01-03,2021-06-01,2025-06-01,0.1,35.0,1750.0
c-6701003296056,producto02,Vida grupo particular,F,PEN,1959-04-18,2021-06-01,2026-06-01,0.1,17.0,2050.0
c-6701003296087,producto02,Vida grupo particular,F,PEN,1946-01-08,2021-06-01,2027-06-01,0.1,47.0,1745.0
c-6701003296095,producto02,Vida grupo particular,F,PEN,1972-02-10,2021-06-01,2026-06-01,0.1,71.0,1890.0
c-6701003296143,producto02,Vida grupo particular,F,PEN,1944-04-25,2021-06-01,2027-06-01,0.1,62.0,1000.0
c-6701003296161,producto02,Vida grupo particular,F,PEN,1956-11-03,2021-06-01,2026-06-01,0.1,30.0,580.0
c-6701003296173,producto02,Vida grupo particular,F,PEN,1979-09-20,2021-06-01,2027-06-01,0.1,80.0,1485.0
c-6701003296178,producto02,Vida grupo particular,F,PEN,1947-02-22,2021-06-01,2025-11-01,0.1,123.0,3305.0
c-6701003296182,producto02,Vida grupo particular,F,PEN,1941-06-04,2021-06-01,2025-06-01,0.1,14.0,430.0
c-6701003296184,producto02,Vida grupo particular,F,PEN,1986-08-30,2021-06-01,2025-06-01,0.1,91.0,1050.0
c-6701003296219,producto02,Vida grupo particular,F,PEN,1956-03-24,2021-06-01,2026-06-01,0.1,18.0,1550.0
c-6701003296221,producto02,Vida grupo particular,F,PEN,1976-10-19,2021-06-01,2026-06-01,0.1,44.0,1050.0
c-6701003296249,producto02,Vida grupo particular,F,PEN,1954-03-04,2021-06-01,2025-06-01,0.1,152.0,3000.0
c-6701003296256,producto02,Vida grupo particular,F,PEN,1963-06-07,2021-06-01,2027-06-01,0.1,72.0,1075.0
c-6701003296265,producto02,Vida grupo particular,F,PEN,1961-07-07,2021-06-01,2026-06-01,0.1,85.0,1100.0
c-6701003296273,producto02,Vida grupo particular,F,PEN,1972-11-15,2021-06-01,2027-06-01,0.1,67.0,1350.0
c-6701003296280,producto02,Vida grupo particular,F,PEN,1969-11-18,2021-06-01,2026-06-01,0.1,70.0,1050.0
c-6701003296357,producto02,Vida grupo particular,F,PEN,1969-06-08,2021-06-02,2025-06-02,0.1,66.0,1350.0
c-6701003296362,producto02,Vida grupo particular,F,PEN,1961-06-09,2021-06-02,2026-06-02,0.1,60.0,2120.0
c-6701003296365,producto02,Vida grupo particular,F,PEN,1965-11-19,2021-06-02,2027-05-02,0.1,97.0,1250.0
c-6701003296376,producto02,Vida grupo particular,F,PEN,1952-07-11,2021-06-02,2025-06-02,0.1,259.0,2910.0
c-6701003296387,producto02,Vida grupo particular,F,PEN,1963-03-17,2021-06-02,2025-06-02,0.1,43.0,1500.1
c-6701003296452,producto02,Vida grupo particular,F,PEN,1963-05-08,2021-06-02,2026-06-02,0.1,54.0,1485.0
c-6701003296468,producto02,Vida grupo particular,F,PEN,1970-09-23,2021-06-02,2025-06-02,0.1,45.0,845.0
c-6701003296469,producto02,Vida grupo particular,F,PEN,1966-03-10,2021-06-02,2025-06-02,0.1,22.0,1000.0
c-6701003296473,producto02,Vida grupo particular,F,PEN,1968-12-04,2021-06-02,2026-06-02,0.1,179.0,3000.0
c-6701003296477,producto02,Vida grupo particular,F,PEN,1950-02-05,2021-06-02,2027-06-02,0.1,161.0,1885.0
c-6701003296487,producto02,Vida grupo particular,F,PEN,1959-04-20,2021-06-02,2025-06-02,0.1,12.0,1060.0
c-6701003296507,producto02,Vida grupo particular,F,PEN,1986-02-27,2021-06-02,2025-06-02,0.1,18.0,800.0
c-6701003296615,producto02,Vida grupo particular,F,PEN,1972-01-25,2021-06-02,2026-06-02,0.1,40.0,1470.0
c-6701003296684,producto02,Vida grupo particular,F,PEN,1941-10-22,2021-06-02,2027-06-02,0.1,210.0,3000.0
c-6701003296686,producto02,Vida grupo particular,F,PEN,1965-12-03,2021-06-02,2027-06-02,0.1,24.0,1200.0
c-6701003296703,producto02,Vida grupo particular,F,PEN,1967-02-07,2021-06-02,2025-12-02,0.1,41.0,635.0
c-6701003296705,producto02,Vida grupo particular,F,PEN,1966-03-31,2021-06-02,2026-06-02,0.1,16.0,300.0
c-6701003296724,producto02,Vida grupo particular,F,PEN,1964-09-27,2021-06-02,2025-01-02,0.1,47.0,2514.0
c-6701003296756,producto02,Vida grupo particular,F,PEN,1966-10-19,2021-06-02,2027-06-02,0.1,66.0,3000.0
c-6701003296775,producto02,Vida grupo particular,F,PEN,1976-06-13,2021-06-02,2025-06-02,0.1,53.0,1100.0
c-6701003296795,producto02,Vida grupo particular,F,PEN,1960-06-22,2021-06-02,2025-06-02,0.1,2.0,3000.0
c-6701003296804,producto02,Vida grupo particular,F,PEN,1965-05-15,2021-06-02,2025-12-02,0.1,9.0,1500.1
c-6701003296810,producto02,Vida grupo particular,F,PEN,1965-06-09,2021-06-02,2025-06-02,0.1,134.0,2500.1000000000004
c-6701003296814,producto02,Vida grupo particular,F,PEN,1971-05-28,2021-06-02,2027-06-02,0.1,72.0,1325.0
c-6701003296840,producto02,Vida grupo particular,F,PEN,1972-01-23,2021-06-02,2026-06-02,0.1,99.0,1200.0
c-6701003296881,producto02,Vida grupo particular,F,PEN,1955-05-24,2021-06-02,2027-06-02,0.1,66.0,3000.0
c-6701003296887,producto02,Vida grupo particular,F,PEN,1976-03-04,2021-06-02,2025-06-02,0.1,78.0,1050.0
c-6701003296903,producto02,Vida grupo particular,F,PEN,1986-09-25,2021-06-02,2026-06-02,0.1,98.0,1500.0
c-6701003296907,producto02,Vida grupo particular,F,PEN,1958-06-06,2021-06-02,2026-06-02,0.1,12.0,840.0
c-6701003296913,producto02,Vida grupo particular,F,PEN,1969-02-05,2021-06-02,2025-06-02,0.1,175.0,3000.0
c-6701003296918,producto02,Vida grupo particular,F,PEN,1982-06-24,2021-06-02,2025-06-02,0.1,75.0,1050.0
c-6701003296973,producto02,Vida grupo particular,F,PEN,1964-01-08,2021-06-02,2025-06-02,0.1,47.0,1050.0
c-6701003296993,producto02,Vida grupo particular,F,PEN,1944-12-31,2021-06-02,2027-06-02,0.1,35.0,2035.0
c-6701003297009,producto02,Vida grupo particular,F,PEN,1980-04-03,2021-06-02,2026-06-02,0.1,38.0,1050.0
c-6701003297026,producto02,Vida grupo particular,F,PEN,1962-09-27,2021-06-02,2025-06-02,0.1,55.0,1200.0
c-6701003297055,producto02,Vida grupo particular,F,PEN,1979-10-16,2021-06-03,2026-06-03,0.1,49.0,1350.0
c-6701003297056,producto02,Vida grupo particular,F,PEN,1967-07-10,2021-06-03,2027-06-03,0.1,22.0,750.0
c-6701003297058,producto02,Vida grupo particular,F,PEN,1955-10-13,2021-06-03,2025-06-03,0.1,42.0,600.0
c-6701003297074,producto02,Vida grupo particular,F,PEN,1952-10-25,2021-06-03,2027-06-03,0.1,334.0,3845.0
c-6701003297105,producto02,Vida grupo particular,F,PEN,1972-06-19,2021-06-03,2025-06-03,0.1,86.0,1060.0
c-6701003297107,producto02,Vida grupo particular,F,PEN,1945-02-21,2021-06-03,2026-06-03,0.1,219.0,2725.0
c-6701003297121,producto02,Vida grupo particular,F,PEN,1985-07-20,2021-06-03,2025-06-03,0.1,42.0,800.0
c-6701003297135,producto02,Vida grupo particular,F,PEN,1983-06-05,2021-06-03,2025-06-03,0.1,26.0,1850.0
c-6701003297147,producto02,Vida grupo particular,F,PEN,1959-06-01,2021-06-03,2025-06-03,0.1,168.0,2160.0
c-6701003297149,producto02,Vida grupo particular,F,PEN,1946-06-23,2021-06-03,2027-06-03,0.1,73.0,1110.0
c-6701003297152,producto02,Vida grupo particular,F,PEN,1941-06-13,2021-06-03,2027-06-03,0.1,5.0,605.0
c-6701003297157,producto02,Vida grupo particular,F,PEN,1943-11-12,2021-06-03,2027-06-03,0.1,22.0,795.0
c-6701003297165,producto02,Vida grupo particular,F,PEN,1989-01-17,2021-06-03,2026-06-03,0.1,17.0,1000.0
c-6701003297238,producto02,Vida grupo particular,F,PEN,1973-10-30,2021-06-03,2026-06-03,0.1,43.0,800.0
c-6701003297282,producto02,Vida grupo particular,F,PEN,1976-02-28,2021-06-03,2026-06-03,0.1,33.0,500.1
c-6701003297290,producto02,Vida grupo particular,F,PEN,1956-09-03,2021-06-03,2025-06-03,0.1,25.0,705.0
c-6701003297354,producto02,Vida grupo particular,F,PEN,1960-03-02,2021-06-03,2027-07-03,0.1,82.0,1500.0
c-6701003297373,producto02,Vida grupo particular,F,PEN,1965-07-14,2021-06-03,2026-06-03,0.1,103.0,1185.0
c-6701003297399,producto02,Vida grupo particular,F,PEN,1979-01-02,2021-06-03,2025-06-03,0.1,53.0,900.0
c-6701003297490,producto02,Vida grupo particular,F,PEN,1958-12-25,2021-06-03,2026-06-03,0.1,177.0,2500.0
c-6701003297512,producto02,Vida grupo particular,F,PEN,1974-01-31,2021-06-03,2027-06-03,0.1,122.0,2970.0
c-6701003297525,producto02,Vida grupo particular,F,PEN,1946-09-16,2021-06-03,2027-06-03,0.1,25.0,1080.0
c-6701003297546,producto02,Vida grupo particular,F,PEN,1989-06-28,2021-06-03,2024-11-03,0.1,55.0,990.0
c-6701003297592,producto02,Vida grupo particular,F,PEN,1940-10-30,2021-06-03,2026-06-03,0.1,46.0,3000.0
c-6701003297600,producto02,Vida grupo particular,F,PEN,1945-02-23,2021-06-03,2025-06-03,0.1,169.0,2900.0
c-6701003297609,producto02,Vida grupo particular,F,PEN,1967-11-08,2021-06-03,2026-01-03,0.1,16.0,1500.0
c-6701003297616,producto02,Vida grupo particular,F,PEN,1962-11-24,2021-06-03,2025-06-03,0.1,117.0,2000.0
c-6701003297633,producto02,Vida grupo particular,F,PEN,1976-04-21,2021-06-03,2025-06-03,0.1,34.0,500.0
c-6701003297650,producto02,Vida grupo particular,F,PEN,1967-11-02,2021-06-03,2026-06-03,0.1,141.0,2900.1000000000004
c-6701003297687,producto02,Vida grupo particular,F,PEN,1951-03-11,2021-06-03,2027-06-03,0.1,12.0,265.0
c-6701003297713,producto02,Vida grupo particular,F,PEN,1976-08-01,2021-06-03,2026-06-03,0.1,66.0,3000.0
c-6701003297765,producto02,Vida grupo particular,F,PEN,1981-04-03,2021-06-04,2026-06-04,0.1,41.0,700.0
c-6701003297781,producto02,Vida grupo particular,F,PEN,1987-06-04,2021-06-04,2027-06-04,0.1,63.0,1050.0
c-6701003297796,producto02,Vida grupo particular,F,PEN,1968-04-24,2021-06-04,2025-07-04,0.1,94.0,1060.0
c-6701003297869,producto02,Vida grupo particular,F,PEN,1966-11-27,2021-06-04,2025-06-04,0.1,137.0,1560.0
c-6701003297880,producto02,Vida grupo particular,F,PEN,1963-09-24,2021-06-04,2025-06-04,0.1,10.0,500.0
c-6701003297881,producto02,Vida grupo particular,F,PEN,1977-05-08,2021-06-04,2026-06-04,0.1,61.0,700.0
c-6701003297982,producto02,Vida grupo particular,F,PEN,1956-11-18,2021-06-04,2025-06-04,0.1,73.0,3180.0
c-6701003297995,producto02,Vida grupo particular,F,PEN,1953-09-07,2021-06-04,2027-06-04,0.1,188.0,2240.0
c-6701003298048,producto02,Vida grupo particular,F,PEN,1983-06-02,2021-06-04,2026-05-04,0.1,21.0,650.0
c-6701003298077,producto02,Vida grupo particular,F,PEN,1971-07-14,2021-06-04,2025-06-04,0.1,9.0,435.0
c-6701003298085,producto02,Vida grupo particular,F,PEN,1945-03-08,2021-06-04,2027-06-04,0.1,27.0,1850.0
c-6701003298092,producto02,Vida grupo particular,F,PEN,1975-11-08,2021-06-04,2025-06-04,0.1,30.0,650.0
c-6701003298116,producto02,Vida grupo particular,F,PEN,1960-06-06,2021-06-04,2027-06-04,0.1,33.0,1260.0
c-6701003298118,producto02,Vida grupo particular,F,PEN,1981-04-03,2021-06-04,2026-06-04,0.1,126.0,1450.0
c-6701003298124,producto02,Vida grupo particular,F,PEN,1990-01-12,2021-06-04,2025-06-04,0.1,90.0,1050.0
c-6701003298126,producto02,Vida grupo particular,F,PEN,1961-06-24,2021-06-04,2027-06-04,0.1,257.0,3000.0
c-6701003298172,producto02,Vida grupo particular,F,PEN,1946-04-10,2021-06-04,2025-06-04,0.1,17.0,800.0
c-6701003298217,producto02,Vida grupo particular,F,PEN,1965-01-28,2021-06-04,2026-06-04,0.1,193.0,3000.0
c-6701003298222,producto02,Vida grupo particular,F,PEN,1966-10-11,2021-06-04,2027-06-04,0.1,161.0,2000.0
c-6701003298224,producto02,Vida grupo particular,F,PEN,1963-01-02,2021-06-04,2027-06-04,0.1,38.0,450.0
c-6701003298245,producto02,Vida grupo particular,F,PEN,1945-03-19,2021-06-04,2027-06-04,0.1,106.0,1850.0
c-6701003298261,producto02,Vida grupo particular,F,PEN,1992-05-29,2021-06-04,2025-06-04,0.1,3.0,1100.0
c-6701003298278,producto02,Vida grupo particular,F,PEN,1978-02-05,2021-06-04,2027-06-04,0.1,18.0,640.0
c-6701003298285,producto02,Vida grupo particular,F,PEN,1968-10-03,2021-06-04,2025-06-04,0.1,150.0,2000.0
c-6701003298352,producto02,Vida grupo particular,F,PEN,1960-06-15,2021-06-04,2027-06-04,0.1,20.0,1050.0
c-6701003298374,producto02,Vida grupo particular,F,PEN,1958-10-23,2021-06-04,2025-06-04,0.1,52.0,1050.0
c-6701003298399,producto02,Vida grupo particular,F,PEN,1968-11-04,2021-06-04,2026-06-04,0.1,260.0,3640.0
c-6701003298407,producto02,Vida grupo particular,F,PEN,1969-11-16,2021-06-04,2025-06-04,0.1,70.0,1050.0
c-6701003298454,producto02,Vida grupo particular,F,PEN,1957-07-10,2021-06-04,2027-06-04,0.1,22.0,1050.0
c-6701003298462,producto02,Vida grupo particular,F,PEN,1985-10-27,2021-06-04,2026-06-04,0.1,118.0,2685.0
c-6701003298468,producto02,Vida grupo particular,F,PEN,1996-01-28,2021-06-04,2026-06-04,0.1,2.0,1000.0
c-6701003298508,producto02,Vida grupo particular,F,PEN,1964-06-20,2021-06-05,2025-06-05,0.1,57.0,1050.0
c-6701003298525,producto02,Vida grupo particular,F,PEN,1952-10-15,2021-06-05,2027-06-05,0.1,10.0,330.0
c-6701003298529,producto02,Vida grupo particular,F,PEN,1992-07-30,2021-06-05,2026-06-05,0.1,9.0,1050.0
c-6701003298571,producto02,Vida grupo particular,F,PEN,1940-06-24,2021-06-05,2026-01-05,0.1,58.0,1185.0
c-6701003298593,producto02,Vida grupo particular,F,PEN,1987-01-02,2021-06-05,2025-02-05,0.1,85.0,1000.0
c-6701003298624,producto02,Vida grupo particular,F,PEN,1966-07-20,2021-06-05,2027-06-05,0.1,195.0,2465.0
c-6701003298651,producto02,Vida grupo particular,F,PEN,1953-10-12,2021-06-05,2027-06-05,0.1,106.0,1850.0
c-6701003298675,producto02,Vida grupo particular,F,PEN,1956-02-26,2021-06-05,2025-06-05,0.1,41.0,950.0
c-6701003298769,producto02,Vida grupo particular,F,PEN,1977-07-06,2021-06-05,2027-06-05,0.1,90.0,1850.0
c-6701003298776,producto02,Vida grupo particular,F,PEN,1987-02-11,2021-06-05,2026-06-05,0.1,2.0,355.0
c-6701003298783,producto02,Vida grupo particular,F,PEN,1973-02-12,2021-06-05,2025-06-05,0.1,42.0,1000.0
c-6701003298790,producto02,Vida grupo particular,F,PEN,1963-04-18,2021-06-05,2025-06-05,0.1,44.0,1050.0
c-6701003298832,producto02,Vida grupo particular,F,PEN,1963-09-30,2021-06-05,2027-06-05,0.1,4.0,955.0
c-6701003298833,producto02,Vida grupo particular,F,PEN,1980-11-22,2021-06-05,2027-06-05,0.1,20.0,650.0
c-6701003298841,producto02,Vida grupo particular,F,PEN,1988-05-07,2021-06-05,2025-06-05,0.1,6.0,500.0
c-6701003298844,producto02,Vida grupo particular,F,PEN,1987-04-24,2021-06-05,2026-06-05,0.1,7.0,325.0
c-6701003298856,producto02,Vida grupo particular,F,PEN,1960-04-27,2021-06-05,2025-06-05,0.1,100.0,2025.0
c-6701003298858,producto02,Vida grupo particular,F,PEN,1977-06-24,2021-06-05,2027-06-05,0.1,29.0,1050.0
c-6701003298904,producto02,Vida grupo particular,F,PEN,1970-12-24,2021-06-07,2027-06-07,0.1,23.0,1050.0
c-6701003298923,producto02,Vida grupo particular,F,PEN,1972-08-26,2021-06-07,2025-06-07,0.1,83.0,1050.0
c-6701003298970,producto02,Vida grupo particular,F,PEN,1964-03-17,2021-06-07,2025-06-07,0.1,47.0,1050.0
c-6701003298975,producto02,Vida grupo particular,F,PEN,1960-07-23,2021-06-07,2025-06-07,0.1,38.0,1050.0
c-6701003298979,producto02,Vida grupo particular,F,PEN,1965-02-05,2021-06-07,2025-06-07,0.1,61.0,1150.0
c-6701003299002,producto02,Vida grupo particular,F,PEN,1981-07-30,2021-06-07,2027-06-07,0.1,35.0,1050.0
c-6701003299063,producto02,Vida grupo particular,F,PEN,1981-07-25,2021-06-07,2027-06-07,0.1,117.0,1640.0
c-6701003299069,producto02,Vida grupo particular,F,PEN,1955-09-23,2021-06-07,2027-06-07,0.1,39.0,1000.0
c-6701003299076,producto02,Vida grupo particular,F,PEN,1980-06-16,2021-06-07,2025-06-07,0.1,43.0,1100.0
c-6701003299095,producto02,Vida grupo particular,F,PEN,1969-09-07,2021-06-07,2025-06-07,0.1,8.0,2500.0
c-6701003299152,producto02,Vida grupo particular,F,PEN,1953-12-31,2021-06-07,2026-06-07,0.1,97.0,3000.0
c-6701003299194,producto02,Vida grupo particular,F,PEN,1965-09-23,2021-06-07,2026-06-07,0.1,11.0,800.0
c-6701003299224,producto02,Vida grupo particular,F,PEN,1969-05-18,2021-06-07,2027-06-07,0.1,124.0,1745.0
c-6701003299231,producto02,Vida grupo particular,F,PEN,1940-08-04,2021-06-07,2027-06-07,0.1,59.0,1000.0
c-6701003299261,producto02,Vida grupo particular,F,PEN,1948-03-06,2021-06-07,2027-06-07,0.1,97.0,1200.0
c-6701003299271,producto02,Vida grupo particular,F,PEN,1962-03-11,2021-06-07,2025-06-07,0.1,58.0,1500.0
c-6701003299289,producto02,Vida grupo particular,F,PEN,1995-05-09,2021-06-07,2025-08-07,0.1,19.0,845.0
c-6701003299291,producto02,Vida grupo particular,F,PEN,1961-06-16,2021-06-07,2027-06-07,0.1,10.0,2175.0
c-6701003299292,producto02,Vida grupo particular,F,PEN,1968-04-10,2021-06-07,2026-06-07,0.1,143.0,3000.0
c-6701003299314,producto02,Vida grupo particular,F,PEN,1963-09-07,2021-06-07,2026-06-07,0.1,16.0,1130.0
c-6701003299341,producto02,Vida grupo particular,F,PEN,1964-01-09,2021-06-07,2025-06-07,0.1,53.0,1500.0
c-6701003299382,producto02,Vida grupo particular,F,PEN,1950-07-20,2021-06-07,2027-06-07,0.1,64.0,1850.0
c-6701003299404,producto02,Vida grupo particular,F,PEN,1947-01-12,2021-06-07,2027-06-07,0.1,152.0,1850.0
c-6701003299423,producto02,Vida grupo particular,F,PEN,1978-06-24,2021-06-07,2025-06-07,0.1,23.0,1100.0
c-6701003299437,producto02,Vida grupo particular,F,PEN,1961-10-21,2021-06-07,2025-06-07,0.1,193.0,2295.0
c-6701003299484,producto02,Vida grupo particular,F,PEN,1949-04-02,2021-06-07,2027-06-07,0.1,50.0,600.0
c-6701003299489,producto02,Vida grupo particular,F,PEN,1957-03-20,2021-06-07,2027-06-07,0.1,10.0,600.0
c-6701003299560,producto02,Vida grupo particular,F,PEN,1985-08-19,2021-06-07,2025-06-07,0.1,95.0,1250.0
c-6701003299611,producto02,Vida grupo particular,F,PEN,1971-06-05,2021-06-08,2027-06-08,0.1,103.0,3000.0
c-6701003299616,producto02,Vida grupo particular,F,PEN,1957-11-27,2021-06-08,2026-06-08,0.1,13.0,1850.0
c-6701003299680,producto02,Vida grupo particular,F,PEN,1949-12-12,2021-06-08,2026-07-08,0.1,141.0,1650.0
c-6701003299700,producto02,Vida grupo particular,F,PEN,1970-03-23,2021-06-08,2026-06-08,0.1,87.0,1050.0
c-6701003299759,producto02,Vida grupo particular,F,PEN,1951-10-11,2021-06-08,2025-06-08,0.1,119.0,2435.0
c-6701003299775,producto02,Vida grupo particular,F,PEN,1942-07-11,2021-06-08,2024-10-08,0.1,67.0,1850.0
c-6701003299787,producto02,Vida grupo particular,F,PEN,1970-06-28,2021-06-08,2025-06-08,0.1,78.0,1150.0
c-6701003299793,producto02,Vida grupo particular,F,PEN,1948-09-26,2021-06-08,2025-06-08,0.1,13.0,850.0
c-6701003299800,producto02,Vida grupo particular,F,PEN,1969-03-16,2021-06-08,2026-06-08,0.1,118.0,1900.0
c-6701003299801,producto02,Vida grupo particular,F,PEN,1958-04-10,2021-06-08,2027-06-08,0.1,83.0,1080.0
c-6701003299807,producto02,Vida grupo particular,F,PEN,1941-09-17,2021-06-08,2026-06-08,0.1,73.0,1050.0
c-6701003299836,producto02,Vida grupo particular,F,PEN,1979-10-07,2021-06-08,2026-06-08,0.1,27.0,1450.0
c-6701003299854,producto02,Vida grupo particular,F,PEN,1970-05-30,2021-06-08,2026-06-08,0.1,39.0,1300.0
c-6701003299872,producto02,Vida grupo particular,F,PEN,1942-08-26,2021-06-08,2027-06-08,0.1,97.0,1100.0
c-6701003299883,producto02,Vida grupo particular,F,PEN,1967-01-10,2021-06-08,2025-06-08,0.1,129.0,1850.0
c-6701003299884,producto02,Vida grupo particular,F,PEN,1954-04-04,2021-06-08,2025-06-08,0.1,78.0,1000.0
c-6701003299893,producto02,Vida grupo particular,F,PEN,1966-12-23,2021-06-08,2025-06-08,0.1,38.0,1355.0
c-6701003299920,producto02,Vida grupo particular,F,PEN,1965-01-15,2021-06-08,2027-06-08,0.1,70.0,875.0
c-6701003299925,producto02,Vida grupo particular,F,PEN,1963-07-16,2021-06-08,2026-06-08,0.1,34.0,3000.0
c-6701003299972,producto02,Vida grupo particular,F,PEN,1967-08-06,2021-06-08,2025-06-08,0.1,41.0,2130.0
c-6701003300007,producto02,Vida grupo particular,F,PEN,1963-07-28,2021-06-08,2025-06-08,0.1,169.0,2025.0
c-6701003300019,producto02,Vida grupo particular,F,PEN,1984-05-21,2021-06-08,2026-06-08,0.1,65.0,730.0
c-6701003300067,producto02,Vida grupo particular,F,PEN,1963-09-17,2021-06-08,2024-12-08,0.1,216.0,3630.0
c-6701003300081,producto02,Vida grupo particular,F,PEN,1970-03-20,2021-06-08,2027-06-08,0.1,6.0,1250.0
c-6701003300160,producto02,Vida grupo particular,F,PEN,1942-03-23,2021-06-09,2026-06-09,0.1,132.0,1850.0
c-6701003300163,producto02,Vida grupo particular,F,PEN,1967-10-25,2021-06-09,2025-12-09,0.1,52.0,1350.0
c-6701003300164,producto02,Vida grupo particular,F,PEN,1974-11-07,2021-06-09,2025-06-09,0.1,6.0,1000.0
c-6701003300175,producto02,Vida grupo particular,F,PEN,1966-03-07,2021-06-09,2027-06-09,0.1,205.0,2905.0
c-6701003300186,producto02,Vida grupo particular,F,PEN,1960-02-18,2021-06-09,2025-06-09,0.1,1.0,1850.0
c-6701003300217,producto02,Vida grupo particular,F,PEN,1954-05-02,2021-06-09,2026-06-09,0.1,64.0,800.0
c-6701003300224,producto02,Vida grupo particular,F,PEN,1953-10-20,2021-06-09,2025-06-09,0.1,68.0,1630.0
c-6701003300246,producto02,Vida grupo particular,F,PEN,1957-08-08,2021-06-09,2026-06-09,0.1,217.0,3000.0
c-6701003300247,producto02,Vida grupo particular,F,PEN,1990-01-24,2021-06-09,2026-06-09,0.1,30.0,480.0
c-6701003300253,producto02,Vida grupo particular,F,PEN,1942-12-20,2021-06-09,2027-06-09,0.1,24.0,2500.0
c-6701003300260,producto02,Vida grupo particular,F,PEN,1942-08-26,2021-06-09,2026-06-09,0.1,33.0,500.0
c-6701003300268,producto02,Vida grupo particular,F,PEN,1971-01-25,2021-06-09,2026-06-09,0.1,118.0,2600.0
c-6701003300299,producto02,Vida grupo particular,F,PEN,1967-08-28,2021-06-09,2025-03-09,0.1,35.0,845.0
c-6701003300324,producto02,Vida grupo particular,F,PEN,1954-11-15,2021-06-09,2025-06-09,0.1,133.0,3000.0
c-6701003300420,producto02,Vida grupo particular,F,PEN,1970-02-20,2021-06-09,2027-06-09,0.1,5.0,535.0
c-6701003300461,producto02,Vida grupo particular,F,PEN,1963-09-25,2021-06-09,2025-06-09,0.1,15.0,1000.0
c-6701003300514,producto02,Vida grupo particular,F,PEN,1966-12-18,2021-06-09,2026-06-09,0.1,25.0,1200.0
c-6701003300560,producto02,Vida grupo particular,F,PEN,1985-07-24,2021-06-09,2027-05-09,0.1,43.0,800.0
c-6701003300596,producto02,Vida grupo particular,F,PEN,1966-09-04,2021-06-09,2027-06-09,0.1,28.0,360.0
c-6701003300612,producto02,Vida grupo particular,F,PEN,1983-04-30,2021-06-09,2025-08-09,0.1,13.0,570.0
c-6701003300618,producto02,Vida grupo particular,F,PEN,1968-08-05,2021-06-09,2025-06-09,0.1,25.0,650.0
c-6701003300631,producto02,Vida grupo particular,F,PEN,1961-10-31,2021-06-09,2025-06-09,0.1,222.0,2520.0
c-6701003300658,producto02,Vida grupo particular,F,PEN,1962-07-16,2021-06-09,2025-06-09,0.1,44.0,1900.0
c-6701003300664,producto02,Vida grupo particular,F,PEN,1974-09-05,2021-06-09,2027-06-09,0.1,44.0,1000.0
c-6701003300695,producto02,Vida grupo particular,F,PEN,1986-12-07,2021-06-10,2025-06-10,0.1,57.0,950.0
c-6701003300701,producto02,Vida grupo particular,F,PEN,1961-05-11,2021-06-10,2025-06-10,0.1,29.0,700.0
c-6701003300710,producto02,Vida grupo particular,F,PEN,1984-02-22,2021-06-10,2027-06-10,0.1,135.0,1800.0
c-6701003300776,producto02,Vida grupo particular,F,PEN,1962-03-03,2021-06-10,2026-06-10,0.1,9.0,1600.0
c-6701003300828,producto02,Vida grupo particular,F,PEN,1973-10-08,2021-06-10,2027-06-10,0.1,21.0,560.0
c-6701003300951,producto02,Vida grupo particular,F,PEN,1967-04-21,2021-06-10,2027-06-10,0.1,30.0,800.0
c-6701003300991,producto02,Vida grupo particular,F,PEN,1964-02-16,2021-06-10,2025-06-10,0.1,36.0,600.0
c-6701003301019,producto02,Vida grupo particular,F,PEN,1959-02-23,2021-06-10,2026-06-10,0.1,49.0,1000.0
c-6701003301038,producto02,Vida grupo particular,F,PEN,1975-01-17,2021-06-10,2025-06-10,0.1,18.0,1150.0
c-6701003301041,producto02,Vida grupo particular,F,PEN,1952-03-03,2021-06-10,2026-08-10,0.1,68.0,3500.0
c-6701003301047,producto02,Vida grupo particular,F,PEN,1970-08-13,2021-06-10,2027-06-10,0.1,153.0,1850.0
c-6701003301055,producto02,Vida grupo particular,F,PEN,1964-08-22,2021-06-10,2026-06-10,0.1,15.0,1185.0
c-6701003301097,producto02,Vida grupo particular,F,PEN,1944-08-03,2021-06-10,2027-06-10,0.1,65.0,1100.0
c-6701003301150,producto02,Vida grupo particular,F,PEN,1983-07-23,2021-06-10,2026-06-10,0.1,12.0,800.0
c-6701003301155,producto02,Vida grupo particular,F,PEN,1945-05-30,2021-06-10,2027-06-10,0.1,80.0,2130.0
c-6701003301172,producto02,Vida grupo particular,F,PEN,1953-03-30,2021-06-10,2027-06-10,0.1,24.0,440.0
c-6701003301186,producto02,Vida grupo particular,F,PEN,1945-05-13,2021-06-10,2025-12-10,0.1,15.0,1360.0
c-6701003301214,producto02,Vida grupo particular,F,PEN,1994-03-03,2021-06-10,2025-06-10,0.1,36.0,650.0
c-6701003301234,producto02,Vida grupo particular,F,PEN,1962-02-14,2021-06-10,2027-06-10,0.1,24.0,1900.0
c-6701003301263,producto02,Vida grupo particular,F,PEN,1956-06-12,2021-06-10,2027-06-10,0.1,30.0,335.0
c-6701003301278,producto02,Vida grupo particular,F,PEN,1946-11-03,2021-06-11,2025-07-11,0.1,80.0,1600.0
c-6701003301281,producto02,Vida grupo particular,F,PEN,1950-12-03,2021-06-11,2027-06-11,0.1,70.0,1850.0
c-6701003301288,producto02,Vida grupo particular,F,PEN,1965-10-02,2021-06-11,2026-06-11,0.1,206.0,2500.1000000000004
c-6701003301393,producto02,Vida grupo particular,F,PEN,1970-03-30,2021-06-11,2027-06-11,0.1,10.0,1350.0
c-6701003301458,producto02,Vida grupo particular,F,PEN,1962-11-30,2021-06-11,2027-06-11,0.1,146.0,1895.0
c-6701003301547,producto02,Vida grupo particular,F,PEN,1986-10-24,2021-06-11,2025-06-11,0.1,12.0,1000.0
c-6701003301552,producto02,Vida grupo particular,F,PEN,1969-02-18,2021-06-11,2026-06-11,0.1,120.0,1485.0
c-6701003301610,producto02,Vida grupo particular,F,PEN,1991-04-26,2021-06-11,2025-06-11,0.1,64.0,1050.0
c-6701003301616,producto02,Vida grupo particular,F,PEN,1983-11-03,2021-06-11,2026-06-11,0.1,36.0,1200.0
c-6701003301633,producto02,Vida grupo particular,F,PEN,1942-05-09,2021-06-11,2026-11-11,0.1,162.0,2000.0
c-6701003301655,producto02,Vida grupo particular,F,PEN,1967-06-30,2021-06-11,2027-06-11,0.1,260.0,3000.0
c-6701003301693,producto02,Vida grupo particular,F,PEN,1959-08-29,2021-06-11,2027-06-11,0.1,90.0,1030.0
c-6701003301750,producto02,Vida grupo particular,F,PEN,1955-02-16,2021-06-11,2025-06-11,0.1,150.0,3000.0
c-6701003301859,producto02,Vida grupo particular,F,PEN,1973-09-02,2021-06-11,2027-06-11,0.1,75.0,1180.0
c-6701003301873,producto02,Vida grupo particular,F,PEN,1966-06-30,2021-06-12,2025-06-12,0.1,63.0,1850.0
c-6701003301897,producto02,Vida grupo particular,F,PEN,1964-02-14,2021-06-12,2025-06-12,0.1,113.0,1435.0
c-6701003301938,producto02,Vida grupo particular,F,PEN,1985-02-11,2021-06-12,2027-06-12,0.1,94.0,1050.0
c-6701003301996,producto02,Vida grupo particular,F,PEN,1949-06-15,2021-06-12,2027-06-12,0.1,37.0,650.0
c-6701003302057,producto02,Vida grupo particular,F,PEN,1977-10-15,2021-06-12,2027-06-12,0.1,61.0,1000.0
c-6701003302081,producto02,Vida grupo particular,F,PEN,1981-07-06,2021-06-12,2025-06-12,0.1,10.0,1050.0
c-6701003302110,producto02,Vida grupo particular,F,PEN,1960-03-01,2021-06-12,2026-06-12,0.1,92.0,1350.0
c-6701003302120,producto02,Vida grupo particular,F,PEN,1984-04-01,2021-06-12,2026-07-12,0.1,40.0,700.0
c-6701003302149,producto02,Vida grupo particular,F,PEN,1982-05-25,2021-06-12,2026-06-12,0.1,9.0,250.0
c-6701003302152,producto02,Vida grupo particular,F,PEN,1984-06-27,2021-06-12,2027-06-12,0.1,19.0,260.0
c-6701003302176,producto02,Vida grupo particular,F,PEN,1982-11-01,2021-06-12,2026-06-12,0.1,15.0,500.0
c-6701003302211,producto02,Vida grupo particular,F,PEN,1970-09-25,2021-06-14,2025-06-14,0.1,142.0,3195.0
c-6701003302222,producto02,Vida grupo particular,F,PEN,1980-10-27,2021-06-14,2026-06-14,0.1,19.0,459.99700000000007
c-6701003302228,producto02,Vida grupo particular,F,PEN,1949-12-22,2021-06-14,2026-06-14,0.1,3.0,249.9
c-6701003302231,producto02,Vida grupo particular,F,PEN,1942-03-21,2021-06-14,2027-06-14,0.1,34.0,400.0
c-6701003302263,producto02,Vida grupo particular,F,PEN,1967-10-12,2021-06-14,2026-06-14,0.1,35.0,500.0
c-6701003302289,producto02,Vida grupo particular,F,PEN,1978-03-10,2021-06-14,2025-06-14,0.1,63.0,800.0
c-6701003302422,producto02,Vida grupo particular,F,PEN,1976-06-23,2021-06-14,2025-06-14,0.1,219.0,2595.0
c-6701003302428,producto02,Vida grupo particular,F,PEN,1965-12-23,2021-06-14,2025-06-14,0.1,47.0,800.0
c-6701003302466,producto02,Vida grupo particular,F,PEN,1951-10-01,2021-06-14,2027-06-14,0.1,145.0,2770.0
c-6701003302471,producto02,Vida grupo particular,F,PEN,1958-02-01,2021-06-14,2025-06-14,0.1,43.0,1215.0
c-6701003302480,producto02,Vida grupo particular,F,PEN,1971-06-08,2021-06-14,2025-01-14,0.1,5.0,700.1
c-6701003302496,producto02,Vida grupo particular,F,PEN,1973-10-26,2021-06-14,2027-06-14,0.1,46.0,1050.0
c-6701003302503,producto02,Vida grupo particular,F,PEN,1968-09-15,2021-06-14,2024-12-14,0.1,30.0,1345.0
c-6701003302508,producto02,Vida grupo particular,F,PEN,1950-03-19,2021-06-14,2027-06-14,0.1,40.0,2695.0
c-6701003302529,producto02,Vida grupo particular,F,PEN,1984-07-06,2021-06-14,2025-06-14,0.1,31.0,1100.0
c-6701003302545,producto02,Vida grupo particular,F,PEN,1968-10-26,2021-06-14,2027-06-14,0.1,251.0,3000.0
c-6701003302589,producto02,Vida grupo particular,F,PEN,1981-05-30,2021-06-14,2027-06-14,0.1,18.0,500.0
c-6701003302625,producto02,Vida grupo particular,F,PEN,1972-04-24,2021-06-14,2025-06-14,0.1,53.0,1000.0
c-6701003302641,producto02,Vida grupo particular,F,PEN,1968-04-23,2021-06-14,2025-06-14,0.1,156.0,1850.0
c-6701003302645,producto02,Vida grupo particular,F,PEN,1967-02-10,2021-06-14,2025-06-14,0.1,90.0,2715.0
c-6701003302671,producto02,Vida grupo particular,F,PEN,1941-04-04,2021-06-14,2025-06-14,0.1,53.0,800.0
c-6701003302682,producto02,Vida grupo particular,F,PEN,1974-01-05,2021-06-14,2025-06-14,0.1,31.0,1350.0
c-6701003302684,producto02,Vida grupo particular,F,PEN,1979-12-10,2021-06-14,2027-06-14,0.1,22.0,370.0
c-6701003302687,producto02,Vida grupo particular,F,PEN,1968-05-05,2021-06-14,2025-06-14,0.1,116.0,2000.0
c-6701003302735,producto02,Vida grupo particular,F,PEN,1984-11-14,2021-06-14,2025-06-14,0.1,21.0,750.0
c-6701003302770,producto02,Vida grupo particular,F,PEN,1953-09-06,2021-06-14,2027-06-14,0.1,18.0,2000.0
c-6701003302793,producto02,Vida grupo particular,F,PEN,1966-02-19,2021-06-14,2025-06-14,0.1,121.0,1850.0
c-6701003302810,producto02,Vida grupo particular,F,PEN,1973-04-27,2021-06-14,2025-06-14,0.1,26.0,1040.0
c-6701003302855,producto02,Vida grupo particular,F,PEN,1948-07-17,2021-06-14,2027-06-14,0.1,69.0,1850.0
c-6701003302875,producto02,Vida grupo particular,F,PEN,1965-02-28,2021-06-15,2027-06-15,0.1,52.0,1050.0
c-6701003302883,producto02,Vida grupo particular,F,PEN,1956-10-24,2021-06-15,2027-06-15,0.1,205.0,2335.0
c-6701003302943,producto02,Vida grupo particular,F,PEN,1944-08-31,2021-06-15,2027-06-15,0.1,180.0,2405.0
c-6701003302971,producto02,Vida grupo particular,F,PEN,1973-12-14,2021-06-15,2025-06-15,0.1,38.0,500.0
c-6701003303063,producto02,Vida grupo particular,F,PEN,1969-12-24,2021-06-15,2027-06-15,0.1,84.0,1700.0
c-6701003303099,producto02,Vida grupo particular,F,PEN,1986-12-26,2021-06-15,2025-06-15,0.1,21.0,500.0
c-6701003303144,producto02,Vida grupo particular,F,PEN,1988-10-20,2021-06-15,2027-06-15,0.1,12.0,350.0
c-6701003303156,producto02,Vida grupo particular,F,PEN,1957-11-30,2021-06-15,2024-12-15,0.1,15.0,1655.0
c-6701003303165,producto02,Vida grupo particular,F,PEN,1949-08-10,2021-06-15,2027-06-15,0.1,60.0,3000.0
c-6701003303172,producto02,Vida grupo particular,F,PEN,1971-08-13,2021-06-15,2025-03-15,0.1,50.0,1095.0
c-6701003303178,producto02,Vida grupo particular,F,PEN,1949-10-13,2021-06-15,2027-06-15,0.1,21.0,1000.0
c-6701003303209,producto02,Vida grupo particular,F,PEN,1978-05-15,2021-06-15,2025-06-15,0.1,14.0,650.0
c-6701003303227,producto02,Vida grupo particular,F,PEN,1963-01-01,2021-06-15,2026-06-15,0.1,17.0,1100.0
c-6701003303297,producto02,Vida grupo particular,F,PEN,1960-02-09,2021-06-15,2025-06-15,0.1,78.0,1100.0
c-6701003303343,producto02,Vida grupo particular,F,PEN,1990-01-19,2021-06-15,2026-06-15,0.1,62.0,1100.1
c-6701003303416,producto02,Vida grupo particular,F,PEN,1960-08-16,2021-06-16,2026-05-16,0.1,31.0,605.0
c-6701003303421,producto02,Vida grupo particular,F,PEN,1966-05-10,2021-06-16,2025-06-16,0.1,76.0,2500.0
c-6701003303437,producto02,Vida grupo particular,F,PEN,1953-01-15,2021-06-16,2025-06-16,0.1,18.0,1200.0
c-6701003303450,producto02,Vida grupo particular,F,PEN,1970-04-16,2021-06-16,2027-06-16,0.1,8.0,1900.0
c-6701003303469,producto02,Vida grupo particular,F,PEN,1964-04-12,2021-06-16,2026-06-16,0.1,12.0,690.0
c-6701003303492,producto02,Vida grupo particular,F,PEN,1949-11-08,2021-06-16,2027-06-16,0.1,28.0,1335.0
c-6701003303503,producto02,Vida grupo particular,F,PEN,1962-07-30,2021-06-16,2027-06-16,0.1,13.0,375.0
c-6701003303518,producto02,Vida grupo particular,F,PEN,1960-06-12,2021-06-16,2025-06-16,0.1,110.0,1590.0
c-6701003303557,producto02,Vida grupo particular,F,PEN,1980-04-05,2021-06-16,2025-06-16,0.1,60.0,950.0
c-6701003303563,producto02,Vida grupo particular,F,PEN,1961-10-17,2021-06-16,2026-10-16,0.1,42.0,655.0
c-6701003303564,producto02,Vida grupo particular,F,PEN,1942-07-29,2021-06-16,2025-06-16,0.1,142.0,2395.0
c-6701003303591,producto02,Vida grupo particular,F,PEN,1979-03-10,2021-06-16,2025-02-16,0.1,33.0,500.0
c-6701003303619,producto02,Vida grupo particular,F,PEN,1977-08-13,2021-06-16,2025-06-16,0.1,45.0,900.0
c-6701003303645,producto02,Vida grupo particular,F,PEN,1961-03-14,2021-06-16,2025-06-16,0.1,71.0,1050.0
c-6701003303693,producto02,Vida grupo particular,F,PEN,1953-03-03,2021-06-16,2027-06-16,0.1,90.0,1000.0
c-6701003303736,producto02,Vida grupo particular,F,PEN,1975-08-15,2021-06-16,2025-06-16,0.1,199.0,3000.0
c-6701003303820,producto02,Vida grupo particular,F,PEN,1940-10-18,2021-06-16,2025-06-16,0.1,139.0,1800.0
c-6701003303858,producto02,Vida grupo particular,F,PEN,1953-07-11,2021-06-16,2027-06-16,0.1,12.0,320.0
c-6701003303862,producto02,Vida grupo particular,F,PEN,1949-03-13,2021-06-16,2027-04-16,0.1,72.0,1200.0
c-6701003303914,producto02,Vida grupo particular,F,PEN,1942-06-27,2021-06-17,2025-06-17,0.1,145.0,2595.0
c-6701003303945,producto02,Vida grupo particular,F,PEN,1957-10-09,2021-06-17,2027-06-17,0.1,24.0,1000.0
c-6701003303948,producto02,Vida grupo particular,F,PEN,1988-01-12,2021-06-17,2025-06-17,0.1,73.0,1700.0
c-6701003303979,producto02,Vida grupo particular,F,PEN,1975-10-11,2021-06-17,2025-06-17,0.1,51.0,1665.0
c-6701003304010,producto02,Vida grupo particular,F,PEN,1966-10-04,2021-06-17,2027-06-17,0.1,32.0,600.0
c-6701003304049,producto02,Vida grupo particular,F,PEN,1966-06-10,2021-06-17,2027-06-17,0.1,236.0,3000.0
c-6701003304052,producto02,Vida grupo particular,F,PEN,1954-08-04,2021-06-17,2026-06-17,0.1,61.0,950.0
c-6701003304060,producto02,Vida grupo particular,F,PEN,1949-06-24,2021-06-17,2025-06-17,0.1,166.0,1850.0
c-6701003304062,producto02,Vida grupo particular,F,PEN,1971-07-10,2021-06-17,2024-10-17,0.1,85.0,1360.0
c-6701003304147,producto02,Vida grupo particular,F,PEN,1953-03-04,2021-06-17,2025-06-17,0.1,122.0,2300.0
c-6701003304154,producto02,Vida grupo particular,F,PEN,1965-12-10,2021-06-17,2026-06-17,0.1,2.0,900.0
c-6701003304156,producto02,Vida grupo particular,F,PEN,1976-05-28,2021-06-17,2025-06-17,0.1,12.0,650.0
c-6701003304180,producto02,Vida grupo particular,F,PEN,1995-05-14,2021-06-17,2026-06-17,0.1,47.0,750.0
c-6701003304182,producto02,Vida grupo particular,F,PEN,1952-04-16,2021-06-17,2025-06-17,0.1,189.0,3000.0
c-6701003304194,producto02,Vida grupo particular,F,PEN,1971-07-06,2021-06-17,2027-06-17,0.1,1.0,1125.0
c-6701003304208,producto02,Vida grupo particular,F,PEN,1944-02-20,2021-06-17,2027-06-17,0.1,6.0,2670.0
c-6701003304232,producto02,Vida grupo particular,F,PEN,1940-07-22,2021-06-17,2025-06-17,0.1,30.0,800.0
c-6701003304235,producto02,Vida grupo particular,F,PEN,1987-04-01,2021-06-17,2025-06-17,0.1,64.0,720.0
c-6701003304236,producto02,Vida grupo particular,F,PEN,1945-03-10,2021-06-17,2025-06-17,0.1,11.0,700.0
c-6701003304265,producto02,Vida grupo particular,F,PEN,1971-08-18,2021-06-17,2027-06-17,0.1,76.0,1060.0
c-6701003304310,producto02,Vida grupo particular,F,PEN,1970-02-25,2021-06-17,2025-06-17,0.1,80.0,1400.0
c-6701003304356,producto02,Vida grupo particular,F,PEN,1957-12-24,2021-06-17,2027-06-17,0.1,20.0,3000.0
c-6701003304359,producto02,Vida grupo particular,F,PEN,1950-12-15,2021-06-17,2025-06-17,0.1,50.0,650.0
c-6701003304381,producto02,Vida grupo particular,F,PEN,1942-12-27,2021-06-18,2027-06-18,0.1,34.0,450.0
c-6701003304403,producto02,Vida grupo particular,F,PEN,1966-01-19,2021-06-18,2027-06-18,0.1,26.0,300.0
c-6701003304425,producto02,Vida grupo particular,F,PEN,1991-09-15,2021-06-18,2025-06-18,0.1,32.0,1100.0
c-6701003304507,producto02,Vida grupo particular,F,PEN,1974-09-12,2021-06-18,2025-06-18,0.1,30.0,800.0
c-6701003304509,producto02,Vida grupo particular,F,PEN,1954-11-18,2021-06-18,2026-06-18,0.1,53.0,1050.0
c-6701003304512,producto02,Vida grupo particular,F,PEN,1963-08-08,2021-06-18,2027-06-18,0.1,10.0,1000.0
c-6701003304576,producto02,Vida grupo particular,F,PEN,1942-02-14,2021-06-18,2027-06-18,0.1,62.0,900.0
c-6701003304607,producto02,Vida grupo particular,F,PEN,1972-03-19,2021-06-18,2027-06-18,0.1,85.0,1005.0
c-6701003304632,producto02,Vida grupo particular,F,PEN,1990-06-03,2021-06-18,2026-06-18,0.1,22.0,465.0
c-6701003304640,producto02,Vida grupo particular,F,PEN,1981-12-03,2021-06-18,2027-06-18,0.1,12.0,305.0
c-6701003304653,producto02,Vida grupo particular,F,PEN,1952-01-07,2021-06-18,2025-06-18,0.1,85.0,2035.0
c-6701003304695,producto02,Vida grupo particular,F,PEN,1971-12-24,2021-06-18,2025-06-18,0.1,59.0,1050.0
c-6701003304717,producto02,Vida grupo particular,F,PEN,1949-02-12,2021-06-18,2027-06-18,0.1,121.0,1500.0
c-6701003304721,producto02,Vida grupo particular,F,PEN,1991-09-24,2021-06-18,2027-06-18,0.1,26.0,1050.0
c-6701003304722,producto02,Vida grupo particular,F,PEN,1966-08-01,2021-06-18,2027-06-18,0.1,8.0,515.0
c-6701003304745,producto02,Vida grupo particular,F,PEN,1962-11-10,2021-06-18,2026-06-18,0.1,57.0,1400.0
c-6701003304780,producto02,Vida grupo particular,F,PEN,1948-11-22,2021-06-18,2025-06-18,0.1,5.0,600.0
c-6701003304814,producto02,Vida grupo particular,F,PEN,1954-10-22,2021-06-18,2027-06-18,0.1,14.0,700.0
c-6701003304856,producto02,Vida grupo particular,F,PEN,1961-08-10,2021-06-18,2025-06-18,0.1,95.0,1755.0
c-6701003304918,producto02,Vida grupo particular,F,PEN,1975-07-28,2021-06-19,2027-06-19,0.1,8.0,1050.0
c-6701003304935,producto02,Vida grupo particular,F,PEN,1965-04-26,2021-06-19,2025-06-19,0.1,72.0,1000.0
c-6701003304937,producto02,Vida grupo particular,F,PEN,1953-06-07,2021-06-19,2027-06-19,0.1,31.0,355.0
c-6701003304960,producto02,Vida grupo particular,F,PEN,1957-06-17,2021-06-19,2026-06-19,0.1,47.0,1850.0
c-6701003305005,producto02,Vida grupo particular,F,PEN,1953-12-02,2021-06-19,2026-06-19,0.1,,-1000.0
c-6701003305051,producto02,Vida grupo particular,F,PEN,1963-11-01,2021-06-19,2025-06-19,0.1,135.0,1755.0
c-6701003305059,producto02,Vida grupo particular,F,PEN,1957-09-08,2021-06-19,2025-06-19,0.1,45.0,1000.0
c-6701003305069,producto02,Vida grupo particular,F,PEN,1974-12-24,2021-06-19,2025-06-19,0.1,119.0,1350.0
c-6701003305133,producto02,Vida grupo particular,F,PEN,1966-02-11,2021-06-19,2025-06-19,0.1,81.0,1100.0
c-6701003305152,producto02,Vida grupo particular,F,PEN,1995-03-20,2021-06-19,2027-06-19,0.1,39.0,825.0
c-6701003305170,producto02,Vida grupo particular,F,PEN,1970-12-23,2021-06-19,2026-06-19,0.1,24.0,450.0
c-6701003305234,producto02,Vida grupo particular,F,PEN,1985-09-21,2021-06-21,2025-06-21,0.1,55.0,750.0
c-6701003305384,producto02,Vida grupo particular,F,PEN,1950-01-29,2021-06-21,2027-07-21,0.1,132.0,1850.0
c-6701003305417,producto02,Vida grupo particular,F,PEN,1954-07-01,2021-06-21,2025-06-21,0.1,150.0,2415.0
c-6701003305465,producto02,Vida grupo particular,F,PEN,1969-05-02,2021-06-21,2025-06-21,0.1,22.0,1050.0
c-6701003305492,producto02,Vida grupo particular,F,PEN,1957-12-24,2021-06-21,2026-06-21,0.1,188.0,3000.0
c-6701003305543,producto02,Vida grupo particular,F,PEN,1971-09-21,2021-06-21,2025-06-21,0.1,100.0,1425.0
c-6701003305565,producto02,Vida grupo particular,F,PEN,1948-02-10,2021-06-21,2025-06-21,0.1,50.0,1695.0
c-6701003305615,producto02,Vida grupo particular,F,PEN,1988-12-25,2021-06-21,2027-07-21,0.1,24.0,640.0
c-6701003305633,producto02,Vida grupo particular,F,PEN,1957-05-03,2021-06-21,2027-06-21,0.1,72.0,1050.0
c-6701003305653,producto02,Vida grupo particular,F,PEN,1978-12-31,2021-06-21,2027-06-21,0.1,76.0,1150.0
c-6701003305659,producto02,Vida grupo particular,F,PEN,1952-10-24,2021-06-21,2025-06-21,0.1,74.0,1300.0
c-6701003305705,producto02,Vida grupo particular,F,PEN,1985-09-22,2021-06-21,2027-06-21,0.1,7.0,810.0
c-6701003305718,producto02,Vida grupo particular,F,PEN,1974-11-25,2021-06-21,2027-06-21,0.1,9.0,315.0
c-6701003305731,producto02,Vida grupo particular,F,PEN,1979-11-14,2021-06-21,2025-06-21,0.1,10.0,1050.0
c-6701003305747,producto02,Vida grupo particular,F,PEN,1977-02-11,2021-06-22,2025-06-22,0.1,53.0,1100.0
c-6701003305771,producto02,Vida grupo particular,F,PEN,1965-08-14,2021-06-22,2025-01-22,0.1,31.0,540.0
c-6701003305801,producto02,Vida grupo particular,F,PEN,1972-10-20,2021-06-22,2027-06-22,0.1,1.0,800.0
c-6701003305861,producto02,Vida grupo particular,F,PEN,1971-08-14,2021-06-22,2026-06-22,0.1,27.0,1850.0
c-6701003305873,producto02,Vida grupo particular,F,PEN,1969-11-07,2021-06-22,2026-05-22,0.1,3.0,450.0
c-6701003305891,producto02,Vida grupo particular,F,PEN,1988-03-04,2021-06-22,2025-06-22,0.1,35.0,650.0
c-6701003305894,producto02,Vida grupo particular,F,PEN,1965-12-07,2021-06-22,2027-06-22,0.1,101.0,1380.0
c-6701003305898,producto02,Vida grupo particular,F,PEN,1967-03-27,2021-06-22,2026-06-22,0.1,42.0,1050.0
c-6701003305941,producto02,Vida grupo particular,F,PEN,1947-07-18,2021-06-22,2026-06-22,0.1,35.0,650.0
c-6701003305946,producto02,Vida grupo particular,F,PEN,1962-07-28,2021-06-22,2027-06-22,0.1,44.0,600.0
c-6701003305951,producto02,Vida grupo particular,F,PEN,1957-02-06,2021-06-22,2025-06-22,0.1,53.0,1050.0
c-6701003305954,producto02,Vida grupo particular,F,PEN,1967-08-29,2021-06-22,2026-06-22,0.1,7.0,1500.1
c-6701003305973,producto02,Vida grupo particular,F,PEN,1973-08-09,2021-06-22,2026-06-22,0.1,19.0,650.0
c-6701003305988,producto02,Vida grupo particular,F,PEN,1945-01-01,2021-06-22,2027-06-22,0.1,132.0,1660.0
c-6701003306028,producto02,Vida grupo particular,F,PEN,1965-06-16,2021-06-22,2025-06-22,0.1,11.0,500.0
c-6701003306035,producto02,Vida grupo particular,F,PEN,1960-06-27,2021-06-22,2027-06-22,0.1,141.0,1700.0
c-6701003306049,producto02,Vida grupo particular,F,PEN,1970-05-29,2021-06-22,2026-06-22,0.1,1.0,800.0
c-6701003306092,producto02,Vida grupo particular,F,PEN,1971-11-14,2021-06-22,2026-06-22,0.1,6.0,270.0
c-6701003306095,producto02,Vida grupo particular,F,PEN,1967-10-13,2021-06-22,2025-06-22,0.1,61.0,1100.0
c-6701003306099,producto02,Vida grupo particular,F,PEN,1967-12-16,2021-06-22,2027-06-22,0.1,23.0,1200.0
c-6701003306109,producto02,Vida grupo particular,F,PEN,1982-11-12,2021-06-22,2025-06-22,0.1,38.0,500.0
c-6701003306144,producto02,Vida grupo particular,F,PEN,1965-01-11,2021-06-22,2027-07-22,0.1,95.0,1350.0
c-6701003306149,producto02,Vida grupo particular,F,PEN,1955-12-06,2021-06-22,2026-06-22,0.1,6.0,300.0
c-6701003306156,producto02,Vida grupo particular,F,PEN,1962-01-07,2021-06-22,2025-06-22,0.1,72.0,2000.0
c-6701003306187,producto02,Vida grupo particular,F,PEN,1983-07-14,2021-06-22,2026-06-22,0.1,85.0,990.0
c-6701003306192,producto02,Vida grupo particular,F,PEN,1942-01-02,2021-06-22,2027-06-22,0.1,5.0,800.0
c-6701003306224,producto02,Vida grupo particular,F,PEN,1950-12-20,2021-06-22,2027-04-22,0.1,5.0,575.0
c-6701003306232,producto02,Vida grupo particular,F,PEN,1972-04-28,2021-06-22,2026-06-22,0.1,29.0,900.0
c-6701003306236,producto02,Vida grupo particular,F,PEN,1940-07-13,2021-06-22,2025-06-22,0.1,9.0,300.0
c-6701003306255,producto02,Vida grupo particular,F,PEN,1958-01-20,2021-06-23,2025-06-23,0.1,43.0,1200.0
c-6701003306263,producto02,Vida grupo particular,F,PEN,1971-06-26,2021-06-23,2027-06-23,0.1,84.0,1720.0
c-6701003306269,producto02,Vida grupo particular,F,PEN,1951-06-18,2021-06-23,2026-06-23,0.1,47.0,600.0
c-6701003306283,producto02,Vida grupo particular,F,PEN,1946-03-24,2021-06-23,2025-06-23,0.1,14.0,1850.0
c-6701003306290,producto02,Vida grupo particular,F,PEN,1950-06-13,2021-06-23,2027-06-23,0.1,15.0,1850.0
c-6701003306317,producto02,Vida grupo particular,F,PEN,1953-11-03,2021-06-23,2025-06-23,0.1,37.0,650.0
c-6701003306337,producto02,Vida grupo particular,F,PEN,1955-01-14,2021-06-23,2027-06-23,0.1,14.0,2240.0
c-6701003306372,producto02,Vida grupo particular,F,PEN,1941-04-14,2021-06-23,2024-12-23,0.1,38.0,1000.0
c-6701003306423,producto02,Vida grupo particular,F,PEN,1993-09-29,2021-06-23,2025-06-23,0.1,32.0,950.0
c-6701003306446,producto02,Vida grupo particular,F,PEN,1978-11-10,2021-06-23,2027-06-23,0.1,64.0,1200.0
c-6701003306470,producto02,Vida grupo particular,F,PEN,1968-03-04,2021-06-23,2024-12-23,0.1,43.0,500.0
c-6701003306476,producto02,Vida grupo particular,F,PEN,1953-10-20,2021-06-23,2025-02-23,0.1,261.0,3250.0
c-6701003306478,producto02,Vida grupo particular,F,PEN,1972-12-22,2021-06-23,2027-06-23,0.1,17.0,1700.0
c-6701003306497,producto02,Vida grupo particular,F,PEN,1984-11-21,2021-06-23,2027-06-23,0.1,35.0,650.0
c-6701003306503,producto02,Vida grupo particular,F,PEN,1944-05-06,2021-06-23,2027-06-23,0.1,204.0,2760.0
c-6701003306552,producto02,Vida grupo particular,F,PEN,1951-05-31,2021-06-23,2026-06-23,0.1,42.0,1000.0
c-6701003306606,producto02,Vida grupo particular,F,PEN,1985-02-14,2021-06-23,2027-06-23,0.1,18.0,800.0
c-6701003306632,producto02,Vida grupo particular,F,PEN,1991-11-20,2021-06-23,2026-06-23,0.1,3.0,220.0
c-6701003306671,producto02,Vida grupo particular,F,PEN,1956-04-23,2021-06-23,2026-06-23,0.1,7.0,460.0
c-6701003306707,producto02,Vida grupo particular,F,PEN,1949-06-29,2021-06-23,2025-06-23,0.1,12.0,350.0
c-6701003306739,producto02,Vida grupo particular,F,PEN,1964-02-20,2021-06-24,2027-06-24,0.1,37.0,650.0
c-6701003306750,producto02,Vida grupo particular,F,PEN,1972-04-07,2021-06-24,2026-06-24,0.1,30.0,455.0
c-6701003306755,producto02,Vida grupo particular,F,PEN,1982-10-04,2021-06-24,2026-06-24,0.1,65.0,800.0
c-6701003306803,producto02,Vida grupo particular,F,PEN,1953-07-08,2021-06-24,2027-06-24,0.1,14.0,2180.0
c-6701003306822,producto02,Vida grupo particular,F,PEN,1969-07-15,2021-06-24,2027-06-24,0.1,85.0,1755.0
c-6701003306825,producto02,Vida grupo particular,F,PEN,1968-02-26,2021-06-24,2025-06-24,0.1,58.0,2600.0
c-6701003306827,producto02,Vida grupo particular,F,PEN,1965-03-19,2021-06-24,2027-06-24,0.1,81.0,1050.0
c-6701003306831,producto02,Vida grupo particular,F,PEN,1974-09-11,2021-06-24,2025-06-24,0.1,14.0,395.0
c-6701003306837,producto02,Vida grupo particular,F,PEN,1964-02-12,2021-06-24,2025-08-24,0.1,185.0,3575.0
c-6701003306840,producto02,Vida grupo particular,F,PEN,1974-12-27,2021-06-24,2025-06-24,0.1,40.0,845.0
c-6701003306847,producto02,Vida grupo particular,F,PEN,1956-10-20,2021-06-24,2025-06-24,0.1,26.0,500.1
c-6701003306850,producto02,Vida grupo particular,F,PEN,1964-12-31,2021-06-24,2025-06-24,0.1,51.0,890.0
c-6701003306853,producto02,Vida grupo particular,F,PEN,1961-07-03,2021-06-24,2025-06-24,0.1,17.0,1500.0
c-6701003306881,producto02,Vida grupo particular,F,PEN,1945-08-27,2021-06-24,2025-06-24,0.1,51.0,900.0
c-6701003306922,producto02,Vida grupo particular,F,PEN,1975-09-09,2021-06-24,2027-06-24,0.1,32.0,1050.0
c-6701003306930,producto02,Vida grupo particular,F,PEN,1987-09-16,2021-06-24,2027-06-24,0.1,2.0,300.1
c-6701003306990,producto02,Vida grupo particular,F,PEN,1971-09-22,2021-06-24,2027-07-24,0.1,43.0,905.0
c-6701003306991,producto02,Vida grupo particular,F,PEN,1972-03-06,2021-06-24,2026-06-24,0.1,121.0,1750.0
c-6701003307012,producto02,Vida grupo particular,F,PEN,1967-06-03,2021-06-24,2025-06-24,0.1,21.0,2000.0
c-6701003307041,producto02,Vida grupo particular,F,PEN,1977-04-13,2021-06-24,2027-06-24,0.1,130.0,1890.0
c-6701003307059,producto02,Vida grupo particular,F,PEN,1950-05-25,2021-06-24,2025-06-24,0.1,28.0,2110.0
c-6701003307214,producto02,Vida grupo particular,F,PEN,1944-07-06,2021-06-25,2026-06-25,0.1,28.0,850.0
c-6701003307261,producto02,Vida grupo particular,F,PEN,1959-08-09,2021-06-25,2027-06-25,0.1,121.0,2365.0
c-6701003307273,producto02,Vida grupo particular,F,PEN,1981-11-21,2021-06-25,2026-06-25,0.1,69.0,905.0
c-6701003307312,producto02,Vida grupo particular,F,PEN,1946-01-12,2021-06-25,2027-06-25,0.1,121.0,1550.0
c-6701003307325,producto02,Vida grupo particular,F,PEN,1966-06-16,2021-06-25,2025-06-25,0.1,131.0,1895.0
c-6701003307330,producto02,Vida grupo particular,F,PEN,1982-11-23,2021-06-25,2025-06-25,0.1,44.0,500.0
c-6701003307341,producto02,Vida grupo particular,F,PEN,1957-12-22,2021-06-25,2026-06-25,0.1,48.0,1700.0
c-6701003307349,producto02,Vida grupo particular,F,PEN,1994-10-12,2021-06-25,2027-06-25,0.1,6.0,300.0
c-6701003307357,producto02,Vida grupo particular,F,PEN,1960-12-08,2021-06-25,2026-06-25,0.1,129.0,2560.0
c-6701003307361,producto02,Vida grupo particular,F,PEN,1950-10-18,2021-06-25,2026-06-25,0.1,79.0,3000.0
c-6701003307392,producto02,Vida grupo particular,F,PEN,1940-07-21,2021-06-25,2025-06-25,0.1,80.0,1685.0
c-6701003307399,producto02,Vida grupo particular,F,PEN,1990-09-08,2021-06-25,2025-06-25,0.1,25.0,300.1
c-6701003307408,producto02,Vida grupo particular,F,PEN,1968-01-27,2021-06-25,2027-06-25,0.1,25.0,1050.0
c-6701003307410,producto02,Vida grupo particular,F,PEN,1977-04-30,2021-06-25,2025-06-25,0.1,3.0,1430.0
c-6701003307477,producto02,Vida grupo particular,F,PEN,1975-01-10,2021-06-25,2026-06-25,0.1,80.0,1000.0
c-6701003307495,producto02,Vida grupo particular,F,PEN,1941-10-11,2021-06-25,2025-06-25,0.1,5.0,650.0
c-6701003307497,producto02,Vida grupo particular,F,PEN,1965-09-15,2021-06-25,2026-06-25,0.1,24.0,500.0
c-6701003307545,producto02,Vida grupo particular,F,PEN,1962-03-08,2021-06-25,2027-07-25,0.1,152.0,1700.0
c-6701003307684,producto02,Vida grupo particular,F,PEN,1982-09-15,2021-06-26,2026-06-26,0.1,141.0,3000.0
c-6701003307697,producto02,Vida grupo particular,F,PEN,1955-03-17,2021-06-26,2025-06-26,0.1,24.0,3000.0
c-6701003307723,producto02,Vida grupo particular,F,PEN,1969-02-16,2021-06-26,2025-01-26,0.1,67.0,2840.0
c-6701003307794,producto02,Vida grupo particular,F,PEN,1955-02-24,2021-06-26,2027-06-26,0.1,217.0,2865.0
c-6701003307797,producto02,Vida grupo particular,F,PEN,1951-05-10,2021-06-26,2025-06-26,0.1,131.0,1790.0
c-6701003307800,producto02,Vida grupo particular,F,PEN,1965-12-05,2021-06-26,2027-06-26,0.1,144.0,1900.0
c-6701003307801,producto02,Vida grupo particular,F,PEN,1964-04-24,2021-06-26,2025-06-26,0.1,29.0,800.0
c-6701003307841,producto02,Vida grupo particular,F,PEN,1966-11-17,2021-06-26,2025-06-26,0.1,42.0,1350.0
c-6701003307861,producto02,Vida grupo particular,F,PEN,1986-12-06,2021-06-26,2025-06-26,0.1,17.0,1000.0
c-6701003307865,producto02,Vida grupo particular,F,PEN,1941-03-09,2021-06-26,2026-06-26,0.1,24.0,550.0
c-6701003307933,producto02,Vida grupo particular,F,PEN,1963-03-13,2021-06-26,2026-11-26,0.1,109.0,2090.0
c-6701003307950,producto02,Vida grupo particular,F,PEN,1965-12-29,2021-06-26,2027-06-26,0.1,60.0,800.0
c-6701003307953,producto02,Vida grupo particular,F,PEN,1966-05-01,2021-06-26,2025-05-26,0.1,43.0,550.0
c-6701003307962,producto02,Vida grupo particular,F,PEN,1962-12-13,2021-06-26,2027-06-26,0.1,17.0,1830.0
c-6701003307978,producto02,Vida grupo particular,F,PEN,1961-10-08,2021-06-26,2025-06-26,0.1,102.0,1350.0
c-6701003308286,producto02,Vida grupo particular,F,PEN,1970-12-10,2021-06-28,2026-02-02,0.1,8560.0,202300.0
c-6701003308873,producto02,Vida grupo particular,F,PEN,1951-11-24,2021-06-30,2026-02-10,0.1,7284.0,280000.0
c-6701003309000,producto02,Vida grupo particular,F,PEN,1951-06-16,2021-06-30,2025-07-04,0.1,8715.0,105000.0
c-6701003309571,producto02,Vida grupo particular,F,PEN,1976-02-20,2021-07-01,2025-07-01,0.1,14.0,1200.0
c-6701003309573,producto02,Vida grupo particular,F,PEN,1942-08-19,2021-07-01,2027-07-01,0.1,63.0,1850.0
c-6701003309624,producto02,Vida grupo particular,F,PEN,1966-10-28,2021-07-01,2027-07-01,0.1,5.0,1200.0
c-6701003309625,producto02,Vida grupo particular,F,PEN,1966-12-14,2021-07-01,2025-07-01,0.1,47.0,960.0
c-6701003309635,producto02,Vida grupo particular,F,PEN,1982-11-27,2021-07-01,2027-07-01,0.1,23.0,1050.0
c-6701003309639,producto02,Vida grupo particular,F,PEN,1977-01-17,2021-07-01,2025-07-01,0.1,14.0,300.0
c-6701003309641,producto02,Vida grupo particular,F,PEN,1972-08-18,2021-07-01,2025-07-01,0.1,128.0,2000.0
c-6701003309732,producto02,Vida grupo particular,F,PEN,1991-11-04,2021-07-01,2025-07-01,0.1,50.0,650.0
c-6701003309738,producto02,Vida grupo particular,F,PEN,1983-12-04,2021-07-01,2025-07-01,0.1,57.0,650.0
c-6701003309762,producto02,Vida grupo particular,F,PEN,1965-09-29,2021-07-01,2027-07-01,0.1,52.0,2615.0
c-6701003309899,producto02,Vida grupo particular,F,PEN,1971-04-06,2021-07-01,2027-07-01,0.1,63.0,3000.0
c-6701003309912,producto02,Vida grupo particular,F,PEN,1969-04-21,2021-07-01,2027-07-01,0.1,3.0,379.8
c-6701003309929,producto02,Vida grupo particular,F,PEN,1951-02-12,2021-07-01,2027-07-01,0.1,26.0,2000.0
c-6701003309952,producto02,Vida grupo particular,F,PEN,1969-04-23,2021-07-01,2027-07-01,0.1,70.0,900.0
c-6701003310027,producto02,Vida grupo particular,F,PEN,1961-02-26,2021-07-01,2025-07-01,0.1,122.0,2000.0
c-6701003310032,producto02,Vida grupo particular,F,PEN,1961-07-23,2021-07-01,2027-07-01,0.1,216.0,3000.0
c-6701003310072,producto02,Vida grupo particular,F,PEN,1959-06-06,2021-07-01,2025-07-01,0.1,42.0,1415.0
c-6701003310074,producto02,Vida grupo particular,F,PEN,1989-08-05,2021-07-01,2027-07-01,0.1,42.0,805.0
c-6701003310075,producto02,Vida grupo particular,F,PEN,1960-09-03,2021-07-01,2025-07-01,0.1,193.0,3000.0
c-6701003310076,producto02,Vida grupo particular,F,PEN,1956-01-23,2021-07-01,2027-07-01,0.1,42.0,500.0
c-6701003310097,producto02,Vida grupo particular,F,PEN,1975-12-18,2021-07-01,2026-07-01,0.1,42.0,1350.0
c-6701003310122,producto02,Vida grupo particular,F,PEN,1956-11-16,2021-07-02,2026-07-02,0.1,229.0,3000.0
c-6701003310132,producto02,Vida grupo particular,F,PEN,1946-11-18,2021-07-02,2025-07-02,0.1,174.0,2000.0
c-6701003310155,producto02,Vida grupo particular,F,PEN,1977-01-11,2021-07-02,2027-07-02,0.1,34.0,675.0
c-6701003310221,producto02,Vida grupo particular,F,PEN,1982-11-27,2021-07-02,2027-05-02,0.1,25.0,1050.0
c-6701003310250,producto02,Vida grupo particular,F,PEN,1947-06-25,2021-07-02,2025-07-02,0.1,98.0,1850.0
c-6701003310286,producto02,Vida grupo particular,F,PEN,1986-01-19,2021-07-02,2025-07-02,0.1,45.0,500.1
c-6701003310298,producto02,Vida grupo particular,F,PEN,1962-03-27,2021-07-02,2027-07-02,0.1,73.0,980.0
c-6701003310315,producto02,Vida grupo particular,F,PEN,1963-09-20,2021-07-02,2025-01-02,0.1,62.0,1100.1
c-6701003310342,producto02,Vida grupo particular,F,PEN,1961-02-03,2021-07-02,2027-07-02,0.1,66.0,1000.0
c-6701003310345,producto02,Vida grupo particular,F,PEN,1977-04-12,2021-07-02,2025-07-02,0.1,65.0,1200.0
c-6701003310391,producto02,Vida grupo particular,F,PEN,1979-01-03,2021-07-02,2027-07-02,0.1,112.0,1665.0
c-6701003310416,producto02,Vida grupo particular,F,PEN,1966-01-28,2021-07-02,2027-07-02,0.1,112.0,2610.0
c-6701003310417,producto02,Vida grupo particular,F,PEN,1948-02-01,2021-07-02,2025-07-02,0.1,107.0,1300.0
c-6701003310432,producto02,Vida grupo particular,F,PEN,1980-05-16,2021-07-02,2025-07-02,0.1,138.0,1620.0
c-6701003310438,producto02,Vida grupo particular,F,PEN,1984-11-26,2021-07-02,2026-07-02,0.1,144.0,1700.0
c-6701003310443,producto02,Vida grupo particular,F,PEN,1968-04-19,2021-07-02,2027-07-02,0.1,132.0,2100.0
c-6701003310454,producto02,Vida grupo particular,F,PEN,1954-12-16,2021-07-02,2025-07-02,0.1,39.0,650.0
c-6701003310457,producto02,Vida grupo particular,F,PEN,1947-01-17,2021-07-02,2027-07-02,0.1,111.0,2935.0
c-6701003310464,producto02,Vida grupo particular,F,PEN,1970-08-30,2021-07-02,2027-07-02,0.1,109.0,1850.0
c-6701003310516,producto02,Vida grupo particular,F,PEN,1993-10-27,2021-07-02,2027-07-02,0.1,70.0,905.0
c-6701003310517,producto02,Vida grupo particular,F,PEN,1978-10-03,2021-07-02,2027-07-02,0.1,12.0,625.0
c-6701003310530,producto02,Vida grupo particular,F,PEN,1948-11-27,2021-07-02,2026-07-02,0.1,57.0,2800.0
c-6701003310531,producto02,Vida grupo particular,F,PEN,1955-07-18,2021-07-02,2025-07-02,0.1,17.0,3205.0
c-6701003310572,producto02,Vida grupo particular,F,PEN,1989-10-21,2021-07-02,2025-07-02,0.1,68.0,1050.0
c-6701003310580,producto02,Vida grupo particular,F,PEN,1985-11-15,2021-07-02,2026-07-02,0.1,8.0,1050.0
c-6701003310604,producto02,Vida grupo particular,F,PEN,1980-12-12,2021-07-02,2027-07-02,0.1,38.0,1850.0
c-6701003310630,producto02,Vida grupo particular,F,PEN,1969-07-02,2021-07-02,2025-07-02,0.1,160.0,1800.0
c-6701003310650,producto02,Vida grupo particular,F,PEN,1960-08-21,2021-07-02,2025-07-02,0.1,224.0,3000.0
c-6701003310680,producto02,Vida grupo particular,F,PEN,1956-04-05,2021-07-02,2025-07-02,0.1,86.0,1050.0
c-6701003310709,producto02,Vida grupo particular,F,PEN,1979-11-18,2021-07-02,2025-07-02,0.1,67.0,900.0
c-6701003310714,producto02,Vida grupo particular,F,PEN,1948-07-18,2021-07-02,2027-07-02,0.1,71.0,2355.0
c-6701003310715,producto02,Vida grupo particular,F,PEN,1967-01-03,2021-07-02,2025-07-02,0.1,29.0,1150.0
c-6701003310718,producto02,Vida grupo particular,F,PEN,1960-06-18,2021-07-02,2026-07-02,0.1,27.0,960.0
c-6701003310728,producto02,Vida grupo particular,F,PEN,1950-05-02,2021-07-02,2025-07-02,0.1,18.0,3000.0
c-6701003310748,producto02,Vida grupo particular,F,PEN,1958-12-20,2021-07-02,2025-07-02,0.1,32.0,880.0
c-6701003310770,producto02,Vida grupo particular,F,PEN,1975-03-04,2021-07-02,2025-07-02,0.1,228.0,3205.0
c-6701003310797,producto02,Vida grupo particular,F,PEN,1986-11-22,2021-07-03,2026-07-03,0.1,72.0,1050.0
c-6701003310824,producto02,Vida grupo particular,F,PEN,1971-03-31,2021-07-03,2027-07-03,0.1,189.0,3000.0
c-6701003310841,producto02,Vida grupo particular,F,PEN,1940-07-21,2021-07-03,2025-07-03,0.1,3.0,800.0
c-6701003310850,producto02,Vida grupo particular,F,PEN,1964-09-24,2021-07-03,2027-07-03,0.1,42.0,1000.0
c-6701003310857,producto02,Vida grupo particular,F,PEN,1962-04-04,2021-07-03,2027-07-03,0.1,116.0,3000.0
c-6701003310873,producto02,Vida grupo particular,F,PEN,1954-04-19,2021-07-03,2025-07-03,0.1,47.0,650.0
c-6701003310891,producto02,Vida grupo particular,F,PEN,1970-02-19,2021-07-03,2026-07-03,0.1,39.0,1840.0
c-6701003310900,producto02,Vida grupo particular,F,PEN,1945-10-18,2021-07-03,2025-07-03,0.1,27.0,650.0
c-6701003310913,producto02,Vida grupo particular,F,PEN,1967-05-06,2021-07-03,2027-07-03,0.1,168.0,3000.0
c-6701003310953,producto02,Vida grupo particular,F,PEN,1962-07-22,2021-07-03,2027-07-03,0.1,160.0,2495.0
c-6701003310966,producto02,Vida grupo particular,F,PEN,1969-04-09,2021-07-03,2025-07-03,0.1,50.0,1455.0
c-6701003311010,producto02,Vida grupo particular,F,PEN,1971-07-03,2021-07-03,2027-08-03,0.1,5.0,484.998
c-6701003311031,producto02,Vida grupo particular,F,PEN,1967-08-29,2021-07-03,2027-07-03,0.1,19.0,500.0
c-6701003311095,producto02,Vida grupo particular,F,PEN,1952-11-28,2021-07-03,2027-07-03,0.1,172.0,2400.0
c-6701003311136,producto02,Vida grupo particular,F,PEN,1961-08-31,2021-07-03,2025-07-03,0.1,38.0,550.0
c-6701003311143,producto02,Vida grupo particular,F,PEN,1957-01-05,2021-07-03,2027-07-03,0.1,12.0,1050.0
c-6701003311155,producto02,Vida grupo particular,F,PEN,1974-04-29,2021-07-03,2026-07-03,0.1,57.0,800.0
c-6701003311175,producto02,Vida grupo particular,F,PEN,1964-02-23,2021-07-03,2027-07-03,0.1,32.0,640.0
c-6701003311212,producto02,Vida grupo particular,F,PEN,1952-05-07,2021-07-05,2026-07-05,0.1,88.0,1400.0
c-6701003311233,producto02,Vida grupo particular,F,PEN,1974-11-29,2021-07-05,2025-07-05,0.1,25.0,800.0
c-6701003311236,producto02,Vida grupo particular,F,PEN,1968-11-17,2021-07-05,2025-07-05,0.1,26.0,1100.0
c-6701003311254,producto02,Vida grupo particular,F,PEN,1956-10-21,2021-07-05,2026-07-05,0.1,41.0,635.0
c-6701003311318,producto02,Vida grupo particular,F,PEN,1966-08-27,2021-07-05,2025-07-05,0.1,59.0,1350.0
c-6701003311367,producto02,Vida grupo particular,F,PEN,1941-05-01,2021-07-05,2025-07-05,0.1,224.0,2600.0
c-6701003311395,producto02,Vida grupo particular,F,PEN,1971-05-05,2021-07-05,2027-07-05,0.1,61.0,860.0
c-6701003311406,producto02,Vida grupo particular,F,PEN,1985-10-16,2021-07-05,2025-07-05,0.1,19.0,1850.0
c-6701003311455,producto02,Vida grupo particular,F,PEN,1978-07-14,2021-07-05,2027-07-05,0.1,25.0,430.0
c-6701003311473,producto02,Vida grupo particular,F,PEN,1959-07-04,2021-07-05,2025-07-05,0.1,27.0,2570.0
c-6701003311493,producto02,Vida grupo particular,F,PEN,1987-09-23,2021-07-05,2025-07-05,0.1,25.0,1100.0
c-6701003311525,producto02,Vida grupo particular,F,PEN,1964-02-17,2021-07-05,2027-07-05,0.1,61.0,1490.0
c-6701003311554,producto02,Vida grupo particular,F,PEN,1954-05-30,2021-07-05,2026-07-05,0.1,14.0,1850.0
c-6701003311578,producto02,Vida grupo particular,F,PEN,1969-12-07,2021-07-05,2025-07-05,0.1,59.0,1850.0
c-6701003311579,producto02,Vida grupo particular,F,PEN,1952-10-09,2021-07-05,2027-07-05,0.1,154.0,2740.0
c-6701003311593,producto02,Vida grupo particular,F,PEN,1966-07-05,2021-07-05,2025-07-05,0.1,51.0,940.0
c-6701003311722,producto02,Vida grupo particular,F,PEN,1944-07-01,2021-07-05,2027-07-05,0.1,85.0,1950.0
c-6701003311737,producto02,Vida grupo particular,F,PEN,1968-01-25,2021-07-05,2025-07-05,0.1,293.0,3950.0
c-6701003311757,producto02,Vida grupo particular,F,PEN,1960-11-02,2021-07-05,2027-07-05,0.1,36.0,475.0
c-6701003311804,producto02,Vida grupo particular,F,PEN,1952-10-16,2021-07-05,2027-07-05,0.1,85.0,1850.0
c-6701003311817,producto02,Vida grupo particular,F,PEN,1981-12-31,2021-07-05,2027-07-05,0.1,35.0,500.0
c-6701003311894,producto02,Vida grupo particular,F,PEN,1965-05-08,2021-07-05,2027-07-05,0.1,115.0,3000.0
c-6701003311903,producto02,Vida grupo particular,F,PEN,1968-08-10,2021-07-05,2025-07-05,0.1,63.0,1135.0
c-6701003311962,producto02,Vida grupo particular,F,PEN,1943-12-20,2021-07-05,2027-07-05,0.1,25.0,440.0
c-6701003311966,producto02,Vida grupo particular,F,PEN,1960-04-16,2021-07-05,2025-07-05,0.1,14.0,1850.0
c-6701003311973,producto02,Vida grupo particular,F,PEN,1981-07-03,2021-07-05,2027-06-05,0.1,93.0,1050.0
c-6701003311976,producto02,Vida grupo particular,F,PEN,1940-07-21,2021-07-05,2027-07-05,0.1,23.0,3000.0
c-6701003311993,producto02,Vida grupo particular,F,PEN,1976-04-15,2021-07-05,2025-07-05,0.1,82.0,1050.0
c-6701003312009,producto02,Vida grupo particular,F,PEN,1953-08-23,2021-07-06,2026-07-06,0.1,134.0,3330.0
c-6701003312052,producto02,Vida grupo particular,F,PEN,1942-10-29,2021-07-06,2027-07-06,0.1,18.0,450.0
c-6701003312061,producto02,Vida grupo particular,F,PEN,1945-06-04,2021-07-06,2027-07-06,0.1,96.0,2310.0
c-6701003312130,producto02,Vida grupo particular,F,PEN,1946-02-13,2021-07-06,2027-07-06,0.1,55.0,1755.0
c-6701003312140,producto02,Vida grupo particular,F,PEN,1967-03-08,2021-07-06,2026-07-06,0.1,140.0,2000.0
c-6701003312205,producto02,Vida grupo particular,F,PEN,1976-01-26,2021-07-06,2027-07-06,0.1,112.0,1500.0
c-6701003312206,producto02,Vida grupo particular,F,PEN,1983-08-18,2021-07-06,2026-07-06,0.1,1.0,1100.0
c-6701003312237,producto02,Vida grupo particular,F,PEN,1960-04-20,2021-07-06,2025-07-06,0.1,43.0,600.0
c-6701003312240,producto02,Vida grupo particular,F,PEN,1947-11-02,2021-07-06,2026-07-06,0.1,4.0,900.0
c-6701003312279,producto02,Vida grupo particular,F,PEN,1968-02-27,2021-07-06,2025-07-06,0.1,64.0,1700.0
c-6701003312293,producto02,Vida grupo particular,F,PEN,1946-12-19,2021-07-06,2027-07-06,0.1,67.0,2435.0
c-6701003312317,producto02,Vida grupo particular,F,PEN,1981-06-07,2021-07-06,2025-07-06,0.1,23.0,400.0
c-6701003312354,producto02,Vida grupo particular,F,PEN,1990-04-26,2021-07-06,2026-07-06,0.1,65.0,1000.0
c-6701003312371,producto02,Vida grupo particular,F,PEN,1940-09-21,2021-07-06,2027-07-06,0.1,90.0,1050.0
c-6701003312373,producto02,Vida grupo particular,F,PEN,1971-04-15,2021-07-06,2027-07-06,0.1,6.0,470.0
c-6701003312435,producto02,Vida grupo particular,F,PEN,1947-05-25,2021-07-06,2025-07-06,0.1,43.0,900.0
c-6701003312463,producto02,Vida grupo particular,F,PEN,1974-10-07,2021-07-06,2025-07-06,0.1,13.0,450.0
c-6701003312469,producto02,Vida grupo particular,F,PEN,1953-10-29,2021-07-06,2027-07-06,0.1,34.0,2500.0
c-6701003312473,producto02,Vida grupo particular,F,PEN,1986-06-16,2021-07-06,2027-07-06,0.1,9.0,950.0
c-6701003312477,producto02,Vida grupo particular,F,PEN,1972-10-21,2021-07-06,2027-07-06,0.1,78.0,1500.0
c-6701003312480,producto02,Vida grupo particular,F,PEN,1974-02-22,2021-07-06,2026-07-06,0.1,110.0,1270.0
c-6701003312490,producto02,Vida grupo particular,F,PEN,1969-02-15,2021-07-06,2025-07-06,0.1,85.0,1100.0
c-6701003312495,producto02,Vida grupo particular,F,PEN,1983-03-05,2021-07-06,2026-07-06,0.1,25.0,1103.0
c-6701003312508,producto02,Vida grupo particular,F,PEN,1966-12-27,2021-07-06,2025-01-06,0.1,105.0,3000.0
c-6701003312509,producto02,Vida grupo particular,F,PEN,1968-05-13,2021-07-06,2026-07-06,0.1,2.0,1000.0
c-6701003312539,producto02,Vida grupo particular,F,PEN,1968-02-21,2021-07-06,2027-07-06,0.1,37.0,500.0
c-6701003312557,producto02,Vida grupo particular,F,PEN,1972-06-15,2021-07-06,2026-07-06,0.1,53.0,1050.0
c-6701003312626,producto02,Vida grupo particular,F,PEN,1958-09-14,2021-07-06,2026-07-06,0.1,52.0,1300.0
c-6701003312662,producto02,Vida grupo particular,F,PEN,1946-09-05,2021-07-07,2025-07-07,0.1,41.0,1050.0
c-6701003312675,producto02,Vida grupo particular,F,PEN,1968-11-15,2021-07-07,2024-11-07,0.1,40.0,525.0
c-6701003312699,producto02,Vida grupo particular,F,PEN,1962-01-10,2021-07-07,2027-07-07,0.1,46.0,1050.0
c-6701003312724,producto02,Vida grupo particular,F,PEN,1984-01-16,2021-07-07,2025-07-07,0.1,3.0,650.0
c-6701003312735,producto02,Vida grupo particular,F,PEN,1985-08-05,2021-07-07,2026-07-07,0.1,12.0,1050.0
c-6701003312743,producto02,Vida grupo particular,F,PEN,1943-05-27,2021-07-07,2027-07-07,0.1,191.0,3000.0
c-6701003312760,producto02,Vida grupo particular,F,PEN,1970-08-30,2021-07-07,2025-07-07,0.1,7.0,600.0
c-6701003312789,producto02,Vida grupo particular,F,PEN,1982-08-05,2021-07-07,2027-07-07,0.1,57.0,1185.0
c-6701003312798,producto02,Vida grupo particular,F,PEN,1982-03-29,2021-07-07,2026-07-07,0.1,12.0,680.0
c-6701003312804,producto02,Vida grupo particular,F,PEN,1984-03-16,2021-07-07,2026-07-07,0.1,10.0,380.0
c-6701003312850,producto02,Vida grupo particular,F,PEN,1964-05-01,2021-07-07,2027-07-07,0.1,11.0,800.0
c-6701003312895,producto02,Vida grupo particular,F,PEN,1953-06-28,2021-07-07,2025-01-07,0.1,9.0,750.0
c-6701003312899,producto02,Vida grupo particular,F,PEN,1981-12-25,2021-07-07,2025-07-07,0.1,40.0,1000.0
c-6701003312936,producto02,Vida grupo particular,F,PEN,1973-08-26,2021-07-07,2025-07-07,0.1,102.0,1515.0
c-6701003312969,producto02,Vida grupo particular,F,PEN,1985-10-25,2021-07-07,2027-07-07,0.1,18.0,655.0
c-6701003312993,producto02,Vida grupo particular,F,PEN,1964-12-23,2021-07-07,2025-07-07,0.1,44.0,535.0
c-6701003313052,producto02,Vida grupo particular,F,PEN,1951-12-02,2021-07-07,2025-07-07,0.1,45.0,2050.0
c-6701003313064,producto02,Vida grupo particular,F,PEN,1956-03-26,2021-07-07,2026-07-07,0.1,3.0,290.0
c-6701003313070,producto02,Vida grupo particular,F,PEN,1964-01-05,2021-07-07,2027-07-07,0.1,62.0,2600.0
c-6701003313077,producto02,Vida grupo particular,F,PEN,1973-01-08,2021-07-07,2026-07-07,0.1,59.0,2500.0
c-6701003313099,producto02,Vida grupo particular,F,PEN,1949-07-10,2021-07-07,2025-01-07,0.1,32.0,440.0
c-6701003313149,producto02,Vida grupo particular,F,PEN,1989-02-28,2021-07-07,2025-07-07,0.1,59.0,960.0
c-6701003313167,producto02,Vida grupo particular,F,PEN,1946-10-17,2021-07-07,2027-07-07,0.1,24.0,505.0
c-6701003313171,producto02,Vida grupo particular,F,PEN,1959-07-18,2021-07-07,2026-07-07,0.1,20.0,1050.0
c-6701003313197,producto02,Vida grupo particular,F,PEN,1973-08-05,2021-07-07,2025-07-07,0.1,142.0,2180.0
c-6701003313250,producto02,Vida grupo particular,F,PEN,1943-02-01,2021-07-07,2027-07-07,0.1,144.0,3860.0
c-6701003313290,producto02,Vida grupo particular,F,PEN,1975-08-08,2021-07-07,2027-07-07,0.1,34.0,445.0
c-6701003313321,producto02,Vida grupo particular,F,PEN,1959-05-01,2021-07-07,2027-07-07,0.1,31.0,800.0
c-6701003313345,producto02,Vida grupo particular,F,PEN,1950-10-11,2021-07-07,2027-07-07,0.1,67.0,900.1
c-6701003313372,producto02,Vida grupo particular,F,PEN,1969-03-08,2021-07-08,2026-07-08,0.1,119.0,3000.0
c-6701003313373,producto02,Vida grupo particular,F,PEN,1953-04-11,2021-07-08,2025-07-08,0.1,96.0,2000.0
c-6701003313391,producto02,Vida grupo particular,F,PEN,1953-09-25,2021-07-08,2027-07-08,0.1,156.0,1810.0
c-6701003313399,producto02,Vida grupo particular,F,PEN,1992-07-22,2021-07-08,2025-07-08,0.1,17.0,615.0
c-6701003313404,producto02,Vida grupo particular,F,PEN,1941-12-10,2021-07-08,2027-07-08,0.1,46.0,2000.0
c-6701003313417,producto02,Vida grupo particular,F,PEN,1964-11-19,2021-07-08,2025-07-08,0.1,68.0,1350.0
c-6701003313428,producto02,Vida grupo particular,F,PEN,1974-11-19,2021-07-08,2025-07-08,0.1,112.0,1895.0
c-6701003313464,producto02,Vida grupo particular,F,PEN,1963-11-30,2021-07-08,2027-07-08,0.1,32.0,1300.0
c-6701003313468,producto02,Vida grupo particular,F,PEN,1979-08-18,2021-07-08,2026-07-08,0.1,165.0,1850.0
c-6701003313481,producto02,Vida grupo particular,F,PEN,1961-03-16,2021-07-08,2025-07-08,0.1,30.0,1150.0
c-6701003313485,producto02,Vida grupo particular,F,PEN,1976-05-30,2021-07-08,2027-07-08,0.1,89.0,3000.0
c-6701003313519,producto02,Vida grupo particular,F,PEN,1979-01-26,2021-07-08,2026-07-08,0.1,34.0,2000.0
c-6701003313526,producto02,Vida grupo particular,F,PEN,1945-05-24,2021-07-08,2026-07-08,0.1,29.0,500.0
c-6701003313528,producto02,Vida grupo particular,F,PEN,1969-08-31,2021-07-08,2025-07-08,0.1,2.0,1185.0
c-6701003313537,producto02,Vida grupo particular,F,PEN,1945-12-06,2021-07-08,2027-07-08,0.1,54.0,2195.0
c-6701003313554,producto02,Vida grupo particular,F,PEN,1955-09-25,2021-07-08,2025-03-08,0.1,139.0,2410.0
c-6701003313566,producto02,Vida grupo particular,F,PEN,1954-01-22,2021-07-08,2026-07-08,0.1,54.0,3000.0
c-6701003313588,producto02,Vida grupo particular,F,PEN,1973-07-24,2021-07-08,2027-06-08,0.1,149.0,2700.0
c-6701003313593,producto02,Vida grupo particular,F,PEN,1943-09-19,2021-07-08,2026-07-08,0.1,16.0,900.0
c-6701003313619,producto02,Vida grupo particular,F,PEN,1963-08-31,2021-07-08,2025-07-08,0.1,108.0,1400.0
c-6701003313627,producto02,Vida grupo particular,F,PEN,1961-12-19,2021-07-08,2025-07-08,0.1,50.0,1455.0
c-6701003313650,producto02,Vida grupo particular,F,PEN,1992-02-03,2021-07-08,2026-07-08,0.1,39.0,900.1
c-6701003313657,producto02,Vida grupo particular,F,PEN,1964-09-16,2021-07-08,2025-07-08,0.1,12.0,2000.0
c-6701003313660,producto02,Vida grupo particular,F,PEN,1947-02-08,2021-07-08,2025-07-08,0.1,74.0,2500.0
c-6701003313683,producto02,Vida grupo particular,F,PEN,1966-05-09,2021-07-08,2027-07-08,0.1,15.0,625.0
c-6701003313752,producto02,Vida grupo particular,F,PEN,1950-07-02,2021-07-08,2027-07-08,0.1,123.0,1450.0
c-6701003313761,producto02,Vida grupo particular,F,PEN,1982-09-02,2021-07-08,2025-07-08,0.1,20.0,500.0
c-6701003313770,producto02,Vida grupo particular,F,PEN,1965-11-13,2021-07-08,2025-07-08,0.1,41.0,1850.0
c-6701003313787,producto02,Vida grupo particular,F,PEN,1973-09-30,2021-07-08,2025-07-08,0.1,51.0,800.0
c-6701003313797,producto02,Vida grupo particular,F,PEN,1970-05-17,2021-07-08,2026-07-08,0.1,9.0,800.0
c-6701003313801,producto02,Vida grupo particular,F,PEN,1978-07-15,2021-07-08,2026-07-08,0.1,19.0,800.0
c-6701003313805,producto02,Vida grupo particular,F,PEN,1978-07-26,2021-07-08,2025-07-08,0.1,70.0,1000.0
c-6701003313830,producto02,Vida grupo particular,F,PEN,1969-04-25,2021-07-08,2026-07-08,0.1,2.0,1000.0
c-6701003313837,producto02,Vida grupo particular,F,PEN,1948-11-23,2021-07-08,2026-07-08,0.1,268.0,3505.0
c-6701003313894,producto02,Vida grupo particular,F,PEN,1964-06-28,2021-07-08,2027-07-08,0.1,155.0,2100.0
c-6701003313898,producto02,Vida grupo particular,F,PEN,1959-07-06,2021-07-08,2024-12-08,0.1,53.0,605.0
c-6701003313940,producto02,Vida grupo particular,F,PEN,1972-08-23,2021-07-08,2025-05-08,0.1,95.0,1550.0
c-6701003313952,producto02,Vida grupo particular,F,PEN,1955-04-12,2021-07-09,2027-07-09,0.1,27.0,350.0
c-6701003314004,producto02,Vida grupo particular,F,PEN,1967-01-27,2021-07-09,2027-07-09,0.1,12.0,200.0
c-6701003314011,producto02,Vida grupo particular,F,PEN,1965-10-04,2021-07-09,2027-07-09,0.1,37.0,600.0
c-6701003314016,producto02,Vida grupo particular,F,PEN,1971-01-04,2021-07-09,2025-07-09,0.1,35.0,1050.0
c-6701003314065,producto02,Vida grupo particular,F,PEN,1974-08-16,2021-07-09,2025-07-09,0.1,14.0,200.0
c-6701003314069,producto02,Vida grupo particular,F,PEN,1968-10-08,2021-07-09,2027-07-09,0.1,13.0,1100.0
c-6701003314085,producto02,Vida grupo particular,F,PEN,1967-05-19,2021-07-09,2027-07-09,0.1,6.0,765.0
c-6701003314101,producto02,Vida grupo particular,F,PEN,1988-08-22,2021-07-09,2025-07-09,0.1,44.0,650.0
c-6701003314120,producto02,Vida grupo particular,F,PEN,1953-10-08,2021-07-09,2026-07-09,0.1,166.0,1850.0
c-6701003314137,producto02,Vida grupo particular,F,PEN,1958-04-30,2021-07-09,2027-07-09,0.1,178.0,2500.0
c-6701003314149,producto02,Vida grupo particular,F,PEN,1940-10-17,2021-07-09,2025-07-09,0.1,6.0,1300.0
c-6701003314153,producto02,Vida grupo particular,F,PEN,1955-07-03,2021-07-09,2027-07-09,0.1,103.0,1850.0
c-6701003314251,producto02,Vida grupo particular,F,PEN,1956-05-12,2021-07-09,2025-12-09,0.1,114.0,2275.0
c-6701003314274,producto02,Vida grupo particular,F,PEN,1982-07-26,2021-07-09,2027-07-09,0.1,24.0,520.0
c-6701003314283,producto02,Vida grupo particular,F,PEN,1963-07-08,2021-07-09,2027-07-09,0.1,15.0,400.0
c-6701003314355,producto02,Vida grupo particular,F,PEN,1979-06-21,2021-07-09,2027-07-09,0.1,64.0,1050.0
c-6701003314359,producto02,Vida grupo particular,F,PEN,1974-11-17,2021-07-09,2027-07-09,0.1,102.0,1400.0
c-6701003314409,producto02,Vida grupo particular,F,PEN,1947-09-25,2021-07-09,2025-07-09,0.1,243.0,3000.0
c-6701003314477,producto02,Vida grupo particular,F,PEN,1977-02-18,2021-07-09,2025-07-09,0.1,16.0,700.0
c-6701003314495,producto02,Vida grupo particular,F,PEN,1989-05-19,2021-07-09,2027-07-09,0.1,24.0,385.0
c-6701003314507,producto02,Vida grupo particular,F,PEN,1997-01-31,2021-07-09,2027-07-09,0.1,29.0,1365.0
c-6701003314526,producto02,Vida grupo particular,F,PEN,1946-11-29,2021-07-09,2026-07-09,0.1,21.0,750.0
c-6701003314572,producto02,Vida grupo particular,F,PEN,1945-12-11,2021-07-10,2027-07-10,0.1,55.0,1000.0
c-6701003314614,producto02,Vida grupo particular,F,PEN,1956-06-12,2021-07-10,2027-08-10,0.1,149.0,1850.0
c-6701003314631,producto02,Vida grupo particular,F,PEN,1964-10-03,2021-07-10,2027-07-10,0.1,91.0,1595.0
c-6701003314642,producto02,Vida grupo particular,F,PEN,1961-11-30,2021-07-10,2027-06-10,0.1,93.0,1165.0
c-6701003314647,producto02,Vida grupo particular,F,PEN,1974-04-25,2021-07-10,2025-07-10,0.1,74.0,1000.0
c-6701003314686,producto02,Vida grupo particular,F,PEN,1956-08-15,2021-07-10,2027-08-10,0.1,80.0,1050.0
c-6701003314696,producto02,Vida grupo particular,F,PEN,1946-08-27,2021-07-10,2025-06-10,0.1,74.0,850.0
c-6701003314712,producto02,Vida grupo particular,F,PEN,1962-07-09,2021-07-10,2026-07-10,0.1,42.0,3000.0
c-6701003314722,producto02,Vida grupo particular,F,PEN,1952-03-09,2021-07-10,2027-07-10,0.1,176.0,1995.0
c-6701003314723,producto02,Vida grupo particular,F,PEN,1981-07-27,2021-07-10,2025-07-10,0.1,31.0,1550.0
c-6701003314728,producto02,Vida grupo particular,F,PEN,1982-10-22,2021-07-10,2027-07-10,0.1,25.0,1250.0
c-6701003314753,producto02,Vida grupo particular,F,PEN,1946-09-13,2021-07-10,2025-07-10,0.1,44.0,1600.0
c-6701003314776,producto02,Vida grupo particular,F,PEN,1964-02-09,2021-07-10,2026-04-10,0.1,30.0,985.0
c-6701003314780,producto02,Vida grupo particular,F,PEN,1983-01-08,2021-07-10,2025-07-10,0.1,29.0,1050.0
c-6701003314794,producto02,Vida grupo particular,F,PEN,1952-05-30,2021-07-10,2025-07-10,0.1,33.0,1000.0
c-6701003314848,producto02,Vida grupo particular,F,PEN,1987-11-05,2021-07-10,2026-07-10,0.1,14.0,900.0
c-6701003314869,producto02,Vida grupo particular,F,PEN,1979-09-24,2021-07-12,2025-07-12,0.1,11.0,650.0
c-6701003314871,producto02,Vida grupo particular,F,PEN,1973-04-01,2021-07-12,2025-07-12,0.1,46.0,1185.0
c-6701003314898,producto02,Vida grupo particular,F,PEN,1949-06-04,2021-07-12,2025-07-12,0.1,19.0,1175.0
c-6701003314921,producto02,Vida grupo particular,F,PEN,1972-11-19,2021-07-12,2026-07-12,0.1,27.0,600.0
c-6701003314948,producto02,Vida grupo particular,F,PEN,1973-01-18,2021-07-12,2025-07-12,0.1,52.0,1400.0
c-6701003314962,producto02,Vida grupo particular,F,PEN,1957-08-02,2021-07-12,2026-07-12,0.1,78.0,960.0
c-6701003314974,producto02,Vida grupo particular,F,PEN,1958-06-08,2021-07-12,2027-07-12,0.1,8.0,1048.0
c-6701003314975,producto02,Vida grupo particular,F,PEN,1940-11-29,2021-07-12,2027-07-12,0.1,51.0,2260.0
c-6701003315023,producto02,Vida grupo particular,F,PEN,1960-05-06,2021-07-12,2027-07-12,0.1,9.0,1000.0
c-6701003315024,producto02,Vida grupo particular,F,PEN,1957-07-12,2021-07-12,2025-11-12,0.1,48.0,1385.0
c-6701003315097,producto02,Vida grupo particular,F,PEN,1972-04-20,2021-07-12,2027-07-12,0.1,67.0,1020.0
c-6701003315133,producto02,Vida grupo particular,F,PEN,1977-08-13,2021-07-12,2027-07-12,0.1,12.0,380.0
c-6701003315141,producto02,Vida grupo particular,F,PEN,1945-08-30,2021-07-12,2027-07-12,0.1,17.0,500.1
c-6701003315160,producto02,Vida grupo particular,F,PEN,1964-11-18,2021-07-12,2027-07-12,0.1,40.0,600.0
c-6701003315169,producto02,Vida grupo particular,F,PEN,1949-04-20,2021-07-12,2025-07-12,0.1,10.0,650.0
c-6701003315170,producto02,Vida grupo particular,F,PEN,1969-04-11,2021-07-12,2025-07-12,0.1,5.0,1160.0
c-6701003315171,producto02,Vida grupo particular,F,PEN,1977-07-23,2021-07-12,2026-07-12,0.1,107.0,2000.0
c-6701003315178,producto02,Vida grupo particular,F,PEN,1974-06-23,2021-07-12,2026-07-12,0.1,161.0,3000.0
c-6701003315188,producto02,Vida grupo particular,F,PEN,1964-02-18,2021-07-12,2027-07-12,0.1,4.0,310.0
c-6701003315208,producto02,Vida grupo particular,F,PEN,1993-09-08,2021-07-12,2026-07-12,0.1,7.0,500.0
c-6701003315215,producto02,Vida grupo particular,F,PEN,1971-01-14,2021-07-12,2027-01-12,0.1,3.0,970.0
c-6701003315217,producto02,Vida grupo particular,F,PEN,1982-04-29,2021-07-12,2025-07-12,0.1,14.0,950.0
c-6701003315239,producto02,Vida grupo particular,F,PEN,1963-11-25,2021-07-12,2026-07-12,0.1,14.0,800.0
c-6701003315296,producto02,Vida grupo particular,F,PEN,1943-08-05,2021-07-12,2026-07-12,0.1,75.0,1850.0
c-6701003315316,producto02,Vida grupo particular,F,PEN,1942-04-27,2021-07-12,2027-07-12,0.1,34.0,1450.0
c-6701003315348,producto02,Vida grupo particular,F,PEN,1987-06-12,2021-07-12,2026-02-12,0.1,5.0,1050.0
c-6701003315350,producto02,Vida grupo particular,F,PEN,1969-07-20,2021-07-12,2025-01-12,0.1,14.0,1200.0
c-6701003315380,producto02,Vida grupo particular,F,PEN,1967-01-08,2021-07-12,2025-07-12,0.1,76.0,1850.0
c-6701003315406,producto02,Vida grupo particular,F,PEN,1945-01-21,2021-07-12,2025-07-12,0.1,42.0,500.0
c-6701003315413,producto02,Vida grupo particular,F,PEN,1982-01-29,2021-07-12,2026-07-12,0.1,72.0,800.0
c-6701003315426,producto02,Vida grupo particular,F,PEN,1962-07-27,2021-07-12,2025-07-12,0.1,4.0,1590.0
c-6701003315434,producto02,Vida grupo particular,F,PEN,1954-07-14,2021-07-12,2026-07-12,0.1,149.0,1850.0
c-6701003315468,producto02,Vida grupo particular,F,PEN,1940-12-13,2021-07-13,2026-12-13,0.1,88.0,1200.0
c-6701003315489,producto02,Vida grupo particular,F,PEN,1967-07-15,2021-07-13,2025-07-13,0.1,21.0,1250.0
c-6701003315527,producto02,Vida grupo particular,F,PEN,1990-08-15,2021-07-13,2025-07-13,0.1,2.0,400.0
c-6701003315529,producto02,Vida grupo particular,F,PEN,1975-06-24,2021-07-13,2027-07-13,0.1,42.0,640.0
c-6701003315537,producto02,Vida grupo particular,F,PEN,1973-06-20,2021-07-13,2026-07-13,0.1,34.0,650.0
c-6701003315563,producto02,Vida grupo particular,F,PEN,1955-07-08,2021-07-13,2027-07-13,0.1,29.0,1200.0
c-6701003315595,producto02,Vida grupo particular,F,PEN,1962-11-22,2021-07-13,2026-07-13,0.1,51.0,2000.0
c-6701003315609,producto02,Vida grupo particular,F,PEN,1946-06-24,2021-07-13,2026-07-13,0.1,128.0,1500.0
c-6701003315610,producto02,Vida grupo particular,F,PEN,1954-02-04,2021-07-13,2025-07-13,0.1,,0.0
c-6701003315650,producto02,Vida grupo particular,F,PEN,1962-08-01,2021-07-13,2027-01-13,0.1,44.0,500.0
c-6701003315657,producto02,Vida grupo particular,F,PEN,1969-10-27,2021-07-13,2025-07-13,0.1,65.0,1850.0
c-6701003315680,producto02,Vida grupo particular,F,PEN,1988-12-17,2021-07-13,2025-07-13,0.1,62.0,1100.0
c-6701003315711,producto02,Vida grupo particular,F,PEN,1975-07-20,2021-07-13,2025-07-13,0.1,67.0,1050.0
c-6701003315738,producto02,Vida grupo particular,F,PEN,1945-11-10,2021-07-13,2025-08-13,0.1,80.0,3640.0
c-6701003315777,producto02,Vida grupo particular,F,PEN,1947-09-22,2021-07-13,2025-07-13,0.1,151.0,3000.0
c-6701003315780,producto02,Vida grupo particular,F,PEN,1958-09-21,2021-07-13,2025-07-13,0.1,83.0,1050.0
c-6701003315791,producto02,Vida grupo particular,F,PEN,1973-08-11,2021-07-13,2026-05-13,0.1,34.0,500.1
c-6701003315838,producto02,Vida grupo particular,F,PEN,1981-05-01,2021-07-13,2025-07-13,0.1,3.0,150.0
c-6701003315858,producto02,Vida grupo particular,F,PEN,1947-07-11,2021-07-13,2026-07-13,0.1,58.0,1150.0
c-6701003315929,producto02,Vida grupo particular,F,PEN,1987-09-11,2021-07-13,2025-07-13,0.1,17.0,950.0
c-6701003315941,producto02,Vida grupo particular,F,PEN,1960-06-11,2021-07-13,2025-07-13,0.1,240.0,3000.0
c-6701003315950,producto02,Vida grupo particular,F,PEN,1993-02-18,2021-07-13,2027-07-13,0.1,20.0,360.0
c-6701003315953,producto02,Vida grupo particular,F,PEN,1979-09-23,2021-07-13,2026-07-13,0.1,69.0,950.0
c-6701003315961,producto02,Vida grupo particular,F,PEN,1946-10-20,2021-07-13,2027-07-13,0.1,107.0,2250.0
c-6701003315965,producto02,Vida grupo particular,F,PEN,1956-01-17,2021-07-13,2025-07-13,0.1,15.0,1480.0
c-6701003316009,producto02,Vida grupo particular,F,PEN,1985-03-03,2021-07-14,2025-07-14,0.1,106.0,1200.0
c-6701003316012,producto02,Vida grupo particular,F,PEN,1955-02-09,2021-07-14,2026-07-14,0.1,23.0,1850.0
c-6701003316014,producto02,Vida grupo particular,F,PEN,1971-01-08,2021-07-14,2025-07-14,0.1,158.0,2500.0
c-6701003316024,producto02,Vida grupo particular,F,PEN,1950-02-01,2021-07-14,2027-07-14,0.1,10.0,500.0
c-6701003316140,producto02,Vida grupo particular,F,PEN,1963-11-12,2021-07-14,2025-07-14,0.1,58.0,1850.0
c-6701003316182,producto02,Vida grupo particular,F,PEN,1969-04-13,2021-07-14,2025-07-14,0.1,28.0,500.0
c-6701003316196,producto02,Vida grupo particular,F,PEN,1958-10-03,2021-07-14,2024-11-14,0.1,19.0,375.0
c-6701003316200,producto02,Vida grupo particular,F,PEN,1955-11-17,2021-07-14,2025-09-14,0.1,68.0,1050.0
c-6701003316269,producto02,Vida grupo particular,F,PEN,1961-12-10,2021-07-14,2027-07-14,0.1,152.0,1850.0
c-6701003316323,producto02,Vida grupo particular,F,PEN,1973-01-24,2021-07-14,2025-07-14,0.1,19.0,445.0
c-6701003316334,producto02,Vida grupo particular,F,PEN,1974-04-25,2021-07-14,2026-07-14,0.1,50.0,950.0
c-6701003316374,producto02,Vida grupo particular,F,PEN,1950-06-01,2021-07-14,2027-07-14,0.1,65.0,1350.0
c-6701003316389,producto02,Vida grupo particular,F,PEN,1985-04-30,2021-07-14,2027-07-14,0.1,131.0,1775.0
c-6701003316404,producto02,Vida grupo particular,F,PEN,1958-09-25,2021-07-14,2027-07-14,0.1,65.0,2340.0
c-6701003316418,producto02,Vida grupo particular,F,PEN,1970-04-27,2021-07-14,2026-07-14,0.1,16.0,800.0
c-6701003316452,producto02,Vida grupo particular,F,PEN,1944-04-13,2021-07-14,2025-07-14,0.1,30.0,1850.0
c-6701003316493,producto02,Vida grupo particular,F,PEN,1972-03-26,2021-07-14,2025-07-14,0.1,94.0,1100.0
c-6701003316524,producto02,Vida grupo particular,F,PEN,1989-09-05,2021-07-14,2026-09-14,0.1,50.0,1000.0
c-6701003316538,producto02,Vida grupo particular,F,PEN,1982-03-29,2021-07-15,2026-07-15,0.1,78.0,1750.0
c-6701003316557,producto02,Vida grupo particular,F,PEN,1964-12-10,2021-07-15,2026-06-15,0.1,100.0,1160.0
c-6701003316561,producto02,Vida grupo particular,F,PEN,1946-06-03,2021-07-15,2027-07-15,0.1,114.0,1500.0
c-6701003316564,producto02,Vida grupo particular,F,PEN,1987-05-10,2021-07-15,2026-07-15,0.1,46.0,650.0
c-6701003316581,producto02,Vida grupo particular,F,PEN,1983-02-02,2021-07-15,2026-07-15,0.1,9.0,1550.0
c-6701003316670,producto02,Vida grupo particular,F,PEN,1980-12-18,2021-07-15,2025-07-15,0.1,1.0,600.0
c-6701003316673,producto02,Vida grupo particular,F,PEN,1949-07-03,2021-07-15,2027-07-15,0.1,44.0,545.0
c-6701003316676,producto02,Vida grupo particular,F,PEN,1973-03-13,2021-07-15,2025-07-15,0.1,6.0,500.1
c-6701003316689,producto02,Vida grupo particular,F,PEN,1960-09-25,2021-07-15,2025-07-15,0.1,68.0,1350.0
c-6701003316717,producto02,Vida grupo particular,F,PEN,1970-08-25,2021-07-15,2027-07-15,0.1,51.0,600.0
c-6701003316721,producto02,Vida grupo particular,F,PEN,1970-04-26,2021-07-15,2027-07-15,0.1,192.0,3000.0
c-6701003316750,producto02,Vida grupo particular,F,PEN,1976-05-20,2021-07-15,2025-07-15,0.1,75.0,1950.0
c-6701003316751,producto02,Vida grupo particular,F,PEN,1955-10-17,2021-07-15,2025-05-15,0.1,79.0,950.0
c-6701003316774,producto02,Vida grupo particular,F,PEN,1964-03-10,2021-07-15,2027-07-15,0.1,87.0,2285.0
c-6701003316786,producto02,Vida grupo particular,F,PEN,1979-04-07,2021-07-15,2027-07-15,0.1,27.0,1185.0
c-6701003316804,producto02,Vida grupo particular,F,PEN,1959-12-20,2021-07-15,2025-01-15,0.1,7.0,440.0
c-6701003316807,producto02,Vida grupo particular,F,PEN,1964-10-23,2021-07-15,2025-07-15,0.1,48.0,600.0
c-6701003316836,producto02,Vida grupo particular,F,PEN,1942-09-16,2021-07-15,2027-07-15,0.1,65.0,2755.0
c-6701003316859,producto02,Vida grupo particular,F,PEN,1971-03-16,2021-07-15,2025-07-15,0.1,14.0,800.0
c-6701003316893,producto02,Vida grupo particular,F,PEN,1974-02-02,2021-07-15,2026-07-15,0.1,68.0,850.0
c-6701003316978,producto02,Vida grupo particular,F,PEN,1958-08-09,2021-07-15,2026-07-15,0.1,99.0,1950.0
c-6701003316995,producto02,Vida grupo particular,F,PEN,1988-01-30,2021-07-15,2026-07-15,0.1,5.0,485.0
c-6701003317030,producto02,Vida grupo particular,F,PEN,1955-12-04,2021-07-16,2027-07-16,0.1,16.0,380.0
c-6701003317037,producto02,Vida grupo particular,F,PEN,1969-01-25,2021-07-16,2025-07-16,0.1,93.0,1500.0
c-6701003317058,producto02,Vida grupo particular,F,PEN,1971-09-24,2021-07-16,2025-07-16,0.1,73.0,1200.0
c-6701003317070,producto02,Vida grupo particular,F,PEN,1971-08-22,2021-07-16,2027-07-16,0.1,10.0,820.0
c-6701003317108,producto02,Vida grupo particular,F,PEN,1978-09-08,2021-07-16,2026-07-16,0.1,15.0,300.0
c-6701003317119,producto02,Vida grupo particular,F,PEN,1975-06-20,2021-07-16,2026-07-16,0.1,48.0,900.0
c-6701003317121,producto02,Vida grupo particular,F,PEN,1966-02-14,2021-07-16,2027-07-16,0.1,149.0,1850.0
c-6701003317129,producto02,Vida grupo particular,F,PEN,1948-09-25,2021-07-16,2027-07-16,0.1,9.0,1500.0
c-6701003317131,producto02,Vida grupo particular,F,PEN,1970-02-21,2021-07-16,2025-07-16,0.1,3.0,800.0
c-6701003317169,producto02,Vida grupo particular,F,PEN,1979-09-16,2021-07-16,2025-07-16,0.1,76.0,2000.0
c-6701003317176,producto02,Vida grupo particular,F,PEN,1990-04-18,2021-07-16,2025-10-16,0.1,5.0,1050.0
c-6701003317177,producto02,Vida grupo particular,F,PEN,1955-02-06,2021-07-16,2025-07-16,0.1,128.0,1750.0
c-6701003317186,producto02,Vida grupo particular,F,PEN,1950-01-09,2021-07-16,2027-07-16,0.1,22.0,1600.0
c-6701003317210,producto02,Vida grupo particular,F,PEN,1963-10-13,2021-07-16,2025-07-16,0.1,15.0,800.0
c-6701003317216,producto02,Vida grupo particular,F,PEN,1954-10-03,2021-07-16,2025-05-16,0.1,40.0,865.0
c-6701003317241,producto02,Vida grupo particular,F,PEN,1940-12-11,2021-07-16,2025-07-16,0.1,229.0,3000.0
c-6701003317252,producto02,Vida grupo particular,F,PEN,1957-03-29,2021-07-16,2025-07-16,0.1,163.0,1835.0
c-6701003317295,producto02,Vida grupo particular,F,PEN,1960-06-08,2021-07-16,2026-07-16,0.1,209.0,3000.0
c-6701003317312,producto02,Vida grupo particular,F,PEN,1970-08-10,2021-07-16,2027-07-16,0.1,132.0,1500.0
c-6701003317314,producto02,Vida grupo particular,F,PEN,1970-06-25,2021-07-16,2027-07-16,0.1,4.0,800.0
c-6701003317329,producto02,Vida grupo particular,F,PEN,1958-04-14,2021-07-16,2025-07-16,0.1,31.0,1100.0
c-6701003317341,producto02,Vida grupo particular,F,PEN,1985-07-15,2021-07-16,2027-07-16,0.1,21.0,1050.0
c-6701003317368,producto02,Vida grupo particular,F,PEN,1973-06-27,2021-07-16,2027-07-16,0.1,16.0,800.0
c-6701003317410,producto02,Vida grupo particular,F,PEN,1964-07-16,2021-07-16,2027-07-16,0.1,74.0,850.0
c-6701003317434,producto02,Vida grupo particular,F,PEN,1964-06-13,2021-07-16,2026-07-16,0.1,55.0,2100.0
c-6701003317437,producto02,Vida grupo particular,F,PEN,1965-05-27,2021-07-16,2027-07-16,0.1,139.0,1550.0
c-6701003317446,producto02,Vida grupo particular,F,PEN,1952-10-16,2021-07-16,2026-07-16,0.1,46.0,700.0
c-6701003317468,producto02,Vida grupo particular,F,PEN,1949-12-06,2021-07-16,2025-11-16,0.1,166.0,2935.0
c-6701003317501,producto02,Vida grupo particular,F,PEN,1982-05-16,2021-07-17,2025-07-17,0.1,79.0,3000.0
c-6701003317538,producto02,Vida grupo particular,F,PEN,1946-05-27,2021-07-17,2026-07-17,0.1,102.0,2000.0
c-6701003317542,producto02,Vida grupo particular,F,PEN,1962-02-06,2021-07-17,2025-07-17,0.1,21.0,1050.0
c-6701003317553,producto02,Vida grupo particular,F,PEN,1971-12-04,2021-07-17,2026-07-17,0.1,58.0,1765.0
c-6701003317588,producto02,Vida grupo particular,F,PEN,1954-12-19,2021-07-17,2025-03-17,0.1,39.0,650.0
c-6701003317626,producto02,Vida grupo particular,F,PEN,1984-10-16,2021-07-17,2025-07-17,0.1,23.0,1850.0
c-6701003317662,producto02,Vida grupo particular,F,PEN,1964-03-28,2021-07-17,2027-07-17,0.1,109.0,2000.0
c-6701003317664,producto02,Vida grupo particular,F,PEN,1962-11-11,2021-07-17,2025-07-17,0.1,176.0,2580.0
c-6701003317682,producto02,Vida grupo particular,F,PEN,1964-03-23,2021-07-17,2027-07-17,0.1,65.0,1100.0
c-6701003317766,producto02,Vida grupo particular,F,PEN,1975-06-22,2021-07-17,2027-07-17,0.1,30.0,1250.0
c-6701003317793,producto02,Vida grupo particular,F,PEN,1958-06-10,2021-07-19,2024-11-19,0.1,4.0,1050.0
c-6701003317826,producto02,Vida grupo particular,F,PEN,1981-02-15,2021-07-19,2027-07-19,0.1,35.0,2625.0
c-6701003317856,producto02,Vida grupo particular,F,PEN,1987-11-14,2021-07-19,2024-11-19,0.1,5.0,635.0
c-6701003317879,producto02,Vida grupo particular,F,PEN,1955-01-24,2021-07-19,2025-07-19,0.1,15.0,200.0
c-6701003317895,producto02,Vida grupo particular,F,PEN,1971-01-01,2021-07-19,2027-07-19,0.1,20.0,1700.1
c-6701003317919,producto02,Vida grupo particular,F,PEN,1962-10-06,2021-07-19,2027-07-19,0.1,122.0,1700.0
c-6701003317921,producto02,Vida grupo particular,F,PEN,1962-06-19,2021-07-19,2027-07-19,0.1,86.0,1150.0
c-6701003317949,producto02,Vida grupo particular,F,PEN,1944-08-11,2021-07-19,2025-08-19,0.1,38.0,2895.0
c-6701003317955,producto02,Vida grupo particular,F,PEN,1984-08-24,2021-07-19,2027-07-19,0.1,38.0,1100.0
c-6701003317965,producto02,Vida grupo particular,F,PEN,1946-11-20,2021-07-19,2026-07-19,0.1,9.0,1000.0
c-6701003317968,producto02,Vida grupo particular,F,PEN,1971-01-04,2021-07-19,2026-02-19,0.1,82.0,955.0
c-6701003318005,producto02,Vida grupo particular,F,PEN,1962-12-08,2021-07-19,2027-06-19,0.1,43.0,700.0
c-6701003318007,producto02,Vida grupo particular,F,PEN,1973-08-16,2021-07-19,2025-07-19,0.1,24.0,1000.0
c-6701003318013,producto02,Vida grupo particular,F,PEN,1950-05-13,2021-07-19,2027-07-19,0.1,98.0,2960.0
c-6701003318051,producto02,Vida grupo particular,F,PEN,1958-11-06,2021-07-19,2027-07-19,0.1,7.0,310.0
c-6701003318054,producto02,Vida grupo particular,F,PEN,1952-11-29,2021-07-19,2026-07-19,0.1,150.0,3000.0
c-6701003318057,producto02,Vida grupo particular,F,PEN,1972-03-21,2021-07-19,2027-07-19,0.1,58.0,650.0
c-6701003318133,producto02,Vida grupo particular,F,PEN,1978-04-07,2021-07-19,2025-07-19,0.1,68.0,1000.0
c-6701003318135,producto02,Vida grupo particular,F,PEN,1967-05-18,2021-07-19,2026-07-19,0.1,75.0,1000.0
c-6701003318142,producto02,Vida grupo particular,F,PEN,1972-02-14,2021-07-19,2027-07-19,0.1,163.0,3000.0
c-6701003318256,producto02,Vida grupo particular,F,PEN,1980-06-24,2021-07-19,2027-07-19,0.1,22.0,920.0
c-6701003318259,producto02,Vida grupo particular,F,PEN,1969-05-25,2021-07-19,2025-07-19,0.1,39.0,2590.0
c-6701003318262,producto02,Vida grupo particular,F,PEN,1971-04-08,2021-07-19,2027-07-19,0.1,32.0,650.0
c-6701003318316,producto02,Vida grupo particular,F,PEN,1964-03-05,2021-07-19,2025-07-19,0.1,58.0,950.0
c-6701003318367,producto02,Vida grupo particular,F,PEN,1977-03-05,2021-07-19,2027-07-19,0.1,84.0,1200.0
c-6701003318397,producto02,Vida grupo particular,F,PEN,1965-04-12,2021-07-20,2027-07-20,0.1,29.0,900.0
c-6701003318398,producto02,Vida grupo particular,F,PEN,1975-05-27,2021-07-20,2026-07-20,0.1,45.0,765.0
c-6701003318399,producto02,Vida grupo particular,F,PEN,1972-03-13,2021-07-20,2027-07-20,0.1,47.0,650.0
c-6701003318464,producto02,Vida grupo particular,F,PEN,1956-08-24,2021-07-20,2027-07-20,0.1,265.0,3000.0
c-6701003318482,producto02,Vida grupo particular,F,PEN,1962-02-16,2021-07-20,2025-01-20,0.1,89.0,1600.0
c-6701003318486,producto02,Vida grupo particular,F,PEN,1958-02-04,2021-07-20,2026-07-20,0.1,89.0,2000.0
c-6701003318507,producto02,Vida grupo particular,F,PEN,1947-03-08,2021-07-20,2026-07-20,0.1,48.0,800.0
c-6701003318513,producto02,Vida grupo particular,F,PEN,1955-11-11,2021-07-20,2027-06-20,0.1,59.0,1350.0
c-6701003318555,producto02,Vida grupo particular,F,PEN,1966-06-24,2021-07-20,2027-07-20,0.1,25.0,745.0
c-6701003318564,producto02,Vida grupo particular,F,PEN,1941-02-01,2021-07-20,2025-07-20,0.1,42.0,650.0
c-6701003318576,producto02,Vida grupo particular,F,PEN,1988-05-12,2021-07-20,2027-07-20,0.1,41.0,870.0
c-6701003318591,producto02,Vida grupo particular,F,PEN,1996-12-19,2021-07-20,2026-07-20,0.1,2.0,500.0
c-6701003318605,producto02,Vida grupo particular,F,PEN,1976-09-28,2021-07-20,2027-07-20,0.1,30.0,490.0
c-6701003318616,producto02,Vida grupo particular,F,PEN,1943-06-05,2021-07-20,2027-03-20,0.1,107.0,1859.2
c-6701003318658,producto02,Vida grupo particular,F,PEN,1955-05-24,2021-07-20,2026-07-20,0.1,202.0,2980.0
c-6701003318661,producto02,Vida grupo particular,F,PEN,1962-10-12,2021-07-20,2027-07-20,0.1,95.0,1950.0
c-6701003318662,producto02,Vida grupo particular,F,PEN,1959-02-28,2021-07-20,2027-07-20,0.1,5.0,455.0
c-6701003318710,producto02,Vida grupo particular,F,PEN,1975-01-09,2021-07-20,2025-07-20,0.1,75.0,1000.0
c-6701003318755,producto02,Vida grupo particular,F,PEN,1982-12-12,2021-07-20,2027-07-20,0.1,96.0,1100.0
c-6701003318769,producto02,Vida grupo particular,F,PEN,1989-05-04,2021-07-20,2027-07-20,0.1,35.0,460.0
c-6701003318801,producto02,Vida grupo particular,F,PEN,1951-12-15,2021-07-20,2025-07-20,0.1,55.0,1000.0
c-6701003318815,producto02,Vida grupo particular,F,PEN,1989-11-19,2021-07-20,2027-07-20,0.1,59.0,995.0
c-6701003318837,producto02,Vida grupo particular,F,PEN,1985-10-07,2021-07-20,2025-07-20,0.1,90.0,1350.0
c-6701003318843,producto02,Vida grupo particular,F,PEN,1981-11-18,2021-07-20,2026-07-20,0.1,40.0,650.0
c-6701003318847,producto02,Vida grupo particular,F,PEN,1956-04-26,2021-07-20,2026-07-20,0.1,172.0,2900.0
c-6701003318870,producto02,Vida grupo particular,F,PEN,1975-01-27,2021-07-20,2027-07-20,0.1,8.0,1120.0
c-6701003318874,producto02,Vida grupo particular,F,PEN,1982-05-08,2021-07-20,2026-07-20,0.1,84.0,1000.0
c-6701003318889,producto02,Vida grupo particular,F,PEN,1963-10-31,2021-07-20,2025-07-20,0.1,46.0,650.0
c-6701003318894,producto02,Vida grupo particular,F,PEN,1956-08-26,2021-07-20,2026-07-20,0.1,6.0,1050.0
c-6701003318929,producto02,Vida grupo particular,F,PEN,1943-12-11,2021-07-21,2026-07-21,0.1,11.0,3000.0
c-6701003318935,producto02,Vida grupo particular,F,PEN,1992-12-10,2021-07-21,2025-07-21,0.1,51.0,600.0
c-6701003318976,producto02,Vida grupo particular,F,PEN,1974-06-03,2021-07-21,2027-07-21,0.1,13.0,650.0
c-6701003318977,producto02,Vida grupo particular,F,PEN,1966-11-18,2021-07-21,2025-07-21,0.1,56.0,1850.0
c-6701003318978,producto02,Vida grupo particular,F,PEN,1978-05-18,2021-07-21,2026-07-21,0.1,117.0,1600.0
c-6701003318983,producto02,Vida grupo particular,F,PEN,1958-04-24,2021-07-21,2025-07-21,0.1,85.0,1050.0
c-6701003318990,producto02,Vida grupo particular,F,PEN,1957-05-04,2021-07-21,2026-07-21,0.1,70.0,2200.0
c-6701003318998,producto02,Vida grupo particular,F,PEN,1957-05-09,2021-07-21,2027-07-21,0.1,71.0,1480.0
c-6701003319017,producto02,Vida grupo particular,F,PEN,1988-01-10,2021-07-21,2025-07-21,0.1,2.0,900.0
c-6701003319027,producto02,Vida grupo particular,F,PEN,1972-05-26,2021-07-21,2027-07-21,0.1,20.0,1250.0
c-6701003319031,producto02,Vida grupo particular,F,PEN,1961-01-12,2021-07-21,2025-07-21,0.1,43.0,500.1
c-6701003319041,producto02,Vida grupo particular,F,PEN,1956-09-02,2021-07-21,2027-07-21,0.1,94.0,2620.0
c-6701003319092,producto02,Vida grupo particular,F,PEN,1944-11-08,2021-07-21,2025-07-21,0.1,20.0,310.0
c-6701003319106,producto02,Vida grupo particular,F,PEN,1954-06-23,2021-07-21,2025-07-21,0.1,122.0,1850.0
c-6701003319183,producto02,Vida grupo particular,F,PEN,1987-07-28,2021-07-21,2025-07-21,0.1,13.0,650.0
c-6701003319200,producto02,Vida grupo particular,F,PEN,1980-11-26,2021-07-21,2027-07-21,0.1,3.0,510.0
c-6701003319275,producto02,Vida grupo particular,F,PEN,1962-06-07,2021-07-21,2026-07-21,0.1,126.0,1850.0
c-6701003319303,producto02,Vida grupo particular,F,PEN,1968-05-15,2021-07-21,2027-07-21,0.1,13.0,450.0
c-6701003319310,producto02,Vida grupo particular,F,PEN,1948-04-02,2021-07-21,2027-07-21,0.1,143.0,2600.0
c-6701003319314,producto02,Vida grupo particular,F,PEN,1981-11-01,2021-07-21,2027-07-21,0.1,9.0,310.0
c-6701003319376,producto02,Vida grupo particular,F,PEN,1984-04-12,2021-07-21,2026-07-21,0.1,36.0,560.0
c-6701003319377,producto02,Vida grupo particular,F,PEN,1958-01-26,2021-07-21,2027-07-21,0.1,20.0,370.0
c-6701003319386,producto02,Vida grupo particular,F,PEN,1973-06-26,2021-07-21,2026-07-21,0.1,26.0,1000.0
c-6701003319395,producto02,Vida grupo particular,F,PEN,1963-08-08,2021-07-21,2027-07-21,0.1,7.0,2600.0
c-6701003319398,producto02,Vida grupo particular,F,PEN,1969-07-18,2021-07-21,2025-07-21,0.1,81.0,1400.0
c-6701003319448,producto02,Vida grupo particular,F,PEN,1974-08-13,2021-07-22,2026-07-22,0.1,56.0,1000.0
c-6701003319451,producto02,Vida grupo particular,F,PEN,1978-05-25,2021-07-22,2026-07-22,0.1,53.0,600.0
c-6701003319454,producto02,Vida grupo particular,F,PEN,1971-03-16,2021-07-22,2026-07-22,0.1,78.0,1290.0
c-6701003319462,producto02,Vida grupo particular,F,PEN,1950-01-11,2021-07-22,2027-07-22,0.1,9.0,600.0
c-6701003319511,producto02,Vida grupo particular,F,PEN,1946-04-15,2021-07-22,2025-07-22,0.1,54.0,3000.0
c-6701003319541,producto02,Vida grupo particular,F,PEN,1964-11-05,2021-07-22,2027-07-22,0.1,2.0,440.0
c-6701003319568,producto02,Vida grupo particular,F,PEN,1959-10-17,2021-07-22,2025-07-22,0.1,88.0,1500.0
c-6701003319592,producto02,Vida grupo particular,F,PEN,1941-10-27,2021-07-22,2025-07-22,0.1,191.0,2945.0
c-6701003319635,producto02,Vida grupo particular,F,PEN,1973-09-27,2021-07-22,2025-07-22,0.1,46.0,1000.0
c-6701003319640,producto02,Vida grupo particular,F,PEN,1944-04-12,2021-07-22,2027-07-22,0.1,9.0,600.0
c-6701003319646,producto02,Vida grupo particular,F,PEN,1968-04-04,2021-07-22,2027-07-22,0.1,83.0,1000.0
c-6701003319647,producto02,Vida grupo particular,F,PEN,1976-03-02,2021-07-22,2025-07-22,0.1,85.0,2250.0
c-6701003319659,producto02,Vida grupo particular,F,PEN,1979-05-18,2021-07-22,2025-07-22,0.1,62.0,950.0
c-6701003319663,producto02,Vida grupo particular,F,PEN,1966-01-29,2021-07-22,2025-07-22,0.1,237.0,3000.0
c-6701003319707,producto02,Vida grupo particular,F,PEN,1975-06-12,2021-07-22,2025-08-22,0.1,5.0,630.0
c-6701003319790,producto02,Vida grupo particular,F,PEN,1963-08-17,2021-07-22,2025-07-22,0.1,45.0,600.0
c-6701003319793,producto02,Vida grupo particular,F,PEN,1995-11-15,2021-07-22,2026-07-22,0.1,20.0,300.0
c-6701003319814,producto02,Vida grupo particular,F,PEN,1970-04-11,2021-07-22,2025-07-22,0.1,92.0,1700.0
c-6701003319817,producto02,Vida grupo particular,F,PEN,1961-06-06,2021-07-22,2025-07-22,0.1,109.0,1350.0
c-6701003319861,producto02,Vida grupo particular,F,PEN,1955-04-11,2021-07-22,2027-07-22,0.1,72.0,1200.0
c-6701003319867,producto02,Vida grupo particular,F,PEN,1970-01-03,2021-07-22,2025-07-22,0.1,219.0,2900.0
c-6701003319871,producto02,Vida grupo particular,F,PEN,1950-01-18,2021-07-22,2027-07-22,0.1,24.0,310.0
c-6701003319885,producto02,Vida grupo particular,F,PEN,1965-09-01,2021-07-22,2025-07-22,0.1,4.0,3000.0
c-6701003319902,producto02,Vida grupo particular,F,PEN,1961-02-04,2021-07-23,2025-07-23,0.1,22.0,2270.0
c-6701003319911,producto02,Vida grupo particular,F,PEN,1950-09-12,2021-07-23,2026-07-23,0.1,32.0,600.0
c-6701003319914,producto02,Vida grupo particular,F,PEN,1970-04-06,2021-07-23,2025-07-23,0.1,51.0,800.0
c-6701003319924,producto02,Vida grupo particular,F,PEN,1975-12-23,2021-07-23,2027-07-23,0.1,30.0,385.0
c-6701003319925,producto02,Vida grupo particular,F,PEN,1976-03-29,2021-07-23,2025-07-23,0.1,12.0,1850.0
c-6701003319963,producto02,Vida grupo particular,F,PEN,1946-12-15,2021-07-23,2027-07-23,0.1,13.0,650.0
c-6701003319974,producto02,Vida grupo particular,F,PEN,1973-06-19,2021-07-23,2026-07-23,0.1,103.0,2715.0
c-6701003319978,producto02,Vida grupo particular,F,PEN,1978-03-27,2021-07-23,2027-07-23,0.1,85.0,950.0
c-6701003319999,producto02,Vida grupo particular,F,PEN,1956-12-24,2021-07-23,2026-04-23,0.1,183.0,2070.0
c-6701003320012,producto02,Vida grupo particular,F,PEN,1985-07-29,2021-07-23,2025-07-23,0.1,16.0,650.0
c-6701003320042,producto02,Vida grupo particular,F,PEN,1983-11-19,2021-07-23,2025-07-23,0.1,15.0,500.0
c-6701003320066,producto02,Vida grupo particular,F,PEN,1963-02-09,2021-07-23,2027-07-23,0.1,137.0,2100.0
c-6701003320073,producto02,Vida grupo particular,F,PEN,1969-06-27,2021-07-23,2027-07-23,0.1,33.0,855.0
c-6701003320074,producto02,Vida grupo particular,F,PEN,1957-06-08,2021-07-23,2025-07-23,0.1,14.0,650.0
c-6701003320086,producto02,Vida grupo particular,F,PEN,1983-07-25,2021-07-23,2027-07-23,0.1,77.0,900.0
c-6701003320120,producto02,Vida grupo particular,F,PEN,1976-08-08,2021-07-23,2027-07-23,0.1,1.0,800.0
c-6701003320140,producto02,Vida grupo particular,F,PEN,1952-02-16,2021-07-23,2025-07-23,0.1,41.0,1200.0
c-6701003320170,producto02,Vida grupo particular,F,PEN,1959-02-01,2021-07-23,2025-07-23,0.1,23.0,400.0
c-6701003320230,producto02,Vida grupo particular,F,PEN,1959-08-03,2021-07-23,2027-07-23,0.1,130.0,1500.0
c-6701003320249,producto02,Vida grupo particular,F,PEN,1974-05-03,2021-07-23,2027-07-23,0.1,72.0,2110.0
c-6701003320275,producto02,Vida grupo particular,F,PEN,1966-07-04,2021-07-23,2026-07-23,0.1,49.0,550.0
c-6701003320278,producto02,Vida grupo particular,F,PEN,1970-10-01,2021-07-23,2027-07-23,0.1,90.0,1850.0
c-6701003320286,producto02,Vida grupo particular,F,PEN,1975-06-28,2021-07-23,2027-07-23,0.1,162.0,2155.0
c-6701003320339,producto02,Vida grupo particular,M,PEN,1955-12-13,2021-07-23,2025-07-23,0.1,314.0,3640.0
c-6701003320351,producto02,Vida grupo particular,M,PEN,1965-02-21,2021-07-23,2027-07-23,0.1,79.0,1185.0
c-6701003320412,producto02,Vida grupo particular,M,PEN,1970-09-21,2021-07-24,2027-07-24,0.1,7.0,800.0
c-6701003320469,producto02,Vida grupo particular,M,PEN,1978-04-16,2021-07-24,2027-07-24,0.1,97.0,1800.0
c-6701003320470,producto02,Vida grupo particular,M,PEN,1965-11-04,2021-07-24,2025-07-24,0.1,145.0,2110.0
c-6701003320471,producto02,Vida grupo particular,M,PEN,1950-11-11,2021-07-24,2026-07-24,0.1,101.0,1850.0
c-6701003320479,producto02,Vida grupo particular,M,PEN,1981-10-25,2021-07-24,2025-07-24,0.1,52.0,750.0
c-6701003320484,producto02,Vida grupo particular,M,PEN,1970-06-07,2021-07-24,2026-07-24,0.1,73.0,1050.0
c-6701003320486,producto02,Vida grupo particular,M,PEN,1975-12-03,2021-07-24,2025-07-24,0.1,148.0,2250.0
c-6701003320494,producto02,Vida grupo particular,M,PEN,1973-05-12,2021-07-24,2027-07-24,0.1,51.0,600.0
c-6701003320508,producto02,Vida grupo particular,M,PEN,1969-12-07,2021-07-24,2025-07-24,0.1,36.0,2000.0
c-6701003320522,producto02,Vida grupo particular,M,PEN,1951-10-31,2021-07-24,2025-07-24,0.1,15.0,935.0
c-6701003320524,producto02,Vida grupo particular,M,PEN,1965-07-06,2021-07-24,2025-07-24,0.1,103.0,1930.0
c-6701003320540,producto02,Vida grupo particular,M,PEN,1947-06-12,2021-07-24,2025-07-24,0.1,15.0,500.0
c-6701003320573,producto02,Vida grupo particular,M,PEN,1964-11-06,2021-07-24,2027-07-24,0.1,30.0,440.0
c-6701003320577,producto02,Vida grupo particular,M,PEN,1979-05-28,2021-07-24,2025-07-24,0.1,53.0,1100.0
c-6701003320613,producto02,Vida grupo particular,M,PEN,1976-09-14,2021-07-24,2025-07-24,0.1,98.0,2415.0
c-6701003320680,producto02,Vida grupo particular,M,PEN,1951-06-03,2021-07-26,2026-07-26,0.1,25.0,650.0
c-6701003320687,producto02,Vida grupo particular,M,PEN,1984-08-17,2021-07-26,2027-07-26,0.1,32.0,770.0
c-6701003320714,producto02,Vida grupo particular,M,PEN,1941-05-20,2021-07-26,2025-07-26,0.1,59.0,2000.0
c-6701003320729,producto02,Vida grupo particular,F,PEN,1987-08-23,2021-07-26,2027-07-26,0.1,4.0,665.0
c-6701003320744,producto02,Vida grupo particular,F,PEN,1956-03-10,2021-07-26,2027-07-26,0.1,136.0,1850.0
c-6701003320746,producto02,Vida grupo particular,F,PEN,1962-02-10,2021-07-26,2027-07-26,0.1,4.0,675.0
c-6701003320755,producto02,Vida grupo particular,F,PEN,1953-05-25,2021-07-26,2027-07-26,0.1,88.0,1850.0
c-6701003320780,producto02,Vida grupo particular,F,PEN,1945-06-11,2021-07-26,2027-07-26,0.1,118.0,1850.0
c-6701003320824,producto02,Vida grupo particular,F,PEN,1953-11-16,2021-07-26,2025-07-26,0.1,175.0,2000.0
c-6701003320967,producto02,Vida grupo particular,F,PEN,1953-08-28,2021-07-26,2027-07-26,0.1,3.0,400.0
c-6701003320989,producto02,Vida grupo particular,F,PEN,1949-11-25,2021-07-26,2026-07-26,0.1,169.0,2160.0
c-6701003321049,producto02,Vida grupo particular,F,PEN,1972-11-29,2021-07-26,2027-07-26,0.1,93.0,1145.0
c-6701003321064,producto02,Vida grupo particular,F,PEN,1954-04-23,2021-07-26,2025-07-26,0.1,92.0,1200.0
c-6701003321087,producto02,Vida grupo particular,F,PEN,1954-11-01,2021-07-26,2027-07-26,0.1,162.0,2950.0
c-6701003321095,producto02,Vida grupo particular,F,PEN,1959-11-22,2021-07-26,2027-07-26,0.1,163.0,2000.0
c-6701003321138,producto02,Vida grupo particular,F,PEN,1941-12-10,2021-07-26,2026-10-26,0.1,5.0,1745.0
c-6701003321139,producto02,Vida grupo particular,F,PEN,1958-02-28,2021-07-26,2027-07-26,0.1,4.0,515.0
c-6701003321148,producto02,Vida grupo particular,F,PEN,1970-06-24,2021-07-26,2026-07-26,0.1,65.0,1000.0
c-6701003321167,producto02,Vida grupo particular,F,PEN,1955-08-03,2021-07-26,2025-09-26,0.1,53.0,710.0
c-6701003321175,producto02,Vida grupo particular,F,PEN,1946-08-31,2021-07-26,2025-07-26,0.1,11.0,500.0
c-6701003321205,producto02,Vida grupo particular,F,PEN,1976-02-01,2021-07-26,2025-09-26,0.1,45.0,850.0
c-6701003321217,producto02,Vida grupo particular,F,PEN,1987-06-09,2021-07-26,2024-11-26,0.1,40.0,595.0
c-6701003321239,producto02,Vida grupo particular,F,PEN,1955-05-08,2021-07-26,2027-07-26,0.1,1.0,1000.0
c-6701003321256,producto02,Vida grupo particular,F,PEN,1946-01-05,2021-07-26,2027-07-26,0.1,98.0,3000.0
c-6701003321260,producto02,Vida grupo particular,F,PEN,1941-11-30,2021-07-26,2025-07-26,0.1,229.0,2820.0
c-6701003321351,producto02,Vida grupo particular,F,PEN,1963-06-02,2021-07-27,2027-07-27,0.1,27.0,1050.0
c-6701003321368,producto02,Vida grupo particular,F,PEN,1941-07-25,2021-07-27,2027-07-27,0.1,101.0,2000.0
c-6701003321370,producto02,Vida grupo particular,F,PEN,1943-11-07,2021-07-27,2027-07-27,0.1,110.0,1400.0
c-6701003321432,producto02,Vida grupo particular,F,PEN,1989-12-31,2021-07-27,2024-12-27,0.1,98.0,1325.0
c-6701003321549,producto02,Vida grupo particular,F,PEN,1980-03-23,2021-07-27,2025-07-27,0.1,167.0,3085.0
c-6701003321557,producto02,Vida grupo particular,F,PEN,1943-05-10,2021-07-27,2025-07-27,0.1,73.0,900.0
c-6701003321584,producto02,Vida grupo particular,F,PEN,1993-08-21,2021-07-27,2026-07-27,0.1,33.0,480.0
c-6701003321627,producto02,Vida grupo particular,F,PEN,1944-09-13,2021-07-27,2027-02-27,0.1,108.0,1755.0
c-6701003321652,producto02,Vida grupo particular,F,PEN,1958-07-18,2021-07-27,2027-07-27,0.1,135.0,2055.0
c-6701003321665,producto02,Vida grupo particular,F,PEN,1944-09-26,2021-07-27,2027-07-27,0.1,54.0,1850.0
c-6701003321694,producto02,Vida grupo particular,F,PEN,1944-05-09,2021-07-27,2025-07-27,0.1,49.0,800.0
c-6701003321706,producto02,Vida grupo particular,F,PEN,1954-10-11,2021-07-27,2027-07-27,0.1,154.0,1840.0
c-6701003321719,producto02,Vida grupo particular,F,PEN,1974-01-15,2021-07-27,2025-07-27,0.1,180.0,2250.0
c-6701003321728,producto02,Vida grupo particular,F,PEN,1984-05-19,2021-07-27,2025-07-27,0.1,82.0,3000.0
c-6701003321732,producto02,Vida grupo particular,F,PEN,1969-12-06,2021-07-27,2025-07-27,0.1,67.0,2000.0
c-6701003321776,producto02,Vida grupo particular,F,PEN,1987-05-27,2021-07-27,2025-07-27,0.1,30.0,940.0
c-6701003321841,producto02,Vida grupo particular,F,PEN,1964-12-17,2021-07-27,2025-07-27,0.1,6.0,850.0
c-6701003321852,producto02,Vida grupo particular,F,PEN,1961-03-05,2021-07-27,2027-07-27,0.1,125.0,2800.0
c-6701003321903,producto02,Vida grupo particular,F,PEN,1982-03-06,2021-07-27,2026-07-27,0.1,33.0,650.0
c-6701003321916,producto02,Vida grupo particular,F,PEN,1979-02-16,2021-07-30,2025-05-30,0.1,154.0,2215.0
c-6701003321973,producto02,Vida grupo particular,F,PEN,1950-02-28,2021-07-30,2026-07-30,0.1,25.0,300.0
c-6701003321992,producto02,Vida grupo particular,F,PEN,1962-07-25,2021-07-30,2027-07-30,0.1,27.0,1050.0
c-6701003322040,producto02,Vida grupo particular,F,PEN,1950-12-15,2021-07-30,2025-07-30,0.1,7.0,650.0
c-6701003322044,producto02,Vida grupo particular,F,PEN,1985-05-30,2021-07-30,2025-07-30,0.1,18.0,650.0
c-6701003322085,producto02,Vida grupo particular,F,PEN,1969-02-16,2021-07-30,2027-07-30,0.1,135.0,1850.0
c-6701003322107,producto02,Vida grupo particular,F,PEN,1964-07-28,2021-07-30,2025-07-30,0.1,113.0,1700.0
c-6701003322151,producto02,Vida grupo particular,F,PEN,1973-11-07,2021-07-30,2025-07-30,0.1,63.0,700.0
c-6701003322154,producto02,Vida grupo particular,F,PEN,1974-03-11,2021-07-30,2025-07-30,0.1,85.0,1000.0
c-6701003322167,producto02,Vida grupo particular,F,PEN,1945-10-17,2021-07-30,2025-07-30,0.1,35.0,414.0
c-6701003322189,producto02,Vida grupo particular,F,PEN,1950-03-24,2021-07-30,2025-07-30,0.1,8.0,1000.0
c-6701003322209,producto02,Vida grupo particular,F,PEN,1970-11-19,2021-07-30,2027-07-30,0.1,16.0,750.5
c-6701003322228,producto02,Vida grupo particular,F,PEN,1980-01-10,2021-07-30,2026-07-30,0.1,94.0,1185.0
c-6701003322229,producto02,Vida grupo particular,F,PEN,1942-10-06,2021-07-30,2025-07-30,0.1,108.0,1480.0
c-6701003322248,producto02,Vida grupo particular,F,PEN,1987-12-26,2021-07-30,2025-07-30,0.1,82.0,950.0
c-6701003322262,producto02,Vida grupo particular,F,PEN,1962-11-04,2021-07-30,2025-07-30,0.1,129.0,1700.0
c-6701003322301,producto02,Vida grupo particular,F,PEN,1973-04-23,2021-07-30,2026-11-30,0.1,51.0,1850.0
c-6701003322321,producto02,Vida grupo particular,F,PEN,1981-03-20,2021-07-30,2025-07-30,0.1,82.0,2065.0
c-6701003322340,producto02,Vida grupo particular,F,PEN,1984-01-01,2021-07-30,2025-07-30,0.1,10.0,500.0
c-6701003322537,producto02,Vida grupo particular,F,PEN,1940-09-26,2021-07-30,2024-10-30,0.1,230.0,3000.0
c-6701003322552,producto02,Vida grupo particular,F,PEN,1970-08-13,2021-07-30,2025-07-30,0.1,76.0,1200.0
c-6701003322575,producto02,Vida grupo particular,F,PEN,1949-12-19,2021-07-30,2026-07-30,0.1,56.0,650.0
c-6701003322579,producto02,Vida grupo particular,F,PEN,1962-05-21,2021-07-31,2025-07-31,0.1,6.0,500.0
c-6701003322590,producto02,Vida grupo particular,F,PEN,1965-12-13,2021-07-31,2026-07-31,0.1,166.0,2110.0
c-6701003322606,producto02,Vida grupo particular,F,PEN,1953-09-18,2021-07-31,2026-01-31,0.1,35.0,1050.0
c-6701003322676,producto02,Vida grupo particular,F,PEN,1974-08-25,2021-07-31,2027-07-31,0.1,41.0,2100.0
c-6701003322681,producto02,Vida grupo particular,F,PEN,1962-06-17,2021-07-31,2025-07-31,0.1,211.0,3430.0
c-6701003322690,producto02,Vida grupo particular,F,PEN,1958-11-20,2021-07-31,2027-07-31,0.1,56.0,1050.0
c-6701003322806,producto02,Vida grupo particular,F,PEN,1992-04-16,2021-07-31,2026-07-31,0.1,73.0,1100.0
c-6701003322839,producto02,Vida grupo particular,F,PEN,1974-04-20,2021-07-31,2027-07-31,0.1,103.0,3000.0
c-6701003322862,producto02,Vida grupo particular,F,PEN,1969-03-03,2021-07-31,2025-07-31,0.1,62.0,1060.0
c-6701003322900,producto02,Vida grupo particular,F,PEN,1961-08-08,2021-07-31,2027-07-31,0.1,43.0,535.0
c-6701003322908,producto02,Vida grupo particular,F,PEN,1949-09-18,2021-07-31,2026-07-31,0.1,30.0,1000.0
c-6701003322919,producto02,Vida grupo particular,F,PEN,1968-05-09,2021-07-31,2025-07-31,0.1,44.0,1850.0
c-6701003322929,producto02,Vida grupo particular,F,PEN,1977-05-25,2021-07-31,2025-07-31,0.1,106.0,3160.0
c-6701003322932,producto02,Vida grupo particular,F,PEN,1955-02-28,2021-07-31,2026-07-31,0.1,100.0,1850.0
c-6701003322956,producto02,Vida grupo particular,F,PEN,1990-10-01,2021-07-31,2027-07-31,0.1,37.0,700.0
c-6701003323008,producto02,Vida grupo particular,F,PEN,1968-01-19,2021-08-02,2026-08-02,0.1,126.0,2050.0
c-6701003323013,producto02,Vida grupo particular,F,PEN,1960-02-23,2021-08-02,2027-08-02,0.1,8.0,2600.0
c-6701003323028,producto02,Vida grupo particular,F,PEN,1964-03-06,2021-08-02,2025-08-02,0.1,77.0,1350.0
c-6701003323071,producto02,Vida grupo particular,F,PEN,1971-01-28,2021-08-02,2025-08-02,0.1,41.0,1250.0
c-6701003323078,producto02,Vida grupo particular,F,PEN,1959-06-24,2021-08-02,2025-08-02,0.1,194.0,2560.0
c-6701003323082,producto02,Vida grupo particular,F,PEN,1964-01-05,2021-08-02,2025-08-02,0.1,96.0,2200.0
c-6701003323091,producto02,Vida grupo particular,F,PEN,1975-02-04,2021-08-02,2025-08-02,0.1,71.0,1250.0
c-6701003323092,producto02,Vida grupo particular,F,PEN,1963-09-07,2021-08-02,2025-08-02,0.1,75.0,1000.0
c-6701003323108,producto02,Vida grupo particular,F,PEN,1982-02-19,2021-08-02,2026-08-02,0.1,74.0,1860.0
c-6701003323128,producto02,Vida grupo particular,F,PEN,1948-11-16,2021-08-02,2027-08-02,0.1,169.0,2050.0
c-6701003323141,producto02,Vida grupo particular,F,PEN,1979-02-15,2021-08-02,2025-08-02,0.1,92.0,1250.0
c-6701003323153,producto02,Vida grupo particular,F,PEN,1982-07-25,2021-08-02,2027-08-02,0.1,81.0,900.0
c-6701003323190,producto02,Vida grupo particular,F,PEN,1977-07-25,2021-08-02,2026-08-02,0.1,56.0,1100.0
c-6701003323242,producto02,Vida grupo particular,F,PEN,1973-01-24,2021-08-02,2027-08-02,0.1,22.0,1250.0
c-6701003323247,producto02,Vida grupo particular,F,PEN,1975-04-05,2021-08-02,2025-08-02,0.1,55.0,3050.0
c-6701003323251,producto02,Vida grupo particular,F,PEN,1957-09-16,2021-08-02,2026-08-02,0.1,61.0,1250.0
c-6701003323279,producto02,Vida grupo particular,F,PEN,1963-10-31,2021-08-02,2027-08-02,0.1,94.0,1050.0
c-6701003323290,producto02,Vida grupo particular,F,PEN,1957-08-12,2021-08-02,2025-08-02,0.1,241.0,3050.0
c-6701003323327,producto02,Vida grupo particular,F,PEN,1942-08-20,2021-08-02,2026-08-02,0.1,140.0,1835.0
c-6701003323361,producto02,Vida grupo particular,F,PEN,1984-05-17,2021-08-02,2027-08-02,0.1,30.0,1250.0
c-6701003323406,producto02,Vida grupo particular,F,PEN,1981-08-10,2021-08-02,2025-08-02,0.1,21.0,800.0
c-6701003323442,producto02,Vida grupo particular,F,PEN,1986-10-19,2021-08-02,2027-08-02,0.1,15.0,1300.0
c-6701003323468,producto02,Vida grupo particular,F,PEN,1959-01-13,2021-08-02,2025-08-02,0.1,101.0,1250.0
c-6701003323469,producto02,Vida grupo particular,F,PEN,1954-10-30,2021-08-02,2025-08-02,0.1,203.0,3200.0
c-6701003323481,producto02,Vida grupo particular,F,PEN,1968-08-10,2021-08-02,2025-08-02,0.1,19.0,1300.1
c-6701003323544,producto02,Vida grupo particular,F,PEN,1984-06-26,2021-08-02,2027-08-02,0.1,80.0,3700.0
c-6701003323561,producto02,Vida grupo particular,F,PEN,1968-03-28,2021-08-02,2025-08-02,0.1,3.0,1400.0
c-6701003323598,producto02,Vida grupo particular,F,PEN,1959-01-11,2021-08-02,2025-08-02,0.1,29.0,1200.0
c-6701003323634,producto02,Vida grupo particular,F,PEN,1950-04-15,2021-08-02,2027-08-02,0.1,30.0,1550.0
c-6701003323636,producto02,Vida grupo particular,F,PEN,1969-04-10,2021-08-02,2025-08-02,0.1,78.0,1400.0
c-6701003323637,producto02,Vida grupo particular,F,PEN,1958-11-11,2021-08-02,2025-08-02,0.1,55.0,1730.0
c-6701003323741,producto02,Vida grupo particular,F,PEN,1956-04-24,2021-08-03,2027-08-03,0.1,140.0,2450.0
c-6701003323753,producto02,Vida grupo particular,F,PEN,1982-10-12,2021-08-03,2026-08-03,0.1,17.0,500.0
c-6701003323765,producto02,Vida grupo particular,F,PEN,1951-06-12,2021-08-03,2026-08-03,0.1,29.0,600.0
c-6701003323833,producto02,Vida grupo particular,F,PEN,1982-12-07,2021-08-03,2027-08-03,0.1,62.0,900.0
c-6701003323878,producto02,Vida grupo particular,F,PEN,1959-12-02,2021-08-03,2027-08-03,0.1,160.0,2200.0
c-6701003323891,producto02,Vida grupo particular,F,PEN,1971-02-08,2021-08-03,2025-08-03,0.1,99.0,1500.0
c-6701003323923,producto02,Vida grupo particular,F,PEN,1944-04-09,2021-08-03,2027-08-03,0.1,154.0,1850.0
c-6701003323935,producto02,Vida grupo particular,F,PEN,1960-11-02,2021-08-03,2027-08-03,0.1,42.0,2050.0
c-6701003323943,producto02,Vida grupo particular,F,PEN,1972-08-01,2021-08-03,2026-08-03,0.1,23.0,1100.0
c-6701003323953,producto02,Vida grupo particular,F,PEN,1982-02-27,2021-08-03,2025-08-03,0.1,97.0,1810.0
c-6701003323956,producto02,Vida grupo particular,F,PEN,1953-02-09,2021-08-03,2025-08-03,0.1,95.0,1550.0
c-6701003324018,producto02,Vida grupo particular,F,PEN,1994-07-19,2021-08-03,2025-08-03,0.1,70.0,850.0
c-6701003324034,producto02,Vida grupo particular,F,PEN,1965-04-17,2021-08-03,2025-08-03,0.1,63.0,2100.0
c-6701003324037,producto02,Vida grupo particular,F,PEN,1948-04-29,2021-08-03,2027-09-03,0.1,78.0,1135.0
c-6701003324042,producto02,Vida grupo particular,F,PEN,1969-09-29,2021-08-03,2027-08-03,0.1,59.0,1350.0
c-6701003324055,producto02,Vida grupo particular,F,PEN,1962-05-05,2021-08-03,2026-09-03,0.1,22.0,700.0
c-6701003324059,producto02,Vida grupo particular,F,PEN,1965-03-17,2021-08-03,2027-08-03,0.1,95.0,2050.0
c-6701003324061,producto02,Vida grupo particular,F,PEN,1968-01-13,2021-08-03,2025-08-03,0.1,192.0,2300.0
c-6701003324073,producto02,Vida grupo particular,F,PEN,1953-08-15,2021-08-03,2026-07-03,0.1,30.0,500.0
c-6701003324088,producto02,Vida grupo particular,F,PEN,1968-05-21,2021-08-03,2025-08-03,0.1,36.0,700.0
c-6701003324090,producto02,Vida grupo particular,F,PEN,1992-11-08,2021-08-03,2026-08-03,0.1,98.0,2000.0
c-6701003324122,producto02,Vida grupo particular,F,PEN,1977-06-23,2021-08-03,2025-08-03,0.1,33.0,500.0
c-6701003324147,producto02,Vida grupo particular,F,PEN,1969-03-06,2021-08-03,2025-08-03,0.1,64.0,1900.0
c-6701003324162,producto02,Vida grupo particular,F,PEN,1966-01-23,2021-08-03,2027-08-03,0.1,67.0,1900.0
c-6701003324186,producto02,Vida grupo particular,F,PEN,1974-10-30,2021-08-03,2026-08-03,0.1,125.0,2400.0
c-6701003324187,producto02,Vida grupo particular,F,PEN,1959-05-03,2021-08-03,2027-08-03,0.1,50.0,1715.0
c-6701003324221,producto02,Vida grupo particular,F,PEN,1942-11-15,2021-08-03,2027-01-03,0.1,30.0,1500.0
c-6701003324243,producto02,Vida grupo particular,F,PEN,1990-05-09,2021-08-03,2025-08-03,0.1,44.0,700.0
c-6701003324278,producto02,Vida grupo particular,F,PEN,1946-01-17,2021-08-03,2025-08-03,0.1,89.0,2560.0
c-6701003324292,producto02,Vida grupo particular,F,PEN,1970-07-09,2021-08-03,2025-08-03,0.1,92.0,1050.0
c-6701003324329,producto02,Vida grupo particular,F,PEN,1961-12-05,2021-08-03,2025-08-03,0.1,139.0,2050.0
c-6701003324333,producto02,Vida grupo particular,F,PEN,1976-11-04,2021-08-03,2027-08-03,0.1,115.0,1300.0
c-6701003324370,producto02,Vida grupo particular,F,PEN,1967-10-30,2021-08-03,2025-08-03,0.1,167.0,2050.0
c-6701003324376,producto02,Vida grupo particular,F,PEN,1973-01-17,2021-08-03,2025-08-03,0.1,190.0,3170.0
c-6701003324410,producto02,Vida grupo particular,F,PEN,1971-04-28,2021-08-03,2025-08-03,0.1,103.0,1200.0
c-6701003324448,producto02,Vida grupo particular,F,PEN,1966-08-19,2021-08-03,2025-08-03,0.1,96.0,1300.0
c-6701003324451,producto02,Vida grupo particular,F,PEN,1983-10-14,2021-08-03,2025-08-03,0.1,49.0,1050.0
c-6701003324456,producto02,Vida grupo particular,F,PEN,1963-10-27,2021-08-03,2025-08-03,0.1,88.0,1900.0
c-6701003324488,producto02,Vida grupo particular,F,PEN,1971-08-27,2021-08-03,2027-08-03,0.1,16.0,515.0
c-6701003324510,producto02,Vida grupo particular,F,PEN,1982-07-13,2021-08-03,2025-08-03,0.1,14.0,1250.0
c-6701003324523,producto02,Vida grupo particular,F,PEN,1954-04-01,2021-08-03,2027-08-03,0.1,113.0,1400.0
c-6701003324526,producto02,Vida grupo particular,F,PEN,1965-04-06,2021-08-03,2025-08-03,0.1,196.0,2200.0
c-6701003324570,producto02,Vida grupo particular,F,PEN,1984-07-05,2021-08-03,2027-08-03,0.1,90.0,1050.0
c-6701003324578,producto02,Vida grupo particular,F,PEN,1970-01-01,2021-08-03,2025-08-03,0.1,78.0,1200.0
c-6701003324582,producto02,Vida grupo particular,F,PEN,1966-04-15,2021-08-03,2026-08-03,0.1,67.0,1855.0
c-6701003324585,producto02,Vida grupo particular,F,PEN,1967-02-25,2021-08-03,2025-08-03,0.1,123.0,1550.0
c-6701003324594,producto02,Vida grupo particular,F,PEN,1965-11-25,2021-08-03,2027-08-03,0.1,53.0,1700.0
c-6701003324603,producto02,Vida grupo particular,F,PEN,1969-08-26,2021-08-03,2027-08-03,0.1,49.0,800.0
c-6701003324615,producto02,Vida grupo particular,F,PEN,1962-01-28,2021-08-03,2026-08-03,0.1,27.0,1400.0
c-6701003324625,producto02,Vida grupo particular,F,PEN,1942-11-11,2021-08-03,2025-08-03,0.1,26.0,500.0
c-6701003324740,producto02,Vida grupo particular,F,PEN,1961-12-04,2021-08-03,2027-08-03,0.1,183.0,2050.0
c-6701003324768,producto02,Vida grupo particular,F,PEN,1965-09-08,2021-08-04,2025-08-04,0.1,33.0,500.1
c-6701003324789,producto02,Vida grupo particular,F,PEN,1943-02-09,2021-08-04,2025-08-04,0.1,5.0,2050.0
c-6701003324816,producto02,Vida grupo particular,F,PEN,1981-11-05,2021-08-04,2025-08-04,0.1,51.0,1250.0
c-6701003324871,producto02,Vida grupo particular,F,PEN,1976-07-04,2021-08-04,2026-08-04,0.1,34.0,715.0
c-6701003324882,producto02,Vida grupo particular,F,PEN,1976-11-05,2021-08-04,2026-08-04,0.1,58.0,715.0
c-6701003324884,producto02,Vida grupo particular,F,PEN,1956-04-26,2021-08-04,2026-12-04,0.1,21.0,1525.0
c-6701003324908,producto02,Vida grupo particular,F,PEN,1977-12-02,2021-08-04,2025-08-04,0.1,40.0,1850.0
c-6701003324916,producto02,Vida grupo particular,F,PEN,1987-05-01,2021-08-04,2026-08-04,0.1,24.0,500.0
c-6701003324930,producto02,Vida grupo particular,F,PEN,1954-09-30,2021-08-04,2027-08-04,0.1,56.0,1050.0
c-6701003324935,producto02,Vida grupo particular,F,PEN,1980-10-27,2021-08-04,2025-08-04,0.1,71.0,1250.0
c-6701003324944,producto02,Vida grupo particular,F,PEN,1982-09-11,2021-08-04,2026-08-04,0.1,1.0,415.0
c-6701003324969,producto02,Vida grupo particular,F,PEN,1962-08-28,2021-08-04,2026-08-04,0.1,25.0,1000.0
c-6701003324975,producto02,Vida grupo particular,F,PEN,1991-03-27,2021-08-04,2025-08-04,0.1,11.0,1100.0
c-6701003324985,producto02,Vida grupo particular,F,PEN,1947-01-04,2021-08-04,2027-08-04,0.1,25.0,1250.0
c-6701003325003,producto02,Vida grupo particular,F,PEN,1969-11-17,2021-08-04,2027-08-04,0.1,104.0,2400.0
c-6701003325024,producto02,Vida grupo particular,F,PEN,1954-08-13,2021-08-04,2027-08-04,0.1,81.0,999.9
c-6701003325033,producto02,Vida grupo particular,F,PEN,1989-09-11,2021-08-04,2025-08-04,0.1,13.0,700.0
c-6701003325060,producto02,Vida grupo particular,F,PEN,1958-05-18,2021-08-04,2027-08-04,0.1,45.0,1170.0
c-6701003325148,producto02,Vida grupo particular,F,PEN,1961-08-17,2021-08-04,2026-08-04,0.1,51.0,1070.0
c-6701003325164,producto02,Vida grupo particular,F,PEN,1988-03-03,2021-08-04,2025-08-04,0.1,7.0,675.0
c-6701003325165,producto02,Vida grupo particular,F,PEN,1966-12-04,2021-08-04,2025-08-04,0.1,154.0,1990.0
c-6701003325171,producto02,Vida grupo particular,F,PEN,1981-11-26,2021-08-04,2026-08-04,0.1,39.0,500.1
c-6701003325175,producto02,Vida grupo particular,F,PEN,1994-10-15,2021-08-04,2025-08-04,0.1,2.0,500.0
c-6701003325201,producto02,Vida grupo particular,F,PEN,1986-09-17,2021-08-04,2026-08-04,0.1,14.0,400.0
c-6701003325221,producto02,Vida grupo particular,F,PEN,1971-12-30,2021-08-04,2025-08-04,0.1,134.0,3130.0
c-6701003325223,producto02,Vida grupo particular,F,PEN,1961-12-28,2021-08-04,2025-08-04,0.1,214.0,3275.0
c-6701003325257,producto02,Vida grupo particular,F,PEN,1958-11-04,2021-08-04,2027-08-04,0.1,11.0,1230.0
c-6701003325279,producto02,Vida grupo particular,F,PEN,1969-09-18,2021-08-04,2027-08-04,0.1,262.0,3200.0
c-6701003325288,producto02,Vida grupo particular,F,PEN,1965-04-07,2021-08-04,2025-08-04,0.1,10.0,500.0
c-6701003325330,producto02,Vida grupo particular,F,PEN,1969-01-03,2021-08-04,2027-08-04,0.1,180.0,2050.0
c-6701003325333,producto02,Vida grupo particular,F,PEN,1961-02-24,2021-08-04,2027-08-04,0.1,7.0,500.0
c-6701003325348,producto02,Vida grupo particular,F,PEN,1975-07-31,2021-08-04,2025-08-04,0.1,27.0,1250.0
c-6701003325351,producto02,Vida grupo particular,F,PEN,1989-09-24,2021-08-04,2025-08-04,0.1,51.0,1200.0
c-6701003325392,producto02,Vida grupo particular,F,PEN,1979-05-25,2021-08-04,2027-06-04,0.1,52.0,700.0
c-6701003325400,producto02,Vida grupo particular,M,PEN,1968-04-19,2021-08-04,2027-08-04,0.1,7.0,2200.0
c-6701003325408,producto02,Vida grupo particular,M,PEN,1950-08-02,2021-08-04,2026-08-04,0.1,12.0,2105.0
c-6701003325414,producto02,Vida grupo particular,M,PEN,1956-08-22,2021-08-04,2026-08-04,0.1,223.0,2650.0
c-6701003325451,producto02,Vida grupo particular,M,PEN,1976-10-12,2021-08-04,2026-08-04,0.1,24.0,1110.0
c-6701003325453,producto02,Vida grupo particular,M,PEN,1980-09-25,2021-08-04,2025-08-04,0.1,46.0,1100.0
c-6701003325481,producto02,Vida grupo particular,M,PEN,1941-01-18,2021-08-04,2025-08-04,0.1,180.0,2200.0
c-6701003325484,producto02,Vida grupo particular,M,PEN,1954-06-27,2021-08-04,2025-08-04,0.1,34.0,1250.0
c-6701003325593,producto02,Vida grupo particular,M,PEN,1981-10-08,2021-08-04,2027-08-04,0.1,35.0,455.0
c-6701003325611,producto02,Vida grupo particular,M,PEN,1959-09-19,2021-08-04,2027-08-04,0.1,114.0,2880.0
c-6701003325657,producto02,Vida grupo particular,M,PEN,1968-12-14,2021-08-04,2026-08-04,0.1,237.0,2870.0
c-6701003325672,producto02,Vida grupo particular,M,PEN,1967-08-23,2021-08-05,2026-08-05,0.1,109.0,2200.0
c-6701003325679,producto02,Vida grupo particular,M,PEN,1942-08-01,2021-08-05,2025-08-05,0.1,93.0,1640.0
c-6701003325693,producto02,Vida grupo particular,F,PEN,1982-12-10,2021-08-05,2025-08-05,0.1,61.0,1250.0
c-6701003325712,producto02,Vida grupo particular,F,PEN,1999-01-01,2021-08-05,2025-08-05,0.1,45.0,700.0
c-6701003325725,producto02,Vida grupo particular,F,PEN,1970-10-02,2021-08-05,2025-08-05,0.1,27.0,1350.0
c-6701003325749,producto02,Vida grupo particular,F,PEN,1963-08-19,2021-08-05,2026-08-05,0.1,11.0,500.1
c-6701003325792,producto02,Vida grupo particular,F,PEN,1963-06-22,2021-08-05,2025-08-05,0.1,53.0,1305.0
c-6701003325819,producto02,Vida grupo particular,F,PEN,1948-09-27,2021-08-05,2027-08-05,0.1,41.0,2050.0
c-6701003325829,producto02,Vida grupo particular,F,PEN,1961-10-21,2021-08-05,2025-08-05,0.1,205.0,3105.0
c-6701003325840,producto02,Vida grupo particular,F,PEN,1973-01-05,2021-08-05,2025-02-05,0.1,12.0,435.0
c-6701003325857,producto02,Vida grupo particular,F,PEN,1952-02-18,2021-08-05,2026-08-05,0.1,131.0,1550.0
c-6701003325868,producto02,Vida grupo particular,F,PEN,1961-10-17,2021-08-05,2026-08-05,0.1,6.0,700.0
c-6701003325900,producto02,Vida grupo particular,F,PEN,1973-04-27,2021-08-05,2027-08-05,0.1,16.0,350.0
c-6701003325903,producto02,Vida grupo particular,F,PEN,1974-07-05,2021-08-05,2027-08-05,0.1,79.0,1900.0
c-6701003325962,producto02,Vida grupo particular,F,PEN,1986-03-29,2021-08-05,2026-08-05,0.1,41.0,500.0
c-6701003325991,producto02,Vida grupo particular,F,PEN,1978-02-24,2021-08-05,2025-08-05,0.1,13.0,700.1
c-6701003325993,producto02,Vida grupo particular,F,PEN,1941-04-14,2021-08-05,2026-02-05,0.1,74.0,1250.0
c-6701003325998,producto02,Vida grupo particular,F,PEN,1944-02-02,2021-08-05,2025-08-05,0.1,87.0,1250.0
c-6701003326034,producto02,Vida grupo particular,F,PEN,1953-05-15,2021-08-05,2026-08-05,0.1,138.0,2560.0
c-6701003326051,producto02,Vida grupo particular,F,PEN,1969-08-21,2021-08-05,2025-08-05,0.1,92.0,1600.0
c-6701003326073,producto02,Vida grupo particular,F,PEN,1991-09-28,2021-08-05,2026-08-05,0.1,21.0,500.0
c-6701003326127,producto02,Vida grupo particular,F,PEN,1951-11-19,2021-08-05,2026-08-05,0.1,60.0,700.0
c-6701003326141,producto02,Vida grupo particular,F,PEN,1971-10-02,2021-08-05,2025-08-05,0.1,44.0,500.0
c-6701003326148,producto02,Vida grupo particular,F,PEN,1983-05-25,2021-08-05,2027-08-05,0.1,64.0,1300.0
c-6701003326203,producto02,Vida grupo particular,F,PEN,1971-05-28,2021-08-05,2027-08-05,0.1,20.0,1000.0
c-6701003326237,producto02,Vida grupo particular,F,PEN,1945-02-24,2021-08-05,2027-08-05,0.1,33.0,450.0
c-6701003326258,producto02,Vida grupo particular,F,PEN,1984-04-11,2021-08-05,2025-08-05,0.1,14.0,1250.0
c-6701003326270,producto02,Vida grupo particular,F,PEN,1975-01-02,2021-08-05,2025-08-05,0.1,90.0,1695.0
c-6701003326335,producto02,Vida grupo particular,F,PEN,1961-10-06,2021-08-05,2027-08-05,0.1,54.0,1100.0
c-6701003326363,producto02,Vida grupo particular,F,PEN,1953-01-01,2021-08-05,2025-08-05,0.1,3.0,3640.0
c-6701003326416,producto02,Vida grupo particular,F,PEN,1954-09-18,2021-08-05,2026-08-05,0.1,55.0,1000.0
c-6701003326417,producto02,Vida grupo particular,F,PEN,1968-11-18,2021-08-05,2027-08-05,0.1,26.0,2030.0
c-6701003326426,producto02,Vida grupo particular,F,PEN,1970-12-12,2021-08-05,2026-08-05,0.1,39.0,500.0
c-6701003326448,producto02,Vida grupo particular,F,PEN,1972-03-14,2021-08-05,2027-08-05,0.1,127.0,2400.0
c-6701003326456,producto02,Vida grupo particular,F,PEN,1971-06-20,2021-08-05,2026-08-05,0.1,27.0,2040.0
c-6701003326472,producto02,Vida grupo particular,F,PEN,1990-01-23,2021-08-05,2027-08-05,0.1,97.0,1100.0
c-6701003326479,producto02,Vida grupo particular,M,PEN,1970-09-11,2021-08-05,2025-08-05,0.1,19.0,550.0
c-6701003326487,producto02,Vida grupo particular,M,PEN,1960-08-04,2021-08-05,2025-08-05,0.1,45.0,1400.0
c-6701003326519,producto02,Vida grupo particular,M,PEN,1991-08-06,2021-08-05,2025-08-05,0.1,48.0,700.0
c-6701003326523,producto02,Vida grupo particular,M,PEN,1964-10-03,2021-08-05,2024-12-05,0.1,103.0,2775.0
c-6701003326525,producto02,Vida grupo particular,M,PEN,1981-09-15,2021-08-05,2027-08-05,0.1,15.0,1050.0
c-6701003326550,producto02,Vida grupo particular,M,PEN,1944-04-09,2021-08-05,2025-08-05,0.1,206.0,2650.0
c-6701003326551,producto02,Vida grupo particular,M,PEN,1940-11-26,2021-08-05,2025-08-05,0.1,90.0,2050.0
c-6701003326576,producto02,Vida grupo particular,M,PEN,1957-04-02,2021-08-05,2027-08-05,0.1,106.0,2650.0
c-6701003326580,producto02,Vida grupo particular,M,PEN,1965-01-05,2021-08-05,2025-08-05,0.1,123.0,1700.0
c-6701003326597,producto02,Vida grupo particular,M,PEN,2007-01-01,2021-08-05,2026-08-05,0.1,8.0,500.0
c-6701003326606,producto02,Vida grupo particular,M,PEN,1979-03-13,2021-08-05,2025-08-05,0.1,17.0,490.0
c-6701003236838,producto02,Vida grupo particular,F,PEN,1964-03-26,2021-01-29,2025-01-29,0.1,22.22,600.0
c-6701003223764,producto 01,Vida grupo particular,F,PEN,1957-06-29,2020-12-15,2024-12-15,0.1,27.27,2335.0
c-6701003293963,producto02,Vida grupo particular,F,PEN,1972-01-30,2021-05-27,2025-05-27,0.1,29.29,600.0
c-02010459911530033080,producto02,Vida grupo particular,F,PEN,1971-07-20,2021-06-28,2026-07-02,0.1,110.09,2000.0
c-6701003243702,producto02,Vida grupo particular,F,PEN,1969-05-19,2021-02-12,2024-11-12,0.1,77.77,1000.0
c-6701003272110,producto02,Vida grupo particular,F,PEN,1958-10-23,2021-04-13,2025-04-13,0.1,60.6,1715.0
c-6701003204254,producto 01,Vida grupo particular,F,PEN,1990-08-08,2020-10-06,2026-10-06,0.1,68.68,1300.0
c-6701003206202,producto 01,Vida grupo particular,F,PEN,1958-04-26,2020-10-13,2024-10-13,0.1,2.02,546.225
