poliza;producto;sexo;fecha_nacimiento;fecha_efecto;fecha_vencimiento;capital_asegurado;prima_anual;provincia
V503539;Vida Riesgo;M;21/06/1980;23/11/2019;23/11/2029;95.000,00;142,85;Cuenca
V507001;Vida Riesgo;M;19/04/1972;07/01/2022;07/01/2032;46.000,00;165,97;Castellón
V501499;Vida Riesgo;M;12/09/1969;05/08/2015;05/08/2030;75.000,00;195,50;Cádiz
V502939;Vida Riesgo;H;24/04/1993;08/04/2024;08/04/2039;18.000,00;13,18;A Coruña
V501076;Vida Riesgo;H;16/03/1974;02/12/2019;02/12/2029;77.000,00;197,66;Barcelona
V507502;Vida Hipoteca;M;07/09/1970;26/10/2016;26/10/2031;139.000,00;369,80;Madrid
V505728;Vida Hipoteca;M;23/06/1974;17/11/2019;17/11/2044;149.000,00;372,51;Palencia
V506198;Vida Hipoteca;H;06/03/1988;18/12/2020;18/12/2035;159.000,00;136,02;Valencia
V507663;Vida Hipoteca;M;24/07/1987;01/09/2022;01/09/2042;58.000,00;60,45;Bizkaia
V506758;Vida Riesgo;H;30/12/1960;25/02/2021;25/02/2031;74.000,00;648,38;Sevilla
V504393;Vida Riesgo;H;18/02/1993;29/07/2019;29/07/2034;117.000,00;58,36;Teruel
V507418;Vida Hipoteca;H;12/10/1985;19/02/2019;19/02/2039;67.000,00;60,16;Madrid
V503417;Vida Hipoteca;M;30/09/1981;06/10/2017;06/10/2037;235.000,00;264,55;Granada
V507935;Vida Hipoteca;M;15/08/1982;03/12/2018;03/12/2033;263.000,00;303,33;Barcelona
V503211;Vida Hipoteca;M;15/08/1978;07/04/2023;07/04/2048;404.000,00;946,97;Barcelona
V500517;Vida Hipoteca;H;13/03/1985;06/01/2024;06/01/2044;270.000,00;385,68;Sevilla
V502712;Vida Hipoteca;M;24/09/1992;23/06/2022;23/06/2047;105.000,00;69,36;Barcelona
V505154;Vida Riesgo;M;28/07/1970;22/09/2015;22/09/2030;89.000,00;217,81;Teruel
V506780;Vida Riesgo;H;01/08/1994;02/09/2024;02/09/2034;46.000,00;31,29;Palencia
V503293;Vida Riesgo;M;30/09/1971;22/01/2016;22/01/2031;45.000,00;102,54;Valencia
V506250;Vida Hipoteca;M;19/03/1993;13/08/2023;13/08/2043;111.000,00;77,53;Madrid
V507568;Vida Riesgo;M;01/05/1967;13/05/2018;13/05/2038;50.000,00;201,73;Barcelona
V507122;Vida Hipoteca;H;14/07/1980;05/07/2020;05/07/2045;159.000,00;250,60;Huelva
V501109;Vida Riesgo;H;10/06/1963;09/08/2015;09/08/2025;19.000,00;84,40;Pontevedra
V505043;Vida Hipoteca;M;18/09/1987;14/11/2016;14/11/2036;102.000,00;64,11;Barcelona
V504378;Vida Hipoteca;H;25/01/1976;06/04/2023;06/04/2053;122.000,00;355,24;Teruel
V504934;Vida Riesgo;M;31/07/1958;29/06/2019;29/06/2029;19.000,00;177,50;Barcelona
V503010;Vida Hipoteca;M;08/08/1980;28/08/2018;28/08/2033;96.000,00;128,51;Segovia
V504351;Vida Hipoteca;m;23/06/1956;03/03/2015;03/03/2040;136.000,00;1.052,00;Bizkaia
V506358;Vida Hipoteca;M;26/12/1974;07/11/2018;07/11/2048;128.000,00;280,84;Valladolid
V500849;Vida Riesgo;M;23/09/1963;21/05/2019;21/05/2039;69.000,00;412,44;Barcelona
V507599;Vida Riesgo;H;19/01/1984;24/02/2023;24/02/2033;91.000,00;133,15;Barcelona
V500494;Vida Hipoteca;M;15/08/1984;27/08/2024;27/08/2044;107.000,00;169,47;Huesca
V500405;Vida Hipoteca;H;05/05/1984;21/04/2017;21/04/2037;263.000,00;228,34;Madrid
V505704;Vida Hipoteca;M;01/12/1975;10/09/2016;10/09/2036;363.000,00;612,53;Pontevedra
V500310;Vida Hipoteca;M ;12/05/1966;21/08/2016;21/08/2036;95.000,00;359,48;A Coruña
V500564;Vida Hipoteca;H;17/04/1982;14/11/2016;14/11/2041;91.000,00;90,67;Ávila
V502495;Vida Riesgo;M;28/11/1990;15/09/2024;15/09/2039;30.000,00;27,97;Lleida
V506964;Vida Riesgo;Hombre;19/09/1982;28/08/2016;28/08/2036;70.000,00;66,06;Alicante
V505015;Vida Riesgo;M;07/03/1974;06/03/2018;06/03/2028;44.000,00;97,62;Alicante
V503188;Vida Riesgo;M;09/01/1966;19/10/2022;19/10/2037;108.000,00;709,85;Lugo
V504410;Vida Hipoteca;H;04/08/1991;19/11/2020;19/11/2050;268.000,00;170,40;Barcelona
V500379;Vida Riesgo;Mujer;31/05/1983;09/09/2023;09/09/2033;100.000,00;161,71;Tarragona
V501083;Vida Hipoteca;H;26/10/1978;17/09/2017;17/09/2047;119.000,00;171,09;Huesca
V501774;Vida Hipoteca;M;11/06/1964;14/04/2020;14/04/2035;87.000,00;528,22;Alicante
V507528;Vida Riesgo;H ;04/12/1973;24/03/2016;24/03/2026;105.000,00;201,69;Illes Balears
V505074;Vida Hipoteca;M;23/07/1959;25/06/2020;25/06/2050;82.000,00;766,90;Zaragoza
V507148;Vida Hipoteca;H;16/04/1980;17/09/2024;17/09/2039;223.000,00;512,84;Murcia
V501050;Vida Hipoteca;H;13/01/1980;17/04/2017;17/04/2032;289.000,00;361,60;Ávila
V504854;Vida Riesgo;H;02/02/1982;19/08/2017;19/08/2037;100.000,00;108,13;Asturias
V504294;Vida Hipoteca;H;23/11/1965;14/12/2016;14/12/2046;181.000,00;731,77;Barcelona
V504285;Vida Riesgo;H;21/02/1980;22/10/2020;22/10/2030;88.000,00;147,10;Alicante
V502329;Vida Riesgo;M;08/08/1969;08/09/2017;08/09/2027;105.000,00;329,72;Sevilla
V502005;Vida Riesgo;M;24/09/1978;09/02/2022;09/02/2032;38.000,00;79,99;Zamora
V500304;Vida Riesgo;H;08/07/1963;09/02/2016;09/02/2036;39.000,00;179,64;Madrid
V507220;Vida Riesgo;M;17/10/1954;12/03/2020;12/03/2040;46.000,00;629,51;Toledo
V506624;Vida Hipoteca;H;02/02/1971;30/11/2015;30/11/2035;156.000,00;371,26;Segovia
V504438;Vida Hipoteca;M;05/03/1974;10/08/2015;10/08/2045;87.000,00;155,18;Barcelona
V501107;Vida Hipoteca;H;10/08/1970;06/08/2023;06/08/2038;142.000,00;676,42;Granada
V504374;Vida Riesgo;M;17/10/1978;31/08/2021;31/08/2036;134.000,00;270,15;Santa Cruz de Tenerife
V507099;Vida Hipoteca;H;08/01/1975;15/03/2023;15/03/2053;138.000,00;436,92;Cádiz
V505072;Vida Hipoteca;H;23/08/1970;22/11/2016;22/11/2036;300.000,00;806,12;Asturias
V501191;Vida Hipoteca;M;18/10/1959;20/08/2016;20/08/2036;88.000,00;581,69;Bizkaia
V503156;Vida Riesgo;M;06/10/1987;10/06/2022;10/06/2032;94.000,00;94,44;Madrid
V503092;Vida Riesgo;H;12/07/1975;01/12/2022;01/12/2032;37.000,00;109,52;Barcelona
V504442;Vida Riesgo;H;03/08/1967;07/06/2016;07/06/2026;37.000,00;123,97;Madrid
V500908;Vida Riesgo;H;01/05/1967;24/03/2017;24/03/2032;63.000,00;230,81;Sevilla
V506633;Vida Hipoteca;H;02/06/1995;28/02/2024;28/02/2049;355.000,00;215,33;Valencia
V500710;Vida Hipoteca;M;11/06/1986;04/09/2021;04/09/2041;253.000,00;266,50;Barcelona
V502190;Vida Riesgo;H;23/12/1974;05/05/2017;05/05/2027;31.000,00;59,86;Alicante
V504197;Vida Hipoteca;M;28/04/1986;24/07/2024;24/07/2044;135.000,00;183,58;Córdoba
V502903;Vida Hipoteca;H;11/01/1986;15/11/2022;15/11/2037;155.000,00;187,18;Barcelona
V503722;Vida Hipoteca;H;01/07/1966;17/10/2019;17/10/2039;81.000,00;396,05;Asturias
V504342;Vida Hipoteca;M;27/01/1991;10/02/2021;10/02/2041;104.000,00;70,45;Santa Cruz de Tenerife
V507644;Vida Hipoteca;H;13/06/1978;11/01/2022;11/01/2042;319.000,00;683,16;Cádiz
V507755;Vida Riesgo;H;13/09/1985;13/06/2022;13/06/2037;33.000,00;39,53;Valencia
V507214;Vida Hipoteca;M;24/12/1972;03/11/2022;03/11/2042;133.000,00;485,64;Valencia
V500470;Vida Riesgo;M;31/12/1989;13/11/2023;13/11/2038;53.000,00;49,71;Valencia
V503579;Vida Riesgo;H;08/06/1981;31/08/2017;31/08/2032;34.000,00;38,98;Valencia
V502695;Vida Riesgo;H;28/11/1959;19/12/2019;19/12/2029;38.000,00;330,13;Barcelona
V501353;Vida Hipoteca;H;10/07/1979;14/03/2022;14/03/2042;105.000,00;208,24;Madrid
V502021;Vida Hipoteca;M;04/02/1972;18/11/2016;18/11/2041;208.000,00;493,55;Bizkaia
V505639;Vida Hipoteca;M;23/06/1990;06/01/2023;06/01/2043;224.000,00;187,63;A Coruña
V507765;Vida Hipoteca;H;09/04/1984;16/08/2022;16/08/2042;193.000,00;264,96;Teruel
V507826;Vida Hipoteca;H;03/10/1988;04/11/2015;04/11/2040;136.000,00;71,66;Asturias
V505273;Vida Riesgo;M;23/07/1970;26/03/2022;26/03/2042;26.000,00;110,77;Madrid
V506794;Vida Riesgo;M;01/06/1958;24/12/2019;24/12/2034;43.000,00;424,57;Málaga
V501713;Vida Riesgo;H;07/02/1980;26/05/2018;26/05/2038;49.000,00;66,96;Burgos
V502783;Vida Hipoteca;M;08/06/1980;12/01/2022;12/01/2037;135.000,00;244,19;Madrid
V503947;Vida Riesgo;H;19/02/1986;12/05/2021;12/05/2041;68.000,00;71,57;Ourense
V506736;Vida Riesgo;H;02/06/1987;31/10/2019;31/10/2039;24.000,00;19,89;Alicante
V503984;Vida Riesgo;M;22/04/1985;07/11/2017;07/11/2037;42.000,00;35,20;Madrid
V502439;Vida Hipoteca;H;15/12/1993;01/06/2020;01/06/2045;116.000,00;57,96;Badajoz
V507841;Vida Hipoteca;M;01/12/1972;01/09/2021;01/09/2041;125.000,00;415,39;Salamanca
V501498;Vida Hipoteca;M;18/02/1978;27/07/2020;27/07/2035;140.000,00;272,00;Málaga
V504596;Vida Hipoteca;H;08/01/1980;03/09/2018;03/09/2043;181.000,00;254,96;A Coruña
V506212;Vida Riesgo;H;09/07/1969;14/01/2018;14/01/2033;141.000,00;459,36;Cantabria
V505737;Vida Riesgo;H;15/11/1984;15/06/2024;15/06/2039;177.000,00;269,77;León
V503391;Vida Hipoteca;H;27/07/1960;04/06/2015;04/06/2030;180.000,00;1.004,72;Cantabria
V503370;Vida Hipoteca;H;21/10/1980;13/03/2022;13/03/2042;127.000,00;225,75;Barcelona
V501227;Vida Hipoteca;M;20/12/1980;15/08/2020;15/08/2040;286.000,00;438,55;Bizkaia
V503229;Vida Hipoteca;H;13/12/1970;03/09/2015;03/09/2030;90.000,00;212,35;Madrid
V504536;Vida Hipoteca;M;20/03/1985;07/09/2024;07/09/2044;183.000,00;276,26;Valencia
V505328;Vida Hipoteca;H;11/01/1990;13/08/2020;13/08/2045;307.000,00;217,83;Palencia
V507989;Vida Riesgo;M;08/11/1972;11/03/2018;11/03/2033;24.000,00;59,67;Teruel
V504738;Vida Hipoteca;H;08/04/1974;12/11/2021;12/11/2046;200.000,00;602,57;Madrid
V503038;Vida Hipoteca;Hombre;01/04/1987;12/09/2024;12/09/2049;76.000,00;96,65;Madrid
V501931;Vida Riesgo;M;20/12/1964;06/10/2024;06/10/2039;49.000,00;416,31;Valladolid
V506725;Vida Riesgo;H;11/05/1984;23/03/2023;23/03/2033;56.000,00;80,31;Madrid
V501009;Vida Riesgo;H;18/10/1986;24/03/2020;24/03/2035;44.000,00;39,77;León
V500040;Vida Hipoteca;H;04/08/1986;25/11/2019;25/11/2044;73.000,00;65,28;Illes Balears
V503637;Vida Riesgo;M;19/06/1982;06/09/2018;06/09/2033;63.000,00;72,14;Castellón
V503031;Vida Hipoteca;H;26/08/1983;04/10/2018;04/10/2038;133.000,00;138,61;Barcelona
V505542;Vida Hipoteca;M;23/11/1968;19/07/2020;19/07/2045;214.000,00;910,00;A Coruña
V501844;Vida Riesgo;M;05/01/1985;24/01/2018;24/01/2028;41.000,00;35,87;Barcelona
V503217;Vida Hipoteca;H;18/06/1959;24/01/2018;24/01/2038;109.000,00;836,92;Valladolid
V504841;Vida Hipoteca;M;05/09/1977;27/04/2016;27/04/2031;157.000,00;220,92;Cádiz
V500509;Vida Hipoteca;M;06/02/1960;18/09/2018;18/09/2043;225.000,00;1.729,27;Sevilla
V502987;Vida Riesgo;M;16/05/1979;11/04/2017;11/04/2027;169.000,00;223,38;Toledo
V507547;Vida Hipoteca;M;16/02/1975;04/09/2015;04/09/2030;71.000,00;117,48;Alicante
V507950;Vida Hipoteca;Mujer;14/08/1966;30/04/2015;30/04/2040;54.000,00;178,82;Bizkaia
V507145;Vida Hipoteca;H;07/08/1960;18/11/2015;18/11/2040;164.000,00;949,42;Madrid
V505213;Vida Hipoteca;H;08/10/1976;01/05/2024;01/05/2039;110.000,00;330,43;Málaga
V500570;Vida Hipoteca;M;06/09/1957;15/12/2017;15/12/2042;165.000,00;1.460,21;Bizkaia
V506892;Vida Hipoteca;M;28/04/1974;07/02/2022;07/02/2042;100.000,00;306,03;Lugo
V501160;Vida Hipoteca;H;27/01/1989;26/03/2023;26/03/2053;243.000,00;233,59;Zaragoza
V501075;Vida Riesgo;M;01/03/1976;02/02/2017;02/02/2037;32.000,00;54,68;Barcelona
V503291;Vida Hipoteca;H;15/02/1986;29/05/2020;29/05/2040;171.000,00;166,13;Barcelona
V502456;Vida Riesgo;M;11/06/1970;12/06/2016;12/06/2036;29.000,00;76,30;Barcelona
V507380;Vida Riesgo;H;07/02/1974;16/06/2016;16/06/2026;18.000,00;34,73;Valladolid
V500069;Vida Hipoteca;H;21/11/1990;07/12/2023;07/12/2038;180.000,00;157,37;Valencia
V501484;Vida Riesgo;M;25/12/1983;22/04/2024;22/04/2039;60.000,00;97,43;A Coruña
V505232;Vida Riesgo;h;08/01/1992;27/01/2022;27/01/2037;40.000,00;27,13;Sevilla
V503009;Vida Riesgo;H;04/11/1975;08/02/2019;08/02/2039;69.000,00;143,84;Barcelona
V501047;Vida Hipoteca;H;29/05/1976;14/12/2015;14/12/2035;99.000,00;150,41;Alicante
V505444;Vida Hipoteca;M;19/05/1983;19/11/2024;19/11/2049;133.000,00;238,76;Valencia
V506059;Vida Hipoteca;H;23/12/1970;19/05/2019;19/05/2034;121.000,00;390,36;Madrid
V507552;Vida Hipoteca;M;16/03/1980;08/05/2019;08/05/2049;110.000,00;161,52;Zamora
V503346;Vida Riesgo;H;07/05/1981;31/01/2018;31/01/2038;73.000,00;87,38;Sevilla
V506110;Vida Riesgo;H;18/02/1986;13/11/2015;13/11/2030;25.000,00;16,50;Madrid
V502016;Vida Hipoteca;H;10/08/1971;08/12/2023;08/12/2043;204.000,00;918,89;Zaragoza
V504524;Vida Hipoteca;M;16/04/1968;01/04/2016;01/04/2046;280.000,00;869,93;Madrid
V501423;Vida Riesgo;M;18/01/1989;01/04/2022;01/04/2042;60.000,00;53,16;León
V507694;Vida Riesgo;M;23/06/1966;31/01/2017;31/01/2032;44.000,00;171,24;Barcelona
V501089;Vida Riesgo;H;28/10/1972;09/08/2021;09/08/2036;59.000,00;196,54;Alicante
V505378;Vida Hipoteca;H ;30/09/1978;04/06/2023;04/06/2038;74.000,00;173,94;Madrid
V507142;Vida Riesgo;H;12/09/1974;03/02/2020;03/02/2040;47.000,00;117,41;Madrid
V507182;Vida Hipoteca;M;21/01/1977;09/07/2022;09/07/2047;274.000,00;688,51;Murcia
V503142;Vida Hipoteca;M;24/10/1977;22/09/2023;22/09/2053;148.000,00;386,30;Madrid
V501020;Vida Hipoteca;M;13/10/1979;11/12/2016;11/12/2031;93.000,00;115,42;Cádiz
V502594;Vida Hipoteca;H;12/05/1983;08/02/2018;08/02/2043;133.000,00;134,41;Barcelona
V501422;Vida Riesgo;M;30/12/1987;26/08/2020;26/08/2035;20.000,00;16,92;Barcelona
V504558;Vida Riesgo;M;12/10/1964;22/05/2024;22/05/2034;29.000,00;242,54;Barcelona
V501242;Vida Riesgo;M;26/08/1983;26/11/2024;26/11/2044;80.000,00;140,56;Málaga
V502722;Vida Hipoteca;H;20/12/1965;05/01/2022;05/01/2047;310.000,00;1.914,72;Madrid
V501753;Vida Hipoteca;H;18/09/1974;13/08/2023;13/08/2043;299.000,00;1.006,45;Barcelona
V505006;Vida Hipoteca;H;17/10/1992;19/04/2017;19/04/2042;98.000,00;41,46;Sevilla
V505508;Vida Hipoteca;M;07/04/1990;07/10/2023;07/10/2038;235.000,00;213,63;Jaén
V503248;Vida Hipoteca;M;25/09/1974;17/03/2018;17/03/2038;153.000,00;324,68;Valencia
V503688;Vida Riesgo;H;30/07/1982;14/08/2018;14/08/2038;22.000,00;24,82;Madrid
V504659;Vida Riesgo;M;22/06/1967;18/01/2023;18/01/2043;30.000,00;178,09;Araba/Álava
V501981;Vida Riesgo;H;18/02/1975;30/07/2016;30/07/2026;69.000,00;123,22;Sevilla
V502743;Vida Hipoteca;H;24/07/1968;23/12/2020;23/12/2040;124.000,00;562,75;Ceuta
V504521;Vida Hipoteca;H;21/05/1991;31/07/2018;31/07/2048;236.000,00;125,51;Las Palmas
V505088;Vida Riesgo;M;02/04/1987;27/12/2018;27/12/2028;40.000,00;31,30;Badajoz
V504898;Vida Riesgo;H;16/09/1979;15/05/2018;15/05/2038;33.000,00;46,52;Salamanca
V506913;Vida Riesgo;M;06/09/1979;30/06/2017;30/06/2037;42.000,00;55,09;Girona
V500887;Vida Riesgo;H;07/11/1978;30/12/2023;30/12/2043;82.000,00;200,54;Ourense
V503589;Vida Hipoteca;M;30/09/1995;04/03/2022;04/03/2042;145.000,00;72,24;Alicante
V505395;Vida Hipoteca;M;19/08/1978;03/04/2021;03/04/2046;72.000,00;142,12;Badajoz
V506150;Vida Hipoteca;H;30/04/1972;01/01/2019;01/01/2049;186.000,00;517,93;Madrid
V503686;Vida Hipoteca;H;03/06/1978;05/03/2015;05/03/2035;136.000,00;162,98;Madrid
V507555;Vida Riesgo;H;10/03/1981;05/06/2017;05/06/2027;19.000,00;21,80;Madrid
V506824;Vida Hipoteca;M;14/04/1986;20/04/2017;20/04/2032;106.000,00;78,03;Cuenca
V503276;Vida Riesgo;H;15/12/1979;08/05/2020;08/05/2035;27.000,00;44,11;Sevilla
V503802;Vida Riesgo;H;09/09/1982;22/10/2019;22/10/2029;78.000,00;96,41;Madrid
V505951;Vida Riesgo;H;02/07/1985;05/04/2024;05/04/2039;99.000,00;140,73;Asturias
V506382;Vida Hipoteca;H;06/04/1959;22/02/2021;22/02/2041;96.000,00;974,07;Las Palmas
V502453;Vida Hipoteca;H;03/03/1982;28/12/2016;28/12/2031;157.000,00;159,69;Navarra
V507906;Vida Hipoteca;M;01/09/1976;03/02/2016;03/02/2041;201.000,00;302,28;Guadalajara
V502655;Vida Hipoteca;h;01/11/1987;28/09/2023;28/09/2048;70.000,00;78,08;Barcelona
V500980;Vida Riesgo;H;11/11/1981;17/09/2022;17/09/2042;123.000,00;208,80;Lleida
V500475;Vida Hipoteca;M;14/03/1978;31/10/2018;31/10/2048;186.000,00;310,01;Lugo
V503294;Vida Riesgo;H;07/02/1991;03/12/2021;03/12/2041;36.000,00;26,06;Barcelona
V504858;Vida Hipoteca;M;16/12/1985;16/02/2018;16/02/2048;142.000,00;115,26;Guadalajara
V501250;Vida Hipoteca;M;10/07/1983;22/06/2016;22/06/2031;82.000,00;71,15;Madrid
V501201;Vida Riesgo;M;01/12/1962;03/12/2017;03/12/2032;41.000,00;231,87;Albacete
V507129;Vida Hipoteca;M;23/10/1968;30/11/2017;30/11/2037;178.000,00;609,46;Murcia
V503491;Vida Riesgo;H;16/05/1978;07/01/2020;07/01/2040;59.000,00;107,18;León
V505463;Vida Riesgo;H;10/05/1964;05/01/2020;05/01/2030;35.000,00;209,16;Alicante
V503929;Vida Hipoteca;H;10/04/1965;24/08/2018;24/08/2038;103.000,00;506,98;Soria
V502035;Vida Riesgo;M;24/03/1983;12/07/2020;12/07/2030;196.000,00;246,17;Ourense
V500684;Vida Riesgo;M;23/02/1972;17/01/2015;17/01/2030;112.000,00;226,35;Valencia
V504682;Vida Riesgo;H;05/11/1986;07/05/2020;07/05/2040;22.000,00;20,00;Granada
V505061;Vida Riesgo;H;21/11/1975;17/01/2021;17/01/2036;48.000,00;117,52;Zamora
V501537;Vida Hipoteca;H;05/04/1968;28/11/2024;28/11/2054;442.000,00;2.874,26;Salamanca
V504876;Vida Hipoteca;H;08/10/1985;26/07/2016;26/07/2031;81.000,00;58,51;Madrid
V500569;Vida Hipoteca;M;03/07/1973;26/06/2024;26/06/2039;76.000,00;305,27;Araba/Álava
V505821;Vida Hipoteca;H;09/10/1977;06/12/2017;06/12/2032;165.000,00;264,16;Asturias
V505166;Vida Hipoteca;H;23/10/1960;19/08/2018;19/08/2043;92.000,00;660,86;Burgos
V505291;Vida Riesgo;Hombre;05/08/1979;07/07/2018;07/07/2028;249.000,00;358,84;Madrid
V503891;Vida Riesgo;M;22/04/1977;04/12/2018;04/12/2033;52.000,00;94,25;Madrid
V507387;Vida Hipoteca;H;14/06/1980;07/07/2018;07/07/2048;175.000,00;234,41;Santa Cruz de Tenerife
V505448;Vida Riesgo;M;17/10/2003;28/12/2021;28/12/2036;62.000,00;15,35;Bizkaia
V507350;Vida Riesgo;H;19/03/1995;27/01/2021;27/01/2031;54.000,00;25,64;Madrid
V501914;Vida Riesgo;M;04/01/1972;28/03/2016;28/03/2036;77.000,00;174,25;León
V506138;Vida Riesgo;M;03/08/1958;20/03/2017;20/03/2032;59.000,00;453,97;Cáceres
V504594;Vida Hipoteca;H;20/11/1982;13/04/2020;13/04/2045;160.000,00;202,53;Lleida
V501268;Vida Hipoteca;M;15/09/1992;17/08/2021;17/08/2041;70.000,00;43,11;Zaragoza
V507948;Vida Riesgo;M;17/05/1966;12/03/2024;12/03/2044;54.000,00;387,97;Araba/Álava
V505310;Vida Hipoteca;M;13/12/1966;20/04/2024;20/04/2039;249.000,00;1.719,06;Santa Cruz de Tenerife
V507117;Vida Riesgo;M;15/12/1972;09/03/2016;09/03/2026;41.000,00;85,22;Madrid
V507317;Vida Hipoteca;H;17/07/1960;02/06/2017;02/06/2042;203.000,00;1.345,77;Sevilla
V503917;Vida Riesgo;Mujer;18/04/1987;22/12/2024;22/12/2034;54.000,00;70,04;Cádiz
V503836;Vida Hipoteca;H;15/01/1981;08/11/2015;08/11/2040;356.000,00;361,80;Madrid
V504952;Vida Riesgo;H;11/08/1992;18/10/2023;18/10/2038;25.000,00;18,67;Madrid
V505683;Vida Riesgo;Mujer;29/10/1965;23/12/2016;23/12/2036;38.000,00;154,85;Granada
V500784;Vida Riesgo;H;19/03/1985;02/12/2018;02/12/2028;39.000,00;36,08;Illes Balears
V504388;Vida Hipoteca;H;29/04/1984;30/07/2019;30/07/2044;117.000,00;123,41;Valencia
V502923;Vida Hipoteca;H;05/08/1971;10/11/2021;10/11/2051;193.000,00;729,61;Granada
V500191;Vida Riesgo;H;30/09/1994;08/12/2022;08/12/2032;29.000,00;16,78;Burgos
V504055;Vida Riesgo;H;24/04/1970;14/04/2010;14/04/2020;67.000,00;60,90;Alicante
V503005;Vida Hipoteca;M;21/07/1967;21/08/2015;21/08/2040;285.000,00;894,87;Lleida
V507625;Vida Riesgo;M;06/07/1972;15/06/2015;15/06/2025;64.000,00;129,79;A Coruña
V502330;Vida Riesgo;H;06/07/1970;07/03/2015;07/03/2035;60.000,00;140,94;Madrid
V500453;Vida Hipoteca;Mujer;09/05/1969;09/03/2020;09/03/2045;307.000,00;1.217,67;Zamora
V504690;Vida Hipoteca;M;13/04/1992;17/06/2020;17/06/2040;149.000,00;86,15;Araba/Álava
V500011;Vida Riesgo;H;12/09/1960;29/01/2015;29/01/2025;134.000,00;718,51;Huelva
V506438;Vida Hipoteca;M;03/11/1973;29/01/2024;29/01/2054;194.000,00;731,47;Madrid
V502009;Vida Riesgo;M;01/02/2020;28/12/2018;28/12/2038;37.000,00;31,02;Santa Cruz de Tenerife
V502229;Vida Riesgo;H;19/11/1967;28/09/2018;28/09/2033;52.000,00;206,71;Cádiz
V506826;Vida Riesgo;M;13/03/1972;03/12/2023;03/12/2038;101.000,00;432,09;Murcia
V507385;Vida Hipoteca;M;09/10/1967;30/03/2016;30/03/2046;274.000,00;889,23;Valladolid
V500894;Vida Hipoteca;H;13/08/1957;14/04/2015;14/04/2035;119.000,00;843,85;Barcelona
V500969;Vida Riesgo;M;14/03/1967;15/05/2022;15/05/2032;48.000,00;275,27;Valladolid
V505861;Vida Hipoteca;H;29/11/1970;08/06/2022;08/06/2047;132.000,00;555,17;Barcelona
V503870;Vida Riesgo;H;14/03/1972;22/12/2017;22/12/2037;92.000,00;237,36;Illes Balears
V505060;Vida Hipoteca;H;16/11/1961;26/08/2020;26/08/2050;162.000,00;1.262,33;Huelva
V505097;Vida Riesgo;M;21/05/1985;20/04/2023;20/04/2038;172.000,00;227,52;Huelva
V505771;Vida Riesgo;H;23/06/1989;22/02/2021;22/02/2036;134.000,00;104,25;Guadalajara
V501896;Vida Hipoteca;H;20/06/1989;07/02/2020;07/02/2050;218.000,00;155,32;Almería
V501745;Vida Hipoteca;M;16/08/1974;16/02/2016;16/02/2041;183.000,00;328,41;Sevilla
V502835;Vida Hipoteca;M;04/01/1967;17/10/2016;17/10/2036;99.000,00;359,20;Zaragoza
V502246;Vida Riesgo;H;25/11/1968;17/08/2017;17/08/2027;134.000,00;444,31;Sevilla
V500106;Vida Hipoteca;M;17/02/1993;24/09/2017;24/09/2047;251.000,00;107,07;Guadalajara
V503970;Vida Hipoteca;M;12/09/1990;27/08/2021;27/08/2046;179.000,00;131,07;Pontevedra
V506730;Vida Riesgo;M;21/01/1977;27/07/2019;27/07/2039;6.000,00;11,73;Barcelona
V507413;Vida Hipoteca;M;14/11/1983;12/07/2015;12/07/2045;139.000,00;108,03;Valencia
V507819;Vida Hipoteca;H;24/12/1989;13/06/2018;13/06/2038;178.000,00;105,49;Pontevedra
V502219;Vida Riesgo;H;25/06/1973;11/06/2018;11/06/2033;64.000,00;154,09;Murcia
V507519;Vida Hipoteca;M;13/02/1985;31/10/2018;31/10/2038;141.000,00;130,47;Alicante
V501581;Vida Riesgo;M;08/07/1991;01/06/2024;01/06/2034;110.000,00;95,03;Barcelona
V505809;Vida Riesgo;H;17/07/1983;01/07/2020;01/07/2030;70.000,00;85,38;Granada
V503333;Vida Hipoteca;H;28/01/1986;05/05/2019;05/05/2049;174.000,00;155,03;Barcelona
V506183;Vida Hipoteca;M;04/02/1959;02/02/2015;02/02/2030;154.000,00;947,18;Barcelona
V505859;Vida Riesgo;M;08/04/1998;24/05/2024;24/05/2039;98.000,00;47,61;Barcelona
V506547;Vida Hipoteca;M;18/01/1987;26/08/2021;26/08/2046;159.000,00;158,73;Illes Balears
V505706;Vida Hipoteca;M;09/12/1970;02/02/2023;02/02/2048;115.000,00;510,21;Barcelona
V501497;Vida Hipoteca;M;29/10/1990;22/04/2022;22/04/2042;202.000,00;154,65;Ciudad Real
V504061;Vida Riesgo;H;17/10/1987;16/11/2023;16/11/2038;40.000,00;45,28;Barcelona
V501069;Vida Hipoteca;M;13/04/1973;06/03/2024;06/03/2054;95.000,00;378,86;Bizkaia
V500054;Vida Hipoteca;H;10/10/1973;19/02/2020;19/02/2035;172.000,00;466,47;Asturias
V503485;Vida Riesgo;M;17/04/1983;12/10/2024;12/10/2044;38.000,00;68,13;La Rioja
V502050;Vida Hipoteca;H;19/12/1977;18/09/2022;18/09/2042;298.000,00;704,71;Ciudad Real
V504367;Vida Riesgo;H;29/09/1973;04/05/2024;04/05/2044;57.000,00;221,59;Alicante
V502327;Vida Hipoteca;H;26/12/1969;01/01/2015;01/01/2030;124.000,00;299,99;Barcelona
V502582;Vida Hipoteca;M;08/11/1986;16/12/2022;16/12/2037;90.000,00;102,08;Zaragoza
V503881;Vida Riesgo;M;29/11/1981;14/06/2023;14/06/2043;38.000,00;68,41;Badajoz
V504169;Vida Hipoteca;m;12/09/1982;05/07/2021;05/07/2036;216.000,00;308,38;Barcelona
V505541;Vida Riesgo;M;27/01/1979;04/09/2023;04/09/2043;63.000,00;147,15;Zaragoza
V504729;Vida Riesgo;H;11/07/1974;26/02/2021;26/02/2036;43.000,00;119,34;Madrid
V507606;Vida Hipoteca;M;12/08/1982;04/09/2020;04/09/2050;337.000,00;451,53;Valencia
V506683;Vida Hipoteca;M;19/12/1974;05/05/2024;05/05/2054;199.000,00;697,41;A Coruña
V502714;Vida Hipoteca;H;20/12/1979;22/10/2023;22/10/2048;247.000,00;540,62;Barcelona
V504409;Vida Hipoteca;M;06/12/1980;29/08/2021;29/08/2041;120.000,00;201,63;Huelva
V504175;Vida Hipoteca;M;17/01/1977;12/11/2019;12/11/2044;168.000,00;337,18;Cáceres
V503703;Vida Hipoteca;M;22/10/1975;03/01/2020;03/01/2045;91.000,00;205,41;Madrid
V506965;Vida Hipoteca;M;19/01/1991;27/12/2023;27/12/2048;113.000,00;97,91;Bizkaia
V500681;Vida Hipoteca;M;19/04/1963;13/10/2020;13/10/2045;240.000,00;1.675,89;Toledo
V507706;Vida Hipoteca;H;18/04/1990;10/04/2021;10/04/2051;152.000,00;111,52;Ceuta
V500560;Vida Hipoteca;H;;07/12/2019;07/12/2049;130.000,00;464,55;Las Palmas
V504891;Vida Hipoteca;H;29/07/1990;31/12/2019;31/12/2039;161.000,00;103,48;Barcelona
V502577;Vida Hipoteca;H;27/05/1981;09/10/2016;09/10/2036;394.000,00;419,90;Barcelona
V502402;Vida Riesgo;M;13/05/1982;04/01/2024;04/01/2039;78.000,00;141,68;Valladolid
V506018;Vida Hipoteca;H;08/06/1998;13/03/2021;13/03/2041;346.000,00;126,27;Madrid
V507448;Vida Hipoteca;M;07/07/1988;11/12/2021;11/12/2041;112.000,00;101,18;Madrid
V504457;Vida Riesgo;H;03/10/1978;01/04/2021;01/04/2036;29.000,00;56,63;Lugo
V502794;Vida Hipoteca;H;16/05/1976;12/12/2016;12/12/2046;202.000,00;335,06;Granada
V506960;Vida Hipoteca;M;18/04/1965;06/11/2018;06/11/2038;281.000,00;1.404,34;Barcelona
V503420;Vida Hipoteca;H;04/12/1982;07/05/2022;07/05/2037;62.000,00;93,24;Granada
V502302;Vida Hipoteca;M;07/01/1985;24/12/2015;24/12/2040;132.000,00;96,69;Barcelona
V505535;Vida Hipoteca;H;29/01/1965;05/11/2019;05/11/2044;165.000,00;914,13;Barcelona
V500391;Vida Riesgo;M;25/04/1985;31/01/2021;31/01/2036;30.000,00;33,07;Sevilla
V504032;Vida Hipoteca;m;16/03/1973;20/02/2022;20/02/2042;79.000,00;266,64;Bizkaia
V505207;Vida Riesgo;H;29/04/1974;02/12/2017;02/12/2037;63.000,00;135,08;Madrid
V503067;Vida Hipoteca;M;06/03/1984;04/01/2022;04/01/2042;115.000,00;151,06;A Coruña
V506636;Vida Hipoteca;H;23/11/1977;02/05/2024;02/05/2039;93.000,00;253,94;Jaén
V506851;Vida Hipoteca;H;06/02/1979;30/10/2019;30/10/2044;117.000,00;196,60;Valencia
V504102;Vida Hipoteca;M;08/10/1990;07/11/2015;07/11/2035;117.000,00;52,00;Barcelona
V505365;Vida Hipoteca;M;15/01/1977;05/02/2018;05/02/2043;158.000,00;273,03;Araba/Álava
V505832;Vida Hipoteca;H;26/06/1989;14/11/2023;14/11/2038;146.000,00;143,09;Granada
V503465;Vida Hipoteca;H;16/06/1980;26/09/2017;26/09/2047;150.000,00;187,99;Teruel
V506648;Vida Riesgo;M;24/04/1977;02/08/2020;02/08/2030;32.000,00;66,77;Murcia
V503003;Vida Hipoteca;H;24/01/1973;21/04/2024;21/04/2044;133.000,00;546,03;Córdoba
V503318;Vida Hipoteca;M;08/04/1970;19/01/2019;19/01/2044;333.000,00;1.109,66;Santa Cruz de Tenerife
V503842;Vida Riesgo;H;22/12/1988;27/02/2022;27/02/2037;306.000,00;270,72;Madrid
V505229;Vida Hipoteca;m;28/07/1974;24/07/2016;24/07/2036;231.000,00;432,12;Madrid
V500457;Vida Hipoteca;H;20/10/1980;27/11/2016;27/11/2031;128.000,00;145,17;Córdoba
V506367;Vida Riesgo;M;27/08/1970;30/11/2021;30/11/2036;64.000,00;263,27;Madrid
V505241;Vida Hipoteca;M;15/06/1995;06/12/2024;06/12/2049;235.000,00;151,75;Barcelona
V500714;Vida Riesgo;M;20/11/1955;10/12/2016;10/12/2031;63.000,00;595,84;Barcelona
V505187;Vida Hipoteca;M;21/09/1976;25/01/2019;25/01/2049;207.000,00;399,02;Málaga
V502445;Vida Hipoteca;M;31/01/1969;08/12/2016;08/12/2046;97.000,00;298,65;Girona
V504965;Vida Hipoteca;H;02/08/1988;30/05/2019;30/05/2039;130.000,00;94,12;A Coruña
V506514;Vida Hipoteca;H;23/03/1980;28/02/2024;28/02/2049;124.000,00;273,60;Barcelona
V503922;Vida Hipoteca;H;08/02/1992;01/11/2017;01/11/2042;178.000,00;83,59;León
V503972;Vida Hipoteca;H;22/03/1970;03/12/2017;03/12/2032;150.000,00;455,96;Teruel
V503765;Vida Hipoteca;H;01/03/1981;06/01/2015;06/01/2040;195.000,00;182,61;Alicante
V500615;Vida Riesgo;H;12/12/1959;23/10/2021;23/10/2031;47.000,00;476,18;Málaga
V500637;Vida Hipoteca;Hombre;30/04/1986;20/01/2021;20/01/2041;222.000,00;223,99;Jaén
V500067;Vida Riesgo;H;10/01/1977;26/12/2023;26/12/2033;56.000,00;159,79;Santa Cruz de Tenerife
V504046;Vida Riesgo;H;06/07/1974;14/11/2019;14/11/2029;48.000,00;119,55;Madrid
V504064;Vida Hipoteca;M;14/05/1986;07/05/2021;07/05/2036;77.000,00;79,38;Alicante
V506058;Vida Hipoteca;M;14/01/1975;02/03/2017;02/03/2037;126.000,00;238,53;Cuenca
V504167;Vida Hipoteca;H;25/06/1986;29/08/2022;29/08/2037;236.000,00;269,35;Granada
V505922;Vida Riesgo;H;07/05/1983;15/08/2016;15/08/2036;67.000,00;59,76;Bizkaia
V503772;Vida Hipoteca;H;12/09/1981;06/12/2015;06/12/2045;104.000,00;100,61;Granada
V504915;Vida Riesgo;M;15/09/1972;06/06/2018;06/06/2033;157.000,00;403,30;Madrid
V500362;Vida Hipoteca;H ;30/03/1982;08/08/2023;08/08/2043;111.000,00;196,77;Asturias
V504741;Vida Hipoteca;M;11/07/1977;06/03/2022;06/03/2037;222.000,00;520,64;Barcelona
V501313;Vida Riesgo;H;26/10/1976;29/11/2018;29/11/2033;62.000,00;116,99;Valencia
V504794;Vida Hipoteca;H;12/10/1974;21/10/2015;21/10/2035;256.000,00;441,10;Málaga
V501213;Vida Riesgo;H;29/01/1991;20/03/2023;20/03/2033;108.000,00;87,43;Huesca
V507740;Vida Hipoteca;M;06/10/1968;19/08/2021;19/08/2041;275.000,00;1.296,73;Bizkaia
V500524;Vida Riesgo;M;03/11/1978;21/06/2024;21/06/2039;64.000,00;163,13;Alicante
V501174;Vida Hipoteca;H;04/06/1968;31/08/2024;31/08/2054;119.000,00;747,47;Melilla
V502887;Vida Riesgo;M;03/07/1978;29/11/2020;29/11/2035;83.000,00;160,89;Melilla
V503107;Vida Riesgo;H;29/04/1970;17/04/2021;17/04/2036;69.000,00;276,86;Barcelona
V504067;Vida Hipoteca;M;18/12/1988;07/07/2016;07/07/2046;91.000,00;49,88;Granada
V505631;Vida Hipoteca;H;12/09/1978;19/03/2020;19/03/2035;53.000,00;95,23;Lugo
V505784;Vida Hipoteca;M;01/05/1982;10/09/2020;10/09/2050;139.000,00;191,03;Melilla
V506376;Vida Hipoteca;H;01/09/1968;14/05/2019;14/05/2039;313.000,00;1.227,33;A Coruña
V500940;Vida Hipoteca;H;01/11/1972;01/07/2018;01/07/2048;231.000,00;590,32;Alicante
V500526;Vida Riesgo;M;20/12/1957;05/03/2020;05/03/2030;49.000,00;511,08;Tarragona
V507973;Vida Hipoteca;M;22/11/1990;29/07/2016;29/07/2031;222.000,00;103,83;A Coruña
V505753;Vida Hipoteca;H;10/08/1970;15/01/2018;15/01/2033;148.000,00;439,70;Melilla
V506571;Vida Hipoteca;H;02/10/1977;05/10/2018;05/10/2043;295.000,00;507,61;Albacete
V506204;Vida Riesgo;Hombre;12/05/1971;03/02/2018;03/02/2028;101.000,00;282,73;Granada
V504707;Vida Hipoteca;M;17/11/1986;20/10/2021;20/10/2041;114.000,00;116,97;Valencia
V500487;Vida Hipoteca;H;18/03/1977;30/09/2021;30/09/2046;232.000,00;538,84;Barcelona
V504679;Vida Hipoteca;H;13/03/1987;03/05/2024;03/05/2039;150.000,00;185,81;Alicante
V503576;Vida Hipoteca;H;01/11/1986;27/09/2018;27/09/2043;218.000,00;173,02;Jaén
V501156;Vida Hipoteca;M;23/05/1974;08/08/2015;08/08/2035;226.000,00;395,59;Zaragoza
V502650;Vida Riesgo;M;03/04/1980;25/03/2018;25/03/2038;87.000,00;115,67;Barcelona
V500791;Vida Riesgo;M;02/06/1976;01/09/2020;01/09/2035;25.000,00;56,66;Segovia
V505916;Vida Riesgo;M;15/04/2005;27/06/2023;27/06/2033;98.000,00;24,26;Palencia
V501351;Vida Riesgo;H;16/08/1993;05/09/2024;05/09/2044;141.000,00;104,11;Lugo
V505073;Vida Hipoteca;M;29/05/1997;25/11/2019;25/11/2049;166.000,00;59,20;Santa Cruz de Tenerife
V501045;Vida Riesgo;M;08/12/1980;30/03/2021;30/03/2031;40.000,00;64,84;Santa Cruz de Tenerife
V505765;Vida Hipoteca;H;03/02/1995;26/10/2024;26/10/2054;383.000,00;252,61;Illes Balears
V502992;Vida Riesgo;H;08/07/1967;30/01/2022;30/01/2032;83.000,00;452,16;Melilla
V507565;Vida Hipoteca;H;12/07/1970;02/07/2010;02/07/2020;226.000,00;385,46;Jaén
V504211;Vida Riesgo;H;01/03/1974;22/09/2022;22/09/2042;41.000,00;134,08;Cantabria
V506506;Vida Riesgo;H;10/04/1963;03/09/2015;03/09/2025;12.000,00;54,38;Pontevedra
V504761;Vida Riesgo;H;17/11/1967;15/10/2015;15/10/2035;67.000,00;207,27;Madrid
V500855;Vida Riesgo;M;14/02/1983;24/10/2019;24/10/2039;115.000,00;137,09;Huesca
V500877;Vida Hipoteca;M;13/05/1966;25/07/2018;25/07/2038;75.000,00;334,13;Madrid
V506015;Vida Hipoteca;M;10/09/1973;18/04/2023;18/04/2053;137.000,00;489,41;Barcelona
V506558;Vida Riesgo;H;25/08/1967;21/07/2022;21/07/2032;44.000,00;246,69;Barcelona
V500578;Vida Hipoteca;M;19/05/1984;05/10/2021;05/10/2041;261.000,00;329,90;Madrid
V502527;Vida Riesgo;M;18/10/1998;13/07/2023;13/07/2043;97.000,00;41,86;Sevilla
V504895;Vida Hipoteca;M;21/01/1988;14/02/2017;14/02/2032;301.000,00;187,71;Bizkaia
V502324;Vida Hipoteca;H;13/05/1993;04/07/2021;04/07/2041;106.000,00;61,10;Segovia
V503477;Vida Riesgo;M;30/01/1975;24/06/2024;24/06/2034;62.000,00;217,71;Navarra
V500468;Vida Hipoteca;H;12/02/1968;02/03/2024;02/03/2039;95.000,00;587,14;Gipuzkoa
V503074;Vida Riesgo;M;15/10/1975;16/12/2021;16/12/2041;79.000,00;210,83;Burgos
V504275;Vida Riesgo;H;07/05/1969;18/09/2024;18/09/2034;55.000,00;320,77;Alicante
V505715;Vida Hipoteca;H;16/01/1988;01/10/2016;01/10/2031;417.000,00;252,28;Ciudad Real
V507422;Vida Hipoteca;H;22/10/1983;16/04/2018;16/04/2033;105.000,00;103,76;Madrid
V500837;Vida Hipoteca;M;15/08/1977;05/05/2023;05/05/2043;187.000,00;480,22;Cáceres
V504830;Vida Hipoteca;M;05/05/1972;05/04/2015;05/04/2035;90.000,00;182,12;Toledo
V506079;Vida Riesgo;H;17/11/1971;16/09/2016;16/09/2036;38.000,00;90,50;Alicante
V500372;Vida Hipoteca;H;05/11/1989;01/03/2022;01/03/2037;323.000,00;265,52;Santa Cruz de Tenerife
V507134;Vida Riesgo;H;18/07/1983;18/11/2018;18/11/2033;33.000,00;35,06;Teruel
V507913;Vida Riesgo;H;04/08/1995;30/12/2018;30/12/2038;70.000,00;26,98;A Coruña
V504644;Vida Hipoteca;H;02/09/1972;24/12/2016;24/12/2031;237.000,00;539,97;Valladolid
V506190;Vida Hipoteca;H;01/01/1981;11/04/2021;11/04/2036;236.000,00;381,54;Madrid
V502376;Vida Riesgo;H;05/10/1961;12/06/2022;12/06/2042;22.000,00;201,62;Bizkaia
V502755;Vida Hipoteca;H;17/11/1965;15/04/2018;15/04/2043;164.000,00;743,72;Madrid
V505221;Vida Riesgo;H;09/10/1978;13/03/2024;13/03/2039;92.000,00;230,47;Asturias
V502588;Vida Hipoteca;H;11/09/1985;07/06/2020;07/06/2035;175.000,00;176,73;Zaragoza
V506417;Vida Hipoteca;M;11/09/1971;22/04/2021;22/04/2051;183.000,00;654,37;Asturias
V501516;Vida Hipoteca;H;03/05/1983;23/10/2019;23/10/2044;100.000,00;117,03;Ceuta
V503505;Vida Hipoteca;M;09/07/1963;30/09/2017;30/09/2032;204.000,00;1.079,79;Barcelona
V503436;Vida Riesgo;M;08/12/1967;22/01/2024;22/01/2034;18.000,00;111,94;Salamanca
V502734;Vida Riesgo;H;10/07/1973;25/04/2016;25/04/2031;106.000,00;212,27;Zamora
V504111;Vida Riesgo;H;23/05/1976;27/10/2021;27/10/2036;74.000,00;185,42;Toledo
V505870;Vida Riesgo;M;13/12/1990;30/06/2023;30/06/2038;24.000,00;20,12;Araba/Álava
V505257;Vida Riesgo;M;06/01/1983;02/11/2023;02/11/2033;91.000,00;154,11;Tarragona
V506560;Vida Riesgo;H;26/03/1979;22/09/2015;22/09/2025;36.000,00;42,20;Toledo
V502649;Vida Hipoteca;M;08/12/1976;09/06/2020;09/06/2040;163.000,00;346,72;Asturias
V500667;Vida Hipoteca;M;20/01/1980;08/02/2020;08/02/2050;124.000,00;196,70;Granada
V505013;Vida Riesgo;M;12/12/1969;03/11/2016;03/11/2036;47.000,00;133,37;Ciudad Real
V507751;Vida Riesgo;H;03/07/1971;25/08/2016;25/08/2026;258.000,00;631,15;Madrid
V501486;Vida Riesgo;H;24/04/1987;11/12/2024;11/12/2039;33.000,00;42,63;Cáceres
V506188;Vida Riesgo;M;10/08/1980;27/11/2020;27/11/2040;155.000,00;251,09;A Coruña
V504188;Vida Riesgo;H;16/04/1988;15/12/2023;15/12/2038;99.000,00;108,16;Asturias
V501551;Vida Riesgo;H;30/05/1969;11/05/2018;11/05/2033;74.000,00;250,06;Las Palmas
V503734;Vida Riesgo;M;22/03/1989;04/05/2020;04/05/2035;93.000,00;69,04;A Coruña
V505301;Vida Hipoteca;M;23/07/1988;01/09/2021;01/09/2036;122.000,00;107,28;Illes Balears
V505028;Vida Hipoteca;M;13/07/1971;24/06/2020;24/06/2040;101.000,00;341,40;Alicante
V502956;Vida Hipoteca;M;06/02/1979;19/02/2016;19/02/2031;230.000,00;282,37;Córdoba
V507200;Vida Hipoteca;H;01/03/1991;07/03/2024;07/03/2054;147.000,00;128,26;Zaragoza
V506948;Vida Hipoteca;M;31/01/1992;28/09/2024;28/09/2044;109.000,00;92,25;Madrid
V501803;Vida Hipoteca;H;31/01/1984;11/06/2020;11/06/2035;151.000,00;175,07;Alicante
V505536;Vida Hipoteca;M;26/09/1976;23/11/2021;23/11/2046;81.000,00;198,33;Granada
V506087;Vida Hipoteca;M;01/02/1986;09/09/2020;09/09/2035;140.000,00;139,79;Zaragoza
V505420;Vida Hipoteca;M;06/10/1995;14/03/2020;14/03/2050;175.000,00;73,63;Albacete
V506498;Vida Riesgo;M;11/08/1989;17/09/2024;17/09/2044;106.000,00;110,40;Madrid
V503720;Vida Riesgo;H;16/07/1983;13/04/2017;13/04/2032;156.000,00;144,78;Madrid
V500227;Vida Hipoteca;H;31/05/1979;06/02/2022;06/02/2047;131.000,00;260,05;Cantabria
V502994;Vida Hipoteca;H;05/08/1977;01/02/2015;01/02/2045;73.000,00;93,16;Lleida
V505425;Vida Hipoteca;H;30/09/1983;01/12/2018;01/12/2043;101.000,00;105,81;Ciudad Real
V504807;Vida Riesgo;H;04/06/1980;20/11/2018;20/11/2028;19.000,00;26,33;Girona
V505849;Vida Riesgo;H;14/08/1985;21/01/2023;21/01/2043;70.000,00;88,91;Barcelona
V505370;Vida Hipoteca;H;20/01/1987;27/05/2023;27/05/2048;123.000,00;142,44;Badajoz
V503178;Vida Hipoteca;H;10/12/1978;04/10/2019;04/10/2044;189.000,00;319,93;Madrid
V501919;Vida Riesgo;H;09/04/1991;18/10/2017;18/10/2032;104.000,00;52,26;Navarra
V501828;Vida Hipoteca;H;03/05/1970;03/05/2021;03/05/2051;211.000,00;848,96;Palencia
V501393;Vida Hipoteca;M;16/09/1967;20/05/2021;20/05/2051;132.000,00;666,73;Valencia
V504694;Vida Riesgo;Hombre;02/06/1975;21/04/2020;21/04/2040;48.000,00;114,85;Cádiz
V503926;Vida Hipoteca;M;24/08/1975;13/11/2015;13/11/2045;234.000,00;376,58;Soria
V501186;Vida Riesgo;M;04/02/1975;31/08/2019;31/08/2029;86.000,00;200,32;León
V501125;Vida Riesgo;M;01/04/1971;12/09/2015;12/09/2025;59.000,00;136,03;A Coruña
V507405;Vida Riesgo;H;29/04/1970;18/12/2016;18/12/2026;39.000,00;108,32;Huesca
V504532;Vida Hipoteca;M;06/08/1982;10/11/2019;10/11/2034;141.000,00;176,46;Madrid
V503819;Vida Hipoteca;Hombre;16/02/1979;16/05/2023;16/05/2048;148.000,00;335,27;Valencia
V505845;Vida Riesgo;M;14/02/1975;13/06/2020;13/06/2035;24.000,00;59,62;Málaga
V505684;Vida Riesgo;M;06/06/1972;18/06/2024;18/06/2044;67.000,00;294,26;Madrid
V500007;Vida Riesgo;H;18/02/1984;03/01/2016;03/01/2026;70.000,00;55,42;Alicante
V504557;Vida Hipoteca;H;06/01/1971;30/10/2016;30/10/2041;209.000,00;541,16;Lugo
V506597;Vida Riesgo;H;31/08/1962;14/12/2018;14/12/2028;177.000,00;1.116,21;A Coruña
V505153;Vida Hipoteca;M;28/02/1971;18/02/2011;18/02/2021;104.000,00;136,33;Bizkaia
V505867;Vida Riesgo;H;11/02/1970;17/11/2022;17/11/2032;99.000,00;462,68;Sevilla
V507976;Vida Riesgo;H;25/06/1971;24/12/2019;24/12/2029;49.000,00;159,36;Alicante
V500594;Vida Riesgo;M;03/05/1975;23/05/2022;23/05/2042;90.000,00;258,94;Huesca
V504957;Vida Hipoteca;M;21/05/1989;11/07/2020;11/07/2035;95.000,00;70,67;Madrid
V507483;Vida Hipoteca;H;09/01/1985;04/11/2024;04/11/2039;207.000,00;322,00;Soria
V501108;Vida Riesgo;Mujer;22/01/1977;28/07/2021;28/07/2036;43.000,00;99,66;Burgos
V500816;Vida Hipoteca;H;19/11/1980;29/01/2023;29/01/2038;116.000,00;220,73;Pontevedra
V506474;Vida Hipoteca;M;06/11/1990;11/10/2019;11/10/2039;137.000,00;84,42;Sevilla
V501728;Vida Riesgo;H ;12/01/1968;08/02/2017;08/02/2027;42.000,00;143,48;Valladolid
V503592;Vida Riesgo;H;23/03/1976;18/02/2015;18/02/2025;62.000,00;89,25;Cádiz
V504888;Vida Riesgo;H;22/09/1968;19/07/2020;19/07/2035;30.000,00;129,42;Segovia
V503903;Vida Hipoteca;M;28/07/1983;11/09/2018;11/09/2043;187.000,00;195,12;Guadalajara
V501824;Vida Riesgo;H;12/08/1988;09/07/2024;09/07/2039;86.000,00;95,93;Madrid
V500792;Vida Hipoteca;M;08/05/1974;18/09/2016;18/09/2031;189.000,00;364,99;Almería
V504301;Vida Hipoteca;M;04/07/1966;29/10/2015;29/10/2040;191.000,00;666,19;Illes Balears
V506083;Vida Riesgo;H;19/01/1983;27/09/2022;27/09/2037;37.000,00;56,91;Madrid
V506038;Vida Hipoteca;H;13/03/1958;11/10/2015;11/10/2035;120.000,00;844,55;Lleida
V507744;Vida Hipoteca;M;20/03/1949;29/12/2016;29/12/2046;116.000,00;1.942,45;Sevilla
V501445;Vida Riesgo;H;24/12/1996;22/06/2020;22/06/2030;56.000,00;21,75;Illes Balears
V502697;Vida Riesgo;H;13/05/1972;28/02/2016;28/02/2036;136.000,00;296,55;Albacete
V500051;Vida Riesgo;M;08/10/1961;28/09/2015;28/09/2025;78.000,00;403,99;Zaragoza
V505682;Vida Hipoteca;H;17/12/1975;30/03/2018;30/03/2033;191.000,00;366,27;Ourense
V500649;Vida Hipoteca;H;11/11/1969;03/05/2021;03/05/2046;57.000,00;238,78;Zaragoza
V501738;Vida Hipoteca;H;20/04/1984;23/07/2019;23/07/2049;91.000,00;96,02;Madrid
V506603;Vida Hipoteca;H;28/06/1994;29/12/2023;29/12/2053;150.000,00;97,07;Málaga
V505825;Vida Hipoteca;H;18/09/1978;16/04/2015;16/04/2035;110.000,00;129,86;Madrid
V506048;Vida Riesgo;M;09/01/1955;09/07/2024;09/07/2034;38.000,00;736,60;Gipuzkoa
V500157;Vida Hipoteca;H;26/11/1992;03/03/2017;03/03/2032;162.000,00;67,17;Madrid
V505362;Vida Hipoteca;H;02/08/1969;07/08/2020;07/08/2040;205.000,00;825,81;Madrid
V507827;Vida Riesgo;M;12/11/1979;17/09/2023;17/09/2033;106.000,00;232,17;Madrid
V501660;Vida Riesgo;H;12/08/1984;10/10/2024;10/10/2034;165.000,00;264,18;Madrid
V506009;Vida Riesgo;H;18/07/1970;08/07/2010;08/07/2020;33.000,00;82,72;Madrid
V500042;Vida Hipoteca;M;14/04/1978;25/04/2023;25/04/2053;199.000,00;481,92;Madrid
V504617;Vida Hipoteca;M;13/03/2004;25/05/2022;25/05/2047;122.000,00;30,20;Madrid
V503725;Vida Riesgo;M;10/01/1983;01/12/2017;01/12/2032;31.000,00;31,71;Madrid
V503827;Vida Hipoteca;H;24/10/1991;20/09/2022;20/09/2047;274.000,00;199,80;Alicante
V505844;Vida Riesgo;M;23/07/1983;05/01/2022;05/01/2042;84.000,00;116,34;Madrid
V507176;Vida Hipoteca;M;21/09/1978;23/12/2020;23/12/2035;225.000,00;430,53;Huelva
V502446;Vida Hipoteca;M;21/07/1979;15/03/2024;15/03/2039;119.000,00;279,13;Alicante
V502088;Vida Hipoteca;H;22/02/1972;17/12/2020;17/12/2045;100.000,00;334,26;Sevilla
V500520;Vida Hipoteca;M;04/02/1969;08/07/2016;08/07/2036;123.000,00;365,13;Tarragona
V506517;Vida Hipoteca;H;01/04/1981;18/12/2020;18/12/2040;73.000,00;112,55;Ávila
V507741;Vida Riesgo;H;09/01/1982;16/06/2024;16/06/2034;30.000,00;58,27;Segovia
V503416;Vida Hipoteca;M;19/07/1983;19/09/2023;19/09/2043;100.000,00;160,26;La Rioja
V507391;Vida Hipoteca;H;06/09/1973;04/07/2017;04/07/2042;77.000,00;168,32;Madrid
V500995;Vida Riesgo;M;22/07/2000;19/10/2022;19/10/2032;81.000,00;28,28;Barcelona
V505082;Vida Hipoteca;M;22/10/1973;19/04/2024;19/04/2039;79.000,00;304,38;Albacete
V505027;Vida Riesgo;Hombre;19/08/1984;27/09/2021;27/09/2031;61.000,00;75,33;Gipuzkoa
V501333;Vida Hipoteca;M;06/05/1975;07/05/2021;07/05/2046;138.000,00;363,12;Madrid
V504744;Vida Hipoteca;H;25/04/1972;11/11/2022;11/11/2042;344.000,00;1.331,61;Guadalajara
V504421;Vida Hipoteca;M;10/10/1967;06/08/2016;06/08/2046;82.000,00;274,20;A Coruña
V505164;Vida Riesgo;Hombre;24/02/1976;30/10/2024;30/10/2044;26.000,00;85,89;Cáceres
V503682;Vida Hipoteca;h;16/01/1958;20/06/2015;20/06/2040;328.000,00;2.277,85;Barcelona
V506813;Vida Hipoteca;Hombre;14/08/1977;15/05/2023;15/05/2038;113.000,00;290,92;Málaga
V501128;Vida Hipoteca;H;09/12/1985;13/08/2024;13/08/2054;113.000,00;159,48;Bizkaia
V501985;Vida Hipoteca;H;26/12/1963;16/06/2016;16/06/2041;284.000,00;1.295,07;Ceuta
V500077;Vida Riesgo;M;02/09/1990;11/08/2024;11/08/2034;49.000,00;46,24;Zaragoza
V507101;Vida Hipoteca;Hombre;24/01/1972;26/10/2024;26/10/2044;105.000,00;490,46;Cádiz
V505723;Vida Riesgo;M;30/12/1966;04/11/2020;04/11/2040;75.000,00;384,41;Barcelona
V506810;Vida Hipoteca;H;15/10/1976;27/07/2024;27/07/2044;200.000,00;612,01;Burgos
V505325;Vida Hipoteca;H;08/09/1977;20/07/2015;20/07/2045;144.000,00;189,64;Santa Cruz de Tenerife
V502741;Vida Hipoteca;H;23/09/1980;17/08/2022;17/08/2052;65.000,00;120,62;Sevilla
V501292;Vida Hipoteca;M;27/09/1970;07/01/2015;07/01/2045;222.000,00;504,49;Illes Balears
V501719;Vida Hipoteca;H;03/02/1977;19/07/2023;19/07/2048;155.000,00;423,72;Alicante
V501599;Vida Hipoteca;H;26/07/1978;06/01/2023;06/01/2048;296.000,00;682,38;Málaga
V505918;Vida Hipoteca;H;25/11/1968;29/06/2017;29/06/2037;92.000,00;301,59;Soria
V504075;Vida Hipoteca;H;23/04/1977;03/10/2020;03/10/2035;107.000,00;226,55;Murcia
V500425;Vida Riesgo;M;02/04/1969;21/08/2015;21/08/2030;59.000,00;160,34;Alicante
V502919;Vida Hipoteca;H;28/12/1973;02/02/2015;02/02/2030;92.000,00;159,54;Granada
V505730;Vida Hipoteca;M;06/07/1995;24/03/2023;24/03/2053;60.000,00;33,35;Valladolid
V507472;Vida Hipoteca;M;21/10/1974;20/08/2023;20/08/2043;218.000,00;729,32;Barcelona
V500141;Vida Riesgo;Hombre;11/01/1971;09/05/2024;09/05/2034;22.000,00;107,85;Ourense
V506788;Vida Riesgo;M;11/11/1969;09/07/2016;09/07/2036;86.000,00;239,20;Valencia
V506042;Vida Riesgo;H;01/03/1984;09/01/2021;09/01/2031;92.000,00;111,26;Sevilla
V505090;Vida Riesgo;M;27/12/2000;10/03/2019;10/03/2039;94.000,00;23,27;Zamora
V507781;Vida Riesgo;H;11/12/1985;24/05/2019;24/05/2034;33.000,00;29,87;Jaén
V502308;Vida Riesgo;M;03/08/1984;01/09/2018;01/09/2033;45.000,00;42,96;León
V504290;Vida Riesgo;M;18/05/1994;22/11/2024;22/11/2034;71.000,00;50,08;Valencia
V504523;Vida Hipoteca;M;09/03/1978;17/06/2022;17/06/2052;200.000,00;454,24;Lugo
V500833;Vida Hipoteca;M;11/06/1987;11/07/2021;11/07/2036;173.000,00;165,26;Castellón
V507893;Vida Riesgo;H;16/09/2000;07/05/2024;07/05/2044;31.000,00;12,19;Barcelona
V503397;Vida Riesgo;H;28/08/1975;10/06/2021;10/06/2031;77.000,00;198,86;Murcia
V502978;Vida Hipoteca;H;22/09/1995;02/05/2024;02/05/2039;102.000,00;61,19;Sevilla
V507297;Vida Hipoteca;M;30/08/1991;27/07/2015;27/07/2030;128.000,00;51,48;Girona
V507590;Vida Hipoteca;H;10/11/1989;27/12/2024;27/12/2054;118.000,00;123,19;Málaga
V507186;Vida Hipoteca;M;17/04/1978;06/05/2024;06/05/2044;127.000,00;335,52;Barcelona
V502804;Vida Hipoteca;H;10/01/1979;01/11/2015;01/11/2030;173.000,00;208,31;Madrid
V506685;Vida Riesgo;M;19/02/1986;01/09/2023;01/09/2033;83.000,00;106,27;Madrid
V507704;Vida Hipoteca;M;27/01/1980;09/07/2018;09/07/2038;288.000,00;398,67;A Coruña
V504626;Vida Hipoteca;M;08/06/1969;26/12/2023;26/12/2048;114.000,00;620,20;Guadalajara
V506934;Vida Hipoteca;M;05/04/1982;07/12/2018;07/12/2038;266.000,00;316,64;Barcelona
V502609;Vida Hipoteca;H;08/10/1988;06/03/2023;06/03/2038;123.000,00;120,76;Barcelona
V506956;Vida Hipoteca;H;18/10/1983;20/11/2024;20/11/2039;120.000,00;207,97;Barcelona
V507928;Vida Hipoteca;H ;16/01/1982;26/06/2024;26/06/2039;125.000,00;242,95;Barcelona
V501290;Vida Hipoteca;M;07/11/1985;23/05/2016;23/05/2046;239.000,00;168,93;Málaga
V504747;Vida Riesgo;H;31/03/1987;24/11/2020;24/11/2040;69.000,00;63,55;Illes Balears
V500456;Vida Hipoteca;M;08/03/1986;10/07/2018;10/07/2043;108.000,00;88,94;Almería
V507106;Vida Hipoteca;H;13/01/1984;13/04/2024;13/04/2039;143.000,00;230,69;Córdoba
V506202;Vida Hipoteca;Hombre;10/08/1977;24/03/2022;24/03/2042;146.000,00;341,49;Huelva
V507657;Vida Hipoteca;M;27/07/1963;16/03/2016;16/03/2041;131.000,00;605,75;Valencia
V503916;Vida Riesgo;M;23/05/1973;02/12/2015;02/12/2025;28.000,00;54,82;Pontevedra
V500064;Vida Hipoteca;M;19/03/1993;05/01/2024;05/01/2044;173.000,00;125,00;Valencia
V504230;Vida Riesgo;H;03/04/1979;20/05/2024;20/05/2044;83.000,00;202,75;Lugo
V507501;Vida Hipoteca;M;10/12/1980;20/01/2020;20/01/2050;85.000,00;124,47;Illes Balears
V503357;Vida Hipoteca;H;30/08/1978;12/05/2019;12/05/2034;96.000,00;160,90;Málaga
V507079;Vida Riesgo;H;16/05/1979;07/06/2018;07/06/2033;69.000,00;100,61;Valencia
V503127;Vida Riesgo;H;14/08/1979;18/12/2024;18/12/2039;102.000,00;253,83;Málaga
V506000;Vida Hipoteca;M;19/11/1968;28/08/2018;28/08/2038;129.000,00;467,54;Illes Balears
V504875;Vida Riesgo;M;15/12/1965;17/12/2019;17/12/2029;44.000,00;228,53;Sevilla
V507436;Vida Hipoteca;M;19/11/1974;17/10/2023;17/10/2043;187.000,00;629,85;Cádiz
V501610;Vida Riesgo;H;14/08/1979;16/06/2015;16/06/2030;43.000,00;47,68;Valencia
V503303;Vida Hipoteca;H;04/10/1974;07/12/2022;07/12/2052;210.000,00;664,52;Madrid
V505738;Vida Hipoteca;M;29/06/1976;13/06/2017;13/06/2037;223.000,00;382,01;Teruel
V507782;Vida Hipoteca;M;31/08/2000;11/08/2021;11/08/2051;98.000,00;30,64;Barcelona
V504900;Vida Hipoteca;M;15/05/1968;19/10/2016;19/10/2041;99.000,00;320,16;Valencia
V502132;Vida Riesgo;H;26/02/1965;31/08/2024;31/08/2044;74.000,00;613,69;Las Palmas
V501321;Vida Hipoteca;H;13/04/2000;10/05/2024;10/05/2039;159.000,00;64,86;Ciudad Real
V507018;Vida Riesgo;M;22/11/1988;01/01/2020;01/01/2030;87.000,00;64,52;Málaga
V504087;Vida Riesgo;M;05/04/1972;13/06/2016;13/06/2026;53.000,00;119,52;A Coruña
V505897;Vida Riesgo;H;12/06/1990;16/04/2022;16/04/2032;33.000,00;26,06;Castellón
V502881;Vida Hipoteca;H;07/07/1966;12/02/2015;12/02/2045;109.000,00;357,65;Valladolid
V506151;Vida Hipoteca;H;09/09/1983;25/08/2022;25/08/2052;191.000,00;276,13;Granada
V500769;Vida Hipoteca;M;18/04/1977;23/07/2019;23/07/2034;128.000,00;245,04;Alicante
V503594;Vida Hipoteca;M;06/11/1979;24/02/2021;24/02/2046;173.000,00;305,24;Valencia
V500840;Vida Riesgo;H;14/07/1975;22/01/2016;22/01/2026;44.000,00;72,68;Valencia
V503942;Vida Riesgo;M;20/04/1977;22/08/2018;22/08/2033;89.000,00;157,53;Barcelona
V507032;Vida Hipoteca;H;23/03/1978;18/01/2018;18/01/2043;174.000,00;270,78;Madrid
V504332;Vida Riesgo;M;21/06/1980;08/07/2024;08/07/2044;17.000,00;37,88;Barcelona
V507438;Vida Riesgo;H;26/03/1982;20/08/2019;20/08/2029;41.000,00;51,93;Alicante
V506398;Vida Hipoteca;H;05/05/1973;24/11/2020;24/11/2050;233.000,00;699,61;Badajoz
V506690;Vida Hipoteca;H;01/04/1973;21/12/2022;21/12/2042;178.000,00;642,35;Albacete
V506568;Vida Hipoteca;H;21/10/1970;22/08/2016;22/08/2036;446.000,00;1.156,90;Ceuta
V503412;Vida Hipoteca;H;05/12/1979;22/12/2024;22/12/2044;181.000,00;439,05;Zamora
V500909;Vida Riesgo;H;06/07/1979;07/11/2024;07/11/2039;101.000,00;251,21;Girona
V507692;Vida Hipoteca;M;17/01/1982;16/10/2021;16/10/2051;150.000,00;231,85;Alicante
V505263;Vida Hipoteca;M;26/06/1972;13/08/2023;13/08/2043;188.000,00;764,71;Madrid
V503769;Vida Hipoteca;H;04/12/1969;31/10/2018;31/10/2038;109.000,00;367,03;Barcelona
V500674;Vida Riesgo;H;28/06/1987;02/02/2022;02/02/2037;70.000,00;69,88;Huesca
V505117;Vida Riesgo;h;17/12/1966;14/02/2016;14/02/2031;65.000,00;223,67;Segovia
V502002;Vida Hipoteca;M;08/09/1974;19/02/2021;19/02/2041;178.000,00;486,47;Madrid
V500978;Vida Riesgo;M;30/06/1974;02/01/2018;02/01/2033;49.000,00;104,29;Cantabria
V504044;Vida Hipoteca;M;27/07/1971;13/08/2024;13/08/2044;196.000,00;938,51;Granada
V506144;Vida Riesgo;M;17/01/1976;07/04/2015;07/04/2025;30.000,00;44,34;Córdoba
V505617;Vida Riesgo;H;04/10/1993;31/01/2018;31/01/2038;41.000,00;17,09;Pontevedra
V500896;Vida Hipoteca;M;27/10/1968;28/05/2020;28/05/2040;254.000,00;1.073,96;Madrid
V506485;Vida Riesgo;H;24/12/1960;01/03/2015;01/03/2030;98.000,00;516,67;Barcelona
V507375;Vida Riesgo;H;05/10/1970;09/09/2024;09/09/2044;178.000,00;918,75;Zaragoza
V506804;Vida Hipoteca;H;07/05/1989;25/01/2023;25/01/2038;160.000,00;148,16;Murcia
V506528;Vida Riesgo;M;20/01/1982;25/06/2017;25/06/2027;66.000,00;70,68;Illes Balears
V505324;Vida Hipoteca;H;02/06/1986;27/09/2019;27/09/2034;135.000,00;120,84;Barcelona
V500047;Vida Hipoteca;M;19/07/1974;11/09/2024;11/09/2054;48.000,00;179,66;Valencia
V502634;Vida Hipoteca;H;23/01/1978;30/12/2022;30/12/2042;212.000,00;509,30;León
V501447;Vida Hipoteca;M;16/01/1970;28/01/2020;28/01/2040;159.000,00;589,08;Barcelona
V502593;Vida Hipoteca;H;28/04/1977;11/09/2016;11/09/2036;218.000,00;326,47;Illes Balears
V502526;Vida Hipoteca;M;27/08/1962;09/03/2015;09/03/2030;189.000,00;866,02;Santa Cruz de Tenerife
V502857;Vida Hipoteca;M;08/03/1983;01/01/2015;01/01/2040;70.000,00;55,16;Madrid
V500957;Vida Riesgo;H;22/04/1981;25/08/2023;25/08/2033;96.000,00;185,01;A Coruña
V502103;Vida Riesgo;H;28/10/1984;07/11/2021;07/11/2031;38.000,00;46,62;A Coruña
V501372;Vida Riesgo;H;05/03/1973;14/07/2019;14/07/2029;78.000,00;211,49;Cuenca
V501791;Vida Hipoteca;H;25/12/1996;18/06/2023;18/06/2053;124.000,00;62,05;A Coruña
V502749;Vida Hipoteca;H;31/08/1977;13/11/2016;13/11/2041;112.000,00;165,31;Almería
V501121;Vida Riesgo;M;29/01/1977;04/07/2021;04/07/2036;24.000,00;55,23;Sevilla
V503423;Vida Hipoteca;H;24/11/1995;07/03/2022;07/03/2037;231.000,00;113,70;Almería
V502095;Vida Hipoteca;M;03/02/1985;17/07/2023;17/07/2053;168.000,00;232,53;Jaén
V504689;Vida Riesgo;M;04/11/1983;05/09/2023;05/09/2033;155.000,00;241,44;Barcelona
V505864;Vida Hipoteca;H;21/10/1971;18/12/2019;18/12/2049;379.000,00;1.197,67;Huelva
V502574;Vida Riesgo;H;27/01/1972;19/06/2018;19/06/2028;24.000,00;65,27;Cantabria
V504381;Vida Hipoteca;H;15/09/1976;02/02/2017;02/02/2037;85.000,00;138,71;Barcelona
V500234;Vida Riesgo;H;22/04/1973;21/06/2019;21/06/2039;159.000,00;424,08;Girona
V503906;Vida Hipoteca;Hombre;30/08/1989;13/02/2023;13/02/2038;150.000,00;135,86;Girona
V507920;Vida Riesgo;m;17/07/1967;28/03/2021;28/03/2036;74.000,00;374,44;Asturias
V502511;Vida Hipoteca;H;24/10/1976;01/12/2018;01/12/2048;373.000,00;704,47;Sevilla
V507556;Vida Hipoteca;H;31/03/1983;13/08/2021;13/08/2046;106.000,00;145,79;Pontevedra
V505587;Vida Hipoteca;Mujer;16/09/1974;08/04/2022;08/04/2047;191.000,00;573,52;Ceuta
V501021;Vida Hipoteca;H;17/12/1959;06/07/2018;06/07/2043;155.000,00;1.184,84;Sevilla
V506446;Vida Hipoteca;H;31/08/1968;08/11/2022;08/11/2047;268.000,00;1.413,64;Cáceres
V501752;Vida Hipoteca;M;10/07/1970;22/02/2019;22/02/2039;102.000,00;335,24;Barcelona
V506977;Vida Hipoteca;M;08/11/1965;10/06/2023;10/06/2053;76.000,00;535,20;Córdoba
V504685;Vida Riesgo;H;20/02/1982;04/01/2020;04/01/2040;42.000,00;55,35;Murcia
V505311;Vida Riesgo;H;28/05/1967;09/02/2021;09/02/2031;105.000,00;531,71;Illes Balears
V506300;Vida Riesgo;M;22/08/1983;16/09/2024;16/09/2034;54.000,00;93,41;Lleida
V502673;Vida Hipoteca;M;03/05/1991;19/05/2021;19/05/2046;235.000,00;159,26;Madrid
V501357;Vida Riesgo;H;24/08/1978;29/05/2018;29/05/2038;47.000,00;72,75;Valladolid
V502157;Vida Hipoteca;H;06/06/1967;15/08/2022;15/08/2037;146.000,00;838,83;Alicante
V500739;Vida Riesgo;M;07/11/1980;15/09/2020;15/09/2035;84.000,00;131,04;Barcelona
V504403;Vida Hipoteca;M;21/02/1972;21/11/2019;21/11/2049;98.000,00;299,03;Barcelona
V500027;Vida Riesgo;H;02/08/1973;27/04/2019;27/04/2029;149.000,00;383,11;Soria
V507541;Vida Hipoteca;M;05/07/1983;17/04/2017;17/04/2037;301.000,00;280,33;Santa Cruz de Tenerife
V500009;Vida Hipoteca;H;08/07/1993;22/11/2016;22/11/2041;207.000,00;79,58;Valencia
V503098;Vida Hipoteca;M;15/11/1987;22/02/2021;22/02/2046;106.000,00;94,50;Barcelona
V504271;Vida Hipoteca;M;10/03/1966;02/06/2015;02/06/2040;332.000,00;1.148,95;Lleida
V507812;Vida Hipoteca;H;20/04/1977;24/12/2019;24/12/2044;151.000,00;299,46;Illes Balears
V504976;Vida Riesgo;m;20/07/1968;05/07/2016;05/07/2026;22.000,00;68,35;Ciudad Real
V503957;Vida Riesgo;M;19/06/1972;12/02/2015;12/02/2030;32.000,00;63,32;Segovia
V503547;Vida Hipoteca;H;28/03/1983;07/10/2024;07/10/2049;151.000,00;271,65;Santa Cruz de Tenerife
V503620;Vida Riesgo;M;03/09/1977;03/04/2016;03/04/2036;34.000,00;47,61;Barcelona
V507342;Vida Riesgo;H;13/06/1971;15/07/2016;15/07/2036;23.000,00;55,99;Madrid
V500576;Vida Hipoteca;M;02/08/1991;07/01/2019;07/01/2039;296.000,00;160,64;Asturias
V507888;Vida Riesgo;H;01/05/1978;04/11/2020;04/11/2030;114.000,00;222,94;Madrid
V507382;Vida Riesgo;M;27/02/1968;15/08/2016;15/08/2036;84.000,00;272,42;Madrid
V506486;Vida Hipoteca;H;18/08/1981;04/09/2020;04/09/2040;104.000,00;151,49;Bizkaia
V507531;Vida Hipoteca;H;19/09/1984;11/07/2021;11/07/2036;185.000,00;222,78;Asturias
V502515;Vida Hipoteca;H;18/09/1974;25/04/2022;25/04/2042;140.000,00;421,90;Málaga
V507016;Vida Hipoteca;M;15/05/1978;28/01/2024;28/01/2049;83.000,00;212,93;Navarra
V505037;Vida Hipoteca;M;16/03/1982;13/08/2021;13/08/2041;91.000,00;136,70;Madrid
V504563;Vida Riesgo;H;23/01/1974;01/06/2023;01/06/2038;51.000,00;178,38;Córdoba
V506951;Vida Riesgo;H;08/11/1963;08/02/2017;08/02/2032;55.000,00;268,00;Málaga
V504987;Vida Riesgo;H;28/09/1969;08/07/2023;08/07/2038;67.000,00;341,26;Madrid
V502752;Vida Riesgo;H;31/10/1985;13/05/2021;13/05/2041;53.000,00;57,25;Valencia
V501025;Vida Riesgo;M;11/05/1975;04/09/2015;04/09/2030;66.000,00;107,08;Cádiz
V504161;Vida Hipoteca;M;24/04/1978;02/04/2024;02/04/2044;92.000,00;240,78;Almería
V506050;Vida Hipoteca;H;18/07/1990;30/03/2020;30/03/2045;208.000,00;136,89;Málaga
V504130;Vida Hipoteca;H;12/04/1992;28/10/2016;28/10/2046;134.000,00;56,89;Madrid
V504629;Vida Hipoteca;M;21/03/1968;12/07/2018;12/07/2038;159.000,00;603,18;Málaga
V507829;Vida Riesgo;H;22/11/1970;01/12/2019;01/12/2029;103.000,00;350,29;León
V506111;Vida Hipoteca;H;18/09/1983;15/02/2018;15/02/2038;572.000,00;561,80;Madrid
V507416;Vida Hipoteca;M;29/08/1967;07/04/2016;07/04/2046;101.000,00;331,59;Zamora
V507780;Vida Riesgo;M;17/10/1968;26/08/2015;26/08/2035;29.000,00;82,04;Cuenca
V501798;Vida Riesgo;H;11/12/1956;21/09/2020;21/09/2030;28.000,00;333,76;Bizkaia
V505486;Vida Hipoteca;M;14/01/1962;25/01/2024;25/01/2039;127.000,00;1.304,65;Cádiz
V502514;Vida Hipoteca;M;09/09/1972;13/03/2022;13/03/2052;240.000,00;850,45;Ceuta
V500659;Vida Hipoteca;H;07/02/1978;02/09/2021;02/09/2046;130.000,00;278,06;Madrid
V502982;Vida Hipoteca;M;21/03/1977;20/10/2017;20/10/2032;152.000,00;252,30;Castellón
V500944;Vida Hipoteca;M;18/12/2017;13/11/2016;13/11/2046;221.000,00;194,62;Sevilla
V504641;Vida Hipoteca;M;27/10/1965;10/05/2019;10/05/2039;121.000,00;603,82;Málaga
V507585;Vida Riesgo;M;02/12/1992;05/07/2021;05/07/2036;39.000,00;23,35;Sevilla
V507722;Vida Hipoteca;M;03/07/1979;01/02/2024;01/02/2049;196.000,00;457,08;Alicante
V500416;Vida Riesgo;H;18/06/1974;31/10/2017;31/10/2027;34.000,00;71,51;Lugo
V500656;Vida Hipoteca;Hombre;02/07/1979;08/05/2016;08/05/2046;230.000,00;277,98;Gipuzkoa
V506622;Vida Riesgo;M;01/04/1983;06/02/2019;06/02/2039;85.000,00;94,36;Barcelona
V507091;Vida Hipoteca;M;21/07/1981;20/12/2019;20/12/2049;237.000,00;327,12;A Coruña
V504164;Vida Hipoteca;H;11/03/1973;14/02/2020;14/02/2045;80.000,00;227,70;Palencia
V504506;Vida Hipoteca;H;14/07/1975;09/05/2015;09/05/2045;84.000,00;130,64;Salamanca
V502083;Vida Riesgo;M;08/11/1983;25/12/2018;25/12/2033;29.000,00;30,27;Tarragona
V501878;Vida Riesgo;M;26/10/1976;22/07/2017;22/07/2037;93.000,00;156,38;Bizkaia
V507691;Vida Riesgo;H ;11/06/1961;05/09/2016;05/09/2031;75.000,00;432,49;Madrid
V503405;Vida Riesgo;M;07/04/1963;25/11/2016;25/11/2036;12.000,00;60,41;Bizkaia
V500073;Vida Riesgo;H;11/12/1990;04/11/2024;04/11/2034;61.000,00;57,36;Barcelona
V503721;Vida Hipoteca;M;17/12/1966;30/01/2016;30/01/2031;97.000,00;332,64;Almería
V506924;Vida Hipoteca;H;24/06/1993;25/10/2019;25/10/2034;127.000,00;62,79;Cádiz
V504786;Vida Riesgo;H;19/05/1980;12/01/2021;12/01/2031;137.000,00;228,71;Huelva
V506377;Vida Riesgo;H;16/02/1967;10/05/2015;10/05/2025;31.000,00;98,53;Barcelona
V503646;Vida Riesgo;h;27/02/1996;03/06/2018;03/06/2028;157.000,00;54,92;Málaga
V505012;Vida Riesgo;M;01/03/1985;15/05/2019;15/05/2039;177.000,00;170,81;Guadalajara
V500489;Vida Hipoteca;M;29/04/1971;16/03/2020;16/03/2045;89.000,00;299,03;Murcia
V505866;Vida Riesgo;M;27/04/1972;29/03/2017;29/03/2037;77.000,00;184,74;Gipuzkoa
V507892;Vida Hipoteca;H;21/05/1985;11/02/2024;11/02/2054;100.000,00;141,76;Cáceres
V501112;Vida Riesgo;H;05/06/1985;01/01/2018;01/01/2028;71.000,00;59,65;Barcelona
V501804;Vida Hipoteca;H;26/03/1980;27/12/2021;27/12/2041;427.000,00;782,90;Madrid
V506842;Vida Hipoteca;M;04/11/1971;13/02/2015;13/02/2035;170.000,00;354,73;Sevilla
V503473;Vida Riesgo;H;27/12/1981;14/11/2021;14/11/2036;85.000,00;132,91;Palencia
V504568;Vida Riesgo;H;12/01/1990;27/07/2019;27/07/2029;24.000,00;15,58;Barcelona
V503455;Vida Riesgo;M;19/05/1978;28/02/2021;28/02/2041;54.000,00;108,05;Tarragona
V501092;Vida Hipoteca;H;25/11/1974;29/08/2017;29/08/2047;279.000,00;557,15;Madrid
V506919;Vida Hipoteca;H;15/01/1974;25/04/2019;25/04/2044;157.000,00;388,18;Málaga
V502559;Vida Hipoteca;M;05/06/1977;16/07/2021;16/07/2051;118.000,00;264,34;Navarra
V507396;Vida Riesgo;H;14/08/1974;31/12/2023;31/12/2033;54.000,00;189,29;Barcelona
V501961;Vida Hipoteca;M;22/04/1968;25/10/2022;25/10/2052;125.000,00;677,59;Madrid
V506910;Vida Hipoteca;M;18/09/1986;13/09/2022;13/09/2042;281.000,00;315,57;Sevilla
V500964;Vida Riesgo;Mujer;26/10/1996;16/10/2023;16/10/2043;35.000,00;18,26;Madrid
V502790;Vida Hipoteca;h;31/03/1972;03/01/2023;03/01/2048;180.000,00;709,47;Huelva
V503581;Vida Riesgo;H;27/06/1986;24/10/2016;24/10/2026;49.000,00;34,01;Valencia
V503799;Vida Hipoteca;M;23/07/1983;05/06/2019;05/06/2034;121.000,00;134,52;Las Palmas
V503860;Vida Riesgo;H;16/09/1990;15/10/2017;15/10/2037;71.000,00;37,39;Ourense
V505498;Vida Hipoteca;M;04/08/1975;10/04/2015;10/04/2030;122.000,00;187,55;Ceuta
V500728;Vida Hipoteca;H;26/09/1973;11/08/2021;11/08/2041;201.000,00;619,98;Málaga
V504474;Vida Hipoteca;H;01/08/1971;30/04/2018;30/04/2038;150.000,00;420,34;Madrid
V505637;Vida Hipoteca;H;05/04/1976;05/12/2020;05/12/2035;144.000,00;338,25;Madrid
V501478;Vida Riesgo;H;03/06/1970;03/02/2016;03/02/2031;156.000,00;398,99;Barcelona
V506005;Vida Hipoteca;M;04/12/1963;23/09/2022;23/09/2037;100.000,00;780,99;Lugo
V503018;Vida Riesgo;M;22/08/1983;12/09/2016;12/09/2036;59.000,00;51,66;Málaga
V507074;Vida Hipoteca;H;30/01/1985;27/06/2023;27/06/2043;620.000,00;855,09;Illes Balears
V500207;Vida Riesgo;M;09/08/1977;09/04/2015;09/04/2025;106.000,00;137,27;Zaragoza
V501419;Vida Hipoteca;M;10/09/1966;08/04/2019;08/04/2044;153.000,00;703,76;Barcelona
V500315;Vida Riesgo;M;07/06/1977;24/08/2020;24/08/2035;158.000,00;327,97;Murcia
V505879;Vida Hipoteca;M;29/08/1978;07/06/2017;07/06/2042;67.000,00;95,34;Cantabria
V506861;Vida Hipoteca;H;15/02/1977;13/08/2019;13/08/2034;162.000,00;316,12;Araba/Álava
V501959;Vida Riesgo;M;24/05/1979;26/06/2023;26/06/2043;70.000,00;156,55;Ciudad Real
V507583;Vida Riesgo;M;12/08/1987;09/04/2017;09/04/2037;78.000,00;51,15;Alicante
V505119;Vida Hipoteca;H;19/12/1979;23/11/2018;23/11/2038;118.000,00;170,17;Valencia
V500968;Vida Riesgo;M;02/06/1980;09/02/2023;09/02/2038;36.000,00;71,47;Pontevedra
V500579;Vida Hipoteca;H;28/08/1972;29/08/2024;29/08/2049;133.000,00;582,74;Zamora
V506471;Vida Hipoteca;H;09/08/1999;08/10/2022;08/10/2047;311.000,00;117,42;Sevilla
V501147;Vida Riesgo;H;02/03/1977;27/02/2020;27/02/2030;58.000,00;118,12;Alicante
V501453;Vida Riesgo;M;09/10/1975;10/09/2022;10/09/2037;135.000,00;384,04;Burgos
V504556;Vida Riesgo;H;02/12/1983;24/04/2019;24/04/2039;63.000,00;67,25;Segovia
V502777;Vida Hipoteca;H;19/12/1983;13/09/2015;13/09/2030;155.000,00;121,26;Segovia
V505361;Vida Hipoteca;H;29/12/1976;26/12/2023;26/12/2048;410.000,00;1.172,97;Barcelona
V504502;Vida Hipoteca;H;12/11/1986;31/07/2024;31/07/2049;148.000,00;192,51;Melilla
V500942;Vida Hipoteca;M;18/05/1987;16/10/2022;16/10/2052;84.000,00;89,85;Girona
V504315;Vida Hipoteca;H;19/10/1982;18/04/2024;18/04/2044;182.000,00;326,51;Alicante
V506361;Vida Hipoteca;H;12/10/1966;11/12/2021;11/12/2041;96.000,00;550,30;Tarragona
V500757;Vida Riesgo;M;29/07/1980;12/06/2016;12/06/2031;69.000,00;76,72;Santa Cruz de Tenerife
V506348;Vida Riesgo;H;14/10/1976;20/11/2016;20/11/2031;65.000,00;103,55;Alicante
V502491;Vida Hipoteca;M;16/10/1990;18/03/2020;18/03/2050;213.000,00;136,88;La Rioja
V504344;Vida Hipoteca;M;08/12/1972;14/11/2018;14/11/2033;144.000,00;376,62;Madrid
V505035;Vida Riesgo;H;28/06/1980;24/04/2017;24/04/2037;75.000,00;90,42;Barcelona
V504910;Vida Riesgo;M;26/03/1980;22/09/2020;22/09/2030;97.000,00;159,74;Cantabria
V505947;Vida Hipoteca;H;30/10/1965;22/01/2016;22/01/2031;396.000,00;1.491,99;Huelva
V505554;Vida Riesgo;H;21/10/1963;06/04/2019;06/04/2029;27.000,00;158,65;Barcelona
V501298;Vida Hipoteca;H;13/09/1997;11/01/2019;11/01/2044;88.000,00;28,42;Bizkaia
V501952;Vida Hipoteca;M;04/01/1983;13/02/2022;13/02/2052;245.000,00;358,81;Madrid
V506954;Vida Hipoteca;M;30/08/1995;12/06/2019;12/06/2039;97.000,00;38,61;Gipuzkoa
V507647;Vida Hipoteca;H;16/07/1984;21/04/2023;21/04/2053;63.000,00;89,57;Cádiz
V504469;Vida Hipoteca;H;08/03/1978;27/11/2019;27/11/2034;95.000,00;173,71;Málaga
V504569;Vida Hipoteca;H;04/09/1988;08/10/2023;08/10/2048;348.000,00;362,14;Granada
V506248;Vida Hipoteca;M;07/08/1984;24/10/2024;24/10/2054;141.000,00;226,77;Illes Balears
V507346;Vida Riesgo;M;19/11/1981;30/01/2023;30/01/2038;43.000,00;75,19;Badajoz
V504497;Vida Riesgo;H;29/08/1968;04/10/2023;04/10/2033;151.000,00;860,64;Pontevedra
V502604;Vida Hipoteca;H;05/10/2000;26/06/2022;26/06/2042;189.000,00;63,13;Madrid
V500755;Vida Hipoteca;H;05/11/1982;12/04/2016;12/04/2036;234.000,00;211,52;Madrid
V502067;Vida Riesgo;M;19/09/1969;20/08/2019;20/08/2039;96.000,00;352,25;Córdoba
V500021;Vida Hipoteca;H;10/06/1960;20/11/2024;20/11/2039;167.000,00;2.106,77;Castellón
V504236;Vida Hipoteca;H;04/04/1972;20/09/2019;20/09/2049;95.000,00;282,88;Palencia
V507909;Vida Riesgo;H;04/05/1962;29/10/2016;29/10/2031;15.000,00;81,17;Guadalajara
V505789;Vida Riesgo;M;04/10/1971;15/12/2015;15/12/2035;192.000,00;433,22;Bizkaia
V501029;Vida Hipoteca;M ;30/10/1975;01/09/2020;01/09/2045;184.000,00;438,56;Madrid
V503951;Vida Hipoteca;H;22/09/1991;28/10/2020;28/10/2040;179.000,00;111,94;Barcelona
V501778;Vida Hipoteca;M;06/12/1978;15/09/2023;15/09/2048;106.000,00;251,23;Valencia
V502637;Vida Hipoteca;M;20/09/1975;19/06/2024;19/06/2054;110.000,00;365,43;Valencia
V504160;Vida Riesgo;M;16/05/1963;25/05/2017;25/05/2037;155.000,00;806,46;Murcia
V500580;Vida Hipoteca;H;28/04/1975;13/12/2021;13/12/2046;135.000,00;374,55;Guadalajara
V506205;Vida Hipoteca;H;06/12/1994;06/09/2021;06/09/2036;116.000,00;59,41;Barcelona
V500743;Vida Riesgo;M;12/11/1987;01/07/2015;01/07/2025;163.000,00;89,98;Alicante
V503598;Vida Riesgo;M;05/03/1972;25/07/2019;25/07/2029;34.000,00;100,62;Soria
V502367;Vida Hipoteca;M;14/05/1987;24/08/2024;24/08/2039;178.000,00;223,14;Barcelona
V507175;Vida Hipoteca;H;01/11/1963;03/02/2015;03/02/2040;551.000,00;2.266,08;Madrid
V501034;Vida Riesgo;M;01/02/1972;08/12/2019;08/12/2029;188.000,00;578,60;Bizkaia
V505282;Vida Hipoteca;M;27/08/1965;07/09/2022;07/09/2052;118.000,00;792,55;Madrid
V505078;Vida Hipoteca;M;11/07/1970;08/12/2016;08/12/2036;162.000,00;441,24;Teruel
V506895;Vida Riesgo;H;10/09/1989;26/11/2022;26/11/2037;44.000,00;39,02;Madrid
V505992;Vida Hipoteca;Mujer;24/04/1976;05/04/2017;05/04/2047;51.000,00;87,30;Bizkaia
V501050;Vida Hipoteca;H;13/01/1980;17/04/2017;17/04/2032;289.000,00;361,60;Ávila
V500999;Vida Hipoteca;M;24/02/1988;10/07/2023;10/07/2043;156.000,00;166,26;Málaga
V505961;Vida Hipoteca;M;11/05/1984;18/07/2024;18/07/2044;97.000,00;155,64;Granada
V502156;Vida Hipoteca;H;11/05/1986;06/06/2021;06/06/2046;79.000,00;82,08;Salamanca
V502895;Vida Hipoteca;M;06/03/1969;18/05/2017;18/05/2047;84.000,00;266,36;Pontevedra
V503427;Vida Riesgo;M;09/06/1976;28/05/2016;28/05/2036;51.000,00;80,33;Madrid
V506412;Vida Hipoteca;M;04/02/1985;07/10/2018;07/10/2038;111.000,00;102,36;Barcelona
V506444;Vida Riesgo;H;23/10/1975;05/10/2022;05/10/2032;176.000,00;501,95;Burgos
V502936;Vida Riesgo;M ;01/04/1972;24/12/2017;24/12/2027;103.000,00;264,76;Zamora
V501332;Vida Hipoteca;H;26/09/1979;08/04/2018;08/04/2048;362.000,00;504,66;Murcia
V504999;Vida Hipoteca;M;29/06/1959;25/11/2020;25/11/2050;110.000,00;1.072,21;Jaén
V505604;Vida Riesgo;M;17/07/1976;20/03/2016;20/03/2036;60.000,00;92,19;Murcia
V501350;Vida Hipoteca;M;21/06/1978;01/07/2015;01/07/2035;198.000,00;242,92;Ourense
V504790;Vida Riesgo;H;17/07/1994;27/01/2020;27/01/2030;76.000,00;35,09;Valladolid
V506162;Vida Riesgo;H;04/07/1990;26/04/2019;26/04/2029;125.000,00;76,27;Sevilla
V503324;Vida Riesgo;H;21/12/2002;22/12/2024;22/12/2034;60.000,00;20,53;Alicante
V501267;Vida Riesgo;H;29/09/1962;11/04/2017;11/04/2032;45.000,00;244,44;Almería
V505834;Vida Riesgo;M;20/07/1992;28/01/2023;28/01/2033;79.000,00;55,76;Toledo
V505332;Vida Hipoteca;H;17/02/1973;01/07/2018;01/07/2048;97.000,00;241,77;Valencia
V505025;Vida Riesgo;M;30/10/1969;04/10/2023;04/10/2038;69.000,00;356,06;Illes Balears
V503760;Vida Riesgo;M;21/08/1970;25/07/2022;25/07/2032;75.000,00;326,42;Cantabria
V504843;Vida Hipoteca;H;01/07/1990;28/12/2019;28/12/2039;163.000,00;105,40;Barcelona
V507916;Vida Hipoteca;H;07/04/1960;18/03/2019;18/03/2049;146.000,00;1.153,88;Cantabria
V504338;Vida Hipoteca;M;16/08/1964;26/05/2017;26/05/2037;99.000,00;463,11;Sevilla
V502133;Vida Hipoteca;H;14/01/1971;02/02/2019;02/02/2039;82.000,00;256,78;Zaragoza
V505031;Vida Hipoteca;H;08/12/1986;24/01/2018;24/01/2038;164.000,00;121,86;Murcia
V504222;Vida Hipoteca;M;21/07/1983;07/01/2018;07/01/2043;133.000,00;131,24;Valencia
V505304;Vida Riesgo;M;24/03/1969;18/02/2017;18/02/2037;31.000,00;95,88;Bizkaia
V500096;Vida Hipoteca;M;14/09/1972;27/06/2016;27/06/2036;174.000,00;379,08;Málaga
V503664;Vida Riesgo;M;22/10/2000;25/10/2024;25/10/2034;77.000,00;31,24;Valencia
V504267;Vida Hipoteca;M;30/03/1972;24/06/2018;24/06/2038;142.000,00;380,97;Madrid
V500342;Vida Hipoteca;H;21/11/1952;05/06/2017;05/06/2032;230.000,00;2.924,31;Soria
V500573;Vida Hipoteca;M;16/04/1996;17/12/2022;17/12/2047;152.000,00;77,30;Cáceres
V505942;Vida Riesgo;H;09/01/1976;03/09/2020;03/09/2035;46.000,00;107,89;Huelva
V505522;Vida Riesgo;M;27/04/1958;19/08/2020;19/08/2030;39.000,00;410,47;Madrid
V501940;Vida Riesgo;M;29/01/1983;20/02/2024;20/02/2034;59.000,00;101,96;Almería
V506518;Vida Hipoteca;h;29/01/1981;02/12/2021;02/12/2041;145.000,00;245,95;Madrid
V503549;Vida Hipoteca;M;07/02/1976;25/08/2022;25/08/2042;110.000,00;303,05;Murcia
V507504;Vida Hipoteca;M;25/04/1976;28/03/2015;28/03/2040;274.000,00;394,85;Madrid
V501033;Vida Hipoteca;H;12/09/1968;23/01/2020;23/01/2035;226.000,00;937,75;Bizkaia
V506899;Vida Hipoteca;H;08/12/1999;18/02/2018;18/02/2038;209.000,00;51,74;Alicante
V500814;Vida Riesgo;M;10/08/1981;06/05/2021;06/05/2031;40.000,00;61,78;Cuenca
V500563;Vida Hipoteca;H;07/01/1976;10/05/2019;10/05/2049;232.000,00;486,60;Huesca
V506949;Vida Riesgo;H;17/03/1974;09/01/2021;09/01/2031;61.000,00;171,97;Tarragona
V507228;Vida Hipoteca;M;11/06/1969;19/07/2018;19/07/2048;159.000,00;544,49;Zaragoza
V506786;Vida Riesgo;M;28/01/1994;13/04/2021;13/04/2031;85.000,00;45,25;Málaga
V506146;Vida Hipoteca;M;19/01/1984;11/07/2021;11/07/2051;173.000,00;220,46;Madrid
V500720;Vida Riesgo;M;25/02/1981;01/04/2018;01/04/2033;47.000,00;57,99;Melilla
V501036;Vida Riesgo;M;18/06/1982;29/07/2018;29/07/2028;34.000,00;38,59;Madrid
V507807;Vida Hipoteca;M;12/02/1981;21/08/2019;21/08/2044;160.000,00;222,82;Madrid
V501789;Vida Riesgo;M;31/12/1971;13/02/2017;13/02/2037;89.000,00;217,28;Araba/Álava
V506157;Vida Riesgo;H;28/04/1989;27/02/2018;27/02/2028;25.000,00;15,29;Madrid
V503999;Vida Hipoteca;M;23/10/1964;13/02/2015;13/02/2045;185.000,00;701,82;Madrid
V500390;Vida Hipoteca;H;13/04/1982;24/12/2021;24/12/2036;46.000,00;70,82;Ávila
V506363;Vida Hipoteca;H;27/06/1969;25/09/2022;25/09/2047;102.000,00;496,64;Alicante
V503628;Vida Hipoteca;H;12/03/1984;20/06/2016;20/06/2036;128.000,00;104,83;Sevilla
V505005;Vida Riesgo;M;01/02/1956;08/08/2016;08/08/2026;59.000,00;533,09;Granada
V501168;Vida Riesgo;M;22/02/1982;13/05/2018;13/05/2033;48.000,00;54,98;Madrid
V502889;Vida Riesgo;H;01/02/1970;01/01/2020;01/01/2035;79.000,00;289,79;Cádiz
V507003;Vida Hipoteca;H;24/09/1971;06/08/2018;06/08/2038;208.000,00;588,87;Barcelona
V500551;Vida Riesgo;M;09/05/1972;02/12/2015;02/12/2035;55.000,00;117,60;Las Palmas
V501360;Vida Hipoteca;M;22/05/1987;27/07/2020;27/07/2035;254.000,00;224,76;Madrid
V500857;Vida Hipoteca;M;26/09/1968;16/06/2016;16/06/2046;62.000,00;188,76;Barcelona
V504183;Vida Riesgo;m;21/07/1977;09/12/2019;09/12/2039;41.000,00;79,30;Guadalajara
V506489;Vida Hipoteca;M;22/01/1957;20/02/2016;20/02/2036;256.000,00;2.046,16;Zamora
V502854;Vida Riesgo;Hombre;27/02/1973;30/07/2024;30/07/2039;90.000,00;375,21;Badajoz
V505958;Vida Hipoteca;M;21/01/2002;03/04/2020;03/04/2040;102.000,00;25,25;Huelva
V500677;Vida Hipoteca;M;25/07/1976;08/05/2021;08/05/2036;100.000,00;237,25;Barcelona
V503354;Vida Hipoteca;M;09/05/1981;03/10/2021;03/10/2051;71.000,00;116,03;Alicante
V504033;Vida Riesgo;M;25/04/1980;10/10/2019;10/10/2029;39.000,00;58,82;Guadalajara
V500848;Vida Hipoteca;M;02/11/1970;23/10/2010;23/10/2020;277.000,00;2.832,35;Barcelona
V506342;Vida Riesgo;h;06/03/1972;12/08/2024;12/08/2044;174.000,00;790,90;Lleida
V504897;Vida Riesgo;H;03/10/1957;09/07/2015;09/07/2035;73.000,00;521,85;Madrid
V504106;Vida Hipoteca;H;25/03/1969;31/01/2015;31/01/2030;171.000,00;444,17;Las Palmas
V504073;Vida Hipoteca;H;24/11/1984;26/05/2022;26/05/2047;146.000,00;186,44;Zaragoza
V500467;Vida Hipoteca;H;28/11/1976;16/07/2017;16/07/2037;147.000,00;244,94;Lugo
V501688;Vida Riesgo;Hombre;19/01/1977;28/11/2022;28/11/2037;122.000,00;316,99;Tarragona
V502912;Vida Riesgo;H;28/10/1980;07/07/2016;07/07/2031;72.000,00;78,84;Pontevedra
V505763;Vida Hipoteca;M;15/12/1969;01/11/2022;01/11/2052;206.000,00;972,25;Granada
V502864;Vida Riesgo;H;02/03/1975;23/04/2017;23/04/2032;45.000,00;85,28;Cáceres
V505853;Vida Riesgo;M;22/12/1974;25/12/2017;25/12/2037;26.000,00;53,04;Asturias
V503328;Vida Hipoteca;H;19/01/1963;27/07/2020;27/07/2035;235.000,00;1.645,45;Madrid
V505098;Vida Hipoteca;H;12/01/1980;25/03/2021;25/03/2041;85.000,00;148,65;León
V501081;Vida Hipoteca;H;04/08/1989;19/06/2024;19/06/2054;131.000,00;133,84;Badajoz
V501911;Vida Hipoteca;M;16/11/1986;17/08/2024;17/08/2049;259.000,00;337,94;Madrid
V500698;Vida Riesgo;M;27/11/1981;21/03/2021;21/03/2036;68.000,00;101,32;Valencia
V506729;Vida Riesgo;M;15/04/1975;13/10/2024;13/10/2039;58.000,00;205,39;Madrid
V502792;Vida Riesgo;M;21/08/1984;26/03/2022;26/03/2032;23.000,00;29,61;Burgos
V500786;Vida Hipoteca;H;23/01/1963;10/11/2019;10/11/2039;174.000,00;1.145,78;Segovia
V505699;Vida Riesgo;M;09/12/1986;16/07/2017;16/07/2027;46.000,00;32,68;Zaragoza
V500735;Vida Hipoteca;H;11/08/1984;19/04/2024;19/04/2044;107.000,00;164,59;Albacete
V504695;Vida Hipoteca;M;08/01/1978;29/09/2018;29/09/2038;201.000,00;337,59;Las Palmas
V500952;Vida Riesgo;M;09/06/1979;16/06/2015;16/06/2025;32.000,00;36,04;Murcia
V506771;Vida Riesgo;M;02/11/2001;14/01/2020;14/01/2040;75.000,00;18,57;Lleida
V502506;Vida Hipoteca;M;10/06/1994;23/12/2018;23/12/2038;189.000,00;80,19;Barcelona
V507933;Vida Hipoteca;M;09/01/1983;31/08/2017;31/08/2047;244.000,00;244,40;Valencia
V502192;Vida Hipoteca;Mujer;28/05/1969;27/03/2016;27/03/2041;129.000,00;364,13;León
V501244;Vida Hipoteca;M;25/08/1993;24/05/2018;24/05/2038;182.000,00;78,60;Málaga
V500264;Vida Hipoteca;H;03/01/1972;03/01/2018;03/01/2038;125.000,00;328,80;A Coruña
V505927;Vida Hipoteca;M;07/06/1981;07/12/2019;07/12/2044;204.000,00;283,63;Barcelona
V506822;Vida Riesgo;M;19/10/1992;12/03/2022;12/03/2037;87.000,00;55,78;Madrid
V501769;Vida Riesgo;M;16/04/1987;23/12/2024;23/12/2044;23.000,00;29,85;Barcelona
V505568;Vida Hipoteca;M;03/10/1986;19/07/2018;19/07/2033;136.000,00;106,92;Murcia
V505398;Vida Hipoteca;H;09/03/1983;22/12/2021;22/12/2036;85.000,00;121,12;A Coruña
V506674;Vida Riesgo;H;01/02/1971;11/04/2018;11/04/2033;83.000,00;241,55;Madrid
V503390;Vida Riesgo;H;09/07/1994;16/02/2019;16/02/2039;232.000,00;99,03;Madrid
V502060;Vida Hipoteca;H;19/03/1977;23/10/2018;23/10/2048;129.000,00;233,34;Asturias
V505226;Vida Riesgo;H;28/04/1991;13/10/2022;13/10/2042;26.000,00;19,87;Soria
V505893;Vida Riesgo;H;01/03/1973;03/08/2021;03/08/2041;94.000,00;303,79;Zamora
V507456;Vida Riesgo;H;11/08/1982;10/01/2015;10/01/2030;26.000,00;21,55;Madrid
V506680;Vida Riesgo;M;15/06/1972;24/03/2023;24/03/2043;77.000,00;303,81;Valencia
V500872;Vida Hipoteca;H;08/01/1975;04/12/2018;04/12/2048;101.000,00;222,32;Las Palmas
V504255;Vida Hipoteca;H;09/06/1978;24/03/2022;24/03/2047;102.000,00;222,33;Araba/Álava
V504848;Vida Riesgo;Hombre;18/10/1961;22/06/2016;22/06/2036;29.000,00;159,48;Cádiz
V500318;Vida Hipoteca;M;13/03/1976;19/07/2023;19/07/2053;230.000,00;678,36;Sevilla
V502344;Vida Hipoteca;H;14/01/1990;26/08/2023;26/08/2038;232.000,00;212,91;Madrid
V503231;Vida Riesgo;M;11/12/1969;09/12/2024;09/12/2039;42.000,00;237,31;Alicante
V501469;Vida Hipoteca;M;16/06/1975;25/07/2023;25/07/2053;140.000,00;440,48;Lleida
V506185;Vida Riesgo;H;26/10/1970;08/12/2023;08/12/2043;35.000,00;168,56;Cuenca
V503974;Vida Riesgo;M;17/02/1977;16/07/2015;16/07/2025;121.000,00;166,90;Valencia
V506288;Vida Hipoteca;H;13/11/1996;18/06/2024;18/06/2049;133.000,00;73,18;Sevilla
V506025;Vida Hipoteca;M;11/05/1982;16/04/2018;16/04/2038;157.000,00;175,49;Girona
V501262;Vida Hipoteca;M;07/03/1982;06/06/2017;06/06/2032;324.000,00;341,70;Barcelona
V505183;Vida Hipoteca;M;27/09/1960;12/05/2017;12/05/2047;175.000,00;1.135,28;Toledo
V507988;Vida Hipoteca;H;24/04/1970;26/06/2018;26/06/2048;175.000,00;553,68;Sevilla
V505202;Vida Riesgo;H;15/06/1964;18/02/2017;18/02/2037;38.000,00;176,33;Palencia
V506422;Vida Riesgo;H;28/06/1987;12/12/2017;12/12/2032;75.000,00;52,65;Barcelona
V501464;Vida Hipoteca;M;07/09/1981;15/02/2022;15/02/2047;156.000,00;255,81;Toledo
V503758;Vida Hipoteca;M;18/07/1971;14/12/2018;14/12/2043;82.000,00;243,12;Ourense
V502401;Vida Hipoteca;Hombre;22/09/1971;07/06/2021;07/06/2046;189.000,00;681,36;Madrid
V506136;Vida Hipoteca;H;24/08/2001;17/06/2024;17/06/2054;128.000,00;46,92;Illes Balears
V500001;Vida Riesgo;H;29/06/1967;13/02/2024;13/02/2044;80.000,00;519,25;Madrid
V505572;Vida Hipoteca;H;14/06/1964;27/03/2018;27/03/2048;96.000,00;489,30;Ceuta
V500153;Vida Hipoteca;M;11/12/1969;19/08/2020;19/08/2050;81.000,00;317,34;Barcelona
V506990;Vida Riesgo;M;23/12/1965;10/05/2020;10/05/2030;123.000,00;659,46;Ourense
V500919;Vida Hipoteca;M;30/11/1979;13/04/2015;13/04/2040;66.000,00;70,32;Girona
V501613;Vida Hipoteca;H;09/07/1958;05/07/2017;05/07/2032;190.000,00;1.507,47;Ciudad Real
V501102;Vida Hipoteca;M;09/05/1983;26/04/2021;26/04/2041;82.000,00;108,95;Málaga
V506467;Vida Hipoteca;Hombre;21/08/1980;10/03/2020;10/03/2050;196.000,00;298,00;Segovia
V504125;Vida Hipoteca;H;23/06/1976;13/12/2019;13/12/2034;220.000,00;466,74;Ávila
V504384;Vida Hipoteca;M;16/12/1985;05/06/2022;05/06/2052;428.000,00;500,70;Barcelona
V504441;Vida Hipoteca;H;20/02/1971;31/07/2018;31/07/2038;196.000,00;582,78;Sevilla
V502443;Vida Hipoteca;M;19/12/1982;18/06/2019;18/06/2044;76.000,00;89,12;Madrid
V507378;Vida Hipoteca;H;20/04/1980;24/08/2018;24/08/2048;95.000,00;130,35;Badajoz
V502946;Vida Riesgo;H;29/05/1975;01/07/2018;01/07/2033;23.000,00;47,24;Santa Cruz de Tenerife
V502641;Vida Hipoteca;H;05/02/1981;13/08/2022;13/08/2047;173.000,00;310,82;Alicante
V502440;Vida Hipoteca;M;13/04/1986;09/05/2024;09/05/2039;175.000,00;234,64;Illes Balears
V501502;Vida Riesgo;M;17/02/1972;14/04/2016;14/04/2036;39.000,00;87,70;Guadalajara
V505787;Vida Hipoteca;H;03/11/1986;12/01/2019;12/01/2039;408.000,00;331,82;Soria
V505785;Vida Hipoteca;M;03/05/1971;07/08/2022;07/08/2037;106.000,00;436,08;Toledo
V501930;Vida Riesgo;M;02/12/1989;21/02/2019;21/02/2039;138.000,00;87,20;Cuenca
V503564;Vida Riesgo;M;30/04/1987;11/12/2023;11/12/2033;155.000,00;183,63;Barcelona
V501458;Vida Hipoteca;M;16/02/1958;15/09/2018;15/09/2043;53.000,00;481,30;Pontevedra
V504737;Vida Hipoteca;M;13/01/1985;16/10/2017;16/10/2032;93.000,00;79,34;A Coruña
V500532;Vida Hipoteca;M;15/05/1967;25/07/2016;25/07/2046;148.000,00;510,79;Bizkaia
V503882;Vida Riesgo;M;04/09/1980;11/06/2020;11/06/2035;62.000,00;96,02;Barcelona
V506613;Vida Riesgo;M;01/03/1989;20/07/2020;20/07/2040;76.000,00;57,72;Barcelona
V501340;Vida Riesgo;H;15/07/1980;09/06/2018;09/06/2033;55.000,00;72,67;Madrid
V504235;Vida Hipoteca;M;16/09/1960;11/01/2018;11/01/2043;154.000,00;1.060,16;Lugo
V503243;Vida Hipoteca;M;25/11/1972;28/12/2016;28/12/2031;95.000,00;212,42;Alicante
V504328;Vida Hipoteca;M;14/05/1989;15/12/2022;15/12/2042;217.000,00;198,71;Zamora
V501167;Vida Riesgo;M;04/10/1966;12/04/2019;12/04/2034;35.000,00;160,24;Pontevedra
V502114;Vida Hipoteca;M;10/09/1972;31/07/2023;31/07/2053;134.000,00;533,94;Málaga
V503633;Vida Hipoteca;H;13/01/1973;23/06/2016;23/06/2041;115.000,00;243,36;Jaén
V502408;Vida Riesgo;M;27/07/1982;02/10/2015;02/10/2030;136.000,00;120,32;Salamanca
V502496;Vida Riesgo;H;26/06/1954;10/08/2020;10/08/2030;104.000,00;1.513,44;Barcelona
V502862;Vida Riesgo;M;16/08/1976;18/09/2020;18/09/2040;60.000,00;134,18;Madrid
V507785;Vida Hipoteca;M;15/07/1977;16/03/2024;16/03/2054;104.000,00;289,56;Soria
V500249;Vida Hipoteca;M;27/10/1971;20/08/2024;20/08/2044;180.000,00;845,05;Málaga
V501225;Vida Riesgo;M;22/04/1983;03/11/2018;03/11/2038;66.000,00;71,32;Castellón
V502045;Vida Hipoteca;h;26/06/1978;10/01/2018;10/01/2033;209.000,00;317,56;Ciudad Real
V500900;Vida Riesgo;H;08/06/1985;22/04/2017;22/04/2027;44.000,00;34,82;Ceuta
V500878;Vida Hipoteca;M;19/04/1975;23/12/2021;23/12/2051;113.000,00;314,91;Alicante
V502102;Vida Riesgo;Hombre;12/07/1975;01/07/2023;01/07/2038;178.000,00;553,56;Murcia
V503279;Vida Hipoteca;M;03/10/1975;06/11/2021;06/11/2036;296.000,00;784,84;La Rioja
V507853;Vida Hipoteca;M;14/03/1978;24/07/2018;24/07/2033;66.000,00;107,50;A Coruña
V506210;Vida Riesgo;H;08/11/1971;22/01/2018;22/01/2033;114.000,00;305,20;Toledo
V500399;Vida Hipoteca;M;14/04/1967;09/01/2021;09/01/2036;238.000,00;1.208,64;Salamanca
V500481;Vida Riesgo;H;17/04/1964;01/05/2020;01/05/2040;135.000,00;833,47;Pontevedra
V502846;Vida Riesgo;M;03/08/1970;29/03/2015;29/03/2030;75.000,00;175,91;Cáceres
V501633;Vida Hipoteca;H;07/03/1979;08/03/2019;08/03/2044;219.000,00;345,99;Ceuta
V500339;Vida Hipoteca;H;11/07/1976;18/02/2023;18/02/2038;53.000,00;146,78;Málaga
V503120;Vida Riesgo;H;10/05/1955;05/05/2022;05/05/2037;98.000,00;1.534,37;Araba/Álava
V502210;Vida Hipoteca;M;12/09/1976;13/09/2018;13/09/2033;90.000,00;168,50;Las Palmas
V500953;Vida Hipoteca;H;13/01/1975;01/01/2021;01/01/2051;262.000,00;687,21;Málaga
V506029;Vida Riesgo;M;28/09/1968;09/09/2018;09/09/2038;56.000,00;206,00;Ceuta
V507671;Vida Hipoteca;H;29/03/1969;04/12/2021;04/12/2041;239.000,00;1.109,44;Málaga
V500690;Vida Riesgo;M;23/03/1989;15/11/2023;15/11/2033;56.000,00;56,12;Bizkaia
V507715;Vida Riesgo;M;24/02/1985;22/07/2017;22/07/2027;61.000,00;50,52;Madrid
V501098;Vida Riesgo;M;21/02/1983;21/05/2015;21/05/2025;43.000,00;35,13;Cuenca
V505003;Vida Hipoteca;H;29/12/1965;18/04/2020;18/04/2035;108.000,00;575,35;Asturias
V505290;Vida Hipoteca;H;16/01/1980;01/02/2021;01/02/2036;83.000,00;143,27;Segovia
V505505;Vida Hipoteca;M;07/02/1968;05/06/2021;05/06/2036;84.000,00;411,78;Bizkaia
V507942;Vida Hipoteca;M;09/06/1988;11/08/2024;11/08/2039;113.000,00;128,92;Madrid
V503572;Vida Hipoteca;M;16/04/1974;16/05/2015;16/05/2045;244.000,00;422,53;Zamora
V506920;Vida Hipoteca;Mujer;13/12/1964;13/12/2016;13/12/2036;122.000,00;534,36;Navarra
V507524;Vida Hipoteca;H;01/01/1969;08/02/2017;08/02/2037;151.000,00;475,00;Las Palmas
V506216;Vida Riesgo;M;17/06/1975;27/07/2020;27/07/2040;96.000,00;234,12;Toledo
V503611;Vida Riesgo;H;09/11/1980;17/03/2020;17/03/2040;50.000,00;74,73;Valencia
V500859;Vida Riesgo;M;09/07/1991;28/01/2017;28/01/2027;129.000,00;59,69;Madrid
V506882;Vida Hipoteca;H;14/01/2000;15/08/2024;15/08/2054;196.000,00;83,51;Córdoba
V507128;Vida Hipoteca;M;11/02/1980;27/12/2020;27/12/2040;244.000,00;415,16;Málaga
V504143;Vida Riesgo;M;19/12/1984;06/01/2019;06/01/2029;57.000,00;54,29;Murcia
V501546;Vida Riesgo;H;16/12/1974;30/11/2015;30/11/2035;119.000,00;203,88;Barcelona
V503784;Vida Hipoteca;H;05/12/1979;11/01/2016;11/01/2031;262.000,00;297,07;Huesca
V503839;Vida Hipoteca;H;14/06/1972;22/07/2024;22/07/2044;236.000,00;1.042,78;Madrid
V504084;Vida Hipoteca;H;26/02/1996;02/12/2022;02/12/2047;167.000,00;85,64;Cádiz
V507466;Vida Hipoteca;M;14/01/1982;09/02/2024;09/02/2054;248.000,00;467,07;Valladolid
V506772;Vida Riesgo;M;13/06/1995;03/01/2022;03/01/2037;23.000,00;11,59;Huelva
V502661;Vida Hipoteca;H;05/05/1968;14/12/2024;14/12/2054;213.000,00;1.380,46;Sevilla
V505349;Vida Riesgo;M;11/02/1966;22/11/2018;22/11/2028;122.000,00;570,91;Málaga
V505076;Vida Riesgo;M;02/05/1975;11/09/2020;11/09/2040;87.000,00;216,79;A Coruña
V507098;Vida Hipoteca;H;11/05/1983;09/07/2024;09/07/2054;233.000,00;406,23;Alicante
V501398;Vida Riesgo;H;25/10/1979;15/01/2024;15/01/2034;39.000,00;88,21;Zaragoza
V503562;Vida Hipoteca;M;22/01/1971;16/10/2018;16/10/2038;110.000,00;335,20;A Coruña
V507854;Vida Riesgo;M;17/07/1970;07/07/2010;07/07/2020;126.000,00;262,10;A Coruña
V503946;Vida Hipoteca;H;13/08/1974;10/03/2016;10/03/2031;56.000,00;101,11;Alicante
V505559;Vida Hipoteca;M;16/08/1989;29/06/2020;29/06/2050;127.000,00;92,31;Madrid
V503626;Vida Riesgo;H;25/07/1983;03/04/2021;03/04/2031;75.000,00;97,36;Las Palmas
V502745;Vida Hipoteca;H;04/09/1962;01/02/2022;01/02/2037;233.000,00;1.916,21;Segovia
V504943;Vida Hipoteca;H;18/04/1971;02/11/2018;02/11/2038;173.000,00;518,84;Asturias
V502323;Vida Hipoteca;H;12/05/1981;29/03/2015;29/03/2035;377.000,00;353,92;Alicante
V501941;Vida Riesgo;M;09/12/1983;29/07/2015;29/07/2025;46.000,00;35,69;Valencia
V501538;Vida Riesgo;m;15/10/1980;04/03/2021;04/03/2041;123.000,00;200,69;Madrid
V501031;Vida Hipoteca;h;19/03/1980;13/01/2018;13/01/2043;82.000,00;107,60;Sevilla
V505800;Vida Hipoteca;H;26/01/1975;20/12/2016;20/12/2046;208.000,00;386,10;Barcelona
V505583;Vida Hipoteca;M;03/08/1973;04/06/2017;04/06/2047;136.000,00;297,58;León
V505483;Vida Hipoteca;M;04/11/1985;18/02/2016;18/02/2031;122.000,00;84,41;Pontevedra
V503306;Vida Hipoteca;M;25/07/1992;01/05/2021;01/05/2036;168.000,00;102,12;Huelva
V503635;Vida Riesgo;H;10/10/1976;15/10/2021;15/10/2031;69.000,00;166,89;Badajoz
V503923;Vida Riesgo;H;11/07/1974;05/09/2020;05/09/2040;60.000,00;159,90;Santa Cruz de Tenerife
V506972;Vida Riesgo;M;23/12/1970;13/12/2010;13/12/2020;62.000,00;159,18;Valencia
V502964;Vida Riesgo;H;11/12/1987;29/03/2019;29/03/2029;66.000,00;49,74;Madrid
V506006;Vida Hipoteca;h;31/12/1972;07/12/2022;07/12/2037;203.000,00;745,80;Valencia
V507796;Vida Hipoteca;M;21/09/1991;11/04/2022;11/04/2052;284.000,00;200,97;Soria
V505654;Vida Riesgo;H;29/07/1989;06/11/2019;06/11/2039;63.000,00;43,52;Ceuta
V504481;Vida Riesgo;H;17/03/1983;24/10/2024;24/10/2044;38.000,00;68,81;Bizkaia
V505230;Vida Hipoteca;M;23/12/1970;13/12/2010;13/12/2020;269.000,00;307,78;Las Palmas
V505059;Vida Riesgo;H;31/10/1993;22/01/2015;22/01/2025;84.000,00;26,90;Huesca
V503148;Vida Hipoteca;M;14/05/1950;20/04/2016;20/04/2031;93.000,00;1.331,65;Málaga
V504243;Vida Riesgo;H;02/06/1974;29/03/2017;29/03/2037;31.000,00;62,24;Málaga
V506901;Vida Riesgo;H;13/06/1978;19/09/2021;19/09/2031;41.000,00;85,50;Illes Balears
V500600;Vida Riesgo;H;06/06/1986;04/10/2024;04/10/2034;18.000,00;24,67;Madrid
V506351;Vida Hipoteca;M;27/09/1965;09/09/2019;09/09/2034;170.000,00;878,78;Almería
V500030;Vida Hipoteca;H;06/06/1986;02/01/2022;02/01/2047;232.000,00;251,57;Madrid
V505085;Vida Hipoteca;H;26/10/1994;04/12/2022;04/12/2047;149.000,00;85,64;Madrid
V506073;Vida Hipoteca;H;24/06/1984;25/11/2021;25/11/2036;76.000,00;96,41;Barcelona
V501276;Vida Hipoteca;M;08/05/1968;26/03/2020;26/03/2035;244.000,00;1.058,06;Almería
V502097;Vida Hipoteca;H;01/08/1981;23/08/2018;23/08/2033;312.000,00;383,78;Bizkaia
V502851;Vida Hipoteca;M;19/06/1996;23/12/2024;23/12/2054;64.000,00;38,07;Madrid
V503056;Vida Hipoteca;H;04/02/1989;22/06/2021;22/06/2046;68.000,00;56,19;Bizkaia
V505436;Vida Riesgo;H;04/04/1980;19/08/2021;19/08/2041;92.000,00;163,31;Barcelona
V503658;Vida Hipoteca;M;10/10/1978;07/09/2016;07/09/2031;70.000,00;92,57;Soria
V501072;Vida Hipoteca;H;04/04/1973;31/10/2018;31/10/2043;152.000,00;385,56;A Coruña
V503911;Vida Hipoteca;M;27/12/1974;14/11/2019;14/11/2039;170.000,00;406,58;Madrid
V504755;Vida Riesgo;H;24/09/1962;16/09/2020;16/09/2030;66.000,00;480,63;Bizkaia
V507678;Vida Riesgo;H;20/11/1971;16/01/2017;16/01/2032;40.000,00;97,95;Murcia
V507279;Vida Riesgo;M;25/05/1972;22/04/2016;22/04/2026;105.000,00;231,24;Almería
V503379;Vida Hipoteca;H;03/11/1982;12/08/2024;12/08/2049;193.000,00;354,42;Madrid
V507441;Vida Hipoteca;M;01/06/1978;19/02/2024;19/02/2054;223.000,00;572,75;Asturias
V501104;Vida Riesgo;H;18/08/1975;03/05/2016;03/05/2036;64.000,00;107,36;A Coruña
V506400;Vida Hipoteca;M;26/05/1984;01/05/2018;01/05/2048;168.000,00;158,38;Madrid
V507481;Vida Riesgo;H;23/01/1977;11/02/2024;11/02/2039;179.000,00;514,72;Granada
V501904;Vida Riesgo;H;27/07/1969;29/02/2016;28/02/2026;64.000,00;177,03;Bizkaia
V502473;Vida Riesgo;H;24/08/1962;29/01/2023;29/01/2043;38.000,00;340,86;Barcelona
V503316;Vida Hipoteca;Hombre;08/10/1979;16/11/2018;16/11/2043;108.000,00;158,13;Palencia
V503530;Vida Hipoteca;H;20/05/1978;07/06/2018;07/06/2038;80.000,00;126,88;Barcelona
V501717;Vida Hipoteca;H;12/10/1976;25/01/2016;25/01/2031;163.000,00;242,30;Madrid
V503449;Vida Hipoteca;H;13/06/1978;19/04/2020;19/04/2050;103.000,00;190,38;Sevilla
V503325;Vida Riesgo;H;16/06/1971;08/11/2019;08/11/2029;67.000,00;216,04;Alicante
V507334;Vida Hipoteca;M;16/02/1978;30/05/2019;30/05/2034;89.000,00;156,73;Tarragona
V505860;Vida Hipoteca;H;03/09/1974;13/10/2017;13/10/2037;125.000,00;257,20;Las Palmas
V506916;Vida Hipoteca;M;07/07/1960;15/12/2015;15/12/2030;118.000,00;692,25;Ceuta
V502032;Vida Hipoteca;H;26/05/1986;04/07/2022;04/07/2047;605.000,00;686,35;Bizkaia
V500541;Vida Hipoteca;H;14/12/1976;15/07/2017;15/07/2042;130.000,00;215,77;Salamanca
V505070;Vida Hipoteca;M;16/04/1980;25/03/2018;25/03/2048;371.000,00;491,81;Granada
V507479;Vida Riesgo;H;16/10/1972;04/04/2022;04/04/2032;85.000,00;300,15;Sevilla
V504318;Vida Hipoteca;H;07/12/1974;27/11/2017;27/11/2032;121.000,00;246,08;Madrid
V505103;Vida Hipoteca;H;16/03/1975;10/04/2019;10/04/2034;155.000,00;345,93;Castellón
V507577;Vida Hipoteca;M;15/08/1990;30/07/2023;30/07/2038;104.000,00;90,25;Barcelona
V507241;Vida Hipoteca;H;09/01/1995;25/01/2016;25/01/2031;99.000,00;31,22;Madrid
V500983;Vida Hipoteca;M;29/08/1971;06/02/2017;06/02/2042;133.000,00;333,68;Madrid
V504544;Vida Hipoteca;M;25/01/1987;28/12/2017;28/12/2032;109.000,00;79,60;Barcelona
V503484;Vida Riesgo;M;08/01/1967;28/06/2017;28/06/2037;40.000,00;153,84;Málaga
V501653;Vida Riesgo;H;09/12/1985;18/08/2017;18/08/2037;23.000,00;17,93;Madrid
V507054;Vida Hipoteca;M;16/12/1984;06/04/2024;06/04/2054;198.000,00;294,81;Asturias
V503988;Vida Hipoteca;M;17/12/1966;14/01/2017;14/01/2037;120.000,00;446,39;Madrid
V504623;Vida Hipoteca;H;27/04/1973;18/02/2022;18/02/2052;208.000,00;694,93;Bizkaia
V502646;Vida Hipoteca;M;12/11/1974;10/06/2021;10/06/2051;151.000,00;417,10;Jaén
V503393;Vida Hipoteca;H;22/12/1983;20/05/2022;20/05/2042;197.000,00;271,83;Valencia
V507914;Vida Hipoteca;M;14/10/1989;05/01/2022;05/01/2037;68.000,00;55,48;Lugo
V505711;Vida Hipoteca;M;27/02/1963;16/07/2018;16/07/2043;101.000,00;589,65;Huesca
V507980;Vida Riesgo;H;10/06/1986;01/04/2023;01/04/2033;62.000,00;74,65;Madrid
V506563;Vida Hipoteca;H;07/01/1971;20/09/2019;20/09/2049;102.000,00;337,50;Madrid
V505373;Vida Hipoteca;H;21/10/1970;04/06/2023;04/06/2043;149.000,00;687,91;Madrid
V503132;Vida Riesgo;H;30/09/1975;17/12/2015;17/12/2025;194.000,00;312,02;Gipuzkoa
V504140;Vida Hipoteca;H;25/07/1981;15/02/2017;15/02/2047;117.000,00;126,71;Córdoba
V507088;Vida Hipoteca;H;06/02/1975;11/12/2017;11/12/2042;80.000,00;160,92;Illes Balears
V500336;Vida Hipoteca;M;04/03/1991;15/03/2015;15/03/2035;186.000,00;75,60;Ceuta
V507697;Vida Hipoteca;M;27/06/1995;31/12/2022;31/12/2042;194.000,00;106,02;Málaga
V506154;Vida Riesgo;M;06/01/1984;09/01/2015;09/01/2025;42.000,00;30,89;Cádiz
V500136;Vida Hipoteca;M;24/08/1982;06/09/2020;06/09/2040;169.000,00;225,91;Pontevedra
V504632;Vida Riesgo;M;02/01/1982;15/07/2016;15/07/2026;59.000,00;58,54;Albacete
V502664;Vida Hipoteca;M;25/03/1996;20/12/2016;20/12/2036;138.000,00;42,40;Barcelona
V506020;Vida Hipoteca;H;04/05/1981;09/07/2021;09/07/2036;157.000,00;251,83;Zaragoza
V501517;Vida Hipoteca;M;28/06/1981;09/11/2016;09/11/2036;154.000,00;164,05;Castellón
V506266;Vida Riesgo;M;02/05/1978;26/05/2020;26/05/2030;74.000,00;139,32;Valencia
V503442;Vida Riesgo;H;18/10/1974;13/11/2024;13/11/2044;36.000,00;133,86;Madrid
V502638;Vida Hipoteca;M;05/09/1988;28/06/2022;28/06/2047;246.000,00;229,56;Barcelona
V507273;Vida Riesgo;H;05/01/1971;21/11/2016;21/11/2026;83.000,00;216,08;Toledo
V500961;Vida Riesgo;M;19/05/1982;22/10/2024;22/10/2034;130.000,00;252,38;Pontevedra
V506649;Vida Riesgo;M;29/05/1968;01/06/2017;01/06/2032;91.000,00;309,10;Barcelona
V507969;Vida Hipoteca;M;13/08/1965;13/10/2019;13/10/2039;87.000,00;458,08;Sevilla
V507875;Vida Riesgo;H;24/09/1991;06/06/2023;06/06/2043;17.000,00;13,26;León
V503782;Vida Riesgo;H;05/12/1981;01/07/2020;01/07/2040;72.000,00;100,72;Bizkaia
V507215;Vida Riesgo;H;02/04/1963;26/01/2017;26/01/2037;69.000,00;352,80;Barcelona
V505815;Vida Hipoteca;H;13/09/1981;06/03/2019;06/03/2039;157.000,00;200,08;Huesca
V507332;Vida Riesgo;H;16/05/1972;01/12/2018;01/12/2033;43.000,00;118,45;Madrid
V500238;Vida Hipoteca;H;24/03/1958;18/01/2020;18/01/2035;128.000,00;1.291,88;Córdoba
V505393;Vida Riesgo;H;27/03/1984;10/08/2024;10/08/2044;57.000,00;92,92;Barcelona
V502243;Vida Hipoteca;H;24/12/1974;11/06/2016;11/06/2041;150.000,00;268,33;Córdoba
V503902;Vida Riesgo;H;19/01/1999;27/02/2019;27/02/2029;36.000,00;10,48;A Coruña
V501404;Vida Hipoteca;M;24/11/1956;03/10/2022;03/10/2037;158.000,00;2.247,17;Navarra
V502043;Vida Riesgo;H;24/09/1991;25/03/2018;25/03/2028;43.000,00;21,56;Pontevedra
V506955;Vida Riesgo;M;06/12/1978;21/03/2017;21/03/2037;15.000,00;20,49;Zaragoza
V507310;Vida Riesgo;H;20/08/1978;21/12/2024;21/12/2034;241.000,00;652,34;Alicante
V500148;Vida Riesgo;H;18/12/1987;23/01/2023;23/01/2033;45.000,00;46,86;A Coruña
V505523;Vida Riesgo;H;02/06/1981;29/01/2024;29/01/2034;73.000,00;144,52;Albacete
V507604;Vida Riesgo;H;19/05/1979;08/04/2022;08/04/2032;102.000,00;205,92;Valencia
V503389;Vida Hipoteca;M;14/08/1977;29/03/2022;29/03/2037;133.000,00;311,11;Tarragona
V502391;Vida Hipoteca;H;22/10/1965;14/08/2016;14/08/2046;141.000,00;558,21;Bizkaia
V502073;Vida Riesgo;M;25/11/1984;30/07/2016;30/07/2031;21.000,00;16,35;Guadalajara
V501709;Vida Hipoteca;H;03/05/1978;06/05/2018;06/05/2038;154.000,00;243,41;Illes Balears
V506179;Vida Riesgo;H;24/06/1973;23/02/2020;23/02/2040;74.000,00;205,98;Zamora
V501821;Vida Riesgo;H;15/03/1969;20/11/2016;20/11/2036;47.000,00;142,65;Sevilla
V506062;Vida Hipoteca;H;14/01/1976;25/08/2021;25/08/2041;173.000,00;440,24;Melilla
V503407;Vida Hipoteca;H;28/07/1988;27/01/2020;27/01/2045;195.000,00;149,51;Málaga
V503805;Vida Hipoteca;Hombre;06/12/2001;17/02/2020;17/02/2050;99.000,00;24,51;Cáceres
V505055;Vida Riesgo;M;13/06/1979;13/10/2020;13/10/2035;30.000,00;53,09;Murcia
V503043;Vida Riesgo;M;11/12/1966;17/02/2016;17/02/2031;122.000,00;420,64;Illes Balears
V504131;Vida Hipoteca;H;04/03/1977;21/05/2020;21/05/2035;85.000,00;176,45;Murcia
V504732;Vida Hipoteca;H;23/02/1973;30/09/2019;30/09/2034;243.000,00;672,42;Cádiz
V500197;Vida Hipoteca;M;30/11/1973;02/03/2017;02/03/2037;113.000,00;235,30;Navarra
V500031;Vida Hipoteca;H;07/11/1966;19/02/2015;19/02/2040;130.000,00;415,22;Bizkaia
V506527;Vida Riesgo;M;22/01/1981;02/05/2020;02/05/2040;24.000,00;35,64;Gipuzkoa
V502494;Vida Hipoteca;M;21/12/1975;03/05/2015;03/05/2040;160.000,00;239,41;Las Palmas
V502134;Vida Riesgo;M;20/02/1980;19/10/2023;19/10/2038;60.000,00;129,36;Madrid
V503809;Vida Hipoteca;H;08/10/1986;19/02/2024;19/02/2039;173.000,00;218,43;Córdoba
V505289;Vida Hipoteca;H;01/12/1972;12/01/2016;12/01/2036;99.000,00;203,73;Alicante
V501309;Vida Hipoteca;M;20/03/1959;11/11/2018;11/11/2038;118.000,00;989,99;Madrid
V507594;Vida Riesgo;H;10/05/1986;30/07/2020;30/07/2030;44.000,00;42,53;Madrid
V501648;Vida Hipoteca;M;05/10/1967;17/01/2021;17/01/2051;113.000,00;552,14;Madrid
V503597;Vida Hipoteca;H;16/02/1979;08/10/2018;08/10/2043;289.000,00;442,78;Valencia
V500413;Vida Hipoteca;H;18/07/1978;21/09/2016;21/09/2036;184.000,00;248,95;Madrid
V507157;Vida Riesgo;M;10/03/1967;30/01/2017;30/01/2032;77.000,00;282,02;Murcia
V502602;Vida Hipoteca;H;10/11/2006;09/02/2019;09/02/2034;88.000,00;40,16;Murcia
V503941;Vida Riesgo;h;05/07/1967;02/07/2015;02/07/2025;35.000,00;109,04;Madrid
V505161;Vida Hipoteca;h;05/05/1971;20/09/2019;20/09/2049;162.000,00;521,59;Jaén
V506946;Vida Riesgo;H;30/08/1963;13/02/2015;13/02/2035;70.000,00;292,77;Santa Cruz de Tenerife
V506776;Vida Hipoteca;M;09/09/1979;09/01/2018;09/01/2033;126.000,00;172,74;Melilla
V500516;Vida Riesgo;M;30/12/1984;30/09/2021;30/09/2031;99.000,00;118,61;Bizkaia
V504154;Vida Hipoteca;M ;30/01/1960;17/04/2015;17/04/2045;111.000,00;638,76;Madrid
V506452;Vida Riesgo;M;29/09/1974;06/07/2019;06/07/2039;61.000,00;144,49;Ceuta
V505024;Vida Riesgo;H;06/06/1976;05/08/2020;05/08/2035;37.000,00;83,25;Barcelona
V500421;Vida Hipoteca;M;27/11/1984;03/12/2018;03/12/2038;266.000,00;252,59;Madrid
V504186;Vida Riesgo;M;08/12/1964;05/07/2016;05/07/2036;47.000,00;198,51;Ceuta
V503099;Vida Hipoteca;H;12/07/1978;04/08/2023;04/08/2053;50.000,00;121,42;Madrid
V507113;Vida Hipoteca;M;18/02/1974;20/04/2018;20/04/2038;101.000,00;227,34;Badajoz
V500251;Vida Hipoteca;H;02/04/1975;13/12/2019;13/12/2034;113.000,00;266,06;Madrid
V504611;Vida Riesgo;H;13/01/1973;08/08/2020;08/08/2035;92.000,00;276,47;Toledo
V501410;Vida Hipoteca;H;11/07/1963;15/09/2015;15/09/2030;205.000,00;911,80;Málaga
V507227;Vida Hipoteca;H;15/02/1978;18/09/2023;18/09/2048;199.000,00;505,40;Alicante
V501556;Vida Hipoteca;Hombre;06/06/1997;25/11/2023;25/11/2043;56.000,00;28,01;Madrid
V501273;Vida Riesgo;M;04/03/1982;28/04/2017;28/04/2037;89.000,00;93,10;Madrid
V500369;Vida Hipoteca;M;23/05/1993;22/10/2019;22/10/2049;117.000,00;58,23;Madrid
V503669;Vida Riesgo;M;01/08/1978;10/12/2019;10/12/2029;77.000,00;136,48;Madrid
V504997;Vida Riesgo;H;27/11/1971;22/06/2015;22/06/2025;49.000,00;104,81;Valencia
V506761;Vida Hipoteca;M;12/10/1968;14/02/2015;14/02/2035;260.000,00;704,03;Cádiz
V505237;Vida Hipoteca;M;11/05/1978;06/05/2016;06/05/2046;115.000,00;153,08;Granada
V502969;Vida Hipoteca;H;12/10/1978;28/12/2015;28/12/2035;317.000,00;394,97;Soria
V501326;Vida Riesgo;M;20/07/1968;13/07/2019;13/07/2034;102.000,00;409,64;Barcelona
V505350;Vida Riesgo;H;02/06/1977;20/04/2018;20/04/2038;140.000,00;238,34;Lleida
V504959;Vida Hipoteca;H;21/03/1969;15/04/2015;15/04/2040;123.000,00;325,40;Ceuta
V506194;Vida Riesgo;M;11/02/1969;21/05/2018;21/05/2028;50.000,00;173,65;Murcia
V505001;Vida Riesgo;M;30/09/1977;16/01/2023;16/01/2038;84.000,00;208,08;Jaén
V506548;Vida Riesgo;H;13/11/1960;23/10/2024;23/10/2044;26.000,00;314,28;Girona
V506569;Vida Riesgo;H;20/01/1967;30/10/2018;30/10/2028;65.000,00;279,31;Asturias
V506355;Vida Riesgo;M;28/12/1980;02/03/2024;02/03/2039;64.000,00;132,40;Girona
V506170;Vida Hipoteca;H;24/10/1976;12/06/2017;12/06/2042;118.000,00;196,68;Salamanca
V501246;Vida Hipoteca;H;09/06/1980;10/11/2015;10/11/2040;275.000,00;294,30;Barcelona
V500982;Vida Hipoteca;M;30/06/1968;26/09/2020;26/09/2035;289.000,00;1.292,01;Alicante
V502200;Vida Hipoteca;H;17/04/1982;23/05/2019;23/05/2049;193.000,00;238,21;Murcia
V502605;Vida Riesgo;H;03/06/1989;07/10/2022;07/10/2042;29.000,00;26,01;Barcelona
V502892;Vida Hipoteca;H;13/12/1992;20/02/2024;20/02/2044;194.000,00;144,87;Jaén
V505464;Vida Hipoteca;H;22/12/1968;07/03/2019;07/03/2049;80.000,00;300,80;Cuenca
V501712;Vida Riesgo;H;02/12/1971;09/06/2015;09/06/2035;28.000,00;59,65;Huelva
V500394;Vida Riesgo;H;13/06/1971;08/12/2018;08/12/2038;47.000,00;140,30;Granada
V503323;Vida Hipoteca;H;19/12/1981;19/03/2024;19/03/2039;129.000,00;246,64;Madrid
V502901;Vida Hipoteca;M;21/10/1986;13/09/2022;13/09/2047;168.000,00;187,20;Valencia
V503164;Vida Hipoteca;H;23/06/1983;27/05/2023;27/05/2043;123.000,00;193,05;Sevilla
V503719;Vida Hipoteca;M;08/10/1980;21/08/2022;21/08/2037;238.000,00;440,51;Valencia
V507998;Vida Hipoteca;M;01/01/1900;29/03/2021;29/03/2041;72.000,00;91,62;Ávila
V507954;Vida Riesgo;M;14/01/1982;26/09/2021;26/09/2036;30.000,00;46,19;Zamora
V503757;Vida Hipoteca;Hombre;17/09/2000;10/01/2022;10/01/2037;191.000,00;61,63;Lleida
V504317;Vida Riesgo;H;03/10/1982;16/12/2020;16/12/2030;129.000,00;174,90;Bizkaia
V506094;Vida Hipoteca;M;06/07/1969;07/02/2023;07/02/2043;423.000,00;2.121,04;A Coruña
V507550;Vida Riesgo;M;07/06/1986;04/09/2017;04/09/2037;69.000,00;51,78;Pontevedra
V505935;Vida Riesgo;H;29/09/1978;25/01/2024;25/01/2034;71.000,00;176,29;Valencia
V500156;Vida Hipoteca;M ;02/08/1978;10/05/2021;10/05/2036;299.000,00;597,68;Cádiz
V504312;Vida Hipoteca;M;21/12/1983;05/10/2019;05/10/2039;155.000,00;171,14;Cáceres
V502928;Vida Hipoteca;M;15/10/1980;07/12/2018;07/12/2033;209.000,00;281,94;Teruel
V504017;Vida Riesgo;H;18/03/1977;13/10/2019;13/10/2039;157.000,00;308,54;Santa Cruz de Tenerife
V507972;Vida Hipoteca;H;25/07/1977;13/11/2024;13/11/2054;136.000,00;399,68;Alicante
V502472;Vida Riesgo;h;13/11/1973;08/10/2020;08/10/2040;27.000,00;76,67;Valencia
V503707;Vida Hipoteca;H;07/04/1960;23/11/2016;23/11/2036;163.000,00;1.058,16;Valencia
V504974;Vida Riesgo;M;09/10/1987;06/07/2017;06/07/2027;153.000,00;101,04;Cantabria
V505397;Vida Riesgo;Hombre;27/03/1981;02/07/2019;02/07/2034;56.000,00;76,31;Madrid
V503736;Vida Hipoteca;M;06/05/1986;22/09/2022;22/09/2052;108.000,00;125,41;Córdoba
V506593;Vida Hipoteca;H;14/10/1979;20/08/2020;20/08/2045;148.000,00;251,33;Sevilla
V501245;Vida Riesgo;H;23/03/1981;21/09/2015;21/09/2035;55.000,00;54,41;Barcelona
V507140;Vida Hipoteca;H;18/07/1951;01/09/2020;01/09/2045;123.000,00;2.309,93;Cádiz
V504804;Vida Riesgo;M;07/05/1975;11/05/2017;11/05/2032;23.000,00;43,11;Cádiz
V505034;Vida Hipoteca;H;22/08/1970;12/02/2016;12/02/2046;399.000,00;1.003,67;Badajoz
V501872;Vida Hipoteca;M;15/06/1963;29/09/2018;29/09/2038;186.000,00;1.077,65;Ciudad Real
V507296;Vida Riesgo;H;27/12/1987;27/07/2024;27/07/2039;150.000,00;177,18;Las Palmas
V505987;Vida Hipoteca;M;29/11/1978;28/06/2018;28/06/2038;379.000,00;577,54;Cuenca
V507613;Vida Hipoteca;H;28/08/1983;26/10/2015;26/10/2045;315.000,00;255,57;Barcelona
V502498;Vida Riesgo;H;19/06/1987;23/08/2023;23/08/2038;108.000,00;123,27;Madrid
V507964;Vida Riesgo;H;20/07/1967;30/08/2017;30/08/2027;81.000,00;302,21;Alicante
V503081;Vida Hipoteca;H;12/07/1980;02/10/2023;02/10/2048;118.000,00;245,12;Huesca
V502019;Vida Hipoteca;H;24/11/1968;23/04/2017;23/04/2032;46.000,00;148,50;Barcelona
V502954;Vida Riesgo;M;05/06/1969;01/11/2015;01/11/2030;28.000,00;76,23;Barcelona
V500960;Vida Hipoteca;M;07/06/1971;22/10/2022;22/10/2047;136.000,00;564,90;Madrid
V506565;Vida Riesgo;H;05/02/1977;23/02/2017;23/02/2027;50.000,00;79,30;Valencia
V505641;Vida Hipoteca;M;05/09/1963;12/08/2018;12/08/2048;145.000,00;815,15;Jaén
V503190;Vida Riesgo;H;05/08/1973;08/04/2016;08/04/2026;85.000,00;168,52;Jaén
V502765;Vida Hipoteca;H;09/02/1974;07/06/2024;07/06/2039;162.000,00;615,37;Cantabria
V506596;Vida Hipoteca;H;08/11/1992;17/11/2023;17/11/2053;146.000,00;107,51;Murcia
V500002;Vida Riesgo;M;12/05/1985;29/01/2020;29/01/2040;56.000,00;56,44;A Coruña
V502984;Vida Riesgo;H;16/02/1972;06/09/2021;06/09/2031;74.000,00;263,32;Palencia
V507937;Vida Riesgo;M;29/08/1965;12/07/2022;12/07/2042;176.000,00;1.165,88;Madrid
V507230;Vida Riesgo;H;07/03/1963;21/11/2017;21/11/2032;38.000,00;209,57;Madrid
V501865;Vida Hipoteca;M;19/08/1995;24/12/2023;24/12/2038;172.000,00;100,89;Pontevedra
V504597;Vida Riesgo;H;11/07/1991;26/03/2016;26/03/2026;77.000,00;33,15;La Rioja
V501576;Vida Riesgo;M;10/06/1987;07/10/2023;07/10/2033;97.000,00;112,10;Soria
V505163;Vida Hipoteca;H;24/07/1994;19/06/2021;19/06/2036;142.000,00;73,69;Málaga
V500267;Vida Riesgo;H;24/11/1978;23/03/2018;23/03/2028;85.000,00;126,79;Valladolid
V506887;Vida Riesgo;M;08/10/1968;11/04/2019;11/04/2039;35.000,00;135,02;Lleida
V503529;Vida Riesgo;H;06/02/1987;27/07/2019;27/07/2029;46.000,00;38,31;Valencia
V504986;Vida Hipoteca;H;19/10/1990;01/08/2019;01/08/2044;228.000,00;138,78;Barcelona
V501718;Vida Riesgo;M;28/08/1955;16/12/2020;16/12/2040;67.000,00;909,10;Alicante
V505806;Vida Hipoteca;M;29/09/1986;20/07/2020;20/07/2050;106.000,00;98,90;Murcia
V500452;Vida Hipoteca;H;02/03/1978;09/08/2023;09/08/2048;252.000,00;631,83;Sevilla
V503788;Vida Hipoteca;H;02/07/1983;15/06/2021;15/06/2041;203.000,00;269,43;Valencia
V501923;Vida Riesgo;H;19/07/1979;16/08/2020;16/08/2040;61.000,00;105,59;Alicante
V501702;Vida Hipoteca;H;30/11/1966;03/05/2018;03/05/2043;151.000,00;629,67;Jaén
V503913;Vida Riesgo;H;03/11/1967;08/03/2015;08/03/2030;29.000,00;85,50;Gipuzkoa
V501001;Vida Riesgo;M;08/06/1956;20/01/2015;20/01/2030;143.000,00;1.099,28;Santa Cruz de Tenerife
V502275;Vida Riesgo;H;28/02/1973;22/04/2016;22/04/2036;48.000,00;99,06;Araba/Álava
V505798;Vida Riesgo;H;15/11/1973;10/04/2023;10/04/2043;71.000,00;249,31;Barcelona
V506627;Vida Hipoteca;M;27/02/1972;22/03/2019;22/03/2034;66.000,00;190,04;Madrid
V501790;Vida Hipoteca;H;29/11/1975;12/10/2024;12/10/2044;390.000,00;1.309,19;Alicante
V506437;Vida Riesgo;Hombre;08/05/1983;19/05/2022;19/05/2037;67.000,00;97,45;Madrid
V506331;Vida Hipoteca;M;30/11/2002;15/08/2022;15/08/2052;172.000,00;48,41;Madrid
V500892;Vida Riesgo;Hombre;17/11/1986;13/09/2024;13/09/2034;23.000,00;30,19;Castellón
V507271;Vida Riesgo;H;19/11/1976;19/12/2020;19/12/2040;63.000,00;140,78;Madrid
V507451;Vida Hipoteca;H;16/03/1982;01/05/2020;01/05/2050;166.000,00;223,59;Ceuta
V506927;Vida Hipoteca;Hombre;16/11/1982;29/06/2021;29/06/2051;159.000,00;223,29;A Coruña
V505357;Vida Hipoteca;M;17/03/1985;25/08/2022;25/08/2037;175.000,00;222,38;Valencia
V503552;Vida Riesgo;H;12/03/1983;26/08/2019;26/08/2034;30.000,00;35,06;Palencia
V505495;Vida Riesgo;M;03/05/1984;18/11/2017;18/11/2032;104.000,00;94,88;Las Palmas
V504533;Vida Hipoteca;M;07/02/1974;22/05/2021;22/05/2036;157.000,00;460,60;Granada
V501296;Vida Hipoteca;H;17/07/1971;28/06/2020;28/06/2035;111.000,00;375,14;Bizkaia
V502817;Vida Hipoteca;H;20/06/1974;13/01/2018;13/01/2033;98.000,00;209,62;Huelva
V507179;Vida Hipoteca;M;16/06/1968;11/06/2020;11/06/2050;163.000,00;713,13;Teruel
V506046;Vida Hipoteca;H;28/04/1974;23/09/2024;23/09/2039;123.000,00;470,54;Ceuta
V501545;Vida Riesgo;H;07/04/1977;08/10/2022;08/10/2032;79.000,00;199,19;La Rioja
V500608;Vida Riesgo;M;29/08/1981;01/11/2022;01/11/2037;38.000,00;66,32;Ciudad Real
V500822;Vida Riesgo;M;19/01/1972;17/10/2016;17/10/2036;54.000,00;127,65;Huelva
V502702;Vida Riesgo;M;20/10/1976;01/02/2016;01/02/2031;106.000,00;157,53;Murcia
V500568;Vida Hipoteca;H;25/09/1961;04/03/2016;04/03/2031;512.000,00;2.759,41;Salamanca
V503186;Vida Riesgo;H;01/11/1988;28/06/2018;28/06/2028;40.000,00;26,22;Madrid
V503022;Vida Hipoteca;Mujer;02/11/1982;14/04/2022;14/04/2037;78.000,00;117,54;Illes Balears
V500250;Vida Hipoteca;H;07/08/1996;02/11/2024;02/11/2054;223.000,00;129,60;Alicante
V503908;Vida Riesgo;H;22/08/1957;21/12/2015;21/12/2025;167.000,00;1.252,69;Barcelona
V501184;Vida Hipoteca;M;24/07/1985;25/10/2017;25/10/2032;211.000,00;172,52;Ciudad Real
V501559;Vida Hipoteca;H;24/06/1974;02/11/2021;02/11/2051;118.000,00;348,39;Zaragoza
V505188;Vida Hipoteca;M;20/11/1970;10/11/2010;10/11/2020;142.000,00;196,40;Lleida
V506433;Vida Hipoteca;M;11/10/1969;30/09/2017;30/09/2047;235.000,00;730,85;Lleida
V505685;Vida Hipoteca;H;29/04/1968;18/01/2020;18/01/2045;262.000,00;1.120,78;Alicante
V503133;Vida Riesgo;H;11/09/1984;22/07/2020;22/07/2035;200.000,00;222,17;Madrid
V500809;Vida Hipoteca;M;11/09/1986;16/09/2024;16/09/2049;221.000,00;294,87;Valladolid
V503625;Vida Hipoteca;M;27/02/1988;07/05/2022;07/05/2037;216.000,00;208,20;Valladolid
V504677;Vida Hipoteca;M;22/08/1984;20/01/2017;20/01/2037;111.000,00;91,99;Cádiz
V506035;Vida Riesgo;H;19/07/1978;29/10/2022;29/10/2037;101.000,00;229,53;Lleida
V505469;Vida Hipoteca;M;13/04/1969;10/04/2020;10/04/2040;144.000,00;578,97;Barcelona
V502023;Vida Riesgo;M;13/08/1979;09/09/2018;09/09/2028;67.000,00;97,82;Barcelona
V507651;Vida Hipoteca;M;04/10/1967;21/04/2016;21/04/2046;129.000,00;421,32;Málaga
V502467;Vida Hipoteca;H;13/12/1985;25/12/2024;25/12/2044;250.000,00;363,76;A Coruña
V502918;Vida Hipoteca;H;15/03/1972;24/04/2023;24/04/2043;210.000,00;852,61;Navarra
V505810;Vida Hipoteca;M;02/01/1964;31/07/2020;31/07/2035;156.000,00;1.008,31;Barcelona
V507491;Vida Hipoteca;M;04/07/1995;14/02/2023;14/02/2038;93.000,00;51,26;Navarra
V505796;Vida Hipoteca;H;02/01/1982;24/04/2021;24/04/2046;49.000,00;72,97;Badajoz
V502318;Vida Hipoteca;H;28/05/1963;02/10/2016;02/10/2041;224.000,00;1.100,38;Sevilla
V504220;Vida Hipoteca;H;03/10/1976;22/10/2021;22/10/2036;156.000,00;378,56;Valencia
V505496;Vida Riesgo;H;04/09/1989;07/09/2020;07/09/2035;43.000,00;31,63;Madrid
V500253;Vida Hipoteca;H;19/05/1990;17/01/2020;17/01/2045;197.000,00;129,25;Málaga
V507243;Vida Riesgo;Hombre;03/05/1986;22/04/2023;22/04/2038;131.000,00;159,91;Las Palmas
V502953;Vida Hipoteca;M;21/02/1977;04/01/2021;04/01/2041;140.000,00;307,23;Alicante
V500417;Vida Riesgo;M;03/12/1971;07/04/2016;07/04/2036;90.000,00;205,66;Madrid
V504484;Vida Riesgo;H;06/12/1969;01/11/2020;01/11/2030;122.000,00;486,91;Lleida
V506875;Vida Hipoteca;H;12/12/1968;16/03/2018;16/03/2038;221.000,00;766,75;Ourense
V503347;Vida Hipoteca;M;29/04/1977;12/06/2017;12/06/2042;89.000,00;142,02;Araba/Álava
V500731;Vida Riesgo;Mujer;05/06/1962;26/09/2023;26/09/2043;18.000,00;173,93;Girona
V507754;Vida Riesgo;H;25/11/1985;06/07/2015;06/07/2025;114.000,00;74,45;León
V501561;Vida Hipoteca;H;20/04/1990;09/02/2016;09/02/2041;80.000,00;37,82;Cádiz
V504015;Vida Hipoteca;M;10/12/1986;26/12/2024;26/12/2039;83.000,00;111,03;Asturias
V507217;Vida Riesgo;M;04/05/1987;05/06/2020;05/06/2030;139.000,00;122,01;Jaén
V503226;Vida Riesgo;H;03/12/1976;24/03/2019;24/03/2039;46.000,00;88,35;Madrid
V503381;Vida Hipoteca;H;25/12/1986;10/10/2023;10/10/2053;116.000,00;139,48;Barcelona
V501685;Vida Hipoteca;H;14/07/1973;17/04/2019;17/04/2044;132.000,00;340,08;Barcelona
V502066;Vida Hipoteca;H;09/05/1986;04/05/2022;04/05/2037;166.000,00;186,41;Burgos
V500261;Vida Hipoteca;H ;23/04/1976;05/02/2020;05/02/2040;79.000,00;172,15;León
V502230;Vida Riesgo;M;23/09/1984;11/02/2021;11/02/2041;18.000,00;20,91;Granada
V506343;Vida Riesgo;M;07/04/1971;23/10/2019;23/10/2039;22.000,00;71,85;León
V500724;Vida Riesgo;M;16/12/1966;21/02/2017;21/02/2037;135.000,00;506,74;Madrid
V501909;Vida Riesgo;H;11/02/2005;12/05/2024;12/05/2044;45.000,00;12,18;Illes Balears
V506631;Vida Riesgo;M;05/11/1988;19/05/2022;19/05/2032;54.000,00;49,22;Segovia
V502519;Vida Hipoteca;Hombre;13/07/1976;17/08/2015;17/08/2045;167.000,00;244,22;Santa Cruz de Tenerife
V501920;Vida Riesgo;H;17/07/1975;23/09/2023;23/09/2033;33.000,00;104,53;Málaga
V503544;Vida Hipoteca;M;25/09/1977;31/10/2021;31/10/2041;404.000,00;904,01;Sevilla
V507840;Vida Riesgo;M;08/12/1971;22/10/2020;22/10/2035;77.000,00;258,54;Huelva
V507756;Vida Riesgo;H;01/07/1968;15/05/2022;15/05/2037;60.000,00;308,08;Girona
V505069;Vida Riesgo;M;26/03/1970;16/03/2010;16/03/2020;66.000,00;17,49;Valladolid
V500149;Vida Riesgo;Hombre;08/01/1981;14/05/2023;14/05/2033;57.000,00;109,88;Alicante
V506098;Vida Hipoteca;H;27/05/1976;03/01/2022;03/01/2052;191.000,00;485,78;Las Palmas
V502528;Vida Hipoteca;H;16/08/1989;04/12/2020;04/12/2045;135.000,00;101,79;Valencia
V507894;Vida Riesgo;H;23/09/1965;14/11/2016;14/11/2036;78.000,00;317,64;Madrid
V505306;Vida Riesgo;M;17/10/1976;10/01/2020;10/01/2040;62.000,00;128,87;Santa Cruz de Tenerife
V504423;Vida Hipoteca;M;13/04/1966;25/04/2015;25/04/2045;93.000,00;316,51;A Coruña
V503583;Vida Hipoteca;H;08/04/1957;26/11/2015;26/11/2035;205.000,00;1.578,08;Melilla
V501747;Vida Hipoteca;H;15/01/1974;01/08/2015;01/08/2045;177.000,00;318,66;Valencia
V500675;Vida Hipoteca;M;14/03/1975;08/07/2018;08/07/2043;106.000,00;221,96;Illes Balears
V506787;Vida Hipoteca;H;15/02/1980;07/09/2024;07/09/2044;115.000,00;267,67;Barcelona
V507736;Vida Hipoteca;Hombre;27/07/1975;22/04/2023;22/04/2048;179.000,00;545,70;Ciudad Real
V502730;Vida Hipoteca;M;09/12/1972;27/04/2017;27/04/2032;141.000,00;323,20;Barcelona
V502728;Vida Hipoteca;H;01/01/1900;06/11/2024;06/11/2054;95.000,00;131,20;Alicante
V505611;Vida Hipoteca;M;24/03/1989;17/02/2024;17/02/2049;66.000,00;67,59;Santa Cruz de Tenerife
V506935;Vida Hipoteca;M;25/08/1971;27/08/2020;27/08/2035;216.000,00;733,55;Almería
V507747;Vida Hipoteca;H;17/04/1975;01/04/2016;01/04/2041;231.000,00;395,81;Alicante
V506582;Vida Hipoteca;H;31/05/1988;01/07/2023;01/07/2053;230.000,00;239,15;Girona
V505438;Vida Riesgo;Mujer;09/07/1985;04/07/2016;04/07/2036;53.000,00;38,91;Sevilla
V503105;Vida Hipoteca;M;03/05/1979;19/02/2022;19/02/2042;113.000,00;226,44;Gipuzkoa
V504287;Vida Riesgo;M;14/05/1988;29/12/2021;29/12/2036;18.000,00;16,54;Barcelona
V503634;Vida Riesgo;M;02/10/1965;20/10/2018;20/10/2033;37.000,00;177,17;Cádiz
V504085;Vida Hipoteca;H;09/09/1984;25/07/2017;25/07/2042;223.000,00;192,19;A Coruña
V505175;Vida Hipoteca;M;09/03/1971;20/08/2015;20/08/2035;161.000,00;371,19;Barcelona
V501877;Vida Hipoteca;H;17/12/1980;30/10/2021;30/10/2041;118.000,00;200,66;Málaga
V502242;Vida Riesgo;M;20/03/1971;20/10/2016;20/10/2026;38.000,00;96,50;A Coruña
V501984;Vida Riesgo;M;31/10/1967;17/08/2024;17/08/2039;55.000,00;362,18;Gipuzkoa
V505676;Vida Riesgo;H;21/09/1979;13/08/2020;13/08/2030;52.000,00;88,63;Valencia
V503655;Vida Hipoteca;M;09/11/1961;25/05/2016;25/05/2046;212.000,00;1.152,37;Jaén
V505527;Vida Hipoteca;M;14/07/1976;17/05/2016;17/05/2041;94.000,00;146,46;Asturias
V507978;Vida Hipoteca;M;24/03/1977;04/11/2019;04/11/2034;100.000,00;197,25;Málaga
V503619;Vida Hipoteca;H ;12/06/1988;21/01/2021;21/01/2036;92.000,00;77,54;Alicante
V503604;Vida Hipoteca;h;01/01/1977;03/03/2015;03/03/2045;99.000,00;133,78;Illes Balears
V505925;Vida Hipoteca;H;06/12/1962;30/09/2016;30/09/2046;119.000,00;608,29;Zaragoza
V500386;Vida Hipoteca;M;23/04/1989;11/08/2020;11/08/2045;112.000,00;84,46;Valladolid
V501833;Vida Riesgo;H;12/04/1976;07/07/2020;07/07/2040;51.000,00;115,45;León
V505255;Vida Riesgo;H;08/03/1990;22/12/2019;22/12/2029;63.000,00;41,78;Asturias
V504979;Vida Riesgo;Hombre;24/01/1982;22/11/2021;22/11/2041;122.000,00;189,90;Melilla
V501641;Vida Riesgo;M;17/09/1971;13/09/2023;13/09/2038;205.000,00;897,05;Cádiz
V501504;Vida Hipoteca;H;10/03/1970;10/01/2015;10/01/2030;213.000,00;507,59;Pontevedra
V503232;Vida Hipoteca;H;04/03/1973;31/10/2023;31/10/2043;130.000,00;508,07;Gipuzkoa
V503139;Vida Hipoteca;H;27/06/1974;01/11/2016;01/11/2036;139.000,00;268,08;Granada
V500195;Vida Hipoteca;H;10/02/1965;06/07/2021;06/07/2051;174.000,00;1.107,85;Madrid
V504797;Vida Hipoteca;H;18/09/1981;27/01/2021;27/01/2046;287.000,00;429,30;Valencia
V500886;Vida Hipoteca;H;17/08/1987;19/09/2022;19/09/2052;236.000,00;245,60;Ciudad Real
V500850;Vida Hipoteca;M;20/12/1972;10/09/2019;10/09/2039;182.000,00;508,96;Murcia
V502228;Vida Hipoteca;H;01/08/1968;13/09/2015;13/09/2045;281.000,00;812,62;Barcelona
V505603;Vida Hipoteca;H;11/07/1983;28/05/2017;28/05/2047;202.000,00;189,66;Santa Cruz de Tenerife
V501583;Vida Riesgo;M;22/04/1979;16/02/2023;16/02/2033;31.000,00;67,76;Asturias
V504427;Vida Riesgo;H;21/01/1949;19/01/2017;19/01/2037;48.000,00;818,70;Madrid
V505840;Vida Hipoteca;H;18/02/1989;15/08/2015;15/08/2035;168.000,00;84,12;Bizkaia
V505829;Vida Hipoteca;M;14/11/1974;18/08/2019;18/08/2039;452.000,00;1.069,81;Santa Cruz de Tenerife
V505899;Vida Hipoteca;M;07/03/1979;06/09/2017;06/09/2037;;69,53;Valencia
V505396;Vida Hipoteca;H;03/06/1977;22/02/2022;22/02/2047;146.000,00;344,49;Barcelona
V505539;Vida Riesgo;M;22/11/1992;12/05/2021;12/05/2036;59.000,00;34,97;Valencia
V503350;Vida Riesgo;H;27/01/1979;02/04/2019;02/04/2039;55.000,00;88,19;Granada
V500246;Vida Riesgo;H;07/03/1986;09/01/2017;09/01/2032;45.000,00;32,64;Madrid
V500225;Vida Hipoteca;H;01/06/1978;13/01/2021;13/01/2051;165.000,00;325,60;Araba/Álava
V507459;Vida Hipoteca;M;02/08/1970;25/05/2020;25/05/2045;180.000,00;654,65;Salamanca
V506669;Vida Hipoteca;M;03/10/1977;02/07/2018;02/07/2048;188.000,00;316,37;Granada
V502775;Vida Hipoteca;H;01/02/1976;06/08/2020;06/08/2050;179.000,00;414,85;Sevilla
V504105;Vida Riesgo;M;07/12/1982;25/10/2023;25/10/2038;25.000,00;42,56;Sevilla
V504074;Vida Riesgo;H;27/03/1962;29/07/2023;29/07/2043;69.000,00;668,42;Soria
V502825;Vida Hipoteca;M;23/03/1978;20/03/2022;20/03/2047;100.000,00;221,72;Las Palmas
V505828;Vida Hipoteca;H;26/05/1984;25/08/2023;25/08/2048;75.000,00;111,12;Valencia
V502916;Vida Hipoteca;M;11/05/1984;20/06/2023;20/06/2043;105.000,00;153,74;Guadalajara
V501901;Vida Hipoteca;H;13/11/1985;27/01/2022;27/01/2047;112.000,00;128,12;Barcelona
V501315;Vida Hipoteca;M;11/05/1970;02/11/2019;02/11/2044;77.000,00;272,17;Almería
V502611;Vida Hipoteca;M;10/10/1978;01/02/2024;01/02/2039;109.000,00;270,39;Barcelona
V504382;Vida Hipoteca;H;02/10/1973;30/03/2019;30/03/2039;151.000,00;380,29;Málaga
V503909;Vida Hipoteca;Hombre;11/08/1971;20/12/2023;20/12/2043;88.000,00;397,40;Santa Cruz de Tenerife
V503364;Vida Hipoteca;M;11/05/1978;23/07/2017;23/07/2037;105.000,00;154,94;Girona
V505721;Vida Hipoteca;M;20/04/1988;20/02/2019;20/02/2034;160.000,00;115,98;Santa Cruz de Tenerife
V502416;Vida Hipoteca;H;19/11/1972;23/01/2022;23/01/2042;227.000,00;782,27;Las Palmas
V503743;Vida Hipoteca;M;31/10/1977;16/03/2024;16/03/2049;173.000,00;469,72;Santa Cruz de Tenerife
V504809;Vida Riesgo;M;16/11/1966;03/05/2024;03/05/2044;82.000,00;571,43;Teruel
V507822;Vida Hipoteca;M;28/05/1969;20/03/2021;20/03/2046;142.000,00;612,00;Murcia
V505871;Vida Hipoteca;H;09/12/1975;26/05/2019;26/05/2044;145.000,00;307,36;Castellón
V505530;Vida Hipoteca;M;23/04/1984;20/09/2016;20/09/2031;149.000,00;123,46;Madrid
V503004;Vida Hipoteca;M;05/12/1989;28/09/2016;28/09/2046;205.000,00;105,56;Soria
V504386;Vida Hipoteca;M;11/10/1976;02/04/2021;02/04/2046;194.000,00;448,16;Granada
V505689;Vida Riesgo;H;03/08/1969;27/12/2015;27/12/2025;21.000,00;57,14;Sevilla
V502283;Vida Hipoteca;M;15/04/1968;03/02/2023;03/02/2048;123.000,00;683,72;Madrid
V507077;Vida Riesgo;H;14/07/1985;30/10/2020;30/10/2035;210.000,00;222,37;Cuenca
V506426;Vida Hipoteca;H;23/09/1985;14/03/2024;14/03/2044;55.000,00;76,29;Badajoz
V507695;Vida Riesgo;Hombre;17/12/1964;12/05/2021;12/05/2031;48.000,00;305,57;Madrid
V506985;Vida Riesgo;M;18/04/1974;05/08/2021;05/08/2036;65.000,00;190,95;Madrid
V504212;Vida Riesgo;H;18/05/1990;21/04/2023;21/04/2033;83.000,00;71,85;Barcelona
V502297;Vida Riesgo;H;03/07/1979;01/11/2024;01/11/2039;66.000,00;164,02;Málaga
V507295;Vida Hipoteca;H;23/01/1972;31/08/2017;31/08/2032;256.000,00;651,12;León
V504870;Vida Hipoteca;M;13/05/1984;12/01/2023;12/01/2038;337.000,00;475,21;Palencia
V507301;Vida Hipoteca;Mujer;29/05/1988;15/10/2024;15/10/2044;117.000,00;135,87;Santa Cruz de Tenerife
V504864;Vida Hipoteca;H;03/04/1975;29/02/2016;28/02/2046;175.000,00;298,64;Barcelona
V503817;Vida Hipoteca;M;02/11/1985;14/08/2023;14/08/2048;142.000,00;185,69;Alicante
V503431;Vida Riesgo;M;05/12/1979;16/04/2016;16/04/2031;15.000,00;17,39;Illes Balears
V500901;Vida Hipoteca;h;18/06/1966;15/07/2015;15/07/2040;327.000,00;1.116,73;Girona
V501650;Vida Hipoteca;M;19/07/1968;03/02/2017;03/02/2032;129.000,00;421,22;Zaragoza
V503282;Vida Hipoteca;H;21/07/1983;29/08/2024;29/08/2044;129.000,00;223,89;Málaga
V501189;Vida Riesgo;M;16/03/1968;28/11/2018;28/11/2038;54.000,00;211,84;Barcelona
V500785;Vida Riesgo;M;02/05/1956;17/08/2017;17/08/2027;72.000,00;694,72;Murcia
V501157;Vida Hipoteca;M;27/01/1978;07/08/2017;07/08/2042;229.000,00;347,44;Murcia
V507858;Vida Riesgo;M;09/09/1983;05/06/2023;05/06/2043;73.000,00;112,76;Sevilla
V501823;Vida Hipoteca;H;11/07/1957;04/12/2016;04/12/2046;206.000,00;1.692,57;Barcelona
V505123;Vida Riesgo;H;23/08/1975;29/08/2021;29/08/2036;117.000,00;308,22;Las Palmas
V504576;Vida Hipoteca;H;14/09/2006;25/11/2024;25/11/2054;151.000,00;37,38;Barcelona
V501699;Vida Hipoteca;H;01/01/1900;13/01/2024;13/01/2054;252.000,00;606,00;Murcia
V500151;Vida Riesgo;M;29/09/1980;14/04/2020;14/04/2035;58.000,00;88,09;Sevilla
V507760;Vida Riesgo;H;27/05/1956;27/07/2015;27/07/2030;59.000,00;475,16;Murcia
V507677;Vida Riesgo;H;07/07/1962;08/09/2020;08/09/2035;28.000,00;207,26;Cádiz
V502674;Vida Riesgo;M;10/06/1980;02/12/2021;02/12/2031;224.000,00;401,14;Castellón
V504951;Vida Riesgo;M;09/08/1977;11/10/2018;11/10/2033;345.000,00;601,94;Sevilla
V501925;Vida Riesgo;Mujer;12/11/1977;14/10/2015;14/10/2035;65.000,00;86,03;Araba/Álava
V501658;Vida Hipoteca;H;20/09/1976;01/05/2024;01/05/2039;151.000,00;455,41;Zamora
V505054;Vida Riesgo;M;04/01/1967;30/01/2019;30/01/2034;31.000,00;136,61;Valencia
V506684;Vida Riesgo;M;01/12/2000;28/04/2023;28/04/2043;55.000,00;19,47;Santa Cruz de Tenerife
V503008;Vida Riesgo;H;30/10/1974;21/12/2020;21/12/2035;27.000,00;71,88;Illes Balears
V502516;Vida Riesgo;M;07/12/1984;27/08/2021;27/08/2036;179.000,00;213,94;Illes Balears
V502295;Vida Hipoteca;H;13/02/1983;29/04/2017;29/04/2037;202.000,00;194,98;A Coruña
V501066;Vida Hipoteca;M;19/06/1978;14/06/2024;14/06/2039;261.000,00;685,71;Cádiz
V502251;Vida Hipoteca;H;02/11/1979;06/07/2024;06/07/2054;154.000,00;361,97;Huesca
V504396;Vida Riesgo;M;13/08/1982;24/03/2021;24/03/2036;158.000,00;221,80;Madrid
V505517;Vida Hipoteca;M;22/08/1976;05/11/2018;05/11/2033;161.000,00;306,65;Cáceres
V503750;Vida Hipoteca;Mujer;19/09/1979;02/02/2017;02/02/2042;149.000,00;188,24;Valencia
V504665;Vida Hipoteca;H ;08/09/1991;23/09/2016;23/09/2041;76.000,00;33,67;Jaén
V506653;Vida Riesgo;M;11/02/1977;28/11/2020;28/11/2030;76.000,00;165,71;Albacete
V505346;Vida Riesgo;H;10/10/1966;08/06/2015;08/06/2025;23.000,00;75,85;Las Palmas
V503171;Vida Hipoteca;M;02/05/1986;14/09/2024;14/09/2054;116.000,00;159,52;Málaga
V507036;Vida Riesgo;M;18/08/1974;30/12/2022;30/12/2042;51.000,00;164,03;Cantabria
V507611;Vida Riesgo;H;01/10/1983;28/02/2015;28/02/2030;46.000,00;35,01;Barcelona
V500591;Vida Riesgo;H;10/06/1980;25/04/2017;25/04/2027;74.000,00;89,60;Valencia
V500281;Vida Hipoteca;H;20/05/1974;14/06/2023;14/06/2053;216.000,00;737,33;Araba/Álava
V503883;Vida Hipoteca;Mujer;05/02/1982;11/01/2024;11/01/2054;173.000,00;321,98;A Coruña
V506075;Vida Riesgo;H;25/08/1972;10/03/2015;10/03/2030;99.000,00;193,99;Madrid
V502663;Vida Hipoteca;M;25/04/1986;21/11/2020;21/11/2045;183.000,00;182,28;Araba/Álava
V504816;Vida Hipoteca;M;10/02/1984;07/06/2021;07/06/2051;171.000,00;215,13;Málaga
V504245;Vida Hipoteca;H;27/07/1983;25/02/2023;25/02/2048;200.000,00;304,93;Málaga
V503585;Vida Hipoteca;M;07/11/1968;27/07/2023;27/07/2038;106.000,00;584,91;Barcelona
V507014;Vida Hipoteca;M;21/05/2000;02/08/2018;02/08/2038;82.000,00;20,30;Bizkaia
V503966;Vida Riesgo;M;19/10/1973;13/04/2016;13/04/2031;32.000,00;62,42;Málaga
V500177;Vida Hipoteca;H;07/08/1975;21/06/2017;21/06/2042;347.000,00;642,66;Barcelona
V503752;Vida Hipoteca;M;30/08/1980;28/11/2018;28/11/2048;144.000,00;195,93;Cádiz
V505353;Vida Hipoteca;H;22/08/1975;08/11/2021;08/11/2046;131.000,00;350,94;Alicante
V504123;Vida Hipoteca;H;04/09/1986;14/07/2023;14/07/2043;94.000,00;113,65;Alicante
V506755;Vida Riesgo;H;08/07/1982;14/07/2020;14/07/2040;163.000,00;217,53;Barcelona
V504799;Vida Riesgo;H;27/09/1969;06/02/2016;06/02/2036;24.000,00;65,09;Teruel
V506839;Vida Hipoteca;M;31/08/1979;22/05/2016;22/05/2041;183.000,00;218,83;Zaragoza
V506926;Vida Riesgo;Hombre;16/02/1967;22/10/2020;22/10/2030;72.000,00;363,77;Barcelona
V500611;Vida Hipoteca;M;01/11/1973;18/05/2018;18/05/2038;189.000,00;439,19;Madrid
V506148;Vida Hipoteca;M;24/11/1983;08/09/2017;08/09/2037;121.000,00;112,74;Madrid
V502452;Vida Riesgo;H;22/04/1973;11/05/2015;11/05/2035;75.000,00;141,03;Madrid
V500555;Vida Riesgo;M;31/10/1984;13/02/2022;13/02/2042;101.000,00;126,68;Murcia
V504751;Vida Hipoteca;M;03/05/1983;05/05/2022;05/05/2042;235.000,00;341,12;Valladolid
V501771;Vida Riesgo;M;20/04/1973;17/09/2015;17/09/2030;89.000,00;172,50;Ourense
V501562;Vida Hipoteca;H;02/05/1969;19/02/2024;19/02/2039;89.000,00;494,57;Pontevedra
V503151;Vida Hipoteca;H;07/03/1972;22/06/2016;22/06/2041;56.000,00;127,39;Málaga
V500911;Vida Hipoteca;M;09/12/1976;04/01/2020;04/01/2045;167.000,00;342,39;Barcelona
V501595;Vida Hipoteca;M;12/01/1971;30/08/2018;30/08/2048;105.000,00;317,24;Pontevedra
V507188;Vida Hipoteca;H;24/03/1968;14/01/2016;14/01/2041;157.000,00;481,51;Huesca
V504051;Vida Riesgo;H;15/03/1969;29/01/2020;29/01/2040;67.000,00;266,67;Bizkaia
V501749;Vida Riesgo;M;31/10/1997;28/10/2019;28/10/2034;62.000,00;21,19;Málaga
V506436;Vida Riesgo;H;20/06/1966;26/07/2024;26/07/2044;65.000,00;478,14;Sevilla
V504950;Vida Riesgo;M;13/05/1984;02/07/2019;02/07/2039;98.000,00;102,37;Lugo
V507506;Vida Hipoteca;H;26/03/1968;06/04/2018;06/04/2038;50.000,00;185,22;Madrid
V500152;Vida Riesgo;M;03/07/1973;20/01/2018;20/01/2028;34.000,00;79,05;Murcia
V506552;Vida Hipoteca;H;12/06/1974;20/02/2017;20/02/2047;55.000,00;109,21;Málaga
V506672;Vida Riesgo;M;31/12/1975;07/10/2023;07/10/2033;216.000,00;660,16;Valencia
V501343;Vida Hipoteca;Mujer;25/03/1987;27/03/2021;27/03/2046;91.000,00;86,36;Valencia
V506567;Vida Hipoteca;M;23/05/1985;07/07/2022;07/07/2047;230.000,00;284,48;Asturias
V505439;Vida Hipoteca;H;03/04/1983;28/11/2022;28/11/2042;156.000,00;239,30;Ávila
V500527;Vida Hipoteca;H;11/03/1983;11/04/2015;11/04/2030;183.000,00;147,48;Barcelona
V506279;Vida Hipoteca;H;22/07/1971;12/09/2020;12/09/2045;409.000,00;1.405,30;Cuenca
V503289;Vida Hipoteca;H;23/10/1973;02/07/2015;02/07/2045;90.000,00;164,11;Málaga
V502884;Vida Hipoteca;H;22/02/1985;09/07/2016;09/07/2041;150.000,00;113,83;Salamanca
V504000;Vida Hipoteca;H;27/09/1987;11/03/2021;11/03/2041;139.000,00;125,87;Sevilla
V506127;Vida Riesgo;Hombre;10/02/1970;05/12/2019;05/12/2039;45.000,00;163,71;Málaga
V505148;Vida Hipoteca;M;02/06/1988;16/02/2019;16/02/2044;140.000,00;100,37;Madrid
V500687;Vida Hipoteca;M;18/11/1986;28/11/2020;28/11/2045;89.000,00;84,62;Guadalajara
V500299;Vida Hipoteca;H;24/06/1977;10/05/2020;10/05/2035;91.000,00;183,57;Barcelona
V501772;Vida Riesgo;M;24/01/1985;19/02/2020;19/02/2035;30.000,00;31,16;Gipuzkoa
V507344;Vida Hipoteca;H;25/01/1990;02/01/2022;02/01/2037;167.000,00;132,93;Santa Cruz de Tenerife
V502342;Vida Riesgo;H;14/05/1972;08/09/2017;08/09/2032;105.000,00;260,69;Barcelona
V504678;Vida Hipoteca;M;26/10/1961;26/01/2020;26/01/2035;87.000,00;648,21;Barcelona
V500685;Vida Riesgo;M;10/01/1972;07/10/2016;07/10/2026;58.000,00;137,09;Valencia
V506667;Vida Hipoteca;H;26/12/1989;04/11/2022;04/11/2042;75.000,00;64,55;Madrid
V505466;Vida Riesgo;M;11/11/1975;05/02/2019;05/02/2034;42.000,00;87,34;Barcelona
V501994;Vida Hipoteca;H;20/04/1973;14/11/2015;14/11/2045;163.000,00;320,25;A Coruña
V500586;Vida Hipoteca;M;09/04/1967;01/06/2015;01/06/2045;253.000,00;798,54;Barcelona
V500000;Vida Hipoteca;H;03/03/1977;26/09/2017;26/09/2042;138.000,00;228,73;Castellón
V502715;Vida Riesgo;M;01/08/1981;05/06/2018;05/06/2038;75.000,00;90,59;Sevilla
V504462;Vida Hipoteca;M;27/05/1983;28/12/2020;28/12/2045;279.000,00;359,03;Ourense
V505360;Vida Riesgo;H;05/01/1976;23/10/2020;23/10/2030;56.000,00;133,00;Segovia
V503029;Vida Hipoteca;H;01/12/1969;31/03/2017;31/03/2047;188.000,00;553,68;Burgos
V501977;Vida Hipoteca;M;03/09/1963;10/03/2015;10/03/2035;67.000,00;281,63;Barcelona
V500206;Vida Hipoteca;H;18/04/1961;05/10/2018;05/10/2038;139.000,00;968,68;Zaragoza
V507814;Vida Riesgo;H;28/01/1985;20/03/2016;20/03/2026;48.000,00;35,70;Ourense
V503321;Vida Hipoteca;H;09/01/1977;30/12/2023;30/12/2038;222.000,00;634,18;Granada
V501287;Vida Hipoteca;M;31/03/1988;14/01/2022;14/01/2037;283.000,00;263,66;A Coruña
V506107;Vida Hipoteca;M;25/03/1992;18/07/2015;18/07/2030;97.000,00;37,09;Madrid
V501330;Vida Riesgo;H;23/02/1966;02/08/2016;02/08/2036;127.000,00;487,12;Alicante
V500458;Vida Hipoteca;H ;31/05/1983;12/02/2022;12/02/2037;242.000,00;342,40;Navarra
V502457;Vida Riesgo;M;18/11/1985;12/12/2021;12/12/2031;57.000,00;64,44;Almería
V501781;Vida Riesgo;M;29/09/1978;24/03/2023;24/03/2043;53.000,00;122,52;Valencia
V506815;Vida Riesgo;H;19/06/1968;17/12/2021;17/12/2031;44.000,00;218,86;Santa Cruz de Tenerife
V502255;Vida Hipoteca;H;03/01/1963;27/03/2022;27/03/2042;220.000,00;1.781,31;Ávila
V505944;Vida Hipoteca;H;13/08/1968;05/01/2018;05/01/2048;134.000,00;470,45;Ciudad Real
V502290;Vida Hipoteca;M;11/08/1975;11/07/2019;11/07/2049;142.000,00;312,84;Ourense
V502217;Vida Hipoteca;H;20/05/1976;31/08/2017;31/08/2032;93.000,00;163,80;Teruel
V501056;Vida Hipoteca;M;18/10/1983;10/12/2023;10/12/2048;132.000,00;211,06;Barcelona
V500045;Vida Riesgo;H;06/11/1981;20/07/2021;20/07/2036;76.000,00;117,04;Barcelona
V501444;Vida Hipoteca;M;05/01/1980;17/08/2023;17/08/2048;87.000,00;186,82;Murcia
V502760;Vida Riesgo;H;23/05/1955;10/05/2015;10/05/2035;20.000,00;172,39;Barcelona
V504922;Vida Riesgo;M;26/06/1984;08/10/2023;08/10/2038;74.000,00;109,96;Málaga
V507730;Vida Riesgo;M;05/07/1991;03/10/2016;03/10/2031;36.000,00;16,23;Navarra
V501449;Vida Riesgo;H;05/12/1980;06/02/2016;06/02/2036;36.000,00;37,71;Málaga
V507374;Vida Hipoteca;H;24/09/1969;13/09/2017;13/09/2037;318.000,00;988,93;Alicante
V502512;Vida Riesgo;H;15/10/1978;05/10/2015;05/10/2035;63.000,00;76,93;Madrid
V504416;Vida Riesgo;H;28/05/1975;24/04/2021;24/04/2036;119.000,00;310,56;Barcelona
V500496;Vida Riesgo;H;20/02/1968;27/09/2016;27/09/2031;33.000,00;108,28;Sevilla
V504313;Vida Riesgo;H;04/06/1981;29/07/2021;29/07/2041;81.000,00;129,60;Las Palmas
V506161;Vida Riesgo;M;17/01/1972;08/01/2017;08/01/2032;27.000,00;65,11;Bizkaia
V507574;Vida Hipoteca;M;01/06/1987;06/01/2020;06/01/2045;181.000,00;152,41;Madrid
V505029;Vida Riesgo;M;05/02/1984;22/02/2022;22/02/2032;30.000,00;40,14;Barcelona
V506269;Vida Hipoteca;M;26/10/1967;25/11/2019;25/11/2049;128.000,00;564,63;Ciudad Real
V502480;Vida Hipoteca;H;16/08/1969;11/07/2021;11/07/2046;188.000,00;816,56;Madrid
V502950;Vida Hipoteca;H;29/09/1969;30/12/2016;30/12/2041;75.000,00;219,45;Girona
V504818;Vida Riesgo;H;11/08/1961;08/05/2019;08/05/2039;14.000,00;99,88;Madrid
V501176;Vida Hipoteca;M;04/11/1971;26/12/2016;26/12/2036;151.000,00;369,27;Sevilla
V505888;Vida Hipoteca;M;10/04/1973;06/12/2018;06/12/2033;110.000,00;280,98;Madrid
V505687;Vida Riesgo;Mujer;29/07/1973;16/03/2019;16/03/2039;54.000,00;137,63;Valladolid
V501532;Vida Hipoteca;H;17/10/1968;07/03/2020;07/03/2050;55.000,00;228,67;Salamanca
V503936;Vida Riesgo;H;24/08/1977;27/08/2019;27/08/2039;19.000,00;35,59;Asturias
V505084;Vida Hipoteca;M;20/02/1969;05/08/2022;05/08/2037;159.000,00;788,00;Ourense
V500006;Vida Hipoteca;H;24/03/1979;07/12/2015;07/12/2035;126.000,00;150,41;Cuenca
V501740;Vida Hipoteca;M;13/01/1987;07/12/2021;07/12/2041;76.000,00;77,81;A Coruña
V501523;Vida Riesgo;H;28/05/1988;16/08/2016;16/08/2031;90.000,00;52,22;Málaga
V505625;Vida Hipoteca;M;16/10/1977;03/02/2016;03/02/2041;176.000,00;240,57;Navarra
V503645;Vida Hipoteca;M;04/08/1979;15/08/2020;15/08/2035;252.000,00;434,56;Ciudad Real
V505553;Vida Hipoteca;M;30/03/1963;15/03/2017;15/03/2047;173.000,00;895,16;Cádiz
V502422;Vida Riesgo;H;07/08/1970;29/06/2021;29/06/2041;62.000,00;247,17;Zaragoza
V503300;Vida Riesgo;M;05/01/1961;28/05/2016;28/05/2026;66.000,00;385,68;Badajoz
V506414;Vida Hipoteca;M;23/05/1977;14/12/2024;14/12/2039;214.000,00;642,77;Gipuzkoa
V500797;Vida Riesgo;H;21/01/1966;09/10/2015;09/10/2035;104.000,00;375,07;Valencia
V506167;Vida Hipoteca;M;29/01/1954;25/03/2018;25/03/2048;313.000,00;3.850,79;Valencia
V507046;Vida Hipoteca;H;11/09/1974;20/07/2017;20/07/2032;103.000,00;207,36;Valencia
V500498;Vida Hipoteca;Mujer;22/12/1985;07/06/2024;07/06/2054;202.000,00;279,85;Madrid
V504549;Vida Riesgo;M;30/08/1977;20/07/2022;20/07/2037;62.000,00;148,34;Cádiz
V505602;Vida Hipoteca;M;23/08/1983;22/12/2018;22/12/2038;253.000,00;268,72;Málaga
V506280;Vida Riesgo;H;30/04/1998;14/07/2024;14/07/2044;92.000,00;44,99;Valencia
V500477;Vida Hipoteca;M;17/03/1974;30/11/2021;30/11/2041;201.000,00;611,29;Barcelona
V500111;Vida Riesgo;H;07/11/1977;11/03/2017;11/03/2037;343.000,00;512,24;Madrid
V507845;Vida Hipoteca;Hombre;15/10/1966;02/04/2018;02/04/2043;191.000,00;799,22;Barcelona
V506112;Vida Riesgo;M;31/07/1983;02/04/2016;02/04/2031;88.000,00;74,57;Sevilla
V503605;Vida Riesgo;H;28/07/1960;12/03/2022;12/03/2032;57.000,00;565,65;Cantabria
V500529;Vida Hipoteca;M;10/06/1979;13/06/2016;13/06/2031;140.000,00;171,48;Valencia
V506688;Vida Hipoteca;H;11/11/1975;04/08/2024;04/08/2049;125.000,00;414,73;Almería
V503205;Vida Riesgo;H;26/10/1979;17/05/2023;17/05/2033;167.000,00;356,87;Málaga
V503019;Vida Hipoteca;H;01/05/1973;17/06/2021;17/06/2041;237.000,00;746,95;Granada
V503586;Vida Riesgo;M;19/09/1983;24/06/2020;24/06/2040;34.000,00;40,79;Las Palmas
V506625;Vida Riesgo;H;23/09/1978;10/02/2024;10/02/2034;122.000,00;304,51;Melilla
V504306;Vida Hipoteca;M;04/12/1974;01/01/2022;01/01/2047;91.000,00;262,30;A Coruña
V502153;Vida Hipoteca;H;27/08/1974;22/12/2020;22/12/2045;83.000,00;224,38;Asturias
V503215;Vida Hipoteca;H;12/10/1994;11/04/2024;11/04/2049;92.000,00;59,51;Granada
V503885;Vida Hipoteca;H;17/12/1977;07/06/2018;07/06/2033;149.000,00;244,93;Madrid
V500815;Vida Hipoteca;H;06/05/1971;09/02/2016;09/02/2036;217.000,00;513,80;Barcelona
V502159;Vida Riesgo;M;31/08/1970;21/08/2010;21/08/2020;45.000,00;302,49;Madrid
V501897;Vida Riesgo;H;01/05/1991;09/01/2015;09/01/2035;107.000,00;42,26;Valencia
V506930;Vida Riesgo;M;30/05/1988;23/04/2019;23/04/2029;56.000,00;40,80;Málaga
V506587;Vida Hipoteca;M;25/10/1978;20/08/2019;20/08/2039;217.000,00;367,43;Madrid
V501035;Vida Hipoteca;M;07/06/1985;16/04/2018;16/04/2048;195.000,00;167,84;Sevilla
V506493;Vida Riesgo;m;05/12/1974;21/09/2017;21/09/2037;82.000,00;164,23;Teruel
V504763;Vida Riesgo;H;03/10/1985;19/04/2016;19/04/2036;95.000,00;67,16;Araba/Álava
V503400;Vida Hipoteca;H;07/05/1976;27/06/2018;27/06/2038;303.000,00;573,97;Ciudad Real
V506045;Vida Hipoteca;H;03/06/1978;13/08/2020;13/08/2045;243.000,00;462,56;Cáceres
V507439;Vida Riesgo;Hombre;07/03/1994;19/11/2023;19/11/2043;41.000,00;26,99;Murcia
V507440;Vida Riesgo;H;27/01/1984;22/07/2021;22/07/2031;66.000,00;84,18;Madrid
V502020;Vida Hipoteca;Mujer;27/08/1967;14/10/2016;14/10/2031;57.000,00;195,66;Las Palmas
V504654;Vida Hipoteca;M;23/09/1964;12/04/2021;12/04/2046;116.000,00;747,99;Gipuzkoa
V501177;Vida Riesgo;M;19/01/1989;19/04/2023;19/04/2038;55.000,00;53,26;Córdoba
V507290;Vida Riesgo;M;02/08/1978;17/10/2020;17/10/2030;88.000,00;167,72;Murcia
V507572;Vida Riesgo;M;11/01/1999;28/04/2021;28/04/2041;56.000,00;19,64;Castellón
V500286;Vida Riesgo;H;01/05/1982;11/09/2018;11/09/2028;47.000,00;54,50;Jaén
V501500;Vida Riesgo;M;26/03/1990;25/11/2022;25/11/2032;17.000,00;14,40;Araba/Álava
V504391;Vida Hipoteca;M;01/11/1967;09/02/2017;09/02/2042;229.000,00;795,64;La Rioja
V502130;Vida Hipoteca;H;13/03/1968;04/05/2015;04/05/2035;136.000,00;394,16;Sevilla
V502592;Vida Riesgo;M;15/01/1989;18/01/2020;18/01/2040;68.000,00;50,01;Cuenca
V500254;Vida Riesgo;H;31/01/1982;17/03/2019;17/03/2034;40.000,00;49,47;Asturias
V500771;Vida Hipoteca;M;10/10/1986;13/03/2020;13/03/2035;77.000,00;69,54;Madrid
V503797;Vida Hipoteca;H;21/11/1979;31/10/2019;31/10/2039;86.000,00;135,16;Alicante
V507421;Vida Hipoteca;H;18/11/1990;17/08/2017;17/08/2047;156.000,00;79,87;Ciudad Real
V506577;Vida Riesgo;M;22/07/1980;10/09/2021;10/09/2041;44.000,00;76,54;Madrid
V505973;Vida Riesgo;H;21/09/1977;20/03/2024;20/03/2039;82.000,00;224,92;Asturias
V504668;Vida Hipoteca;H;30/03/1961;13/11/2017;13/11/2042;180.000,00;1.167,92;Soria
V502412;Vida Riesgo;M;13/01/1976;05/10/2024;05/10/2039;51.000,00;169,14;Palencia
V500947;Vida Riesgo;Mujer;10/12/1984;31/07/2023;31/07/2043;20.000,00;28,13;Badajoz
V507471;Vida Hipoteca;M;04/12/1976;04/11/2015;04/11/2035;257.000,00;370,22;Cádiz
V501266;Vida Riesgo;H;13/07/1979;24/09/2022;24/09/2037;41.000,00;85,00;Las Palmas
V507962;Vida Hipoteca;H;27/12/1977;29/07/2020;29/07/2050;205.000,00;403,38;Las Palmas
V503563;Vida Hipoteca;H;13/02/1969;11/10/2023;11/10/2048;133.000,00;730,03;Soria
V506719;Vida Hipoteca;H;09/11/1970;30/10/2010;30/10/2020;190.000,00;163,61;Navarra
V503177;Vida Hipoteca;M;18/06/1992;10/12/2021;10/12/2051;124.000,00;80,07;Sevilla
V505612;Vida Hipoteca;M;05/12/1983;29/01/2021;29/01/2046;291.000,00;360,79;Madrid
V507407;Vida Riesgo;M;21/08/1981;17/04/2021;17/04/2041;60.000,00;92,03;Bizkaia
V502785;Vida Hipoteca;M;24/04/1979;28/02/2024;28/02/2049;95.000,00;226,58;Las Palmas
V503814;Vida Hipoteca;M;17/02/1984;04/12/2019;04/12/2044;301.000,00;332,50;Huesca
V505493;Vida Hipoteca;H;23/06/1980;01/04/2024;01/04/2044;111.000,00;241,59;Lugo
V501307;Vida Riesgo;M ;07/11/1981;19/02/2015;19/02/2030;41.000,00;36,59;Barcelona
V504261;Vida Riesgo;H;25/10/2000;06/01/2019;06/01/2039;54.000,00;13,37;Guadalajara
V505433;Vida Hipoteca;H;07/10/1990;18/07/2020;18/07/2050;204.000,00;135,15;Gipuzkoa
V505167;Vida Hipoteca;H;02/10/1968;29/01/2021;29/01/2046;182.000,00;819,57;Barcelona
V504063;Vida Hipoteca;H;12/01/1972;19/11/2020;19/11/2050;190.000,00;636,97;Navarra
V507256;Vida Riesgo;H;27/11/1984;26/06/2023;26/06/2043;41.000,00;57,37;Tarragona
V506539;Vida Hipoteca;H;24/08/1984;07/11/2021;07/11/2051;163.000,00;203,00;Illes Balears
V507872;Vida Riesgo;H;29/03/1988;05/03/2017;05/03/2032;44.000,00;27,13;Illes Balears
V507930;Vida Riesgo;M;27/06/1992;04/10/2022;04/10/2037;132.000,00;91,17;Alicante
V501995;Vida Riesgo;H;06/04/1979;02/01/2023;02/01/2043;239.000,00;518,90;Pontevedra
V502098;Vida Riesgo;H;09/06/1993;29/07/2023;29/07/2038;131.000,00;89,46;Asturias
V507750;Vida Riesgo;H;30/03/1985;03/09/2022;03/09/2032;133.000,00;168,84;Pontevedra
V500285;Vida Hipoteca;H;15/06/1998;23/12/2024;23/12/2039;171.000,00;85,91;Madrid
V506606;Vida Hipoteca;H;25/09/1980;24/09/2020;24/09/2050;95.000,00;150,01;Navarra
V507430;Vida Riesgo;H;15/02/1960;26/09/2020;26/09/2040;59.000,00;537,45;Madrid
V505874;Vida Hipoteca;H;01/04/1959;26/10/2017;26/10/2037;132.000,00;1.010,61;Asturias
V500951;Vida Riesgo;H;06/11/1986;11/09/2021;11/09/2041;64.000,00;65,23;Madrid
V502656;Vida Riesgo;H;01/12/1995;10/01/2022;10/01/2037;112.000,00;54,32;Alicante
V502347;Vida Riesgo;H;25/05/1965;22/02/2021;22/02/2041;62.000,00;373,46;Pontevedra
V502585;Vida Hipoteca;H;17/04/1990;27/12/2021;27/12/2051;121.000,00;94,35;Zamora
V500884;Vida Riesgo;M;22/08/1978;28/04/2021;28/04/2041;78.000,00;154,74;A Coruña
V504108;Vida Hipoteca;M;28/11/1982;03/12/2021;03/12/2041;115.000,00;167,04;Burgos
V500194;Vida Riesgo;M;08/04/1980;15/04/2020;15/04/2040;80.000,00;126,56;Sevilla
V505415;Vida Hipoteca;H;23/10/1975;27/09/2024;27/09/2044;128.000,00;431,90;Sevilla
V506339;Vida Hipoteca;M;05/03/1976;16/06/2024;16/06/2039;226.000,00;721,72;Barcelona
V502977;Vida Riesgo;H;26/07/1977;24/08/2021;24/08/2041;33.000,00;73,72;Madrid
V507047;Vida Hipoteca;H;01/01/1971;23/05/2017;23/05/2037;161.000,00;437,79;Málaga
V503140;Vida Hipoteca;H;11/06/1963;03/10/2022;03/10/2037;219.000,00;1.786,04;Madrid
V506067;Vida Riesgo;H;15/09/1955;03/05/2017;03/05/2037;52.000,00;516,51;Lleida
V505293;Vida Hipoteca;H;06/06/1965;10/05/2019;10/05/2034;100.000,00;515,85;Las Palmas
V506801;Vida Riesgo;M;19/03/1986;01/10/2019;01/10/2034;40.000,00;36,47;Alicante
V505430;Vida Hipoteca;H;02/05/1975;02/01/2019;02/01/2034;187.000,00;403,57;Málaga
V505049;Vida Riesgo;Hombre;18/11/1979;09/11/2019;09/11/2029;59.000,00;93,00;A Coruña
V503504;Vida Hipoteca;M;10/04/1968;10/04/2018;10/04/2043;124.000,00;458,17;Madrid
V501472;Vida Hipoteca;H;18/06/1974;30/03/2015;30/03/2045;111.000,00;187,34;Madrid
V506406;Vida Hipoteca;M;23/03/1992;13/08/2021;13/08/2046;167.000,00;107,06;Ciudad Real
V503533;Vida Riesgo;H;22/11/1989;01/09/2024;01/09/2034;100.000,00;101,32;Granada
V506740;Vida Riesgo;H;23/08/1971;12/02/2019;12/02/2034;205.000,00;611,14;Madrid
V501302;Vida Hipoteca;m;03/05/1982;28/11/2015;28/11/2040;74.000,00;67,67;Madrid
V507737;Vida Riesgo;M;10/02/1962;28/11/2019;28/11/2029;75.000,00;537,63;Las Palmas
V506259;Vida Hipoteca;M;10/12/1987;14/09/2021;14/09/2046;92.000,00;85,51;Valladolid
V500688;Vida Hipoteca;Hombre;06/01/1977;17/08/2024;17/08/2054;176.000,00;530,83;Barcelona
V507860;Vida Riesgo;M;04/07/1963;20/05/2018;20/05/2028;38.000,00;212,54;Madrid
V504733;Vida Hipoteca;H;29/08/1981;06/04/2019;06/04/2034;123.000,00;158,45;Navarra
V501312;Vida Hipoteca;H;08/04/1987;21/04/2020;21/04/2035;216.000,00;188,78;Murcia
V502454;Vida Riesgo;H;30/05/1974;01/11/2017;01/11/2037;102.000,00;215,53;Sevilla
V507842;Vida Hipoteca;H;22/01/1973;06/09/2016;06/09/2036;205.000,00;440,51;Burgos
V505259;Vida Riesgo;H;01/08/1987;30/04/2019;30/04/2029;25.000,00;19,58;Barcelona
V500966;Vida Riesgo;H;17/05/1980;14/01/2024;14/01/2034;29.000,00;62,53;Jaén
V507172;Vida Hipoteca;H;03/05/1982;31/10/2022;31/10/2042;151.000,00;248,75;Bizkaia
V503070;Vida Hipoteca;M;08/11/1989;25/07/2021;25/07/2041;184.000,00;143,64;Madrid
V507960;Vida Hipoteca;H;07/03/1984;02/03/2024;02/03/2049;160.000,00;252,41;Madrid
V502957;Vida Riesgo;H;13/02/1986;17/12/2024;17/12/2044;221.000,00;316,30;Valencia
V507492;Vida Hipoteca;H;21/12/1966;27/12/2023;27/12/2048;87.000,00;583,65;Madrid
V506997;Vida Riesgo;M;22/04/1963;02/04/2020;02/04/2035;99.000,00;660,38;Pontevedra
V503138;Vida Hipoteca;M;18/08/2001;31/12/2019;31/12/2034;49.000,00;12,31;Girona
V506251;Vida Hipoteca;M;06/09/1988;16/04/2024;16/04/2049;167.000,00;181,59;Granada
V507542;Vida Riesgo;Mujer;05/10/1963;07/03/2018;07/03/2033;48.000,00;258,25;Illes Balears
V502658;Vida Riesgo;M;04/06/1968;26/03/2015;26/03/2025;23.000,00;64,78;Girona
V502288;Vida Riesgo;M;24/05/1977;07/10/2021;07/10/2036;122.000,00;279,44;Zaragoza
V505292;Vida Riesgo;H;28/04/1963;28/11/2020;28/11/2040;42.000,00;295,82;Alicante
V505128;Vida Riesgo;H;30/05/1981;19/03/2019;19/03/2039;35.000,00;45,86;Bizkaia
V500618;Vida Hipoteca;M;08/09/1993;26/09/2016;26/09/2031;117.000,00;43,75;Illes Balears
V506349;Vida Riesgo;H;13/03/1970;22/04/2015;22/04/2025;68.000,00;165,81;Santa Cruz de Tenerife
V502681;Vida Hipoteca;M;29/11/1998;16/01/2024;16/01/2044;195.000,00;87,03;Madrid
V503820;Vida Hipoteca;H;16/03/1993;06/02/2022;06/02/2047;196.000,00;120,45;Madrid
V500767;Vida Riesgo;H;28/10/1982;30/05/2020;30/05/2030;51.000,00;65,63;Illes Balears
V503846;Vida Hipoteca;Mujer;11/01/1980;04/11/2018;04/11/2038;276.000,00;394,11;León
V506831;Vida Hipoteca;H;03/01/1970;13/09/2017;13/09/2042;288.000,00;874,79;Valencia
V501170;Vida Hipoteca;H;10/03/1977;28/10/2018;28/10/2048;179.000,00;324,87;Barcelona
V505170;Vida Riesgo;H;09/05/1990;24/07/2023;24/07/2033;179.000,00;158,70;Alicante
V504642;Vida Hipoteca;M;02/08/1972;14/03/2019;14/03/2049;189.000,00;523,71;Toledo
V503112;Vida Hipoteca;H;29/01/1979;02/06/2019;02/06/2044;142.000,00;230,85;Ávila
V504216;Vida Riesgo;M;15/01/1969;08/12/2023;08/12/2043;62.000,00;347,29;Araba/Álava
V505665;Vida Hipoteca;H;04/10/1975;14/02/2018;14/02/2038;176.000,00;339,90;Madrid
V500626;Vida Riesgo;M;10/03/1982;21/11/2020;21/11/2040;86.000,00;121,65;Bizkaia
V500984;Vida Hipoteca;M;22/03/1987;13/04/2022;13/04/2047;245.000,00;254,28;Soria
V506219;Vida Hipoteca;M;15/06/1971;16/12/2019;16/12/2049;185.000,00;602,05;Bizkaia
V507189;Vida Riesgo;M;28/04/1986;15/05/2019;15/05/2034;34.000,00;29,74;A Coruña
V503790;Vida Hipoteca;M;11/09/1988;30/09/2024;30/09/2049;219.000,00;247,30;Málaga
V500601;Vida Riesgo;M;05/07/1961;18/11/2016;18/11/2036;98.000,00;571,74;Ávila
V507446;Vida Hipoteca;M;08/10/1979;11/01/2023;11/01/2043;83.000,00;172,98;Madrid
V502562;Vida Hipoteca;H;12/06/1980;24/05/2024;24/05/2054;87.000,00;192,19;Madrid
V501468;Vida Hipoteca;M;21/09/1965;19/05/2018;19/05/2043;51.000,00;236,24;Barcelona
V504954;Vida Hipoteca;H;11/05/1980;21/01/2021;21/01/2046;98.000,00;164,25;Murcia
V504023;Vida Hipoteca;M;26/01/1987;13/01/2020;13/01/2045;137.000,00;118,99;Murcia
V502193;Vida Hipoteca;H;26/10/1984;07/11/2019;07/11/2049;120.000,00;124,25;Zaragoza
V505748;Vida Hipoteca;Hombre;12/05/1974;25/01/2021;25/01/2046;106.000,00;296,12;Ourense
V502570;Vida Hipoteca;H;12/02/1976;08/05/2016;08/05/2031;249.000,00;401,19;Málaga
V507330;Vida Riesgo;H;23/01/1952;23/07/2021;23/07/2031;29.000,00;562,14;Las Palmas
V501766;Vida Hipoteca;M;19/10/1972;21/05/2018;21/05/2043;144.000,00;365,60;Jaén
V502986;Vida Riesgo;H;20/01/1982;19/08/2021;19/08/2041;94.000,00;143,24;Barcelona
V506716;Vida Riesgo;M;27/09/1977;25/11/2018;25/11/2033;42.000,00;73,22;Cuenca
V502601;Vida Hipoteca;Hombre;25/02/1968;02/06/2022;02/06/2042;143.000,00;759,51;Barcelona
V506213;Vida Riesgo;M;19/01/1986;25/12/2015;25/12/2035;46.000,00;30,87;Madrid
V501590;Vida Riesgo;M;05/06/1979;11/12/2020;11/12/2035;75.000,00;134,79;Madrid
V500168;Vida Hipoteca;M;26/10/1971;19/03/2021;19/03/2051;86.000,00;301,91;Cádiz
V501639;Vida Hipoteca;H;30/04/1970;16/04/2019;16/04/2039;120.000,00;405,93;Ciudad Real
V505169;Vida Hipoteca;M;23/11/1963;02/09/2023;02/09/2053;79.000,00;670,17;Ceuta
V505519;Vida Riesgo;H;12/10/1972;21/01/2018;21/01/2038;160.000,00;395,75;Gipuzkoa
V501948;Vida Hipoteca;H;14/11/1980;30/12/2022;30/12/2042;103.000,00;194,87;Illes Balears
V506526;Vida Riesgo;H;30/03/1980;04/06/2023;04/06/2033;96.000,00;198,68;Alicante
V503062;Vida Hipoteca;H;05/12/1955;25/05/2015;25/05/2045;108.000,00;892,45;Murcia
V503588;Vida Riesgo;M;27/12/1966;18/02/2024;18/02/2039;117.000,00;793,59;Alicante
V500076;Vida Riesgo;M;19/02/1983;05/01/2021;05/01/2031;261.000,00;344,21;Madrid
V505472;Vida Hipoteca;H;02/08/1976;15/03/2018;15/03/2043;174.000,00;315,26;Madrid
V500414;Vida Riesgo;H;01/05/1979;12/05/2019;12/05/2029;48.000,00;76,01;Madrid
V502509;Vida Hipoteca;H;21/09/1980;06/12/2024;06/12/2054;77.000,00;173,92;Madrid
V502598;Vida Riesgo;M;05/09/1985;20/04/2018;20/04/2033;61.000,00;51,46;Santa Cruz de Tenerife
V500934;Vida Riesgo;H;10/03/1982;20/09/2024;20/09/2044;222.000,00;434,86;Valladolid
V506239;Vida Hipoteca;M;08/02/1980;31/07/2016;31/07/2041;194.000,00;227,12;Murcia
V502361;Vida Hipoteca;Hombre;01/09/1972;24/10/2023;24/10/2053;131.000,00;533,52;Pontevedra
V502084;Vida Hipoteca;M;30/03/1989;02/04/2015;02/04/2045;175.000,00;84,14;Melilla
V503791;Vida Hipoteca;H;07/01/1979;31/10/2018;31/10/2048;155.000,00;240,98;Valencia
V506174;Vida Hipoteca;H;25/07/1959;04/01/2018;04/01/2038;87.000,00;659,13;Las Palmas
V505563;Vida Riesgo;M;19/04/1973;02/09/2023;02/09/2043;36.000,00;137,30;Murcia
V502820;Vida Riesgo;H;06/02/1970;20/10/2018;20/10/2033;96.000,00;317,67;Alicante
V503228;Vida Riesgo;m;16/11/1979;22/08/2021;22/08/2031;59.000,00;108,27;Castellón
V501845;Vida Riesgo;H;10/12/1981;20/05/2023;20/05/2038;58.000,00;103,54;Málaga
V506806;Vida Hipoteca;M;03/03/1986;21/10/2020;21/10/2050;197.000,00;197,23;Cuenca
V501154;Vida Hipoteca;M;29/03/1979;05/12/2017;05/12/2037;89.000,00;125,74;Valencia
V503569;Vida Hipoteca;M;13/01/1993;04/10/2022;04/10/2047;300.000,00;197,81;Alicante
V506591;Vida Riesgo;H;28/03/1979;19/03/2019;19/03/2039;57.000,00;89,85;Barcelona
V507881;Vida Riesgo;M;17/08/1986;18/03/2022;18/03/2042;24.000,00;26,04;Madrid
V504540;Vida Riesgo;H;12/02/1978;22/02/2022;22/02/2042;122.000,00;271,32;Ourense
V501110;Vida Riesgo;H;30/04/1997;01/06/2024;01/06/2039;46.000,00;24,24;Albacete
V501431;Vida Hipoteca;M;08/06/1990;10/04/2023;10/04/2053;121.000,00;103,98;Barcelona
V507190;Vida Riesgo;Mujer;18/09/1984;08/07/2022;08/07/2032;57.000,00;74,69;Madrid
V506463;Vida Hipoteca;M;10/10/1982;01/04/2021;01/04/2036;178.000,00;246,98;Soria
V501987;Vida Hipoteca;M;03/06/1978;19/03/2020;19/03/2050;251.000,00;461,73;Valladolid
V505266;Vida Riesgo;M;29/05/1982;13/05/2021;13/05/2031;70.000,00;101,18;Sevilla
V501485;Vida Riesgo;H;03/08/1987;07/09/2021;07/09/2041;93.000,00;88,93;Asturias
V504507;Vida Hipoteca;H;07/03/1966;03/09/2015;03/09/2030;200.000,00;707,80;Illes Balears
V501367;Vida Hipoteca;M;21/03/1960;29/08/2017;29/08/2047;182.000,00;1.265,69;Pontevedra
V504994;Vida Riesgo;M;15/05/1988;31/01/2020;31/01/2035;88.000,00;68,71;Alicante
V502186;Vida Hipoteca;H;20/01/1972;18/09/2020;18/09/2050;;214,41;Lugo
V501349;Vida Hipoteca;H;31/12/1966;29/09/2015;29/09/2035;68.000,00;225,83;Melilla
V501049;Vida Hipoteca;M;04/09/1977;13/11/2022;13/11/2052;186.000,00;456,76;Murcia
V501428;Vida Riesgo;H;08/10/1986;23/08/2020;23/08/2035;23.000,00;21,58;Ávila
V505041;Vida Riesgo;M;07/07/1970;06/10/2019;06/10/2034;96.000,00;332,83;Madrid
V506307;Vida Hipoteca;H;20/02/1975;06/02/2022;06/02/2042;115.000,00;328,23;Castellón
V504246;Vida Riesgo;H;12/12/1969;07/02/2018;07/02/2033;86.000,00;271,70;Ciudad Real
V504708;Vida Riesgo;H;14/12/1975;08/02/2016;08/02/2031;71.000,00;113,61;Las Palmas
V500473;Vida Hipoteca;M;13/12/1953;20/04/2017;20/04/2037;69.000,00;793,18;Valencia
V505245;Vida Riesgo;M;05/01/1979;25/05/2018;25/05/2028;29.000,00;43,47;A Coruña
V507564;Vida Hipoteca;H;09/02/1981;19/06/2021;19/06/2041;268.000,00;436,30;Murcia
V501239;Vida Riesgo;M;25/03/1971;25/12/2024;25/12/2044;46.000,00;233,87;Lugo
V503556;Vida Hipoteca;M;18/06/1995;06/04/2017;06/04/2037;181.000,00;60,86;Madrid
V501454;Vida Riesgo;H;24/05/1981;04/06/2019;04/06/2039;32.000,00;42,74;León
V501720;Vida Riesgo;Hombre;09/04/1970;06/12/2016;06/12/2031;53.000,00;147,45;Málaga
V501891;Vida Riesgo;H;20/08/1996;18/12/2021;18/12/2031;94.000,00;42,65;Granada
V500355;Vida Hipoteca;H;29/06/1971;02/11/2019;02/11/2049;72.000,00;231,17;Valencia
V505492;Vida Hipoteca;M;01/11/1976;06/02/2016;06/02/2046;173.000,00;256,66;Valencia
V507996;Vida Riesgo;M;24/03/1969;14/01/2017;14/01/2037;45.000,00;138,07;Madrid
V500024;Vida Hipoteca;H;30/04/1976;06/04/2023;06/04/2043;129.000,00;367,26;Melilla
V505842;Vida Riesgo;M;10/12/1983;15/04/2020;15/04/2040;59.000,00;68,32;Teruel
V506535;Vida Riesgo;H;31/01/1993;26/11/2023;26/11/2033;64.000,00;46,31;Madrid
V505180;Vida Hipoteca;M;28/11/1974;09/08/2017;09/08/2032;71.000,00;141,03;Palencia
V507462;Vida Hipoteca;H;20/11/1983;27/09/2018;27/09/2043;456.000,00;465,05;Sevilla
V502908;Vida Hipoteca;H;15/10/1970;17/06/2020;17/06/2050;162.000,00;582,20;Barcelona
V503940;Vida Hipoteca;M;22/11/1970;14/03/2020;14/03/2045;339.000,00;1.181,19;Cuenca
V505143;Vida Riesgo;H;10/05/1986;22/06/2018;22/06/2028;118.000,00;95,36;Melilla
V500167;Vida Riesgo;M;22/11/1977;04/09/2018;04/09/2028;65.000,00;109,73;Gipuzkoa
V502309;Vida Riesgo;M;23/09/1987;28/03/2018;28/03/2038;81.000,00;57,10;Asturias
V505846;Vida Hipoteca;H;27/04/1962;06/06/2016;06/06/2036;150.000,00;786,10;Teruel
V503089;Vida Riesgo;M;09/07/1973;07/01/2024;07/01/2044;20.000,00;77,10;Bizkaia
V501389;Vida Riesgo;M;05/08/1988;02/08/2017;02/08/2027;56.000,00;34,70;Madrid
V502639;Vida Riesgo;H;05/05/1975;12/05/2024;12/05/2044;59.000,00;200,60;Madrid
V500020;Vida Riesgo;h;21/02/1977;09/10/2024;09/10/2034;164.000,00;495,52;Barcelona
V504553;Vida Hipoteca;H;10/03/1980;19/07/2016;19/07/2036;249.000,00;288,61;Cádiz
V504459;Vida Riesgo;M;06/11/1964;04/11/2018;04/11/2038;157.000,00;814,64;Granada
V501990;Vida Riesgo;H;28/04/1980;26/05/2016;26/05/2036;95.000,00;107,49;A Coruña
V505764;Vida Hipoteca;M;11/03/1984;21/02/2021;21/02/2041;131.000,00;159,67;Las Palmas
V500523;Vida Riesgo;M;17/02/1973;20/12/2020;20/12/2030;23.000,00;70,73;Zaragoza
V503158;Vida Riesgo;M;31/07/1986;26/01/2019;26/01/2039;104.000,00;86,76;Bizkaia
V501145;Vida Hipoteca;H;12/03/1974;26/12/2015;26/12/2045;220.000,00;404,63;León
V501015;Vida Riesgo;H;15/09/1957;27/05/2015;27/05/2025;40.000,00;284,27;Almería
V505851;Vida Hipoteca;M;03/05/1982;26/10/2016;26/10/2036;240.000,00;237,18;León
V507073;Vida Riesgo;Mujer;31/10/1973;09/06/2017;09/06/2037;32.000,00;68,67;Castellón
V505638;Vida Riesgo;H;02/12/1986;15/04/2018;15/04/2028;23.000,00;17,44;A Coruña
V501716;Vida Riesgo;H;30/05/1971;25/05/2017;25/05/2037;119.000,00;312,67;Jaén
V504602;Vida Hipoteca;M;06/09/1983;25/10/2023;25/10/2043;121.000,00;193,29;Barcelona
V501827;Vida Hipoteca;M;16/10/2002;10/07/2022;10/07/2037;136.000,00;38,35;La Rioja
V505891;Vida Riesgo;H;08/11/1973;18/09/2022;18/09/2032;59.000,00;197,90;Málaga
V504903;Vida Hipoteca;M;05/09/1990;29/09/2020;29/09/2035;270.000,00;183,32;La Rioja
V502120;Vida Hipoteca;H;14/04/1996;30/10/2015;30/10/2030;136.000,00;37,74;Ourense
V507303;Vida Hipoteca;H;14/05/1987;29/12/2022;29/12/2042;99.000,00;107,82;Badajoz
V506076;Vida Riesgo;M;05/09/1993;01/01/2017;01/01/2032;35.000,00;13,40;Zaragoza
V502435;Vida Hipoteca;M;01/10/1976;18/10/2016;18/10/2041;295.000,00;467,74;Bizkaia
V500875;Vida Hipoteca;M;07/05/1980;23/01/2020;23/01/2040;229.000,00;352,98;Madrid
V503292;Vida Hipoteca;M;01/10/1982;20/09/2021;20/09/2051;215.000,00;311,11;A Coruña
V504401;Vida Hipoteca;M;21/05/1987;01/11/2016;01/11/2036;202.000,00;130,14;Segovia
V502651;Vida Hipoteca;M;11/07/1958;24/06/2017;24/06/2037;117.000,00;925,56;Murcia
V500219;Vida Hipoteca;M;06/12/1979;17/04/2023;17/04/2043;150.000,00;315,30;Madrid
V505755;Vida Hipoteca;H;10/08/1987;10/07/2021;10/07/2036;91.000,00;85,71;Guadalajara
V503175;Vida Riesgo;H;30/10/1990;06/11/2017;06/11/2032;50.000,00;26,20;Barcelona
V502670;Vida Hipoteca;M;14/04/1979;15/11/2019;15/11/2039;156.000,00;259,01;Barcelona
V507318;Vida Riesgo;H;28/04/1965;14/04/2021;14/04/2031;57.000,00;349,61;Madrid
V501368;Vida Hipoteca;H;09/05/1978;09/08/2017;09/08/2047;157.000,00;232,70;Sevilla
V503410;Vida Hipoteca;M;11/07/1969;26/07/2015;26/07/2035;416.000,00;1.097,92;Zaragoza
V504699;Vida Hipoteca;H;29/01/1987;15/11/2018;15/11/2038;159.000,00;125,04;Santa Cruz de Tenerife
V505605;Vida Hipoteca;H;14/10/1988;20/08/2022;20/08/2037;76.000,00;71,16;Barcelona
V504296;Vida Riesgo;H;03/02/1985;09/07/2018;09/07/2033;31.000,00;28,00;Asturias
V506743;Vida Riesgo;H;05/07/1968;27/01/2016;27/01/2026;83.000,00;249,30;León
V507944;Vida Hipoteca;M;30/04/1964;16/03/2015;16/03/2035;251.000,00;999,07;Barcelona
V507464;Vida Hipoteca;H;30/08/1975;30/08/2016;30/08/2041;101.000,00;173,69;Málaga
V502113;Vida Hipoteca;M;11/03/1988;01/02/2021;01/02/2046;89.000,00;76,84;Alicante
V502523;Vida Hipoteca;M;17/01/1977;31/07/2024;31/07/2049;227.000,00;680,18;Navarra
V504683;Vida Riesgo;H;25/05/1961;23/10/2018;23/10/2038;40.000,00;277,53;Huesca
V507313;Vida Hipoteca;M;19/12/1978;07/06/2015;07/06/2035;78.000,00;91,23;Pontevedra
V502250;Vida Riesgo;M;03/11/1959;03/08/2022;03/08/2042;35.000,00;382,23;Valencia
V500424;Vida Hipoteca;H;19/08/1974;17/11/2024;17/11/2049;139.000,00;524,54;Madrid
V503789;Vida Hipoteca;H;09/05/1974;13/01/2017;13/01/2037;236.000,00;468,29;Madrid
V501030;Vida Riesgo;H;19/04/1983;14/05/2023;14/05/2038;20.000,00;31,77;Illes Balears
V503666;Vida Riesgo;M;18/02/1975;31/12/2017;31/12/2037;40.000,00;80,60;Málaga
V500164;Vida Hipoteca;M;23/07/1986;05/03/2020;05/03/2045;396.000,00;363,57;Madrid
V500869;Vida Hipoteca;H;21/03/1985;07/07/2017;07/07/2032;410.000,00;336,39;Barcelona
V501451;Vida Hipoteca;M;06/10/1967;21/08/2016;21/08/2041;190.000,00;638,10;Murcia
V505808;Vida Riesgo;H;23/04/1972;16/04/2018;16/04/2033;75.000,00;196,91;Madrid
V503141;Vida Hipoteca;M;19/03/1994;20/10/2015;20/10/2045;100.000,00;33,03;Girona
V502013;Vida Riesgo;M;04/03/1972;01/02/2019;01/02/2034;89.000,00;252,96;Murcia
V505307;Vida Hipoteca;M;08/05/1982;13/01/2017;13/01/2032;569.000,00;572,11;Ourense
V504791;Vida Hipoteca;H;07/11/1978;17/11/2019;17/11/2034;86.000,00;148,22;Gipuzkoa
V502468;Vida Riesgo;M;14/11/1982;02/08/2017;02/08/2037;235.000,00;236,87;León
V501951;Vida Riesgo;M;13/05/1989;16/04/2024;16/04/2034;55.000,00;56,45;Illes Balears
V507946;Vida Riesgo;M;07/04/1953;01/09/2017;01/09/2027;107.000,00;1.345,07;Pontevedra
V507284;Vida Hipoteca;H;14/07/1977;21/09/2022;21/09/2052;181.000,00;444,30;Málaga
V507431;Vida Hipoteca;H;13/10/1973;27/12/2022;27/12/2052;101.000,00;348,87;Ciudad Real
V504417;Vida Riesgo;H;30/11/1977;09/09/2019;09/09/2039;89.000,00;163,44;Murcia
V506976;Vida Hipoteca;H;27/04/1970;20/10/2018;20/10/2038;159.000,00;516,44;Melilla
V506855;Vida Hipoteca;M;08/11/1973;13/09/2024;13/09/2044;224.000,00;889,53;Ciudad Real
V506865;Vida Hipoteca;M;08/10/1987;18/07/2019;18/07/2049;64.000,00;50,24;Málaga
V502198;Vida Riesgo;M;30/12/1979;07/09/2016;07/09/2026;84.000,00;100,13;Valencia
V502278;Vida Hipoteca;H;15/02/1969;15/04/2024;15/04/2039;163.000,00;934,18;Alicante
V507763;Vida Hipoteca;M;17/06/1984;01/07/2018;01/07/2038;73.000,00;69,45;Cádiz
V503652;Vida Hipoteca;H;19/04/1963;25/12/2017;25/12/2042;233.000,00;1.282,18;A Coruña
V505708;Vida Riesgo;M;24/04/1983;14/02/2023;14/02/2043;31.000,00;48,18;Barcelona
V503527;Vida Riesgo;H;24/08/1972;27/09/2022;27/09/2037;34.000,00;126,64;Bizkaia
V502484;Vida Riesgo;M;07/01/1962;12/04/2015;12/04/2035;86.000,00;419,21;Barcelona
V504675;Vida Riesgo;H;11/07/1974;11/11/2021;11/11/2041;56.000,00;165,02;Santa Cruz de Tenerife
V500628;Vida Hipoteca;H;22/05/1985;26/10/2024;26/10/2039;135.000,00;203,17;Valencia
V502911;Vida Riesgo;M;12/06/1973;27/06/2019;27/06/2034;46.000,00;121,41;Valencia
V505299;Vida Hipoteca;H;23/03/1975;13/03/2015;13/03/2035;184.000,00;289,96;Ceuta
V503512;Vida Hipoteca;H;27/11/1975;19/09/2016;19/09/2041;224.000,00;379,15;Barcelona
V500534;Vida Hipoteca;M;30/09/1982;05/05/2018;05/05/2038;78.000,00;84,72;Madrid
V507918;Vida Riesgo;H;26/07/1982;15/05/2019;15/05/2029;115.000,00;138,40;Cádiz
V504775;Vida Riesgo;M;09/03/1976;18/11/2018;18/11/2033;35.000,00;69,50;A Coruña
V501701;Vida Riesgo;M;11/05/1967;28/06/2022;28/06/2042;84.000,00;480,16;Cáceres
V502212;Vida Riesgo;H;22/11/1966;01/08/2015;01/08/2035;24.000,00;79,34;Barcelona
V506044;Vida Riesgo;M;22/07/2002;04/09/2017;04/09/2027;52.000,00;86,75;Lugo
V501037;Vida Riesgo;M;15/01/1972;25/11/2017;25/11/2032;144.000,00;374,32;Madrid
V502455;Vida Hipoteca;H;30/03/1965;12/02/2018;12/02/2048;186.000,00;877,52;Navarra
V501671;Vida Hipoteca;M;28/02/1978;16/07/2020;16/07/2035;93.000,00;179,82;Cuenca
V500491;Vida Hipoteca;H;12/07/1987;13/07/2022;13/07/2047;66.000,00;68,18;Pontevedra
V507127;Vida Hipoteca;M;16/12/1981;30/04/2021;30/04/2046;252.000,00;377,24;Ourense
V505526;Vida Riesgo;M;02/11/1990;23/05/2022;23/05/2032;95.000,00;73,19;Asturias
V503126;Vida Riesgo;H;14/02/1979;08/10/2015;08/10/2025;28.000,00;33,25;Bizkaia
V503212;Vida Hipoteca;H;18/07/1982;03/06/2016;03/06/2046;212.000,00;198,99;Valencia
V502768;Vida Riesgo;M;23/04/1967;10/10/2019;10/10/2029;128.000,00;583,29;Ceuta
V502736;Vida Hipoteca;M;02/05/1975;21/09/2021;21/09/2046;102.000,00;277,34;Pontevedra
V500948;Vida Riesgo;M;23/09/1988;13/10/2015;13/10/2025;32.000,00;16,82;Santa Cruz de Tenerife
V506969;Vida Riesgo;H;15/08/1982;08/01/2021;08/01/2036;119.000,00;164,07;Cuenca
V506139;Vida Hipoteca;H;24/05/1991;11/02/2024;11/02/2039;250.000,00;212,66;Madrid
V500775;Vida Riesgo;Hombre;08/01/1979;13/11/2015;13/11/2035;31.000,00;37,44;Barcelona
V505308;Vida Riesgo;h;18/11/1987;20/03/2022;20/03/2042;50.000,00;48,80;Málaga
V507837;Vida Hipoteca;M;24/11/1973;11/08/2020;11/08/2035;136.000,00;380,08;Segovia
V501628;Vida Hipoteca;M;17/04/1988;22/07/2024;22/07/2054;96.000,00;110,36;Lleida
V507160;Vida Hipoteca;H;17/10/1983;15/12/2022;15/12/2042;189.000,00;277,97;Salamanca
V500758;Vida Hipoteca;H;27/04/1974;12/07/2020;12/07/2045;94.000,00;251,69;Toledo
V504005;Vida Riesgo;M;28/01/1978;10/08/2020;10/08/2040;117.000,00;229,17;Cáceres
V500806;Vida Hipoteca;H;10/06/1977;09/01/2016;09/01/2031;115.000,00;161,00;Las Palmas
V504426;Vida Riesgo;H;10/01/1985;09/09/2024;09/09/2039;53.000,00;81,35;Madrid
V504938;Vida Hipoteca;M ;18/11/1981;02/09/2019;02/09/2044;271.000,00;354,63;Barcelona
V505878;Vida Riesgo;M;26/09/1970;11/03/2021;11/03/2031;25.000,00;96,03;Tarragona
V506479;Vida Hipoteca;H;19/03/1972;28/11/2024;28/11/2049;230.000,00;1.068,83;Madrid
V502101;Vida Riesgo;M;24/10/1984;18/10/2021;18/10/2041;54.000,00;65,99;Teruel
V506791;Vida Hipoteca;H;24/12/1990;30/10/2015;30/10/2030;186.000,00;81,05;Madrid
V505664;Vida Hipoteca;H;02/03/1967;12/11/2015;12/11/2045;83.000,00;274,58;Ceuta
V502223;Vida Riesgo;H;01/06/1985;05/01/2024;05/01/2044;54.000,00;75,70;Santa Cruz de Tenerife
V506602;Vida Hipoteca;M;26/04/1974;31/03/2015;31/03/2040;271.000,00;463,21;Madrid
V505880;Vida Riesgo;M;06/09/1981;25/08/2020;25/08/2040;104.000,00;150,48;Alicante
V504264;Vida Riesgo;M;11/06/1968;05/06/2019;05/06/2029;55.000,00;220,90;Salamanca
V507571;Vida Hipoteca;H;30/11/1987;27/12/2022;27/12/2047;153.000,00;158,98;Madrid
V506323;Vida Riesgo;M;12/12/1958;17/01/2022;17/01/2042;122.000,00;1.372,61;Huesca
V505451;Vida Hipoteca;H;13/02/1978;29/01/2017;29/01/2037;199.000,00;287,73;Illes Balears
V502897;Vida Riesgo;H;13/05/1993;24/11/2021;24/11/2031;126.000,00;75,09;Huelva
V502335;Vida Riesgo;M;25/07/1959;13/06/2016;13/06/2031;21.000,00;139,36;A Coruña
V505224;Vida Hipoteca;M;22/04/1991;11/11/2024;11/11/2044;42.000,00;38,37;Salamanca
V505065;Vida Riesgo;H;09/04/1947;07/10/2016;07/10/2026;27.000,00;523,37;La Rioja
V501848;Vida Riesgo;H;19/10/1957;29/01/2015;29/01/2025;89.000,00;610,61;Pontevedra
V502706;Vida Riesgo;M;01/03/1963;27/11/2018;27/11/2038;110.000,00;662,23;Madrid
V503531;Vida Hipoteca;H;16/04/1966;01/04/2016;01/04/2041;114.000,00;419,85;Madrid
V506378;Vida Riesgo;M;13/10/1981;17/06/2023;17/06/2043;27.000,00;49,18;Barcelona
V501323;Vida Hipoteca;M;17/12/1980;27/05/2021;27/05/2036;108.000,00;177,11;Cuenca
V503863;Vida Riesgo;H;06/05/1973;25/07/2018;25/07/2038;70.000,00;172,26;Málaga
V506149;Vida Hipoteca;h;16/08/1970;18/03/2023;18/03/2048;229.000,00;1.054,16;Pontevedra
V502828;Vida Hipoteca;M;18/06/1979;29/08/2022;29/08/2052;106.000,00;219,72;Madrid
V504515;Vida Riesgo;M;11/06/1995;26/11/2024;26/11/2039;62.000,00;39,99;Granada
V506404;Vida Hipoteca;M;18/08/1991;01/05/2024;01/05/2054;106.000,00;90,05;Barcelona
V502896;Vida Riesgo;H;11/04/1985;02/08/2024;02/08/2034;55.000,00;81,91;Bizkaia
V507267;Vida Hipoteca;M;12/10/1976;01/08/2020;01/08/2045;113.000,00;246,58;Ceuta
V501809;Vida Riesgo;M;03/06/1978;27/05/2024;27/05/2044;27.000,00;70,92;Lleida
V500709;Vida Hipoteca;H;27/07/1983;02/01/2015;02/01/2040;209.000,00;159,41;A Coruña
V502191;Vida Hipoteca;M;19/07/1991;09/11/2019;09/11/2049;82.000,00;47,94;Barcelona
V503492;Vida Hipoteca;m;12/09/1965;23/05/2019;23/05/2049;182.000,00;920,51;Alicante
V503093;Vida Hipoteca;H;28/06/1981;18/10/2021;18/10/2041;177.000,00;286,95;Madrid
V507058;Vida Riesgo;M;13/03/1982;01/08/2016;01/08/2036;22.000,00;21,56;Barcelona
V507181;Vida Riesgo;M;16/02/1981;01/06/2017;01/06/2032;19.000,00;21,89;Madrid
V507306;Vida Hipoteca;M;23/10/1977;24/08/2016;24/08/2041;172.000,00;246,08;Cantabria
V500033;Vida Hipoteca;M;22/02/1978;03/09/2024;03/09/2039;249.000,00;685,03;Melilla
V501968;Vida Hipoteca;M;06/12/1961;17/07/2015;17/07/2045;71.000,00;356,55;Valladolid
V505579;Vida Hipoteca;M;25/02/1972;01/01/2018;01/01/2033;168.000,00;436,33;Albacete
V501481;Vida Hipoteca;M;23/10/1960;28/07/2017;28/07/2047;109.000,00;715,60;Barcelona
V506299;Vida Hipoteca;H;07/03/1981;12/05/2018;12/05/2033;83.000,00;103,16;Madrid
V504142;Vida Hipoteca;M;09/09/1969;24/07/2016;24/07/2031;248.000,00;702,44;Madrid
V504608;Vida Hipoteca;M;26/08/1972;14/09/2016;14/09/2036;156.000,00;347,72;Barcelona
V507712;Vida Riesgo;H;24/07/1977;09/04/2024;09/04/2034;56.000,00;156,47;A Coruña
V507882;Vida Hipoteca;M;17/07/1984;11/08/2022;11/08/2042;134.000,00;179,59;Tarragona
V503085;Vida Riesgo;H;27/01/1966;16/10/2020;16/10/2035;36.000,00;198,68;Madrid
V506097;Vida Hipoteca;H;18/01/1957;11/01/2017;11/01/2042;95.000,00;820,04;Santa Cruz de Tenerife
V507246;Vida Hipoteca;H;15/01/1992;17/08/2015;17/08/2035;214.000,00;83,76;Barcelona
V506023;Vida Hipoteca;M;22/08/1965;29/04/2020;29/04/2050;291.000,00;1.601,50;Araba/Álava
V504725;Vida Hipoteca;Hombre;19/12/1983;06/09/2023;06/09/2038;329.000,00;507,23;Sevilla
V505228;Vida Hipoteca;H;10/12/1978;22/01/2024;22/01/2049;131.000,00;319,62;Valencia
V504565;Vida Hipoteca;H;11/04/1967;29/12/2020;29/12/2035;85.000,00;430,85;Gipuzkoa
V507109;Vida Hipoteca;H;30/03/1980;25/04/2024;25/04/2054;137.000,00;305,82;Barcelona
V502553;Vida Hipoteca;M;07/05/1966;20/08/2018;20/08/2038;201.000,00;902,16;Ávila
V506722;Vida Riesgo;M;30/03/1978;11/01/2015;11/01/2025;45.000,00;54,08;Sevilla
V501922;Vida Riesgo;M;03/02/1994;07/02/2017;07/02/2037;32.000,00;11,93;Barcelona
V500222;Vida Hipoteca;M;14/12/1981;17/07/2020;17/07/2035;97.000,00;135,90;Burgos
V506617;Vida Riesgo;M;16/01/1974;02/02/2022;02/02/2037;95.000,00;297,34;Madrid
V505971;Vida Hipoteca;H;11/10/1969;03/10/2022;03/10/2047;231.000,00;1.099,38;Zaragoza
V503027;Vida Riesgo;H;01/08/1976;11/07/2020;11/07/2040;57.000,00;125,87;Huesca
V502951;Vida Riesgo;h;27/02/1982;17/10/2018;17/10/2038;146.000,00;173,24;Bizkaia
V503253;Vida Hipoteca;H;01/10/1965;06/11/2015;06/11/2040;149.000,00;555,22;Madrid
V502837;Vida Hipoteca;M;15/07/1969;12/09/2024;12/09/2039;70.000,00;401,14;Valencia
V506789;Vida Hipoteca;H;29/09/1967;12/02/2017;12/02/2047;158.000,00;553,66;Palencia
V502426;Vida Riesgo;M;03/02/1999;30/01/2020;30/01/2035;23.000,00;7,22;Granada
V506224;Vida Riesgo;M;16/10/1973;18/03/2017;18/03/2032;121.000,00;255,59;Madrid
V502174;Vida Riesgo;M;19/11/1971;08/02/2017;08/02/2032;75.000,00;184,66;Asturias
V503191;Vida Hipoteca;M;20/03/1983;06/07/2021;06/07/2041;151.000,00;206,33;Cádiz
V507551;Vida Riesgo;M;04/10/1974;28/01/2015;28/01/2030;62.000,00;100,61;Bizkaia
V502044;Vida Riesgo;H;04/04/1991;19/04/2021;19/04/2031;82.000,00;55,56;Madrid
V500388;Vida Hipoteca;h;18/10/1987;22/03/2021;22/03/2046;121.000,00;109,29;Madrid
V501183;Vida Riesgo;H;22/06/1981;01/01/2024;01/01/2039;35.000,00;68,53;Murcia
V504687;Vida Hipoteca;H;18/06/1998;18/01/2024;18/01/2039;449.000,00;208,26;Bizkaia
V504029;Vida Riesgo;H;10/09/1978;05/12/2023;05/12/2033;24.000,00;59,15;León
V506418;Vida Hipoteca;H;23/08/1975;11/04/2015;11/04/2045;73.000,00;111,76;Asturias
V503414;Vida Riesgo;M;10/06/1981;14/06/2024;14/06/2044;80.000,00;163,21;Murcia
V502458;Vida Hipoteca;H;27/07/1974;20/01/2024;20/01/2049;204.000,00;721,42;Zamora
V507557;Vida Hipoteca;Mujer;01/08/1977;17/09/2018;17/09/2033;126.000,00;219,01;Pontevedra
V501881;Vida Hipoteca;H;25/08/1972;14/01/2016;14/01/2046;354.000,00;745,61;Cantabria
V506249;Vida Riesgo;M;24/06/1986;04/02/2024;04/02/2039;70.000,00;90,28;Madrid
V503808;Vida Riesgo;M;02/11/1965;14/01/2021;14/01/2041;55.000,00;316,20;Tarragona
V502291;Vida Hipoteca;H;31/12/1975;01/09/2020;01/09/2040;130.000,00;305,42;Madrid
V507645;Vida Hipoteca;H;24/04/1996;30/06/2018;30/06/2038;54.000,00;18,76;Valencia
V507563;Vida Hipoteca;H;15/11/1984;23/03/2015;23/03/2045;200.000,00;139,09;Barcelona
V507489;Vida Riesgo;H;01/07/1979;24/05/2020;24/05/2030;198.000,00;337,52;Alicante
V503184;Vida Riesgo;M;06/11/1976;22/10/2022;22/10/2042;22.000,00;57,66;Jaén
V507939;Vida Riesgo;H;06/03/1990;09/01/2023;09/01/2043;13.000,00;11,18;Navarra
V506306;Vida Riesgo;Hombre;11/02/1985;17/03/2016;17/03/2026;23.000,00;17,04;Alicante
V507672;Vida Riesgo;H;16/12/1984;12/02/2023;12/02/2043;67.000,00;90,47;Murcia
V502754;Vida Hipoteca;M;26/01/1983;05/04/2020;05/04/2035;310.000,00;385,65;Pontevedra
V504543;Vida Riesgo;H;07/09/1974;07/10/2021;07/10/2041;42.000,00;121,11;Valencia
V503271;Vida Hipoteca;M;26/12/1977;05/02/2018;05/02/2043;230.000,00;366,76;Araba/Álava
V500084;Vida Riesgo;M;11/04/1970;20/11/2018;20/11/2028;56.000,00;183,90;Barcelona
V504030;Vida Hipoteca;H;11/05/1981;11/12/2021;11/12/2036;112.000,00;185,92;Asturias
V505909;Vida Riesgo;H;11/05/1977;13/06/2022;13/06/2042;86.000,00;209,34;Madrid
V501383;Vida Hipoteca;M;11/11/1975;01/03/2017;01/03/2032;138.000,00;243,49;Murcia
V504402;Vida Riesgo;M;20/11/1967;16/03/2016;16/03/2026;48.000,00;153,76;Madrid
V501387;Vida Hipoteca;M;09/02/1978;20/02/2019;20/02/2039;69.000,00;118,96;Santa Cruz de Tenerife
V505254;Vida Riesgo;H;02/09/1977;06/06/2020;06/06/2030;109.000,00;217,69;Madrid
V501195;Vida Hipoteca;M;02/01/2000;26/11/2018;26/11/2048;265.000,00;69,63;Girona
V507280;Vida Hipoteca;M;25/09/1970;24/05/2021;24/05/2041;194.000,00;758,34;Sevilla
V502520;Vida Riesgo;H;06/03/1993;16/09/2022;16/09/2037;25.000,00;16,22;Burgos
V503086;Vida Hipoteca;M;17/02/1986;17/05/2023;17/05/2043;217.000,00;271,15;Bizkaia
V507311;Vida Hipoteca;M;14/10/1979;20/02/2021;20/02/2046;198.000,00;350,90;Barcelona
V503024;Vida Riesgo;M;02/03/1983;07/02/2016;07/02/2036;21.000,00;18,20;A Coruña
V507433;Vida Riesgo;M;09/06/1980;19/11/2017;19/11/2032;105.000,00;133,48;Granada
V506177;Vida Hipoteca;M;06/03/1978;24/05/2017;24/05/2032;140.000,00;206,88;Tarragona
V501818;Vida Hipoteca;M;01/01/2001;29/07/2023;29/07/2038;371.000,00;133,18;Jaén
V507381;Vida Hipoteca;M;20/01/1986;20/12/2024;20/12/2039;107.000,00;154,12;Sevilla
V504869;Vida Riesgo;H;04/04/1983;16/11/2021;16/11/2036;22.000,00;30,90;Barcelona
V501622;Vida Hipoteca;Mujer;25/03/1983;02/10/2023;02/10/2048;60.000,00;99,07;Barcelona
V500119;Vida Riesgo;H;03/02/1973;19/04/2023;19/04/2038;46.000,00;172,95;Madrid
V507665;Vida Riesgo;M;12/08/1979;07/08/2019;07/08/2039;44.000,00;69,42;León
V505529;Vida Hipoteca;M;12/10/1969;15/08/2015;15/08/2040;77.000,00;199,77;Santa Cruz de Tenerife
V504874;Vida Riesgo;H;27/03/1970;09/04/2022;09/04/2037;98.000,00;430,56;Valencia
V506753;Vida Riesgo;H ;08/08/1990;09/03/2024;09/03/2044;31.000,00;28,39;Lleida
V507167;Vida Hipoteca;M;21/11/1981;15/04/2023;15/04/2048;97.000,00;172,53;Valencia
V502691;Vida Hipoteca;H;15/01/1968;27/09/2017;27/09/2047;258.000,00;929,45;Murcia
V507329;Vida Riesgo;h;15/06/1990;31/01/2022;31/01/2042;59.000,00;45,75;A Coruña
V503596;Vida Hipoteca;H;20/02/1977;06/03/2024;06/03/2044;174.000,00;499,91;Alicante
V503174;Vida Riesgo;M;11/09/1982;25/12/2020;25/12/2030;54.000,00;73,74;Madrid
V502694;Vida Hipoteca;H;08/11/1956;19/07/2021;19/07/2051;116.000,00;1.494,34;Ceuta
V502675;Vida Hipoteca;H;20/08/1984;29/07/2022;29/07/2037;161.000,00;213,43;Alicante
V505945;Vida Riesgo;H;14/10/1985;17/05/2024;17/05/2034;41.000,00;57,44;Santa Cruz de Tenerife
V507654;Vida Hipoteca;M;20/11/1984;21/11/2022;21/11/2047;159.000,00;211,89;Ávila
V506330;Vida Hipoteca;M;23/05/1975;10/12/2021;10/12/2046;240.000,00;661,55;Jaén
V504838;Vida Hipoteca;H;31/03/1976;08/03/2021;08/03/2036;297.000,00;713,72;Murcia
V507666;Vida Riesgo;H;28/12/1968;07/10/2015;07/10/2025;40.000,00;112,36;Valencia
V505756;Vida Hipoteca;M;02/10/1974;15/08/2019;15/08/2044;177.000,00;422,84;Valencia
V504065;Vida Riesgo;H;02/09/1975;13/10/2021;13/10/2036;37.000,00;98,25;Alicante
V504150;Vida Hipoteca;M;10/06/1977;17/10/2015;17/10/2030;139.000,00;190,85;Illes Balears
V502624;Vida Hipoteca;M;15/11/1969;05/07/2017;05/07/2032;77.000,00;232,74;Barcelona
V502366;Vida Riesgo;H;25/09/1963;19/03/2018;19/03/2033;17.000,00;91,95;Araba/Álava
V502069;Vida Riesgo;M;03/11/1999;15/01/2024;15/01/2039;51.000,00;21,03;Alicante
V502154;Vida Riesgo;M;10/11/1985;21/07/2021;21/07/2041;99.000,00;108,44;Valencia
V502635;Vida Riesgo;H;30/03/2001;23/09/2019;23/09/2039;36.000,00;9,13;Las Palmas
V501895;Vida Hipoteca;H;05/07/1966;10/12/2017;10/12/2047;103.000,00;429,90;León
V507272;Vida Hipoteca;M;29/11/1994;03/05/2022;03/05/2047;166.000,00;90,03;Barcelona
V501105;Vida Hipoteca;M;01/08/1989;01/09/2018;01/09/2048;128.000,00;79,94;La Rioja
V507393;Vida Hipoteca;H ;16/01/1974;22/04/2022;22/04/2052;174.000,00;554,69;Teruel
V503268;Vida Hipoteca;H;24/06/1974;10/04/2015;10/04/2045;214.000,00;361,59;Cantabria
V504931;Vida Riesgo;M;20/08/1976;27/06/2017;27/06/2027;62.000,00;105,28;A Coruña
V501996;Vida Riesgo;M;05/10/1987;07/01/2022;07/01/2042;98.000,00;95,02;Madrid
V502968;Vida Riesgo;H;19/09/1974;04/12/2022;04/12/2042;46.000,00;145,98;Madrid
V503037;Vida Hipoteca;H;05/07/1998;23/06/2022;23/06/2037;147.000,00;59,43;Guadalajara
V501536;Vida Hipoteca;M;05/12/1985;28/07/2023;28/07/2053;119.000,00;153,83;Alicante
V502147;Vida Hipoteca;H;06/11/1967;11/06/2015;11/06/2040;182.000,00;548,18;Illes Balears
V507958;Vida Hipoteca;M;28/05/1987;04/07/2023;04/07/2053;154.000,00;174,62;Zamora
V503058;Vida Riesgo;M;24/10/1961;28/10/2021;28/10/2036;27.000,00;233,63;Madrid
V507794;Vida Hipoteca;H;22/10/1972;24/09/2015;24/09/2035;118.000,00;238,88;A Coruña
V503811;Vida Hipoteca;M;06/12/1965;03/10/2017;03/10/2032;171.000,00;737,84;Barcelona
V504564;Vida Hipoteca;H;01/04/1993;06/09/2024;06/09/2044;224.000,00;170,80;Málaga
V506643;Vida Hipoteca;H;13/02/1972;31/03/2016;31/03/2041;114.000,00;255,74;Málaga
V502576;Vida Riesgo;H;25/12/1975;07/02/2015;07/02/2025;47.000,00;68,89;Barcelona
V505552;Vida Riesgo;M;18/10/1968;05/05/2016;05/05/2031;397.000,00;1.190,90;Pontevedra
V504035;Vida Hipoteca;H;26/08/1974;12/01/2019;12/01/2044;98.000,00;224,61;Burgos
V500104;Vida Hipoteca;H;26/12/1972;06/10/2023;06/10/2048;90.000,00;355,24;Las Palmas
V503630;Vida Hipoteca;M;31/03/1980;10/06/2017;10/06/2037;135.000,00;167,96;Alicante
V506207;Vida Riesgo;H;18/04/1983;27/02/2023;27/02/2043;40.000,00;62,45;Palencia
V500209;Vida Riesgo;H;02/09/1958;04/02/2017;04/02/2032;45.000,00;340,32;Barcelona
V501198;Vida Hipoteca;H;05/11/1981;23/08/2017;23/08/2042;144.000,00;159,13;Madrid
V506071;Vida Riesgo;H;02/03/1986;04/08/2017;04/08/2037;84.000,00;64,01;Córdoba
V504803;Vida Hipoteca;H;28/05/1971;12/03/2016;12/03/2036;98.000,00;232,57;Madrid
V507386;Vida Riesgo;H;24/12/1998;24/09/2023;24/09/2033;56.000,00;24,19;Cádiz
V505503;Vida Hipoteca;H;11/07/1985;23/05/2024;23/05/2044;235.000,00;337,11;Barcelona
V500510;Vida Riesgo;H;04/11/1985;08/12/2016;08/12/2026;25.000,00;18,52;Las Palmas
V503856;Vida Hipoteca;M;10/02/1971;10/11/2019;10/11/2044;166.000,00;551,49;Salamanca
V506181;Vida Hipoteca;M;20/04/1996;01/10/2024;01/10/2054;206.000,00;121,89;Huesca
V506697;Vida Riesgo;M;20/10/1971;08/10/2021;08/10/2041;55.000,00;202,70;Valladolid
V507983;Vida Hipoteca;M;09/08/1973;07/02/2020;07/02/2045;196.000,00;537,82;Asturias
V501902;Vida Hipoteca;M;05/06/1976;01/11/2019;01/11/2034;106.000,00;223,62;Barcelona
V501436;Vida Riesgo;H;21/11/1978;21/11/2022;21/11/2037;58.000,00;128,71;Barcelona
V506859;Vida Hipoteca;H;10/08/1971;08/07/2017;08/07/2032;226.000,00;589,97;Illes Balears
V504885;Vida Hipoteca;Mujer;02/06/1984;26/11/2018;26/11/2043;386.000,00;381,49;Valladolid
V504280;Vida Riesgo;H;16/03/1968;01/10/2020;01/10/2040;104.000,00;477,08;Madrid
V504530;Vida Riesgo;H ;26/07/1980;27/04/2016;27/04/2026;52.000,00;57,25;Almería
V501155;Vida Riesgo;M;26/03/1973;17/03/2023;17/03/2043;66.000,00;243,38;Valencia
V505739;Vida Riesgo;M;22/02/1967;05/09/2016;05/09/2036;108.000,00;383,65;Sevilla
V501420;Vida Hipoteca;M;16/01/1986;18/03/2016;18/03/2036;138.000,00;94,51;Santa Cruz de Tenerife
V506933;Vida Hipoteca;M;01/02/1978;01/02/2024;01/02/2044;109.000,00;286,68;Girona
V502355;Vida Riesgo;M;20/07/1985;08/08/2021;08/08/2041;43.000,00;48,55;Huelva
V505545;Vida Hipoteca;M;29/04/1979;29/04/2017;29/04/2032;162.000,00;215,89;Valencia
V506186;Vida Riesgo;H;30/08/1979;24/06/2024;24/06/2039;16.000,00;38,06;Valencia
V504489;Vida Hipoteca;M;24/04/1986;20/08/2019;20/08/2039;137.000,00;122,67;Ceuta
V504191;Vida Hipoteca;M;06/03/1981;08/06/2021;08/06/2051;197.000,00;318,02;Zaragoza
V507895;Vida Riesgo;M;28/08/1977;25/12/2021;25/12/2041;89.000,00;203,05;Sevilla
V502274;Vida Hipoteca;M;29/01/1987;15/01/2023;15/01/2053;61.000,00;68,35;Las Palmas
V501711;Vida Riesgo;H;08/07/1978;03/03/2024;03/03/2044;189.000,00;482,65;Valencia
V502729;Vida Riesgo;M;01/04/1962;22/07/2020;22/07/2030;45.000,00;336,91;Guadalajara
V500242;Vida Riesgo;H;02/10/1984;25/01/2022;25/01/2042;134.000,00;168,46;Barcelona
V505424;Vida Hipoteca;H;26/05/1973;06/03/2019;06/03/2049;87.000,00;224,51;Cádiz
V500945;Vida Riesgo;H;01/01/1980;13/10/2023;13/10/2043;37.000,00;80,59;Badajoz
V506991;Vida Riesgo;M;01/10/1973;03/03/2024;03/03/2044;118.000,00;451,87;Cádiz
V502871;Vida Hipoteca;M;09/06/1977;07/12/2022;07/12/2042;162.000,00;408,17;Lleida
V500651;Vida Hipoteca;H;27/10/1984;15/09/2024;15/09/2039;216.000,00;337,83;Santa Cruz de Tenerife
V501619;Vida Riesgo;H;11/07/1980;21/03/2017;21/03/2037;59.000,00;70,35;Sevilla
V506196;Vida Hipoteca;M;05/10/1970;23/01/2019;23/01/2044;116.000,00;370,99;A Coruña
V503901;Vida Riesgo;H;29/09/1969;30/04/2015;30/04/2025;273.000,00;692,94;Madrid
V505571;Vida Riesgo;H;23/02/1977;31/08/2016;31/08/2031;29.000,00;43,97;Tarragona
V505645;Vida Hipoteca;M;07/07/1979;23/03/2018;23/03/2043;156.000,00;220,80;Granada
V507532;Vida Hipoteca;M;16/10/1987;29/11/2017;29/11/2047;157.000,00;107,09;Ávila
V506536;Vida Hipoteca;H;18/01/1976;29/06/2020;29/06/2045;157.000,00;361,82;Huesca
V506864;Vida Riesgo;M;16/04/1980;27/02/2020;27/02/2030;127.000,00;198,33;Zaragoza
V505777;Vida Hipoteca;M;24/10/1966;30/06/2024;30/06/2039;110.000,00;781,15;Lugo
V502786;Vida Hipoteca;H;14/06/1954;03/05/2018;03/05/2048;253.000,00;3.043,07;Barcelona
V504578;Vida Riesgo;H;03/11/1973;10/10/2023;10/10/2038;157.000,00;576,89;Segovia
V503857;Vida Riesgo;Mujer;07/04/1982;26/06/2021;26/06/2036;115.000,00;169,96;Granada
V506430;Vida Hipoteca;H;29/06/1976;15/03/2015;15/03/2030;76.000,00;107,54;Bizkaia
V502423;Vida Riesgo;H;15/12/1954;14/06/2024;14/06/2039;48.000,00;930,44;Alicante
V500663;Vida Riesgo;H;31/01/1973;12/07/2021;12/07/2041;45.000,00;145,67;Almería
V505219;Vida Riesgo;M;23/12/1974;12/01/2019;12/01/2039;40.000,00;89,17;Valencia
V501564;Vida Riesgo;M;13/11/1970;26/06/2019;26/06/2029;67.000,00;220,10;Soria
V501734;Vida Riesgo;H;19/08/1973;27/05/2016;27/05/2036;56.000,00;111,93;Santa Cruz de Tenerife
V507546;Vida Riesgo;H;24/05/1973;16/04/2021;16/04/2031;77.000,00;237,96;Zamora
V502433;Vida Hipoteca;H;30/06/1968;23/03/2015;23/03/2035;41.000,00;114,70;Araba/Álava
V505429;Vida Riesgo;H;11/04/1979;10/12/2022;10/12/2037;53.000,00;114,32;Barcelona
V501933;Vida Hipoteca;H;18/09/1991;22/10/2018;22/10/2048;450.000,00;237,28;Valencia
V507150;Vida Riesgo;H;01/04/1981;10/10/2019;10/10/2029;62.000,00;86,39;Zamora
V503327;Vida Hipoteca;H;29/06/1977;29/11/2016;29/11/2036;163.000,00;245,07;Zaragoza
V503960;Vida Riesgo;H;29/12/1969;21/04/2021;21/04/2031;85.000,00;351,14;Zaragoza
V503261;Vida Riesgo;H;20/04/1980;14/06/2023;14/06/2033;56.000,00;115,59;Huelva
V505220;Vida Hipoteca;H;20/03/1963;04/02/2018;04/02/2043;288.000,00;1.611,32;Cantabria
V505149;Vida Hipoteca;H ;14/03/1988;15/05/2018;15/05/2048;258.000,00;176,68;Valladolid
V503853;Vida Hipoteca;H;19/07/1975;11/03/2017;11/03/2042;296.000,00;537,72;Lugo
V503349;Vida Riesgo;M;27/05/1972;04/08/2019;04/08/2029;52.000,00;151,28;Ciudad Real
V506937;Vida Riesgo;M;06/10/1976;15/10/2016;15/10/2031;96.000,00;151,93;Sevilla
V503751;Vida Riesgo;H;17/10/1989;02/03/2021;02/03/2041;63.000,00;47,79;Illes Balears
V502737;Vida Hipoteca;H;18/06/1986;30/06/2021;30/06/2041;79.000,00;81,82;Zaragoza
V501476;Vida Hipoteca;H;19/07/1990;13/11/2021;13/11/2036;238.000,00;179,77;Girona
V502798;Vida Hipoteca;M;24/02/1973;17/09/2020;17/09/2050;292.000,00;877,07;Albacete
V502612;Vida Hipoteca;H;28/06/1974;09/06/2019;09/06/2034;156.000,00;375,19;Valencia
V503785;Vida Riesgo;H;08/12/1970;21/06/2023;21/06/2043;97.000,00;444,58;Málaga
V501969;Vida Riesgo;M;25/05/1974;24/05/2021;24/05/2041;35.000,00;100,21;Málaga
V502584;Vida Hipoteca;M;12/07/1966;30/06/2024;30/06/2049;184.000,00;1.338,63;A Coruña
V504137;Vida Riesgo;M;01/11/1987;09/10/2016;09/10/2026;34.000,00;20,97;Barcelona
V507795;Vida Hipoteca;H;13/04/1991;16/05/2023;16/05/2043;263.000,00;212,09;Almería
V503489;Vida Riesgo;H;19/04/1979;10/03/2018;10/03/2038;26.000,00;37,37;Madrid
V505437;Vida Riesgo;H;09/09/1983;08/09/2024;08/09/2039;39.000,00;67,06;Madrid
V502942;Vida Hipoteca;H;27/03/1976;20/03/2018;20/03/2038;128.000,00;239,20;Sevilla
V504771;Vida Riesgo;M;03/01/1971;01/04/2020;01/04/2035;78.000,00;270,29;Barcelona
V506129;Vida Hipoteca;M;29/05/1967;15/11/2015;15/11/2030;116.000,00;376,21;Málaga
V500619;Vida Riesgo;H;05/04/1966;14/05/2019;14/05/2034;42.000,00;202,09;Barcelona
V504582;Vida Hipoteca;M;15/02/1981;15/02/2024;15/02/2049;159.000,00;324,02;Melilla
V501623;Vida Hipoteca;H;01/12/1984;13/05/2018;13/05/2043;104.000,00;94,10;Valencia
V506959;Vida Hipoteca;M;12/10/1963;11/11/2020;11/11/2050;112.000,00;755,82;Bizkaia
V505826;Vida Hipoteca;M;22/06/1972;24/08/2018;24/08/2038;179.000,00;477,69;Alicante
V507349;Vida Hipoteca;m;09/07/1976;18/01/2015;18/01/2040;58.000,00;80,82;Madrid
V507353;Vida Hipoteca;M;29/08/1987;01/10/2024;01/10/2044;197.000,00;243,03;Madrid
V504681;Vida Riesgo;H;05/07/1985;03/04/2015;03/04/2035;-21.000,00;13,87;Cuenca
V503283;Vida Hipoteca;M;04/10/1984;30/10/2024;30/10/2054;351.000,00;557,72;Teruel
V502164;Vida Riesgo;H;13/11/1967;14/09/2020;14/09/2035;126.000,00;592,61;Asturias
V506675;Vida Riesgo;M;25/02/1974;10/03/2016;10/03/2026;116.000,00;217,87;Ciudad Real
V503048;Vida Riesgo;Mujer;11/09/1981;25/12/2017;25/12/2027;83.000,00;95,63;Sevilla
V505528;Vida Riesgo;M;25/03/1997;03/11/2021;03/11/2041;73.000,00;31,17;Córdoba
V505511;Vida Hipoteca;Mujer;27/07/1973;26/02/2016;26/02/2031;119.000,00;234,14;Madrid
V500049;Vida Riesgo;H;25/01/1985;29/09/2022;29/09/2037;187.000,00;242,40;Barcelona
V507100;Vida Riesgo;M;08/07/1984;10/06/2021;10/06/2041;69.000,00;83,90;La Rioja
V507540;Vida Hipoteca;H;03/05/1985;17/04/2018;17/04/2038;126.000,00;109,36;Barcelona
V506389;Vida Riesgo;H;07/10/1981;25/04/2022;25/04/2037;52.000,00;86,05;Madrid
V501703;Vida Hipoteca;M;04/10/1967;27/02/2020;27/02/2045;120.000,00;543,72;Ávila
V502654;Vida Hipoteca;H;21/08/1962;21/04/2015;21/04/2045;146.000,00;676,63;Alicante
V502356;Vida Riesgo;Hombre;25/05/1987;06/08/2023;06/08/2033;50.000,00;57,17;Valencia
V504499;Vida Hipoteca;M ;24/01/1979;19/10/2021;19/10/2051;91.000,00;181,35;Granada
V503097;Vida Hipoteca;M;11/03/1984;11/06/2023;11/06/2053;164.000,00;243,03;Albacete
V504206;Vida Riesgo;H;22/02/1983;07/07/2017;07/07/2027;21.000,00;20,55;Zaragoza
V502676;Vida Riesgo;H;16/07/1984;03/11/2024;03/11/2034;132.000,00;213,91;Cuenca
V504600;Vida Hipoteca;H;18/08/1983;27/10/2024;27/10/2049;293.000,00;512,16;Gipuzkoa
V505887;Vida Hipoteca;Mujer;19/07/1980;31/12/2017;31/12/2047;78.000,00;99,21;Pontevedra
V500189;Vida Riesgo;H;09/08/1988;19/10/2020;19/10/2040;31.000,00;25,22;Barcelona
V507554;Vida Hipoteca;H;03/10/1971;22/04/2024;22/04/2049;132.000,00;606,03;A Coruña
V507861;Vida Hipoteca;M;06/06/1971;10/02/2022;10/02/2047;100.000,00;391,67;Barcelona
V504129;Vida Riesgo;M;26/07/1959;15/05/2016;15/05/2036;66.000,00;434,88;Jaén
V505636;Vida Hipoteca;H;04/10/1982;09/06/2016;09/06/2036;204.000,00;188,31;Madrid
V507927;Vida Riesgo;Mujer;08/07/1989;07/12/2020;07/12/2035;45.000,00;34,27;Albacete
V506226;Vida Riesgo;H;13/03/1972;29/04/2016;29/04/2036;56.000,00;125,64;Barcelona
V500629;Vida Hipoteca;H;09/06/1981;20/05/2019;20/05/2044;120.000,00;159,14;Cuenca
V504674;Vida Hipoteca;Hombre;30/01/1963;05/07/2016;05/07/2036;66.000,00;326,39;Santa Cruz de Tenerife
V501214;Vida Riesgo;M;11/06/1976;31/12/2016;31/12/2026;57.000,00;94,39;Huesca
V502128;Vida Hipoteca;H;16/08/1970;01/07/2016;01/07/2046;222.000,00;577,77;Albacete
V503251;Vida Riesgo;H;16/03/1977;16/04/2020;16/04/2030;117.000,00;240,21;Teruel
V500902;Vida Riesgo;H;13/01/1966;11/07/2015;11/07/2030;61.000,00;215,83;Las Palmas
V507083;Vida Hipoteca;M;16/05/1985;03/06/2016;03/06/2041;71.000,00;52,40;Sevilla
V506952;Vida Riesgo;M;04/01/1974;20/01/2015;20/01/2030;43.000,00;74,22;Alicante
V506247;Vida Hipoteca;M;29/09/1970;18/06/2018;18/06/2043;169.000,00;514,37;Ciudad Real
V502666;Vida Hipoteca;H;04/11/1966;05/06/2016;05/06/2036;84.000,00;299,67;Alicante
V500958;Vida Riesgo;H;27/04/1989;09/03/2016;09/03/2026;56.000,00;28,96;Albacete
V501666;Vida Hipoteca;H;19/10/1980;24/10/2015;24/10/2040;266.000,00;274,92;Málaga
V507874;Vida Riesgo;M;01/01/1986;02/12/2022;02/12/2032;61.000,00;74,13;Madrid
V503124;Vida Hipoteca;Hombre;03/06/1971;08/06/2020;08/06/2050;93.000,00;316,12;Sevilla
V506033;Vida Riesgo;M;19/09/1978;09/07/2016;09/07/2026;45.000,00;58,98;Madrid
V505589;Vida Riesgo;M;15/11/1977;10/09/2017;10/09/2032;97.000,00;150,86;Barcelona
V507690;Vida Hipoteca;M;17/06/1967;01/06/2023;01/06/2053;74.000,00;453,74;Huesca
V504529;Vida Hipoteca;H;18/08/1990;01/10/2022;01/10/2047;128.000,00;103,48;Madrid
V502428;Vida Riesgo;H;13/11/1971;03/05/2015;03/05/2030;80.000,00;169,69;Asturias
V505839;Vida Hipoteca;H;09/10/1974;08/11/2018;08/11/2048;135.000,00;301,69;La Rioja
V506357;Vida Hipoteca;M;13/01/1975;14/05/2024;14/05/2049;112.000,00;391,08;Soria
V505930;Vida Hipoteca;H;13/10/1982;18/12/2022;18/12/2037;110.000,00;176,44;A Coruña
V500279;Vida Hipoteca;H;23/10/1976;03/06/2017;03/06/2037;121.000,00;201,27;Toledo
V506152;Vida Hipoteca;H;21/08/1973;04/01/2018;04/01/2033;108.000,00;247,37;Murcia
V501662;Vida Hipoteca;M;08/08/1972;27/05/2016;27/05/2031;95.000,00;207,26;Lugo
V500620;Vida Riesgo;M;01/01/1984;13/08/2021;13/08/2041;308.000,00;397,25;Madrid
V500959;Vida Hipoteca;H;30/04/1961;18/11/2020;18/11/2035;222.000,00;1.848,10;Illes Balears
V500419;Vida Hipoteca;H;14/02/1984;17/03/2024;17/03/2049;172.000,00;273,71;Madrid
V505595;Vida Hipoteca;M;05/08/1967;24/10/2018;24/10/2038;125.000,00;512,42;Madrid
V506390;Vida Riesgo;H;08/08/1998;18/05/2018;18/05/2028;23.000,00;6,51;Málaga
V507410;Vida Hipoteca;H;14/08/1975;26/04/2019;26/04/2049;269.000,00;581,77;Ávila
V503698;Vida Hipoteca;M;17/10/1961;18/05/2015;18/05/2045;157.000,00;786,77;Barcelona
V501805;Vida Riesgo;M;29/10/1972;24/11/2015;24/11/2025;37.000,00;75,86;Tarragona
V507085;Vida Hipoteca;H;03/03/1986;10/03/2020;10/03/2050;160.000,00;152,03;Sevilla
V503538;Vida Riesgo;M;12/08/1979;13/01/2023;13/01/2033;46.000,00;97,19;Tarragona
V501207;Vida Hipoteca;H;31/03/1966;30/03/2021;30/03/2036;233.000,00;1.316,66;Asturias
V507848;Vida Riesgo;M;11/07/1975;29/10/2019;29/10/2039;198.000,00;450,76;Zaragoza
V504508;Vida Riesgo;H;24/12/1974;21/02/2020;21/02/2040;25.000,00;61,23;Murcia
V507030;Vida Riesgo;H;23/06/1959;10/12/2015;10/12/2025;80.000,00;512,17;Bizkaia
V504026;Vida Hipoteca;H;03/03/1986;08/01/2023;08/01/2038;195.000,00;235,69;Valencia
V500348;Vida Hipoteca;M;09/09/1988;12/06/2022;12/06/2037;85.000,00;78,96;Castellón
V506262;Vida Riesgo;H;09/09/1956;13/03/2017;13/03/2032;79.000,00;713,11;Madrid
V506975;Vida Riesgo;Mujer;21/09/1976;10/05/2022;10/05/2037;128.000,00;326,32;Guadalajara
V502493;Vida Riesgo;H;06/03/1985;06/08/2024;06/08/2044;30.000,00;45,10;La Rioja
V504852;Vida Riesgo;M;11/05/1969;16/08/2023;16/08/2043;122.000,00;647,81;Córdoba
V507223;Vida Hipoteca;M;02/03/1968;27/11/2015;27/11/2045;94.000,00;286,60;Illes Balears
V502239;Vida Hipoteca;H;23/05/1962;12/03/2018;12/03/2043;162.000,00;980,32;Alicante
V501293;Vida Hipoteca;H;09/10/1988;20/04/2019;20/04/2044;134.000,00;94,60;Cantabria
V507163;Vida Riesgo;H;12/11/1980;11/03/2024;11/03/2034;38.000,00;79,63;Madrid
V505907;Vida Riesgo;M;09/07/1960;18/03/2015;18/03/2030;118.000,00;649,50;Barcelona
V500101;Vida Riesgo;M;05/02/1989;15/11/2024;15/11/2044;17.000,00;18,75;Madrid
V503956;Vida Riesgo;M;18/08/1975;23/08/2015;23/08/2035;26.000,00;41,12;Sevilla
V500392;Vida Riesgo;Mujer;02/10/1969;01/11/2018;01/11/2028;37.000,00;126,46;Bizkaia
V502967;Vida Hipoteca;M;16/03/1990;23/02/2022;23/02/2052;188.000,00;149,69;Valladolid
V506488;Vida Hipoteca;M;23/05/1980;25/08/2021;25/08/2036;124.000,00;217,94;Albacete
V503028;Vida Riesgo;Mujer;02/05/1975;12/09/2015;12/09/2030;18.000,00;29,32;Valencia
V502522;Vida Hipoteca;Mujer;23/12/1964;09/08/2020;09/08/2035;119.000,00;709,51;Guadalajara
V501958;Vida Hipoteca;H;06/09/1981;15/08/2021;15/08/2051;80.000,00;125,70;Alicante
V503514;Vida Hipoteca;M;17/03/1977;09/03/2021;09/03/2051;242.000,00;536,04;Valladolid
V502962;Vida Hipoteca;M;26/02/1979;24/07/2020;24/07/2035;278.000,00;494,85;Zamora
V505474;Vida Hipoteca;M;31/10/1970;21/10/2010;21/10/2020;350.000,00;250,67;Santa Cruz de Tenerife
V501274;Vida Hipoteca;M;04/08/1965;16/04/2015;16/04/2030;148.000,00;533,09;Teruel
V500181;Vida Hipoteca;M;18/08/1971;02/06/2016;02/06/2041;115.000,00;272,94;Cáceres
V506316;Vida Riesgo;H;07/01/1973;21/09/2020;21/09/2030;194.000,00;589,76;Sevilla
V503463;Vida Hipoteca;H;01/02/1963;24/09/2020;24/09/2035;165.000,00;1.167,90;Las Palmas
V501282;Vida Riesgo;M;01/05/1990;29/01/2020;29/01/2040;24.000,00;15,86;Guadalajara
V505113;Vida Riesgo;H;30/11/1967;25/05/2023;25/05/2038;9.000,00;53,00;Sevilla
V505694;Vida Riesgo;M;01/12/1963;12/06/2024;12/06/2039;94.000,00;850,33;Sevilla
V503958;Vida Riesgo;H;24/10/1974;04/04/2024;04/04/2044;16.000,00;56,41;Barcelona
V502008;Vida Hipoteca;Mujer;25/04/1979;28/09/2020;28/09/2040;218.000,00;388,79;Bizkaia
V506835;Vida Riesgo;Hombre;09/03/1991;27/09/2019;27/09/2029;34.000,00;20,30;Madrid
V506599;Vida Riesgo;Mujer;25/04/1947;23/10/2016;23/10/2026;185.000,00;3.586,07;Pontevedra
V504292;Vida Riesgo;H;04/11/1982;16/01/2015;16/01/2035;45.000,00;36,63;Barcelona
V503355;Vida Riesgo;M;16/07/1969;29/06/2016;29/06/2026;73.000,00;208,22;Málaga
V506642;Vida Riesgo;M;02/03/1971;16/02/2022;16/02/2042;76.000,00;304,79;Málaga
V507623;Vida Hipoteca;H;28/08/1981;09/04/2022;09/04/2052;234.000,00;389,39;Bizkaia
V503726;Vida Hipoteca;H;22/03/1976;09/02/2020;09/02/2040;173.000,00;380,17;Asturias
V507404;Vida Riesgo;M;07/08/1968;10/05/2020;10/05/2030;45.000,00;193,06;Ceuta
V501364;Vida Riesgo;H;05/01/1996;12/09/2024;12/09/2034;44.000,00;26,56;Barcelona
V502441;Vida Hipoteca;H;11/08/1970;01/08/2010;01/08/2020;164.000,00;233,47;Huesca
V502733;Vida Riesgo;H;18/05/1959;18/04/2015;18/04/2025;84.000,00;513,35;Ceuta
V500426;Vida Hipoteca;M;12/03/1982;25/07/2018;25/07/2033;159.000,00;184,47;Soria
V503443;Vida Hipoteca;H;29/07/1989;24/03/2019;24/03/2044;120.000,00;78,63;Murcia
V501224;Vida Riesgo;H;26/05/1979;09/01/2017;09/01/2027;23.000,00;29,69;Bizkaia
V505412;Vida Hipoteca;H;27/03/1980;20/05/2020;20/05/2040;279.000,00;446,19;Madrid
V505185;Vida Riesgo;H;15/11/1975;10/01/2022;10/01/2042;87.000,00;231,84;Barcelona
V501831;Vida Hipoteca;M ;12/07/1967;20/04/2024;20/04/2039;206.000,00;1.354,08;Madrid
V506054;Vida Riesgo;H;11/06/1980;20/08/2019;20/08/2034;122.000,00;179,87;Illes Balears
V505281;Vida Hipoteca;M;20/11/1978;05/01/2018;05/01/2043;190.000,00;278,60;Cuenca
V505277;Vida Hipoteca;M;29/06/1977;01/10/2016;01/10/2031;156.000,00;231,31;Albacete
V507956;Vida Riesgo;H;24/02/1967;27/09/2017;27/09/2027;46.000,00;178,71;Sevilla
V502500;Vida Riesgo;M;12/04/1981;29/05/2023;29/05/2043;68.000,00;128,70;Bizkaia
V503483;Vida Hipoteca;H;28/08/1992;16/01/2018;16/01/2038;160.000,00;72,96;Toledo
V500028;Vida Riesgo;M;01/04/1968;26/02/2023;26/02/2043;44.000,00;246,69;Tarragona
V506677;Vida Hipoteca;H;07/11/1982;11/02/2021;11/02/2046;43.000,00;58,59;Sevilla
V502988;Vida Hipoteca;M;17/08/1967;24/02/2020;24/02/2035;221.000,00;1.012,01;Cáceres
V507107;Vida Hipoteca;M;07/03/1987;09/03/2024;09/03/2039;154.000,00;188,62;León
V504080;Vida Hipoteca;H;11/04/1975;15/04/2022;15/04/2052;329.000,00;943,09;Lleida
V501345;Vida Hipoteca;M;12/03/1979;16/07/2018;16/07/2043;97.000,00;144,91;Murcia
V502906;Vida Hipoteca;M;02/11/1983;27/01/2018;27/01/2038;185.000,00;179,04;Málaga
V504282;Vida Hipoteca;H;25/03/1973;13/04/2017;13/04/2047;101.000,00;225,13;Illes Balears
V504272;Vida Riesgo;M;22/08/1983;06/06/2016;06/06/2036;33.000,00;28,24;Barcelona
V504326;Vida Riesgo;H;20/12/1983;03/04/2016;03/04/2031;98.000,00;80,35;Toledo
V505981;Vida Riesgo;H;12/09/1972;01/06/2016;01/06/2036;79.000,00;171,17;A Coruña
V504259;Vida Hipoteca;Mujer;14/08/1969;23/08/2024;23/08/2049;115.000,00;651,42;Albacete
V500163;Vida Hipoteca;M;28/10/1974;10/11/2021;10/11/2046;197.000,00;565,93;Illes Balears
V501811;Vida Hipoteca;H;21/02/1987;04/07/2022;04/07/2052;244.000,00;259,87;Bizkaia
V503474;Vida Riesgo;M;06/01/1972;15/05/2015;15/05/2035;56.000,00;117,64;Teruel
V502620;Vida Hipoteca;M;15/12/1980;05/10/2022;05/10/2047;169.000,00;311,15;León
V502029;Vida Hipoteca;H;02/05/1976;23/01/2020;23/01/2035;481.000,00;1.042,87;Sevilla
V502931;Vida Riesgo;H;16/10/1982;12/08/2020;12/08/2030;23.000,00;30,19;Bizkaia
V504795;Vida Hipoteca;H;08/04/1981;10/08/2015;10/08/2030;103.000,00;100,54;Guadalajara
V505822;Vida Hipoteca;H;13/03/1997;05/06/2019;05/06/2039;245.000,00;85,44;Valencia
V505877;Vida Riesgo;M;20/01/1970;10/03/2016;10/03/2026;106.000,00;282,04;Albacete
V501062;Vida Hipoteca;H;05/10/1980;22/01/2018;22/01/2048;118.000,00;148,13;Cantabria
V505406;Vida Riesgo;H;12/02/1991;01/10/2021;01/10/2041;160.000,00;114,00;Bizkaia
V506760;Vida Riesgo;H;30/11/1980;19/11/2018;19/11/2028;103.000,00;136,88;Tarragona
V505110;Vida Hipoteca;M;01/04/1978;23/06/2021;23/06/2041;338.000,00;702,33;Cáceres
V505733;Vida Riesgo;H;03/05/1961;02/09/2018;02/09/2033;38.000,00;261,90;Segovia
V500365;Vida Hipoteca;H;23/08/1977;23/09/2024;23/09/2054;188.000,00;542,34;Castellón
V500703;Vida Hipoteca;M;12/07/1969;30/09/2016;30/09/2046;86.000,00;250,92;Valladolid
V500295;Vida Riesgo;H;04/07/1995;16/02/2024;16/02/2034;42.000,00;25,22;Valencia
V501674;Vida Riesgo;H;10/10/1997;22/12/2023;22/12/2033;81.000,00;39,58;Bizkaia
V504413;Vida Hipoteca;M;31/12/1969;28/11/2019;28/11/2039;172.000,00;630,69;Sevilla
V502902;Vida Riesgo;H;02/01/1981;19/10/2022;19/10/2032;70.000,00;128,77;Teruel
V501077;Vida Riesgo;H;01/02/1967;04/04/2021;04/04/2031;46.000,00;242,33;Pontevedra
V504718;Vida Riesgo;M;19/06/1970;29/03/2015;29/03/2025;23.000,00;54,51;Burgos
V501563;Vida Riesgo;H;25/02/1981;19/10/2018;19/10/2038;97.000,00;125,42;Pontevedra
V503948;Vida Hipoteca;M;17/08/1975;05/04/2020;05/04/2050;90.000,00;210,80;Madrid
V507208;Vida Hipoteca;M;25/11/1993;27/09/2018;27/09/2043;143.000,00;62,25;Cádiz
V505812;Vida Riesgo;M;03/10/1982;03/05/2022;03/05/2037;31.000,00;47,25;Zaragoza
V506072;Vida Hipoteca;H;18/10/1981;19/02/2020;19/02/2040;209.000,00;286,65;Toledo
V502374;Vida Hipoteca;M;;09/08/2023;09/08/2043;131.000,00;371,61;Santa Cruz de Tenerife
V507721;Vida Hipoteca;H;14/07/1974;20/07/2020;20/07/2045;230.000,00;605,82;Granada
V503234;Vida Riesgo;H;07/09/1970;23/08/2017;23/08/2032;46.000,00;131,26;Murcia
V505285;Vida Hipoteca;M;27/09/1976;25/10/2024;25/10/2054;343.000,00;1.076,46;Valladolid
V501834;Vida Riesgo;H;30/01/1972;04/05/2019;04/05/2039;54.000,00;158,08;Madrid
V503144;Vida Hipoteca;H;07/01/1981;27/09/2024;27/09/2039;88.000,00;190,69;Granada
V500422;Vida Hipoteca;M;15/04/1986;16/05/2017;16/05/2037;57.000,00;42,20;Córdoba
V502340;Vida Hipoteca;M;13/07/1965;18/04/2018;18/04/2038;211.000,00;986,09;Girona
V501474;Vida Riesgo;H;16/12/1993;30/11/2022;30/11/2032;21.000,00;12,97;Madrid
V504375;Vida Riesgo;M;03/01/1983;07/03/2020;07/03/2035;63.000,00;78,26;Ávila
V503612;Vida Riesgo;H;14/12/1995;15/12/2024;15/12/2044;265.000,00;164,39;Cantabria
V500718;Vida Riesgo;M;11/05/1966;13/08/2017;13/08/2037;116.000,00;477,04;Asturias
V506499;Vida Riesgo;M;19/01/1977;15/11/2020;15/11/2030;32.000,00;69,94;Granada
V507953;Vida Riesgo;H;13/01/1960;10/05/2016;10/05/2026;56.000,00;354,18;Zaragoza
V504862;Vida Hipoteca;M;14/08/1985;01/09/2018;01/09/2038;345.000,00;301,79;Pontevedra
V504849;Vida Hipoteca;M;23/12/1965;16/07/2016;16/07/2046;131.000,00;507,83;Lleida
V503675;Vida Hipoteca;M;02/04/1986;22/06/2018;22/06/2033;172.000,00;140,25;Illes Balears
V504726;Vida Riesgo;H;09/05/1983;24/05/2018;24/05/2028;17.000,00;17,61;Barcelona
V506777;Vida Riesgo;H;24/07/1986;31/01/2018;31/01/2033;108.000,00;82,98;Málaga
V500805;Vida Hipoteca;H;29/11/1968;20/10/2021;20/10/2046;91.000,00;429,88;Madrid
V506013;Vida Riesgo;H;21/07/1963;17/02/2018;17/02/2028;89.000,00;485,41;Barcelona
V503395;Vida Riesgo;M;18/02/1985;10/12/2016;10/12/2036;22.000,00;17,32;Cádiz
V505574;Vida Riesgo;H;15/11/1984;01/05/2020;01/05/2040;117.000,00;125,60;Málaga
V503469;Vida Riesgo;M;31/05/1983;29/08/2019;29/08/2039;117.000,00;134,32;Castellón
V504361;Vida Hipoteca;H;04/03/1972;23/03/2019;23/03/2034;140.000,00;402,57;Zaragoza
V502146;Vida Hipoteca;M;08/12/1981;23/08/2019;23/08/2039;144.000,00;187,15;A Coruña
V501022;Vida Hipoteca;H;04/01/1980;03/07/2020;03/07/2050;129.000,00;212,51;La Rioja
V500890;Vida Hipoteca;H;20/05/1982;25/03/2022;25/03/2052;125.000,00;194,86;Barcelona
V505672;Vida Hipoteca;M;24/12/1977;24/03/2022;24/03/2047;103.000,00;233,38;Sevilla
V501960;Vida Riesgo;M;23/06/1976;11/12/2016;11/12/2026;134.000,00;220,23;Madrid
V506364;Vida Riesgo;H;10/06/1980;11/11/2015;11/11/2025;52.000,00;55,65;Asturias
V502289;Vida Hipoteca;H;05/03/1985;02/05/2020;02/05/2040;126.000,00;131,89;Madrid
V504308;Vida Hipoteca;H;09/04/1969;01/02/2022;01/02/2042;232.000,00;1.089,19;Valladolid
V500265;Vida Hipoteca;M;06/06/1985;19/05/2021;19/05/2036;71.000,00;79,49;Albacete
V503584;Vida Hipoteca;H;14/01/1983;13/10/2019;13/10/2049;223.000,00;267,10;Lugo
V506429;Vida Hipoteca;M;17/05/1972;01/02/2015;01/02/2035;120.000,00;238,62;Pontevedra
V505475;Vida Riesgo;M;25/04/1970;07/07/2021;07/07/2031;97.000,00;396,94;Cuenca
V503032;Vida Hipoteca;Hombre;24/03/1977;29/06/2023;29/06/2038;169.000,00;454,61;Valencia
V506191;Vida Hipoteca;Mujer;15/12/1978;27/12/2020;27/12/2050;94.000,00;176,48;Asturias
V502955;Vida Riesgo;h;18/03/1984;05/11/2015;05/11/2025;41.000,00;31,80;Málaga
V502779;Vida Riesgo;H;15/03/1982;01/07/2015;01/07/2030;60.000,00;53,59;Burgos
V503258;Vida Riesgo;H;17/04/1962;10/05/2017;10/05/2032;20.000,00;113,65;Valladolid
V503262;Vida Hipoteca;H;31/12/2005;13/03/2024;13/03/2054;61.000,00;15,10;Bizkaia
V500173;Vida Hipoteca;Mujer;03/02/1962;17/05/2015;17/05/2045;320.000,00;1.562,81;Melilla
V507839;Vida Hipoteca;H;17/08/1983;18/09/2022;18/09/2037;88.000,00;128,62;Teruel
V504295;Vida Hipoteca;H;23/09/1970;25/05/2022;25/05/2047;123.000,00;523,79;Madrid
V504486;Vida Hipoteca;M;19/12/1959;19/07/2015;19/07/2040;41.000,00;243,48;Teruel
V506229;Vida Riesgo;H;17/01/1980;01/08/2017;01/08/2037;71.000,00;90,97;Ávila
V507319;Vida Hipoteca;H;22/06/1974;01/11/2016;01/11/2046;221.000,00;426,71;Sevilla
V507991;Vida Hipoteca;M;16/09/1985;20/06/2024;20/06/2039;134.000,00;190,47;Murcia
V503312;Vida Hipoteca;M;29/05/1955;26/11/2024;26/11/2054;118.000,00;2.287,33;Barcelona
V505817;Vida Riesgo;H;09/07/1986;05/10/2022;05/10/2037;32.000,00;36,72;Santa Cruz de Tenerife
V506968;Vida Riesgo;M;29/05/1965;22/04/2019;22/04/2039;45.000,00;231,62;Cuenca
V500178;Vida Hipoteca;M;28/05/1980;24/04/2019;24/04/2039;183.000,00;263,32;Las Palmas
V503801;Vida Hipoteca;H;08/03/1973;30/03/2020;30/03/2050;52.000,00;149,69;Murcia
V503277;Vida Riesgo;H;17/04/1982;03/06/2021;03/06/2036;65.000,00;95,34;Navarra
V505046;Vida Hipoteca;H;20/12/1972;20/03/2019;20/03/2034;299.000,00;803,06;Santa Cruz de Tenerife
V500843;Vida Riesgo;M;20/01/1974;25/01/2015;25/01/2035;64.000,00;110,19;A Coruña
V501217;Vida Riesgo;M;08/09/1960;23/09/2017;23/09/2032;56.000,00;376,46;Bizkaia
V507312;Vida Hipoteca;H;19/04/1969;24/08/2018;24/08/2043;129.000,00;450,99;Málaga
V507912;Vida Hipoteca;H;09/02/1989;21/09/2019;21/09/2039;150.000,00;106,66;Guadalajara
V507394;Vida Hipoteca;M ;04/02/1993;19/02/2023;19/02/2053;56.000,00;37,93;Valencia
V505461;Vida Riesgo;H;04/08/1983;02/06/2021;02/06/2041;59.000,00;77,48;Pontevedra
V506513;Vida Hipoteca;M;07/09/1981;03/09/2019;03/09/2049;234.000,00;311,50;Barcelona
V502236;Vida Riesgo;H;02/12/1970;20/06/2016;20/06/2026;140.000,00;354,44;Pontevedra
V506844;Vida Riesgo;M;21/02/1980;17/01/2015;17/01/2025;116.000,00;118,82;Illes Balears
V506115;Vida Hipoteca;M;23/07/1978;09/01/2022;09/01/2047;133.000,00;282,04;Madrid
V507619;Vida Riesgo;H;18/02/1992;04/11/2023;04/11/2033;72.000,00;56,21;Toledo
V501678;Vida Hipoteca;H;17/12/1979;26/04/2017;26/04/2032;176.000,00;222,09;Barcelona
V501432;Vida Hipoteca;M;13/01/1962;27/09/2017;27/09/2047;87.000,00;522,05;Las Palmas
V506799;Vida Hipoteca;H;21/04/1991;05/06/2023;05/06/2048;200.000,00;161,71;Madrid
V500075;Vida Hipoteca;H;03/09/1955;08/06/2017;08/06/2047;151.000,00;1.516,69;Castellón
V505355;Vida Hipoteca;H;04/06/1990;18/02/2018;18/02/2033;154.000,00;85,58;Bizkaia
V504250;Vida Riesgo;M;03/12/2000;19/09/2024;19/09/2034;169.000,00;67,33;Madrid
V506135;Vida Hipoteca;H;10/07/1987;11/01/2018;11/01/2038;167.000,00;117,70;Granada
V505413;Vida Riesgo;M;04/02/1981;06/08/2019;06/08/2034;125.000,00;173,81;A Coruña
V507749;Vida Hipoteca;Mujer;15/02/1987;26/07/2023;26/07/2038;235.000,00;274,27;Valladolid
V503388;Vida Hipoteca;M;05/02/1988;07/06/2022;07/06/2037;182.000,00;177,61;Madrid
V503840;Vida Hipoteca;M;13/11/1963;25/04/2017;25/04/2042;78.000,00;386,37;Barcelona
V505368;Vida Riesgo;M;11/01/1988;20/12/2016;20/12/2026;29.000,00;17,89;Melilla
V502976;Vida Riesgo;H;22/05/1985;26/03/2024;26/03/2034;145.000,00;207,61;Madrid
V501970;Vida Hipoteca;H;25/05/1974;16/05/2019;16/05/2049;333.000,00;802,70;Barcelona
V506159;Vida Hipoteca;H;03/02/1976;22/10/2021;22/10/2041;181.000,00;464,78;Cuenca
V501203;Vida Hipoteca;M;10/03/1976;24/03/2015;24/03/2035;185.000,00;269,21;Navarra
V507686;Vida Hipoteca;H;13/12/2002;18/08/2022;18/08/2052;107.000,00;30,05;Segovia
V507616;Vida Hipoteca;H;13/11/1990;12/10/2024;12/10/2039;173.000,00;162,88;Madrid
V507634;Vida Hipoteca;H;15/03/1980;13/10/2024;13/10/2054;109.000,00;254,12;Alicante
V500883;Vida Hipoteca;H;02/02/1976;17/05/2020;17/05/2035;136.000,00;309,29;Gipuzkoa
V504789;Vida Hipoteca;M;13/09/1972;26/08/2016;26/08/2036;133.000,00;293,89;Madrid
V506360;Vida Riesgo;M;26/05/1972;10/02/2016;10/02/2036;41.000,00;88,76;Valencia
V506338;Vida Riesgo;H;27/06/1962;25/05/2016;25/05/2026;30.000,00;154,59;Illes Balears
V502839;Vida Riesgo;M;21/08/1981;03/05/2016;03/05/2036;42.000,00;42,28;Las Palmas
V501714;Vida Hipoteca;H;25/07/1980;30/03/2016;30/03/2041;88.000,00;96,26;Madrid
V502810;Vida Riesgo;H;24/06/1980;06/12/2015;06/12/2035;26.000,00;27,89;Las Palmas
V501856;Vida Hipoteca;M;06/04/1982;21/04/2023;21/04/2043;110.000,00;189,82;Araba/Álava
V507147;Vida Hipoteca;M;22/02/1981;17/11/2022;17/11/2037;208.000,00;380,65;Bizkaia
V505963;Vida Hipoteca;H;13/01/1985;10/12/2024;10/12/2049;184.000,00;288,32;Valencia
V500302;Vida Hipoteca;H;01/06/1966;29/12/2022;29/12/2047;178.000,00;1.150,61;Girona
V501841;Vida Riesgo;M;25/05/1980;22/02/2015;22/02/2030;63.000,00;63,66;Melilla
V504242;Vida Riesgo;M;31/01/1978;06/02/2019;06/02/2029;;91,26;Madrid
V502051;Vida Hipoteca;M;18/04/1983;18/03/2017;18/03/2042;89.000,00;83,81;Ceuta
V504303;Vida Hipoteca;M;18/07/1968;20/02/2017;20/02/2032;101.000,00;331,16;Illes Balears
V500789;Vida Riesgo;H;02/11/1983;23/03/2017;23/03/2032;26.000,00;23,41;Madrid
V507864;Vida Riesgo;H;02/10/1971;15/02/2021;15/02/2036;88.000,00;308,37;Madrid
V504512;Vida Riesgo;H;20/11/1982;08/06/2018;08/06/2028;34.000,00;36,78;Barcelona
V505807;Vida Riesgo;M;13/07/2002;23/09/2020;23/09/2040;75.000,00;18,57;Barcelona
V507597;Vida Riesgo;M;14/01/1968;21/05/2024;21/05/2044;63.000,00;399,43;Jaén
V501496;Vida Hipoteca;M;01/11/1979;07/10/2024;07/10/2054;332.000,00;797,54;Lleida
V507903;Vida Riesgo;M;06/09/1968;25/08/2023;25/08/2038;74.000,00;417,05;Córdoba
V506646;Vida Riesgo;H;14/12/1977;25/08/2020;25/08/2035;39.000,00;77,47;Asturias
V507486;Vida Hipoteca;M;26/05/1975;20/03/2020;20/03/2045;206.000,00;490,09;Castellón
V502432;Vida Riesgo;H;26/07/1980;16/12/2018;16/12/2028;72.000,00;99,17;Valencia
V505656;Vida Riesgo;M;12/10/1980;06/10/2020;06/10/2030;67.000,00;105,68;Barcelona
V504411;Vida Hipoteca;M;08/02/1968;13/07/2018;13/07/2038;98.000,00;375,50;Las Palmas
V507120;Vida Riesgo;M;16/12/1969;03/01/2015;03/01/2035;56.000,00;135,86;Pontevedra
V506950;Vida Riesgo;H;18/06/1967;23/07/2023;23/07/2033;107.000,00;663,88;Alicante
V505066;Vida Riesgo;H;05/01/1982;01/09/2023;01/09/2043;166.000,00;301,79;Palencia
V505838;Vida Hipoteca;H;05/02/1972;11/12/2015;11/12/2035;171.000,00;374,55;Málaga
V505757;Vida Riesgo;M;17/11/1987;23/03/2022;23/03/2042;72.000,00;70,33;Barcelona
V502203;Vida Riesgo;H;24/01/1988;02/01/2024;02/01/2039;61.000,00;68,23;Las Palmas
V506850;Vida Riesgo;M;22/01/1975;14/09/2019;14/09/2029;79.000,00;185,16;Barcelona
V502649;Vida Hipoteca;M;08/12/1976;09/06/2020;09/06/2040;163.000,00;346,72;Asturias
V501272;Vida Riesgo;H;27/09/1976;22/02/2021;22/02/2031;30.000,00;68,90;Teruel
V506694;Vida Hipoteca;M;12/07/1985;07/05/2023;07/05/2038;216.000,00;283,40;Sevilla
V506317;Vida Riesgo;H;01/02/1957;03/01/2015;03/01/2025;82.000,00;594,08;Barcelona
V500482;Vida Riesgo;H;14/04/1971;15/01/2015;15/01/2035;153.000,00;332,58;Zaragoza
V507624;Vida Riesgo;H;21/08/1987;07/12/2019;07/12/2034;63.000,00;51,69;León
V502176;Vida Riesgo;M;08/05/1976;13/09/2024;13/09/2039;148.000,00;475,31;Tarragona
V506423;Vida Hipoteca;M;29/07/1980;11/05/2019;11/05/2039;189.000,00;269,17;A Coruña
V500166;Vida Hipoteca;M;03/11/1980;23/12/2016;23/12/2031;108.000,00;122,85;Barcelona
V504053;Vida Hipoteca;M;18/01/1990;30/09/2019;30/09/2039;123.000,00;80,92;Asturias
V501291;Vida Hipoteca;H;05/05/1982;08/12/2023;08/12/2043;103.000,00;186,29;Barcelona
V502843;Vida Riesgo;H;25/04/1967;04/08/2018;04/08/2028;76.000,00;313,07;Madrid
V506353;Vida Riesgo;M;28/07/1972;06/05/2015;06/05/2025;142.000,00;283,83;Granada
V500448;Vida Hipoteca;H;10/12/1982;04/03/2021;04/03/2046;107.000,00;145,42;Murcia
V501400;Vida Hipoteca;M;18/12/1980;25/02/2017;25/02/2047;172.000,00;196,50;Ourense
V501456;Vida Hipoteca;H;10/11/1955;20/06/2015;20/06/2030;87.000,00;727,57;Sevilla
V502543;Vida Riesgo;H;18/05/1978;13/04/2017;13/04/2032;38.000,00;54,68;Albacete
V506658;Vida Hipoteca;M;10/08/1984;06/12/2016;06/12/2041;105.000,00;86,35;Gipuzkoa
V500946;Vida Riesgo;M;11/11/1970;28/07/2017;28/07/2027;99.000,00;276,61;Zaragoza
V506947;Vida Riesgo;M;28/09/1983;06/08/2019;06/08/2039;115.000,00;127,71;Lleida
V507184;Vida Riesgo;H;19/07/1992;21/08/2021;21/08/2036;109.000,00;68,11;Cáceres
V506802;Vida Hipoteca;H;28/08/1994;08/12/2018;08/12/2033;154.000,00;63,92;Girona
V502647;Vida Hipoteca;H;26/02/1970;30/08/2017;30/08/2037;72.000,00;215,27;Málaga
V503239;Vida Riesgo;M;02/01/1971;22/12/2020;22/12/2030;75.000,00;276,49;Málaga
V503042;Vida Hipoteca;H;06/10/1984;18/03/2016;18/03/2036;146.000,00;111,45;Alicante
V500138;Vida Hipoteca;H;25/03/1981;15/10/2021;15/10/2041;145.000,00;240,17;Sevilla
V503358;Vida Hipoteca;M;22/08/1988;17/04/2024;17/04/2054;388.000,00;423,46;Ávila
V505794;Vida Riesgo;H;06/03/1988;03/12/2022;03/12/2037;46.000,00;46,48;Madrid
V502030;Vida Riesgo;m;10/04/1980;27/04/2015;27/04/2025;16.000,00;16,59;Valladolid
V503499;Vida Hipoteca;h;14/02/1973;05/09/2015;05/09/2045;253.000,00;496,46;Zaragoza
V507705;Vida Hipoteca;M;12/04/1968;02/09/2018;02/09/2048;129.000,00;492,73;Barcelona
V503742;Vida Hipoteca;H;07/03/1966;28/05/2019;28/05/2034;80.000,00;388,82;La Rioja
V505773;Vida Hipoteca;M;08/10/1988;30/06/2017;30/06/2042;178.000,00;107,83;Santa Cruz de Tenerife
V500559;Vida Riesgo;H;18/10/1981;31/05/2020;31/05/2030;107.000,00;150,26;Valencia
V504680;Vida Riesgo;H;20/08/1974;26/02/2015;26/02/2035;183.000,00;302,14;Cáceres
V501200;Vida Hipoteca;M;12/09/1984;21/10/2016;21/10/2036;242.000,00;195,43;Navarra
V506238;Vida Riesgo;M;15/04/1975;06/05/2017;06/05/2037;44.000,00;82,78;Asturias
V504009;Vida Riesgo;H;08/02/1969;01/04/2023;01/04/2038;59.000,00;309,99;Barcelona
V507637;Vida Riesgo;H;06/01/1980;20/10/2024;20/10/2034;59.000,00;140,01;Cádiz
V503521;Vida Hipoteca;H;06/02/1971;27/01/2011;27/01/2021;157.000,00;148,53;Sevilla
V505630;Vida Riesgo;H ;16/09/1956;21/03/2016;21/03/2031;38.000,00;315,13;Ciudad Real
V501151;Vida Hipoteca;M;10/06/1962;22/10/2018;22/10/2033;158.000,00;1.003,22;Madrid
V505155;Vida Hipoteca;Mujer;09/12/1974;31/10/2023;31/10/2038;109.000,00;366,60;Madrid
V503023;Vida Riesgo;Hombre;07/10/1972;10/08/2021;10/08/2031;75.000,00;251,16;Navarra
V505192;Vida Hipoteca;M;04/09/1972;14/09/2016;14/09/2046;119.000,00;264,66;Madrid
V505752;Vida Riesgo;M;24/09/1974;03/02/2023;03/02/2033;13.000,00;41,79;Huelva
V503681;Vida Hipoteca;H;21/02/1973;04/08/2020;04/08/2050;156.000,00;464,09;Ourense
V500842;Vida Riesgo;M;02/03/1987;23/04/2022;23/04/2037;107.000,00;111,85;Málaga
V505158;Vida Hipoteca;H;13/11/1962;08/06/2018;08/06/2033;99.000,00;587,23;Cádiz
V502111;Vida Hipoteca;H;07/02/1987;27/07/2018;27/07/2048;290.000,00;221,78;Ceuta
V507379;Vida Riesgo;Mujer;09/09/1987;08/08/2024;08/08/2034;29.000,00;35,23;Madrid
V507143;Vida Hipoteca;M;05/05/1983;03/04/2023;03/04/2053;273.000,00;428,04;Cádiz
V502359;Vida Hipoteca;H;25/09/1962;22/04/2016;22/04/2046;101.000,00;505,72;Murcia
V505159;Vida Riesgo;M;13/06/1984;20/01/2016;20/01/2036;126.000,00;97,47;Ourense
V500309;Vida Hipoteca;H;02/03/1967;16/06/2015;16/06/2040;105.000,00;335,55;Sevilla
V501434;Vida Riesgo;H;17/05/1966;11/06/2017;11/06/2027;87.000,00;352,09;Toledo
V504082;Vida Hipoteca;H;03/06/1974;24/04/2015;24/04/2030;183.000,00;311,74;Gipuzkoa
V505609;Vida Hipoteca;M;26/11/1962;30/07/2015;30/07/2035;179.000,00;830,19;Valencia
V502607;Vida Hipoteca;M;26/03/2006;06/06/2024;06/06/2049;342.000,00;84,67;Madrid
V503170;Vida Hipoteca;H;11/11/1977;25/06/2016;25/06/2031;103.000,00;144,67;Cantabria
V504815;Vida Hipoteca;H;09/01/1980;08/05/2016;08/05/2036;221.000,00;255,46;Araba/Álava
V500072;Vida Hipoteca;M;05/02/1982;17/07/2023;17/07/2053;268.000,00;478,56;Barcelona
V507026;Vida Hipoteca;H;11/10/1967;07/04/2016;07/04/2031;108.000,00;351,03;Barcelona
V505507;Vida Hipoteca;H;09/03/1968;26/12/2024;26/12/2054;152.000,00;1.001,25;Melilla
V500557;Vida Hipoteca;H;08/10/1992;09/02/2020;09/02/2045;94.000,00;50,61;Alicante
V502476;Vida Hipoteca;M;13/01/1981;24/04/2020;24/04/2040;73.000,00;108,43;Melilla
V502983;Vida Hipoteca;M;29/12/2005;11/03/2024;11/03/2044;153.000,00;37,88;Madrid
V501799;Vida Riesgo;H;03/08/1977;20/05/2024;20/05/2034;181.000,00;509,41;Pontevedra
V507731;Vida Hipoteca;M;26/12/1966;25/11/2015;25/11/2045;143.000,00;481,85;Cuenca
V504254;Vida Hipoteca;M;30/04/1990;16/09/2018;16/09/2043;84.000,00;49,41;Málaga
V507680;Vida Hipoteca;H;25/03/1980;18/06/2018;18/06/2033;143.000,00;194,35;Murcia
V501944;Vida Riesgo;Mujer;28/04/1973;19/09/2015;19/09/2035;15.000,00;29,03;Ceuta
V500097;Vida Riesgo;H;16/10/1979;06/04/2016;06/04/2031;60.000,00;70,23;Barcelona
V505510;Vida Hipoteca;M;18/08/1987;08/08/2021;08/08/2036;101.000,00;95,58;Segovia
V500169;Vida Hipoteca;H;15/02/1970;24/02/2018;24/02/2033;174.000,00;543,61;Albacete
V500752;Vida Hipoteca;M;09/05/1973;17/10/2019;17/10/2034;129.000,00;352,17;Las Palmas
V505512;Vida Hipoteca;H;21/03/1973;30/03/2018;30/03/2033;184.000,00;445,48;A Coruña
V503396;Vida Hipoteca;M;20/10/1983;30/08/2022;30/08/2052;242.000,00;346,95;Zaragoza
V500400;Vida Riesgo;M;12/01/1968;21/12/2020;21/12/2035;134.000,00;635,86;Santa Cruz de Tenerife
V502126;Vida Hipoteca;M;07/11/1973;23/01/2017;23/01/2047;125.000,00;259,42;Burgos
V506451;Vida Riesgo;H;29/05/2021;24/04/2020;24/04/2035;36.000,00;175,68;Cádiz
V505518;Vida Hipoteca;H;30/10/1984;18/11/2022;18/11/2047;156.000,00;208,77;Sevilla
V502701;Vida Hipoteca;h;18/10/1994;03/12/2023;03/12/2053;182.000,00;114,06;Segovia
V502803;Vida Riesgo;H;22/10/1970;06/04/2024;06/04/2044;57.000,00;282,59;Valencia
V500340;Vida Hipoteca;M;15/03/1976;13/12/2020;13/12/2035;142.000,00;335,81;Murcia
V504566;Vida Hipoteca;M;13/10/1969;08/10/2017;08/10/2042;129.000,00;401,73;Madrid
V504655;Vida Hipoteca;H;20/08/1970;10/08/2010;10/08/2020;116.000,00;191,10;Lugo
V506166;Vida Hipoteca;H;18/01/1979;27/07/2018;27/07/2048;299.000,00;453,46;Córdoba
V501114;Vida Hipoteca;Mujer;28/05/1987;06/11/2024;06/11/2039;84.000,00;106,78;Valencia
V505251;Vida Hipoteca;M;15/05/1974;21/06/2023;21/06/2053;97.000,00;332,10;Melilla
V505262;Vida Hipoteca;H;14/12/1962;09/01/2015;09/01/2040;98.000,00;431,82;A Coruña
V505314;Vida Riesgo;H;31/07/1979;10/03/2023;10/03/2043;14.000,00;30,05;Ceuta
V501730;Vida Hipoteca;H;28/02/1989;01/12/2019;01/12/2044;200.000,00;143,95;Madrid
V506295;Vida Hipoteca;H;01/09/1979;06/07/2016;06/07/2041;396.000,00;478,32;Jaén
V505044;Vida Riesgo;M;19/05/1987;23/01/2019;23/01/2029;79.000,00;61,54;Barcelona
V501308;Vida Riesgo;M;31/12/1966;22/04/2023;22/04/2038;71.000,00;448,46;Araba/Álava
V501358;Vida Hipoteca;M;26/09/1986;22/04/2016;22/04/2036;185.000,00;120,42;Murcia
V502231;Vida Hipoteca;H;26/12/1985;15/09/2020;15/09/2045;362.000,00;365,05;Cantabria
V502049;Vida Hipoteca;h;27/11/1973;03/05/2019;03/05/2044;323.000,00;809,32;Badajoz
V500375;Vida Riesgo;M;21/01/1965;11/03/2016;11/03/2036;85.000,00;345,94;Cáceres
V505582;Vida Hipoteca;H;07/11/1975;19/03/2016;19/03/2041;113.000,00;184,09;Burgos
V500938;Vida Riesgo;H;26/04/1980;23/11/2022;23/11/2042;25.000,00;49,16;Ourense
V500350;Vida Riesgo;Mujer;31/03/1985;27/04/2024;27/04/2039;22.000,00;32,12;Cáceres
V504633;Vida Hipoteca;H;19/07/1973;26/08/2018;26/08/2038;183.000,00;446,02;Alicante
V505788;Vida Hipoteca;H;14/08/1974;27/09/2022;27/09/2042;87.000,00;274,00;Las Palmas
V501134;Vida Hipoteca;H;25/07/1981;31/01/2024;31/01/2049;103.000,00;201,53;Madrid
V500782;Vida Hipoteca;H;03/10/1970;22/06/2015;22/06/2040;144.000,00;339,63;Barcelona
V504567;Vida Hipoteca;M;17/12/1970;20/03/2021;20/03/2041;187.000,00;706,24;Sevilla
V507126;Vida Hipoteca;H;04/06/2000;28/02/2020;28/02/2040;136.000,00;38,36;Valencia
V500314;Vida Riesgo;H;18/10/1963;26/11/2016;26/11/2031;49.000,00;235,81;Barcelona
V505414;Vida Riesgo;Hombre;29/07/1957;28/01/2017;28/01/2037;44.000,00;364,68;Asturias
V501509;Vida Hipoteca;M;30/01/1979;03/07/2021;03/07/2036;145.000,00;281,40;Lleida
V500646;Vida Hipoteca;M;13/04/1986;22/12/2022;22/12/2052;219.000,00;261,11;Valencia
V505700;Vida Riesgo;H;29/01/1979;14/11/2022;14/11/2032;38.000,00;82,84;Madrid
V507669;Vida Hipoteca;H;10/12/1983;05/09/2017;05/09/2042;223.000,00;206,86;Madrid
V500700;Vida Hipoteca;M;27/07/1992;02/12/2023;02/12/2053;130.000,00;98,43;Valencia
V504213;Vida Riesgo;H;15/10/1969;25/07/2023;25/07/2043;61.000,00;310,66;Ourense
V507339;Vida Riesgo;h;13/02/1971;03/12/2023;03/12/2038;29.000,00;136,00;Murcia
V502465;Vida Hipoteca;M;30/08/1965;06/07/2022;06/07/2042;166.000,00;1.098,01;Navarra
V507067;Vida Hipoteca;H;15/07/1981;24/10/2018;24/10/2038;228.000,00;285,67;Alicante
V506911;Vida Hipoteca;H;24/12/1971;06/10/2016;06/10/2036;139.000,00;329,73;Valencia
V504415;Vida Hipoteca;H;15/08/1982;07/02/2022;07/02/2037;217.000,00;328,02;Málaga
V504283;Vida Hipoteca;H;21/11/1976;09/09/2021;09/09/2046;107.000,00;254,13;Valencia
V503713;Vida Riesgo;M;12/10/1989;02/11/2019;02/11/2039;58.000,00;39,34;Pontevedra
V507508;Vida Hipoteca;M;29/06/1976;07/02/2015;07/02/2030;156.000,00;218,92;Asturias
V502669;Vida Riesgo;H;11/07/1987;17/01/2018;17/01/2038;61.000,00;43,05;Bizkaia
V507059;Vida Hipoteca;M;01/01/1970;17/12/2021;17/12/2046;125.000,00;545,65;Sevilla
V504835;Vida Hipoteca;H;10/06/1992;04/10/2024;04/10/2049;126.000,00;103,58;Tarragona
V506114;Vida Riesgo;M;30/04/1983;27/11/2019;27/11/2029;58.000,00;68,48;León
V501758;Vida Hipoteca;H;11/04/1982;14/05/2016;14/05/2031;148.000,00;141,48;Melilla
V504434;Vida Hipoteca;M;23/09/1978;27/12/2023;27/12/2048;229.000,00;565,58;Bizkaia
V505450;Vida Hipoteca;H;22/02/1963;27/09/2016;27/09/2031;97.000,00;486,65;Madrid
V501621;Vida Hipoteca;Hombre;10/06/1970;29/11/2015;29/11/2030;151.000,00;379,68;Burgos
V505929;Vida Hipoteca;H;31/08/1977;11/10/2022;11/10/2042;300.000,00;731,76;Madrid
V502556;Vida Riesgo;M;15/04/1977;18/07/2015;18/07/2035;93.000,00;126,65;Cuenca
V502610;Vida Hipoteca;H;07/03/1994;25/02/2020;25/02/2045;127.000,00;60,87;Cantabria
V500258;Vida Hipoteca;H;19/01/1967;03/07/2017;03/07/2042;122.000,00;468,52;Barcelona
V502179;Vida Riesgo;H;01/11/1981;19/03/2020;19/03/2040;77.000,00;105,97;Barcelona
V507856;Vida Hipoteca;M;05/04/1973;29/08/2017;29/08/2032;67.000,00;153,83;Las Palmas
V507395;Vida Riesgo;H;08/08/1972;23/01/2018;23/01/2033;14.000,00;35,17;Madrid
V505618;Vida Riesgo;H;18/01/1962;10/01/2018;10/01/2038;227.000,00;1.394,42;Toledo
V507039;Vida Hipoteca;M;30/03/1971;14/04/2020;14/04/2050;85.000,00;289,54;Madrid
V501415;Vida Riesgo;H;29/09/1980;06/11/2017;06/11/2027;70.000,00;86,44;Madrid
V504509;Vida Riesgo;H;21/02/1974;29/09/2019;29/09/2039;75.000,00;190,72;Lugo
V506337;Vida Hipoteca;M;23/02/1981;07/07/2024;07/07/2049;73.000,00;153,50;Madrid
V504298;Vida Riesgo;H;20/02/1985;29/07/2019;29/07/2029;203.000,00;199,76;Toledo
V504945;Vida Riesgo;H;18/04/1960;17/09/2015;17/09/2025;74.000,00;433,24;La Rioja
V504948;Vida Hipoteca;M;26/04/1964;31/03/2018;31/03/2048;106.000,00;546,91;Zaragoza
V504831;Vida Hipoteca;M;15/11/1972;08/05/2021;08/05/2041;142.000,00;460,95;Palencia
V504833;Vida Riesgo;M;12/03/1983;07/04/2022;07/04/2042;31.000,00;45,25;Murcia
V501482;Vida Riesgo;M;12/07/1982;20/03/2017;20/03/2032;47.000,00;47,26;Madrid
V507589;Vida Hipoteca;H;13/06/1980;01/03/2024;01/03/2044;244.000,00;528,47;Málaga
V505983;Vida Riesgo;M;17/11/1969;06/03/2017;06/03/2027;79.000,00;232,03;Pontevedra
V504522;Vida Riesgo;M;18/02/1973;23/02/2020;23/02/2035;127.000,00;364,02;Sevilla
V503865;Vida Hipoteca;H;14/03/1990;13/09/2020;13/09/2035;218.000,00;153,57;Asturias
V505058;Vida Hipoteca;M;25/10/1983;21/02/2020;21/02/2050;113.000,00;130,62;Alicante
V501642;Vida Hipoteca;M;05/05/1984;07/03/2021;07/03/2051;67.000,00;80,89;Asturias
V500463;Vida Riesgo;M;08/03/1976;27/06/2021;27/06/2031;154.000,00;381,80;Albacete
V506090;Vida Riesgo;H;28/03/1984;27/05/2022;27/05/2042;73.000,00;98,63;Toledo
V506837;Vida Riesgo;M;30/05/1982;25/05/2018;25/05/2038;105.000,00;117,92;Palencia
V500640;Vida Riesgo;H;19/11/1969;22/12/2015;22/12/2030;101.000,00;267,66;Huelva
V502617;Vida Hipoteca;H;19/09/1975;14/01/2016;14/01/2041;169.000,00;274,29;Cádiz
V503317;Vida Riesgo;H;01/10/1972;21/10/2019;21/10/2034;40.000,00;115,06;Barcelona
V504824;Vida Hipoteca;H;17/06/1975;06/12/2019;06/12/2034;152.000,00;351,06;Melilla
V503701;Vida Riesgo;M ;28/02/1975;22/08/2020;22/08/2030;51.000,00;128,36;Melilla
V507156;Vida Hipoteca;H;19/09/1969;02/09/2018;02/09/2038;242.000,00;818,17;Madrid
V500671;Vida Hipoteca;M;23/10/1982;26/05/2018;26/05/2033;119.000,00;129,19;Granada
V502716;Vida Hipoteca;H;12/09/1977;15/09/2021;15/09/2036;113.000,00;250,93;Barcelona
V504692;Vida Hipoteca;H;21/12/1965;09/10/2023;09/10/2048;131.000,00;939,37;Almería
V503674;Vida Riesgo;H;17/02/1974;31/03/2018;31/03/2033;32.000,00;71,71;Madrid
V500641;Vida Hipoteca;H;12/09/1973;02/07/2024;02/07/2049;74.000,00;292,76;Valladolid
V505923;Vida Hipoteca;Mujer;29/01/1981;13/02/2022;13/02/2037;91.000,00;157,01;Valencia
V504932;Vida Hipoteca;H;08/07/1976;28/12/2023;28/12/2038;279.000,00;831,54;Madrid
V507578;Vida Hipoteca;H;18/06/1971;05/06/2017;05/06/2032;136.000,00;356,71;Alicante
V506055;Vida Riesgo;H;18/05/1978;26/01/2018;26/01/2028;75.000,00;115,41;Gipuzkoa
V504884;Vida Hipoteca;M;14/09/1994;18/10/2018;18/10/2038;154.000,00;62,92;Valencia
V504964;Vida Riesgo;M;19/06/1976;30/05/2022;30/05/2032;112.000,00;293,21;Bizkaia
V504503;Vida Riesgo;H;30/08/1974;22/04/2021;22/04/2031;274.000,00;761,30;A Coruña
V504330;Vida Hipoteca;H;24/05/1985;14/12/2024;14/12/2054;89.000,00;135,39;Granada
V506995;Vida Hipoteca;M;08/03/1989;09/04/2016;09/04/2046;404.000,00;212,92;Alicante
V500338;Vida Hipoteca;H;24/12/1972;07/07/2019;07/07/2044;206.000,00;566,90;Cantabria
V503213;Vida Hipoteca;H;03/07/1989;26/05/2024;26/05/2054;165.000,00;168,87;Albacete
V501816;Vida Riesgo;M;10/07/1975;01/04/2023;01/04/2043;56.000,00;170,55;Barcelona
V507037;Vida Riesgo;M;24/06/1984;26/10/2021;26/10/2036;76.000,00;95,74;Barcelona
V504322;Vida Hipoteca;M;31/07/1991;28/01/2021;28/01/2046;192.000,00;124,19;Madrid
V501181;Vida Hipoteca;M;01/08/1991;23/01/2024;23/01/2049;103.000,00;85,84;Burgos
V507299;Vida Hipoteca;M;15/11/1963;20/01/2015;20/01/2045;182.000,00;743,54;Málaga
V502580;Vida Riesgo;M;27/10/1984;17/01/2016;17/01/2036;36.000,00;26,96;Alicante
V500985;Vida Hipoteca;H;18/11/1999;24/09/2024;24/09/2049;104.000,00;45,32;León
V505114;Vida Riesgo;M;10/09/1976;30/05/2018;30/05/2038;114.000,00;208,36;Albacete
V503312;Vida Hipoteca;M;29/05/1955;26/11/2024;26/11/2054;118.000,00;2.287,33;Barcelona
V501471;Vida Hipoteca;M;26/09/1994;01/08/2023;01/08/2043;79.000,00;48,35;Madrid
V507360;Vida Riesgo;M;15/03/1976;21/01/2016;21/01/2036;32.000,00;49,91;Tarragona
V502945;Vida Riesgo;M;14/02/1966;24/02/2023;24/02/2038;86.000,00;577,48;Segovia
V504930;Vida Hipoteca;M;16/03/1966;12/09/2024;12/09/2039;229.000,00;1.742,02;Málaga
V504217;Vida Hipoteca;H;07/06/1972;03/10/2020;03/10/2050;155.000,00;496,63;Tarragona
V506421;Vida Riesgo;H;26/06/1970;16/06/2010;16/06/2020;20.000,00;15,49;Huelva
V504380;Vida Riesgo;H;19/01/1988;13/01/2023;13/01/2033;67.000,00;69,08;Ciudad Real
V506309;Vida Riesgo;H;31/08/1969;02/08/2021;02/08/2036;56.000,00;243,62;Albacete
V505100;Vida Riesgo;H;26/06/1982;30/03/2017;30/03/2032;236.000,00;238,76;Zaragoza
V502687;Vida Hipoteca;M;24/01/1978;27/08/2021;27/08/2046;169.000,00;362,18;Madrid
V503663;Vida Hipoteca;M;04/04/1979;12/07/2020;12/07/2040;114.000,00;200,63;Murcia
V503335;Vida Riesgo;H;27/07/1954;11/02/2015;11/02/2035;67.000,00;606,67;Madrid
V502565;Vida Hipoteca;M;19/10/1984;08/04/2021;08/04/2046;186.000,00;217,57;Valencia
V501251;Vida Riesgo;M;26/08/1979;25/09/2020;25/09/2040;117.000,00;202,62;Murcia
V501439;Vida Hipoteca;H;08/08/1985;06/01/2017;06/01/2037;295.000,00;224,61;Zaragoza
V503377;Vida Hipoteca;H;06/10/1974;06/11/2018;06/11/2043;108.000,00;241,37;Barcelona
V507591;Vida Hipoteca;H;11/04/1972;01/03/2020;01/03/2035;259.000,00;799,76;Valencia
V500418;Vida Hipoteca;H;19/11/2005;31/01/2024;31/01/2039;82.000,00;20,30;Madrid
V503925;Vida Riesgo;M;25/11/1981;06/01/2017;06/01/2037;64.000,00;66,74;Cáceres
V507234;Vida Riesgo;M;30/12/1962;24/12/2016;24/12/2026;40.000,00;207,43;León
V501283;Vida Hipoteca;M;11/01/1990;29/07/2023;29/07/2038;135.000,00;123,19;Cádiz
V506206;Vida Hipoteca;M;28/04/1989;11/06/2019;11/06/2034;112.000,00;76,38;Valencia
V502124;Vida Riesgo;H;19/09/1982;17/02/2018;17/02/2033;35.000,00;37,44;Valladolid
V504749;Vida Hipoteca;H;05/01/1956;20/06/2015;20/06/2045;333.000,00;2.748,53;Málaga
V505484;Vida Riesgo;M ;09/05/1986;15/06/2023;15/06/2033;55.000,00;67,89;Pontevedra
V505720;Vida Hipoteca;M;05/05/1978;27/01/2023;27/01/2043;95.000,00;224,33;Toledo
V500927;Vida Riesgo;M;13/01/1969;26/08/2016;26/08/2031;143.000,00;431,57;Granada
V501736;Vida Riesgo;M;05/10/1977;07/02/2016;07/02/2036;58.000,00;79,56;Sevilla
V504232;Vida Riesgo;H;22/05/1983;11/04/2016;11/04/2031;44.000,00;37,97;Sevilla
V505111;Vida Hipoteca;Hombre;25/08/1972;19/10/2015;19/10/2040;232.000,00;478,90;A Coruña
V503854;Vida Hipoteca;M;20/12/1979;17/02/2022;17/02/2037;143.000,00;271,46;Sevilla
V505881;Vida Hipoteca;H;13/10/1979;22/02/2018;22/02/2038;205.000,00;281,71;Melilla
V503517;Vida Hipoteca;M;01/01/1983;07/10/2024;07/10/2049;272.000,00;499,17;Barcelona
V505186;Vida Riesgo;H;22/04/1986;30/10/2024;30/10/2039;45.000,00;62,70;Cádiz
V505646;Vida Hipoteca;H;09/08/1975;19/05/2015;19/05/2030;170.000,00;263,40;Cádiz
V504712;Vida Riesgo;H;02/10/1993;15/09/2022;15/09/2032;90.000,00;55,58;Barcelona
V505490;Vida Riesgo;M;20/04/1984;26/10/2024;26/10/2044;68.000,00;112,23;Valladolid
V506765;Vida Hipoteca;H;23/06/1984;07/08/2024;07/08/2039;77.000,00;122,91;Navarra
V507434;Vida Hipoteca;M;21/03/1963;01/12/2017;01/12/2037;193.000,00;1.063,42;Jaén
V506750;Vida Hipoteca;H;22/07/1980;12/05/2018;12/05/2033;141.000,00;184,77;Madrid
V506663;Vida Hipoteca;M;05/06/1985;21/09/2019;21/09/2049;172.000,00;167,25;Barcelona
V507056;Vida Hipoteca;M;09/02/1978;19/06/2017;19/06/2042;264.000,00;394,75;Melilla
V506508;Vida Riesgo;H;24/08/1957;05/06/2018;05/06/2038;47.000,00;434,27;Teruel
V501314;Vida Riesgo;M;29/07/1971;21/11/2015;21/11/2030;59.000,00;134,48;Pontevedra
V502614;Vida Hipoteca;M;04/07/1971;04/04/2016;04/04/2046;189.000,00;447,12;Madrid
V507364;Vida Hipoteca;H;09/02/1983;11/12/2022;11/12/2052;388.000,00;604,29;Barcelona
V504500;Vida Riesgo;H;11/07/1964;15/06/2024;15/06/2034;33.000,00;283,60;Teruel
V502882;Vida Hipoteca;M;29/01/1985;28/01/2015;28/01/2035;340.000,00;229,44;Las Palmas
V504016;Vida Hipoteca;M;12/04/1978;26/03/2019;26/03/2044;135.000,00;231,23;Las Palmas
V506798;Vida Hipoteca;H;15/12/1986;23/11/2019;23/11/2044;116.000,00;100,53;Huesca
V506883;Vida Hipoteca;H;07/02/1977;12/08/2017;12/08/2037;299.000,00;493,10;Madrid
V505330;Vida Hipoteca;H;13/01/1967;14/07/2024;14/07/2044;260.000,00;1.817,50;Cádiz
V500631;Vida Hipoteca;Hombre;07/08/1997;23/09/2023;23/09/2048;167.000,00;81,12;Toledo
V505201;Vida Riesgo;M;01/11/1967;19/06/2018;19/06/2028;45.000,00;175,46;Barcelona
V502683;Vida Hipoteca;H;07/05/1984;06/09/2024;06/09/2039;113.000,00;183,60;Araba/Álava
V501876;Vida Hipoteca;H;07/05/1987;21/01/2022;21/01/2047;116.000,00;116,87;Barcelona
V500423;Vida Riesgo;M;23/05/1976;18/05/2023;18/05/2043;66.000,00;188,76;Barcelona
V506374;Vida Riesgo;M;30/12/1986;07/09/2016;07/09/2031;75.000,00;49,31;Santa Cruz de Tenerife
V503096;Vida Hipoteca;H;25/09/1985;21/02/2021;21/02/2051;188.000,00;200,98;Barcelona
V502225;Vida Riesgo;H;25/11/1981;16/04/2023;16/04/2033;63.000,00;111,96;Barcelona
V500584;Vida Hipoteca;M;04/04/1995;05/06/2023;05/06/2053;96.000,00;55,47;Asturias
V501526;Vida Riesgo;H;03/08/1989;23/08/2022;23/08/2032;37.000,00;32,38;Illes Balears
V500547;Vida Riesgo;M;05/01/1971;17/10/2021;17/10/2031;62.000,00;244,87;Málaga
V503676;Vida Hipoteca;M;14/03/1983;05/04/2018;05/04/2038;157.000,00;162,98;Valladolid
V504495;Vida Hipoteca;M;17/05/1985;17/08/2020;17/08/2045;200.000,00;210,98;Ávila
V500963;Vida Hipoteca;M;22/02/1962;22/04/2016;22/04/2031;222.000,00;1.168,60;Zamora
V502548;Vida Hipoteca;H;04/05/1982;07/02/2019;07/02/2039;98.000,00;117,56;Valencia
V505661;Vida Hipoteca;H;30/08/1983;21/06/2024;21/06/2039;125.000,00;211,49;Córdoba
V503601;Vida Hipoteca;M;09/12/1972;05/11/2018;05/11/2048;156.000,00;407,05;Valencia
V502899;Vida Hipoteca;H;19/08/1985;25/06/2018;25/06/2033;120.000,00;103,21;Barcelona
V500796;Vida Riesgo;H;15/11/1976;18/09/2018;18/09/2033;29.000,00;53,56;Barcelona
V500454;Vida Riesgo;H;10/02/1974;04/04/2018;04/04/2033;74.000,00;166,25;Asturias
V507520;Vida Riesgo;H;11/10/1969;05/08/2021;05/08/2036;43.000,00;185,42;Cantabria
V500976;Vida Hipoteca;M;24/03/1978;02/12/2017;02/12/2042;165.000,00;253,92;Teruel
V504742;Vida Hipoteca;H;02/03/1979;12/03/2021;12/03/2036;148.000,00;277,75;Málaga
V506475;Vida Hipoteca;M;29/05/1960;07/09/2017;07/09/2042;145.000,00;994,43;Ávila
V501751;Vida Riesgo;H;25/09/1980;06/05/2017;06/05/2037;31.000,00;36,71;Pontevedra
V501991;Vida Hipoteca;H;25/10/1970;20/06/2024;20/06/2039;240.000,00;1.209,84;Huesca
V503599;Vida Hipoteca;H;31/10/1977;08/05/2019;08/05/2034;184.000,00;330,57;Burgos
V507561;Vida Hipoteca;H;29/06/1973;21/04/2018;21/04/2043;279.000,00;663,28;Murcia
V502284;Vida Hipoteca;M;21/11/1978;04/10/2022;04/10/2047;116.000,00;254,57;Málaga
V504772;Vida Hipoteca;H;08/01/1969;11/05/2016;11/05/2031;194.000,00;571,74;Zamora
V503990;Vida Hipoteca;M;11/01/1988;11/12/2021;11/12/2046;316.000,00;297,60;Cuenca
V505112;Vida Hipoteca;H;25/01/1970;29/01/2020;29/01/2050;196.000,00;724,87;Alicante
V502370;Vida Riesgo;Hombre;17/09/1994;11/06/2024;11/06/2034;53.000,00;34,98;Las Palmas
V505538;Vida Riesgo;M;08/08/1981;23/08/2018;23/08/2028;116.000,00;142,45;Cantabria
V501858;Vida Riesgo;M;20/07/1977;18/09/2022;18/09/2037;80.000,00;195,96;Las Palmas
V507951;Vida Hipoteca;M ;17/02/1970;03/03/2015;03/03/2030;139.000,00;336,89;Burgos
V504407;Vida Riesgo;H;25/05/1957;13/11/2017;13/11/2037;40.000,00;359,95;Huelva
V505601;Vida Riesgo;M;01/10/1979;23/02/2021;23/02/2041;35.000,00;62,26;Cáceres
V505564;Vida Hipoteca;M;29/05/1975;19/02/2024;19/02/2044;107.000,00;354,88;Barcelona
V504066;Vida Riesgo;H;03/06/1991;28/02/2024;28/02/2039;81.000,00;69,01;Araba/Álava
V501405;Vida Riesgo;M;22/03/1975;18/12/2017;18/12/2027;19.000,00;37,89;A Coruña
V503036;Vida Hipoteca;M;26/03/1982;14/04/2021;14/04/2036;91.000,00;132,62;Soria
V504041;Vida Hipoteca;H;03/09/1980;20/04/2021;20/04/2036;181.000,00;301,51;Málaga
V504868;Vida Hipoteca;H;27/03/1969;08/08/2017;08/08/2037;118.000,00;379,52;Huelva
V506585;Vida Riesgo;H;05/05/1980;16/11/2019;16/11/2034;31.000,00;47,05;Jaén
V500776;Vida Hipoteca;M;09/03/1973;23/10/2018;23/10/2033;456.000,00;1.161,54;Madrid
V506764;Vida Hipoteca;M;21/06/1981;13/11/2023;13/11/2038;120.000,00;232,36;Soria
V506807;Vida Riesgo;H;15/12/1996;08/11/2024;08/11/2034;53.000,00;29,93;Toledo
V502055;Vida Riesgo;H;02/09/1969;12/01/2023;12/01/2043;102.000,00;501,60;Valencia
V504207;Vida Riesgo;H;22/07/1978;20/02/2019;20/02/2039;49.000,00;81,33;Asturias
V507915;Vida Riesgo;M;04/11/1978;24/05/2024;24/05/2039;118.000,00;298,78;Valencia
V503227;Vida Hipoteca;H;25/12/1986;08/06/2020;08/06/2040;216.000,00;195,59;Barcelona
V506010;Vida Hipoteca;H;19/09/1980;23/04/2015;23/04/2030;207.000,00;206,41;Lugo
V503435;Vida Hipoteca;H;29/01/1979;18/03/2019;18/03/2034;163.000,00;260,32;La Rioja
V501172;Vida Riesgo;H;24/03/1981;07/06/2019;07/06/2029;67.000,00;90,83;Asturias
V504520;Vida Riesgo;H;06/02/1974;24/05/2015;24/05/2030;68.000,00;119,87;Alicante
V507264;Vida Hipoteca;Mujer;20/08/1976;13/01/2021;13/01/2046;162.000,00;371,94;Valencia
V500179;Vida Hipoteca;M;13/01/1976;23/12/2021;23/12/2041;170.000,00;445,04;Sevilla
V504364;Vida Riesgo;M;05/06/1983;14/05/2020;14/05/2035;86.000,00;104,73;Sevilla
V507125;Vida Hipoteca;H;02/02/1991;11/05/2022;11/05/2047;76.000,00;57,15;Cuenca
V502281;Vida Riesgo;H;18/10/1986;18/10/2020;18/10/2035;46.000,00;43,63;Madrid
V506980;Vida Riesgo;M;04/12/1990;09/02/2018;09/02/2038;25.000,00;13,29;Alicante
V507560;Vida Hipoteca;H;14/07/1978;30/12/2020;30/12/2050;214.000,00;416,78;Huelva
V500478;Vida Hipoteca;H;24/09/1975;24/04/2024;24/04/2049;267.000,00;874,62;Valladolid
V504490;Vida Hipoteca;M;17/04/1968;10/10/2016;10/10/2031;102.000,00;331,28;Melilla
V503955;Vida Hipoteca;h;29/10/1986;04/03/2018;04/03/2038;81.000,00;61,31;Málaga
V502799;Vida Riesgo;H;05/08/1974;18/11/2017;18/11/2037;74.000,00;154,57;Sevilla
V501879;Vida Riesgo;h;05/07/1984;11/02/2017;11/02/2027;139.000,00;117,11;Pontevedra
V504445;Vida Hipoteca;M;28/01/1990;15/09/2020;15/09/2045;89.000,00;63,39;Ourense
V500353;Vida Riesgo;M;21/01/1963;17/03/2017;17/03/2032;51.000,00;268,20;Guadalajara
V501325;Vida Hipoteca;H;18/06/1966;07/12/2016;07/12/2046;146.000,00;561,62;Bizkaia
V501566;Vida Riesgo;H;05/01/1970;06/11/2016;06/11/2031;26.000,00;73,43;Illes Balears
V507513;Vida Hipoteca;H;13/09/1987;23/01/2015;23/01/2030;159.000,00;85,78;Valencia
V504973;Vida Riesgo;H;19/10/1984;06/11/2017;06/11/2032;25.000,00;21,87;Málaga
V507281;Vida Riesgo;M;08/12/1979;18/08/2020;18/08/2035;65.000,00;108,92;Ceuta
V501218;Vida Hipoteca;M;30/05/1972;21/05/2016;21/05/2041;66.000,00;146,16;Illes Balears
V501663;Vida Riesgo;Hombre;23/02/1969;06/04/2018;06/04/2038;29.000,00;99,40;Albacete
V502158;Vida Riesgo;H;22/04/1988;12/07/2016;12/07/2026;50.000,00;29,02;Asturias
V504696;Vida Riesgo;M;01/08/1975;24/10/2018;24/10/2033;32.000,00;66,51;Córdoba
V502731;Vida Hipoteca;M;28/04/1983;05/10/2023;05/10/2048;57.000,00;93,44;Zamora
V506608;Vida Hipoteca;M;16/09/1989;11/09/2015;11/09/2030;82.000,00;39,35;Segovia
V500691;Vida Hipoteca;M;25/07/1979;02/03/2021;02/03/2036;136.000,00;246,16;Asturias
V502334;Vida Hipoteca;M;04/09/1968;25/11/2016;25/11/2036;214.000,00;679,99;Granada
V501900;Vida Riesgo;M;03/07/1983;31/07/2015;31/07/2025;151.000,00;121,62;Las Palmas
V502581;Vida Riesgo;H;02/02/1991;09/03/2023;09/03/2043;14.000,00;11,29;Cuenca
V500928;Vida Riesgo;H;27/11/1988;14/10/2019;14/10/2039;63.000,00;45,82;Barcelona
V501039;Vida Hipoteca;M;01/03/1971;18/04/2024;18/04/2049;249.000,00;1.200,95;Málaga
V502709;Vida Hipoteca;H;28/10/1973;23/01/2024;23/01/2044;283.000,00;1.067,01;Girona
V507399;Vida Riesgo;H;04/08/1980;29/09/2021;29/09/2036;65.000,00;113,23;Madrid
V503087;Vida Riesgo;H;11/05/1978;09/08/2024;09/08/2034;41.000,00;110,14;Ciudad Real
V505132;Vida Hipoteca;H;01/05/1989;19/03/2017;19/03/2042;129.000,00;72,74;Valencia
V506068;Vida Riesgo;H;02/09/1972;20/02/2017;20/02/2027;20.000,00;46,19;Gipuzkoa
V506717;Vida Hipoteca;H;06/07/1982;28/11/2018;28/11/2048;155.000,00;180,24;León
V502244;Vida Hipoteca;M;24/10/1969;08/12/2022;08/12/2042;201.000,00;968,62;Barcelona
V503490;Vida Hipoteca;H;18/03/1984;11/09/2017;11/09/2047;96.000,00;87,15;Valencia
V501384;Vida Riesgo;H;02/04/1972;31/07/2018;31/07/2038;81.000,00;219,08;Barcelona
V507818;Vida Hipoteca;H;30/07/1980;21/12/2015;21/12/2040;111.000,00;118,50;Málaga
V504466;Vida Riesgo;M;24/09/1985;05/04/2017;05/04/2037;65.000,00;49,98;Bizkaia
V506512;Vida Hipoteca;H;23/04/1989;04/05/2024;04/05/2044;127.000,00;131,47;Madrid
V500444;Vida Hipoteca;H;15/10/1956;29/02/2020;28/02/2035;210.000,00;2.418,73;Sevilla
V502597;Vida Hipoteca;H;09/08/1975;03/03/2021;03/03/2046;141.000,00;357,47;Cuenca
V505020;Vida Hipoteca;H;13/09/1957;10/01/2015;10/01/2030;216.000,00;1.487,53;Palencia
V501801;Vida Hipoteca;H;25/05/1985;17/08/2021;17/08/2041;222.000,00;254,47;Málaga
V502234;Vida Hipoteca;M;08/11/1985;21/04/2015;21/04/2030;52.000,00;33,49;Barcelona
V502860;Vida Riesgo;H;22/09/1990;03/10/2019;03/10/2034;87.000,00;54,08;Ciudad Real
V502995;Vida Hipoteca;H;10/06/1991;12/08/2015;12/08/2035;290.000,00;119,29;Ciudad Real
V503828;Vida Hipoteca;H;20/04/1969;20/07/2016;20/07/2031;228.000,00;666,86;A Coruña
V505253;Vida Riesgo;H;30/06/1994;21/11/2021;21/11/2031;64.000,00;34,62;Zaragoza
V502137;Vida Riesgo;H;25/05/1979;04/05/2019;04/05/2039;52.000,00;81,74;Alicante
V504770;Vida Hipoteca;M;07/03/1976;27/05/2024;27/05/2049;188.000,00;597,23;Alicante
V505177;Vida Hipoteca;H;06/03/1975;17/05/2017;17/05/2032;184.000,00;350,33;Pontevedra
V506929;Vida Riesgo;M;01/04/1981;15/04/2024;15/04/2034;56.000,00;114,53;Barcelona
V500987;Vida Hipoteca;H;25/01/1973;12/09/2018;12/09/2038;175.000,00;446,03;La Rioja
V503288;Vida Hipoteca;H;17/04/1978;23/06/2019;23/06/2044;88.000,00;153,68;Barcelona
V506647;Vida Hipoteca;H;07/10/1958;01/03/2021;01/03/2036;279.000,00;2.957,77;Toledo
V505249;Vida Hipoteca;H;20/03/1982;22/03/2024;22/03/2044;87.000,00;162,97;Madrid
V506454;Vida Hipoteca;H;07/12/1969;14/06/2022;14/06/2042;288.000,00;1.318,12;Málaga
V505104;Vida Hipoteca;M;24/10/1965;17/06/2019;17/06/2039;138.000,00;695,17;Ceuta
V505783;Vida Riesgo;H;08/02/1972;17/02/2018;17/02/2038;33.000,00;86,99;Segovia
V501962;Vida Riesgo;M;15/06/1999;23/07/2022;23/07/2042;58.000,00;21,79;Madrid
V504437;Vida Riesgo;M;01/08/1982;16/04/2017;16/04/2032;75.000,00;75,54;Ceuta
V504889;Vida Riesgo;M;16/08/1985;23/01/2023;23/01/2033;38.000,00;48,27;Valencia
V500488;Vida Riesgo;H;24/02/1985;22/10/2024;22/10/2034;9.000,00;13,81;Soria
V503129;Vida Hipoteca;H;04/12/1983;21/05/2017;21/05/2047;122.000,00;110,53;Alicante
V507768;Vida Hipoteca;M;02/08/1982;03/10/2018;03/10/2043;85.000,00;96,94;Zamora
V507291;Vida Riesgo;H;28/08/1960;13/03/2020;13/03/2030;72.000,00;598,59;Las Palmas
V504370;Vida Riesgo;M;16/11/1967;17/01/2017;17/01/2027;53.000,00;182,54;Cuenca
V507139;Vida Riesgo;M;04/08/1980;03/07/2021;03/07/2036;69.000,00;117,76;Sevilla
V504709;Vida Riesgo;M;25/07/1979;30/04/2022;30/04/2032;44.000,00;87,91;Málaga
V501899;Vida Riesgo;M;22/04/1967;31/01/2019;31/01/2034;46.000,00;197,74;Sevilla
V507670;Vida Hipoteca;H;16/01/1970;14/11/2022;14/11/2047;200.000,00;939,75;Huesca
V501328;Vida Riesgo;H;21/11/1978;11/05/2015;11/05/2035;22.000,00;25,74;Barcelona
V503593;Vida Hipoteca;H;22/07/1975;11/01/2017;11/01/2047;115.000,00;205,90;Ávila
V507618;Vida Hipoteca;M;23/09/1972;28/05/2021;28/05/2036;356.000,00;1.175,57;La Rioja
V503603;Vida Riesgo;H;02/05/1974;04/03/2022;04/03/2032;76.000,00;233,68;Cuenca
V506607;Vida Hipoteca;H;23/10/1977;03/04/2021;03/04/2046;96.000,00;203,19;Las Palmas
V505417;Vida Hipoteca;H;04/10/1968;09/12/2016;09/12/2041;345.000,00;1.092,20;Santa Cruz de Tenerife
V506817;Vida Hipoteca;M;14/02/1986;20/02/2015;20/02/2040;111.000,00;68,92;Albacete
V500126;Vida Hipoteca;H;23/05/1973;09/03/2016;09/03/2031;175.000,00;350,53;Murcia
V501592;Vida Hipoteca;H;05/08/1992;07/02/2024;07/02/2044;159.000,00;122,00;Málaga
V505883;Vida Riesgo;H;15/12/1990;19/10/2023;19/10/2038;45.000,00;38,68;Málaga
V500583;Vida Riesgo;M;08/07/1990;28/07/2021;28/07/2031;38.000,00;28,06;Málaga
V504802;Vida Riesgo;H;01/01/1969;07/02/2019;07/02/2039;127.000,00;473,26;Madrid
V506724;Vida Hipoteca;H;26/10/1967;05/02/2019;05/02/2044;117.000,00;482,08;Murcia
V502196;Vida Hipoteca;H;02/08/1967;01/09/2020;01/09/2040;125.000,00;600,42;Madrid
V503399;Vida Hipoteca;M;01/08/1984;24/07/2022;24/07/2047;168.000,00;223,45;La Rioja
V506659;Vida Hipoteca;M;01/06/1967;28/05/2022;28/05/2037;103.000,00;581,72;Valencia
V503833;Vida Riesgo;M;03/08/1980;03/04/2018;03/04/2033;87.000,00;112,66;Pontevedra
V506692;Vida Hipoteca;H;07/12/1978;05/01/2024;05/01/2054;183.000,00;445,06;Valencia
V504660;Vida Hipoteca;M;05/08/1960;01/05/2015;01/05/2045;125.000,00;690,84;Zamora
V502621;Vida Riesgo;M;30/09/1968;01/04/2020;01/04/2040;77.000,00;323,25;Zaragoza
V506988;Vida Hipoteca;M;22/12/1988;03/07/2024;03/07/2054;97.000,00;104,76;Murcia
V504657;Vida Hipoteca;M;09/11/1977;01/09/2021;01/09/2051;153.000,00;334,12;Valencia
V504740;Vida Riesgo;M;02/03/1980;23/04/2019;23/04/2039;50.000,00;73,41;Lleida
V507643;Vida Riesgo;M;24/08/1975;15/01/2015;15/01/2025;25.000,00;37,50;Huelva
V501616;Vida Hipoteca;H;21/12/1994;27/06/2024;27/06/2039;93.000,00;60,25;Santa Cruz de Tenerife
V500317;Vida Hipoteca;M;24/09/1969;15/03/2023;15/03/2043;100.000,00;496,28;Bizkaia
V503804;Vida Riesgo;H;17/09/1981;26/07/2024;26/07/2034;92.000,00;185,22;León
V503165;Vida Hipoteca;M;06/11/1972;15/09/2016;15/09/2031;229.000,00;502,02;Cádiz
V503440;Vida Riesgo;M;20/01/1987;24/09/2021;24/09/2036;146.000,00;146,70;León
V504355;Vida Riesgo;M;19/03/1983;15/05/2022;15/05/2037;77.000,00;113,20;Asturias
V500622;Vida Hipoteca;H;28/01/1990;12/09/2020;12/09/2050;383.000,00;272,61;Melilla
V505974;Vida Riesgo;H;01/11/1973;11/10/2024;11/10/2034;61.000,00;244,26;Granada
V504826;Vida Riesgo;M;04/08/1976;07/05/2018;07/05/2038;64.000,00;117,36;Sevilla
V504955;Vida Hipoteca;H;01/04/1985;12/11/2024;12/11/2039;137.000,00;209,43;Cáceres
V504893;Vida Hipoteca;H;19/02/1958;15/09/2020;15/09/2050;184.000,00;1.979,40;Albacete
V507455;Vida Hipoteca;M;01/03/1984;27/10/2016;27/10/2036;84.000,00;71,07;Castellón
V504863;Vida Hipoteca;H;29/10/1992;02/07/2022;02/07/2047;107.000,00;70,26;Granada
V502558;Vida Riesgo;H;14/01/1969;02/10/2019;02/10/2029;110.000,00;431,93;Madrid
V500634;Vida Hipoteca;M;14/03/1981;20/06/2017;20/06/2032;240.000,00;276,03;Araba/Álava
V500441;Vida Hipoteca;H;21/12/1982;21/10/2019;21/10/2044;198.000,00;238,92;Murcia
V505481;Vida Riesgo;M;05/01/1991;06/01/2024;06/01/2034;49.000,00;42,69;Palencia
V502941;Vida Riesgo;Hombre;26/06/1959;27/07/2015;27/07/2030;44.000,00;272,74;Melilla
V504672;Vida Hipoteca;H;13/09/1969;06/05/2018;06/05/2038;149.000,00;490,61;Madrid
V504249;Vida Hipoteca;M;19/04/1968;30/09/2020;30/09/2035;197.000,00;896,35;Madrid
V505127;Vida Riesgo;M;11/11/1984;15/12/2022;15/12/2032;120.000,00;161,15;Segovia
V500139;Vida Hipoteca;M;27/07/1969;05/06/2024;05/06/2054;140.000,00;781,77;Madrid
V504721;Vida Riesgo;M;08/08/1989;21/08/2016;21/08/2031;40.000,00;20,99;La Rioja
V504077;Vida Hipoteca;M;27/12/1968;22/01/2021;22/01/2046;138.000,00;608,12;Zamora
V500979;Vida Hipoteca;M;20/11/1993;20/10/2019;20/10/2034;209.000,00;99,68;Bizkaia
V503832;Vida Hipoteca;M;14/12/1976;21/08/2016;21/08/2046;112.000,00;172,24;Cuenca
V502404;Vida Riesgo;M;24/10/1978;15/06/2020;15/06/2030;43.000,00;78,09;Toledo
V500729;Vida Riesgo;H;11/04/1993;04/10/2021;04/10/2036;149.000,00;88,41;Las Palmas
V507487;Vida Hipoteca;H;14/06/1970;17/04/2019;17/04/2034;318.000,00;1.064,76;Cádiz
V506897;Vida Riesgo;M;31/07/1991;10/08/2022;10/08/2042;39.000,00;28,73;Barcelona
V506650;Vida Riesgo;Mujer;10/06/1980;17/03/2022;17/03/2037;69.000,00;126,63;Alicante
V506619;Vida Hipoteca;h;28/12/1976;14/11/2022;14/11/2042;99.000,00;257,73;A Coruña
V500004;Vida Riesgo;M;19/04/1994;08/03/2024;08/03/2034;82.000,00;54,82;Málaga
V503344;Vida Hipoteca;M;26/10/1995;23/12/2020;23/12/2050;254.000,00;113,64;Santa Cruz de Tenerife
V501553;Vida Hipoteca;H;21/04/1977;24/08/2017;24/08/2047;116.000,00;188,61;Pontevedra
V500802;Vida Hipoteca;H;11/06/1980;17/06/2022;17/06/2037;89.000,00;166,82;Teruel
V500514;Vida Hipoteca;M;22/02/1969;18/04/2018;18/04/2048;262.000,00;900,65;Soria
V504043;Vida Hipoteca;H;17/05/1969;26/04/2015;26/04/2030;116.000,00;303,59;Granada
V504693;Vida Hipoteca;H;25/06/1974;31/07/2016;31/07/2046;196.000,00;370,03;Toledo
V506294;Vida Hipoteca;M;13/07/1975;20/10/2018;20/10/2033;149.000,00;310,82;Lleida
V506706;Vida Riesgo;M;30/05/1959;07/05/2016;07/05/2036;24.000,00;159,98;Guadalajara
V505746;Vida Hipoteca;M;10/12/1986;29/01/2023;29/01/2048;150.000,00;170,61;Madrid
V507835;Vida Hipoteca;H ;06/07/1985;04/09/2022;04/09/2047;87.000,00;107,98;Alicante
V501271;Vida Hipoteca;M;03/01/1977;25/03/2015;25/03/2040;115.000,00;156,15;Madrid
V500108;Vida Hipoteca;M;31/12/1985;19/01/2020;19/01/2050;136.000,00;129,53;Badajoz
V502139;Vida Riesgo;H;24/06/1985;27/12/2018;27/12/2038;51.000,00;46,40;Madrid
V506973;Vida Riesgo;M;23/08/1984;15/02/2015;15/02/2030;113.000,00;79,46;Cádiz
V505976;Vida Riesgo;M;27/01/1973;27/08/2019;27/08/2034;67.000,00;185,10;Madrid
V507478;Vida Riesgo;M;16/11/1965;04/12/2020;04/12/2035;62.000,00;351,95;Santa Cruz de Tenerife
V502354;Vida Riesgo;H;25/11/1976;22/09/2017;22/09/2027;146.000,00;247,32;Bizkaia
V507886;Vida Hipoteca;H;27/02/1986;03/10/2021;03/10/2036;309.000,00;335,71;Barcelona
V500431;Vida Riesgo;H;02/02/1978;22/10/2020;22/10/2040;75.000,00;149,24;A Coruña
V505615;Vida Hipoteca;M;24/12/1983;23/07/2018;23/07/2043;278.000,00;276,98;A Coruña
V501830;Vida Riesgo;M;22/01/1983;07/08/2016;07/08/2026;140.000,00;127,71;Segovia
V501614;Vida Hipoteca;H;11/03/1982;23/07/2017;23/07/2047;171.000,00;182,18;Gipuzkoa
V502411;Vida Riesgo;M;29/06/1976;08/09/2019;08/09/2039;71.000,00;147,10;Guadalajara
V507869;Vida Riesgo;M;17/08/1967;06/01/2016;06/01/2031;51.000,00;164,35;Madrid
V502220;Vida Hipoteca;H;22/08/1967;30/08/2024;30/08/2054;172.000,00;1.154,58;Guadalajara
V500275;Vida Hipoteca;h;09/01/1989;04/10/2022;04/10/2047;211.000,00;195,64;Burgos
V500280;Vida Hipoteca;M;20/11/1978;19/07/2016;19/07/2041;126.000,00;163,14;Málaga
V500262;Vida Riesgo;M;11/02/1994;17/08/2023;17/08/2038;65.000,00;42,09;Cádiz
V502844;Vida Riesgo;M;22/04/1990;01/04/2023;01/04/2033;135.000,00;117,03;Madrid
V505258;Vida Hipoteca;H;17/02/1981;16/12/2023;16/12/2048;161.000,00;323,35;Madrid
V501386;Vida Riesgo;H;30/03/1975;08/04/2016;08/04/2026;72.000,00;124,10;Segovia
V505473;Vida Riesgo;M;08/07/1981;17/06/2019;17/06/2039;174.000,00;230,72;Granada
V506754;Vida Riesgo;M;24/05/1974;27/11/2016;27/11/2031;151.000,00;295,29;Madrid
V500432;Vida Riesgo;H;12/07/1985;21/04/2023;21/04/2038;106.000,00;138,55;Guadalajara
V500847;Vida Hipoteca;H;19/05/1985;20/03/2022;20/03/2052;189.000,00;228,10;Valencia
V505459;Vida Riesgo;M;14/06/1961;14/04/2015;14/04/2030;190.000,00;972,37;Las Palmas
V503480;Vida Hipoteca;Hombre;05/07/1962;04/11/2019;04/11/2044;114.000,00;785,70;Toledo
V507025;Vida Riesgo;M;06/02/1979;27/08/2020;27/08/2040;70.000,00;126,19;Barcelona
V503100;Vida Hipoteca;H;02/04/1969;06/04/2015;06/04/2035;205.000,00;539,59;Illes Balears
V507087;Vida Hipoteca;H;09/10/1963;16/11/2018;16/11/2033;275.000,00;1.568,24;Huelva
V507630;Vida Riesgo;M;16/11/1993;15/09/2023;15/09/2038;91.000,00;60,55;Málaga
V506399;Vida Riesgo;H;06/06/1983;18/03/2021;18/03/2036;22.000,00;28,78;Madrid
V504722;Vida Hipoteca;H;22/03/1973;11/10/2017;11/10/2032;236.000,00;549,01;Cádiz
V500308;Vida Hipoteca;H;06/06/2001;07/12/2024;07/12/2044;181.000,00;70,34;Santa Cruz de Tenerife
V506922;Vida Riesgo;H;29/04/1988;15/11/2018;15/11/2038;42.000,00;29,70;Cuenca
V503950;Vida Riesgo;M;10/12/1986;16/07/2017;16/07/2027;25.000,00;17,76;Barcelona
V501963;Vida Hipoteca;M;08/11/1964;18/08/2023;18/08/2053;116.000,00;903,68;Zaragoza
V503064;Vida Riesgo;H;06/05/1975;24/05/2017;24/05/2037;68.000,00;127,85;Segovia
V500716;Vida Hipoteca;H;19/10/1985;11/12/2022;11/12/2047;232.000,00;287,44;Cuenca
V503697;Vida Riesgo;H;07/04/1979;03/01/2021;03/01/2031;94.000,00;172,20;Zaragoza
V504237;Vida Hipoteca;M;14/02/1977;05/11/2021;05/11/2051;152.000,00;358,64;Zaragoza
V500406;Vida Riesgo;M;14/03/1982;23/03/2018;23/03/2028;94.000,00;105,89;Alicante
V501644;Vida Hipoteca;H;25/10/1982;16/12/2023;16/12/2038;194.000,00;337,63;Girona
V504812;Vida Hipoteca;M;24/06/1973;14/07/2017;14/07/2042;244.000,00;543,91;Santa Cruz de Tenerife
V500013;Vida Hipoteca;H;28/10/1981;23/04/2015;23/04/2035;211.000,00;191,53;León
V503727;Vida Hipoteca;M;13/10/1990;14/12/2021;14/12/2051;318.000,00;237,12;Madrid
V501760;Vida Riesgo;M;04/04/1987;17/09/2022;17/09/2037;61.000,00;65,47;Navarra
V505389;Vida Riesgo;H;24/12/1960;02/05/2020;02/05/2030;83.000,00;679,21;Córdoba
V503513;Vida Riesgo;H;01/07/1973;05/01/2018;05/01/2028;145.000,00;336,13;Almería
V503994;Vida Riesgo;M;01/03/1979;08/10/2024;08/10/2034;39.000,00;99,20;Pontevedra
V503457;Vida Hipoteca;M;10/12/1986;14/08/2017;14/08/2037;240.000,00;171,61;Almería
V503849;Vida Riesgo;M;08/11/1982;10/05/2020;10/05/2035;59.000,00;75,37;Madrid
V500228;Vida Riesgo;H;19/08/1971;21/04/2017;21/04/2032;37.000,00;94,66;Murcia
V505435;Vida Hipoteca;H;05/01/1978;30/01/2019;30/01/2049;131.000,00;226,55;Lleida
V500344;Vida Riesgo;M;16/10/1968;15/01/2016;15/01/2031;36.000,00;105,27;Barcelona
V502659;Vida Hipoteca;M;24/04/1971;15/04/2022;15/04/2047;189.000,00;758,75;Madrid
V505986;Vida Hipoteca;H;16/04/1971;30/06/2020;30/06/2035;176.000,00;608,07;Granada
V502800;Vida Hipoteca;M;09/06/1972;12/11/2021;12/11/2036;193.000,00;679,29;Barcelona
V502444;Vida Hipoteca;H;26/10/1981;03/02/2019;03/02/2034;299.000,00;374,53;Granada
V501598;Vida Riesgo;H;31/12/1980;11/05/2015;11/05/2035;54.000,00;52,80;Zaragoza
V503039;Vida Hipoteca;H;14/04/1986;17/03/2017;17/03/2042;151.000,00;110,26;Huesca
V505837;Vida Hipoteca;H;07/08/1983;02/06/2021;02/06/2051;116.000,00;152,23;Madrid
V506749;Vida Hipoteca;H;08/01/1986;08/11/2020;08/11/2045;142.000,00;144,56;Illes Balears
V500172;Vida Hipoteca;H;16/01/1975;16/11/2018;16/11/2043;342.000,00;748,17;León
V505286;Vida Hipoteca;H;11/01/1977;25/04/2018;25/04/2048;118.000,00;207,87;Valladolid
V503218;Vida Riesgo;H;15/06/1968;23/12/2016;23/12/2036;41.000,00;133,65;Zaragoza
V505811;Vida Hipoteca;M;19/04/1990;23/05/2023;23/05/2048;89.000,00;78,14;La Rioja
V504201;Vida Riesgo;M;04/02/1971;23/01/2017;23/01/2037;41.000,00;107,55;Cantabria
V505348;Vida Hipoteca;M;17/10/1988;28/03/2022;28/03/2047;82.000,00;74,17;Madrid
V502141;Vida Hipoteca;M;06/02/1979;21/11/2016;21/11/2041;186.000,00;243,48;Sevilla
V502829;Vida Riesgo;H;17/05/1976;19/11/2016;19/11/2031;16.000,00;26,39;Araba/Álava
V506852;Vida Riesgo;H;13/05/1975;13/12/2017;13/12/2027;35.000,00;68,88;Castellón
V500824;Vida Hipoteca;M;26/07/1982;06/04/2022;06/04/2047;88.000,00;135,45;Alicante
V500019;Vida Riesgo;H;13/08/1968;26/04/2018;26/04/2028;61.000,00;219,76;Zamora
V500753;Vida Riesgo;H;19/07/1995;12/02/2023;12/02/2033;96.000,00;52,71;Barcelona
V501228;Vida Hipoteca;M;16/07/1976;03/04/2017;03/04/2032;114.000,00;191,34;Ourense
V506305;Vida Riesgo;M;05/09/1982;03/09/2023;03/09/2043;27.000,00;46,40;A Coruña
V505624;Vida Hipoteca;M;18/06/1970;09/05/2019;09/05/2049;134.000,00;450,64;Zaragoza
V505915;Vida Hipoteca;M;16/03/1971;20/02/2018;20/02/2038;214.000,00;609,43;Barcelona
V506407;Vida Hipoteca;M;14/02/1966;26/11/2016;26/11/2036;191.000,00;754,30;Valencia
V505913;Vida Riesgo;M;20/01/1990;28/09/2023;28/09/2038;79.000,00;72,96;Pontevedra
V500015;Vida Hipoteca;M;26/08/2000;26/12/2024;26/12/2039;77.000,00;32,11;Palencia
V505768;Vida Hipoteca;H;08/08/1988;08/02/2018;08/02/2033;73.000,00;47,25;Pontevedra
V501892;Vida Riesgo;M;14/05/2020;10/04/2019;10/04/2034;41.000,00;16,78;Málaga
V506277;Vida Hipoteca;M;13/11/1987;22/10/2015;22/10/2030;86.000,00;48,73;Madrid
V502375;Vida Riesgo;M;09/07/1984;28/07/2024;28/07/2039;58.000,00;92,01;Teruel
V506385;Vida Riesgo;M;03/08/1999;25/08/2024;25/08/2039;69.000,00;30,61;Huesca
V507153;Vida Riesgo;M;27/12/1959;12/06/2019;12/06/2034;91.000,00;751,38;Barcelona
V500378;Vida Hipoteca;M;22/10/1977;16/10/2020;16/10/2045;185.000,00;376,56;Sevilla
V503524;Vida Hipoteca;M;17/01/1992;04/11/2022;04/11/2037;140.000,00;101,16;Barcelona
V506497;Vida Riesgo;M;03/08/1986;13/09/2020;13/09/2040;83.000,00;79,48;Cuenca
V500062;Vida Hipoteca;H;27/08/1971;19/03/2015;19/03/2035;146.000,00;312,09;Ciudad Real
V505778;Vida Hipoteca;H;16/11/1980;30/04/2018;30/04/2038;91.000,00;115,74;Zaragoza
V502167;Vida Hipoteca;H;08/07/1976;14/03/2015;14/03/2030;75.000,00;105,88;Tarragona
V506298;Vida Hipoteca;H;27/04/1983;29/03/2020;29/03/2045;148.000,00;179,96;Cantabria
V505465;Vida Hipoteca;M;30/12/1984;05/12/2017;05/12/2032;128.000,00;110,86;Segovia
V503670;Vida Riesgo;M;01/01/1977;31/12/2015;31/12/2030;139.000,00;201,59;Madrid
V500203;Vida Hipoteca;M;25/05/1997;30/06/2021;30/06/2046;203.000,00;82,99;Alicante
V501597;Vida Hipoteca;h;29/11/1986;19/11/2016;19/11/2046;110.000,00;74,10;Barcelona
V502469;Vida Hipoteca;M;08/05/1971;22/02/2017;22/02/2037;170.000,00;439,47;Barcelona
V500248;Vida Riesgo;H;01/08/1986;14/04/2015;14/04/2035;56.000,00;33,85;Sevilla
V501795;Vida Riesgo;M;24/06/1973;14/11/2017;14/11/2027;;261,56;Madrid
V502717;Vida Hipoteca;H;;16/02/2017;16/02/2037;139.000,00;607,45;Barcelona
V501813;Vida Riesgo;M;20/04/1974;18/01/2023;18/01/2033;50.000,00;166,12;Málaga
V507028;Vida Hipoteca;M;07/09/1976;02/12/2022;02/12/2037;267.000,00;716,41;Burgos
V501787;Vida Hipoteca;H;26/04/1971;24/02/2019;24/02/2034;184.000,00;565,54;Madrid
V501542;Vida Riesgo;H;22/06/1979;31/10/2021;31/10/2031;31.000,00;59,83;Valencia
V504936;Vida Hipoteca;M;08/01/1981;11/06/2017;11/06/2037;332.000,00;386,82;Jaén
V506746;Vida Riesgo;M;13/09/1975;22/09/2022;22/09/2042;197.000,00;565,37;Melilla
V501494;Vida Riesgo;M ;14/09/1978;14/10/2015;14/10/2025;68.000,00;83,81;Segovia
V501209;Vida Riesgo;H;29/01/1986;17/01/2018;17/01/2038;140.000,00;111,71;Zaragoza
V502068;Vida Riesgo;H;13/12/1974;01/01/2022;01/01/2042;145.000,00;417,11;Valladolid
V504390;Vida Hipoteca;H;16/05/1979;16/06/2021;16/06/2036;112.000,00;211,23;Santa Cruz de Tenerife
V506944;Vida Hipoteca;H;01/10/1987;03/09/2024;03/09/2044;178.000,00;216,46;Pontevedra
V507496;Vida Hipoteca;M;15/02/1968;28/10/2021;28/10/2041;177.000,00;895,80;Toledo
V503912;Vida Riesgo;H;31/10/1973;22/07/2016;22/07/2031;97.000,00;193,13;Girona
V501460;Vida Hipoteca;M;02/01/1970;17/02/2019;17/02/2039;131.000,00;449,41;Cáceres
V505501;Vida Hipoteca;H;22/09/1972;21/03/2018;21/03/2043;71.000,00;178,84;Madrid
V507034;Vida Hipoteca;H;02/04/1964;25/02/2019;25/02/2044;92.000,00;515,57;Illes Balears
V507521;Vida Riesgo;M;31/08/1953;13/02/2016;13/02/2036;74.000,00;788,13;Madrid
V504839;Vida Riesgo;H;29/07/1984;01/03/2024;01/03/2039;61.000,00;93,03;Castellón
V501028;Vida Hipoteca;H;14/06/1983;18/09/2021;18/09/2051;98.000,00;133,54;Sevilla
V500697;Vida Hipoteca;Hombre;03/05/1970;16/06/2022;16/06/2042;61.000,00;269,96;Ourense
V501815;Vida Riesgo;M;11/09/1990;31/10/2023;31/10/2038;31.000,00;27,32;Toledo
V502425;Vida Riesgo;M;14/10/1987;19/05/2016;19/05/2031;15.000,00;8,99;Barcelona
V502567;Vida Riesgo;M;16/04/1967;29/08/2020;29/08/2035;39.000,00;191,96;Toledo
V502640;Vida Hipoteca;M;18/07/1965;24/06/2023;24/06/2048;178.000,00;1.291,00;Valencia
V503314;Vida Riesgo;H;21/06/1993;18/01/2022;18/01/2032;41.000,00;24,53;Murcia
V504627;Vida Hipoteca;H;06/12/1985;23/01/2018;23/01/2038;102.000,00;82,54;Cuenca
V507335;Vida Hipoteca;M;29/09/1971;21/01/2022;21/01/2047;242.000,00;918,32;Barcelona
V503418;Vida Hipoteca;h;06/09/1962;27/08/2017;27/08/2047;79.000,00;445,48;A Coruña
V507971;Vida Riesgo;M;16/09/1975;09/01/2021;09/01/2041;65.000,00;161,31;Málaga
V506779;Vida Riesgo;H;25/09/1974;06/03/2019;06/03/2029;123.000,00;283,41;Murcia
V504703;Vida Riesgo;H;12/05/1987;20/04/2023;20/04/2038;53.000,00;59,28;Illes Balears
V500673;Vida Hipoteca;M;27/01/1987;19/05/2020;19/05/2050;224.000,00;200,33;Málaga
V504480;Vida Hipoteca;H;03/07/1966;29/01/2017;29/01/2042;230.000,00;892,70;Zaragoza
V501764;Vida Riesgo;H;18/02/1987;06/06/2018;06/06/2028;84.000,00;63,31;Madrid
V501973;Vida Riesgo;H;27/02/1978;19/06/2023;19/06/2043;89.000,00;220,67;Burgos
V506024;Vida Hipoteca;M;05/09/1975;29/01/2015;29/01/2040;215.000,00;322,68;Madrid
V500519;Vida Hipoteca;H;25/06/1990;30/06/2024;30/06/2054;113.000,00;107,31;Jaén
V506434;Vida Hipoteca;M;03/04/1985;01/11/2018;01/11/2048;234.000,00;214,17;Lugo
V503115;Vida Hipoteca;H;29/03/1981;22/02/2018;22/02/2033;85.000,00;103,17;Asturias
V503543;Vida Hipoteca;H;11/08/1955;26/12/2016;26/12/2046;116.000,00;1.127,50;Ceuta
V507249;Vida Hipoteca;M;11/02/1975;29/05/2023;29/05/2053;196.000,00;626,43;Toledo
V504192;Vida Riesgo;M;15/09/1977;29/08/2021;29/08/2041;78.000,00;172,41;Huesca
V507376;Vida Riesgo;M;30/07/1952;29/02/2020;29/02/2040;48.000,00;790,71;Barcelona
V502409;Vida Riesgo;H;20/08/1975;07/06/2020;07/06/2030;25.000,00;59,38;Barcelona
V501096;Vida Riesgo;H;11/10/1975;11/10/2016;11/10/2026;61.000,00;104,91;Madrid
V507138;Vida Riesgo;H;02/08/2001;14/10/2019;14/10/2029;180.000,00;44,56;Sevilla
V506272;Vida Riesgo;H;04/04/1988;07/05/2017;07/05/2032;130.000,00;81,23;Bizkaia
V501550;Vida Hipoteca;Mujer;31/10/1975;20/11/2021;20/11/2046;240.000,00;634,26;Madrid
V505427;Vida Riesgo;H;11/11/1968;01/09/2015;01/09/2025;61.000,00;171,80;Cádiz
V504336;Vida Hipoteca;M;16/07/1961;05/08/2016;05/08/2041;268.000,00;1.521,90;Valencia
V504653;Vida Riesgo;h;29/03/1987;26/06/2016;26/06/2031;124.000,00;78,51;Guadalajara
V504099;Vida Riesgo;M;19/09/1982;03/03/2022;03/03/2042;38.000,00;57,29;Lugo
V500201;Vida Hipoteca;M;18/10/1979;23/09/2019;23/09/2049;86.000,00;135,03;La Rioja
V503643;Vida Hipoteca;M;23/01/1977;23/05/2019;23/05/2044;84.000,00;161,68;Cádiz
V503657;Vida Hipoteca;M;11/09/1977;18/12/2017;18/12/2037;125.000,00;201,98;Valencia
V506477;Vida Hipoteca;H;19/07/1982;01/09/2016;01/09/2031;170.000,00;162,92;Cantabria
V501288;Vida Hipoteca;m;25/02/1976;21/10/2023;21/10/2053;160.000,00;484,34;Madrid
V502373;Vida Hipoteca;H;26/04/1975;10/09/2020;10/09/2035;243.000,00;606,19;Ciudad Real
V506320;Vida Hipoteca;H;18/07/1970;08/07/2010;08/07/2020;180.000,00;234,15;Murcia
V502478;Vida Hipoteca;H;14/06/1987;23/12/2015;23/12/2035;217.000,00;129,23;Barcelona
V506387;Vida Hipoteca;M;22/03/1979;27/12/2015;27/12/2035;202.000,00;242,37;A Coruña
V505693;Vida Hipoteca;M;06/08/1988;28/03/2018;28/03/2048;131.000,00;85,77;Barcelona
V506534;Vida Hipoteca;M;06/04/1990;04/11/2024;04/11/2039;144.000,00;143,51;Toledo
V507609;Vida Hipoteca;H;12/12/1996;20/04/2024;20/04/2044;225.000,00;121,31;Burgos
V507968;Vida Hipoteca;H;12/12/1983;27/10/2023;27/10/2053;137.000,00;214,07;Asturias
V500678;Vida Hipoteca;Mujer;15/11/1979;26/08/2020;26/08/2050;255.000,00;430,42;Bizkaia
V504731;Vida Hipoteca;M;18/10/1981;02/06/2018;02/06/2043;180.000,00;213,31;Almería
V503980;Vida Riesgo;H;13/07/1975;13/12/2020;13/12/2040;32.000,00;80,13;Sevilla
V500278;Vida Hipoteca;H;21/12/1991;29/07/2021;29/07/2051;176.000,00;114,89;Madrid
V504274;Vida Hipoteca;M;01/11/1978;14/05/2017;14/05/2047;117.000,00;163,14;Madrid
V503454;Vida Riesgo;H;27/10/1974;08/08/2020;08/08/2035;43.000,00;111,01;Huelva
V502014;Vida Riesgo;M;03/03/1982;31/08/2018;31/08/2038;79.000,00;92,63;Bizkaia
V502834;Vida Riesgo;M ;27/02/1976;25/09/2015;25/09/2035;76.000,00;115,80;Cádiz
V503167;Vida Riesgo;M;26/10/1965;12/12/2017;12/12/2027;87.000,00;385,27;Madrid
V505040;Vida Hipoteca;M;01/09/1975;09/07/2021;09/07/2041;148.000,00;384,41;Málaga
V504174;Vida Riesgo;H;17/04/1995;22/05/2024;22/05/2044;59.000,00;36,89;Madrid
V502599;Vida Hipoteca;H;07/01/1985;20/12/2024;20/12/2044;219.000,00;344,48;Zaragoza
V504912;Vida Riesgo;H;15/05/1970;11/05/2017;11/05/2032;28.000,00;80,10;Madrid
V501100;Vida Riesgo;H;28/05/1984;10/05/2018;10/05/2028;132.000,00;124,65;Cádiz
V502368;Vida Hipoteca;M;06/08/1985;08/08/2022;08/08/2037;167.000,00;204,47;Cádiz
V501980;Vida Riesgo;H;10/01/1984;10/11/2018;10/11/2028;114.000,00;116,08;Madrid
V506093;Vida Hipoteca;M;09/09/1978;09/06/2017;09/06/2037;107.000,00;151,95;Ávila
V506049;Vida Riesgo;H;09/06/1972;22/02/2018;22/02/2028;45.000,00;115,45;Madrid
V502665;Vida Hipoteca;M;13/12/1986;21/04/2023;21/04/2048;130.000,00;150,62;Girona
V500650;Vida Riesgo;H;15/06/1960;21/12/2017;21/12/2037;32.000,00;224,00;Valencia
V501363;Vida Hipoteca;H;25/08/1975;06/11/2017;06/11/2037;82.000,00;156,16;Alicante
V506143;Vida Riesgo;M;16/02/1975;21/10/2015;21/10/2030;115.000,00;192,37;Barcelona
V504093;Vida Riesgo;M;09/12/1997;26/02/2017;26/02/2032;44.000,00;11,88;Murcia
V506908;Vida Riesgo;M;17/05/1982;27/01/2020;27/01/2030;110.000,00;142,85;Alicante
V504031;Vida Riesgo;H;20/12/1985;15/02/2017;15/02/2037;48.000,00;35,75;Madrid
V506285;Vida Hipoteca;H;26/03/1971;23/08/2016;23/08/2036;186.000,00;465,43;La Rioja
V507925;Vida Hipoteca;H;15/10/1977;22/11/2017;22/11/2042;51.000,00;81,27;Las Palmas
V505736;Vida Hipoteca;Mujer;24/07/1972;05/08/2021;05/08/2046;163.000,00;554,75;Madrid
V507575;Vida Riesgo;M;28/12/1982;22/11/2017;22/11/2037;41.000,00;41,99;Almería
V505032;Vida Hipoteca;H;15/06/1987;09/01/2019;09/01/2034;191.000,00;147,36;Madrid
V502106;Vida Hipoteca;M;20/10/1983;12/07/2016;12/07/2041;83.000,00;70,66;Santa Cruz de Tenerife
V502315;Vida Hipoteca;M;14/10/1984;29/02/2024;28/02/2039;136.000,00;203,71;Bizkaia
V504014;Vida Hipoteca;M;18/01/1990;05/01/2017;05/01/2032;100.000,00;52,16;Huesca
V502065;Vida Riesgo;H;;12/07/2017;12/07/2027;70.000,00;133,62;Málaga
V500321;Vida Hipoteca;H;17/01/1991;29/11/2023;29/11/2048;95.000,00;81,82;Alicante
V505668;Vida Hipoteca;M;13/06/1974;17/05/2023;17/05/2048;188.000,00;634,13;Alicante
V507495;Vida Hipoteca;H;04/04/1979;14/08/2021;14/08/2036;87.000,00;167,96;Alicante
V505134;Vida Hipoteca;H;03/03/1959;20/07/2015;20/07/2030;43.000,00;273,33;León
V505419;Vida Hipoteca;H;21/09/1966;08/05/2019;08/05/2049;229.000,00;1.057,87;Valencia
V507961;Vida Riesgo;M;06/02/1960;19/12/2023;19/12/2043;30.000,00;360,27;Zaragoza
V506085;Vida Hipoteca;H;14/04/1992;21/02/2023;21/02/2053;88.000,00;63,88;Málaga
V505939;Vida Hipoteca;H;07/12/1956;30/11/2016;30/11/2036;100.000,00;863,26;Tarragona
V504941;Vida Hipoteca;H;17/05/1983;28/03/2019;28/03/2044;92.000,00;102,23;Almería
V502166;Vida Hipoteca;M;26/10/1978;25/10/2016;25/10/2036;124.000,00;165,20;Illes Balears
V501606;Vida Hipoteca;M;21/12/1989;17/06/2022;17/06/2047;161.000,00;134,26;Albacete
V503453;Vida Hipoteca;H;16/01/1983;25/07/2024;25/07/2049;130.000,00;233,67;Madrid
V506500;Vida Hipoteca;h;10/08/1970;30/05/2023;30/05/2043;219.000,00;1.026,98;Granada
V504278;Vida Riesgo;H;26/05/1977;20/04/2023;20/04/2038;48.000,00;125,20;Las Palmas
V500793;Vida Hipoteca;M;12/04/1970;02/04/2010;02/04/2020;235.000,00;118,04;Valencia
V500589;Vida Hipoteca;M;26/06/1989;29/10/2018;29/10/2033;267.000,00;170,42;Barcelona
V501773;Vida Hipoteca;M;20/12/1978;05/06/2023;05/06/2048;161.000,00;371,44;León
V505440;Vida Hipoteca;H;14/05/1973;18/10/2023;18/10/2043;63.000,00;241,46;Teruel
V504286;Vida Hipoteca;M;11/06/1960;08/09/2015;08/09/2035;99.000,00;571,19;Zamora
V507309;Vida Hipoteca;M;22/09/1980;23/07/2020;23/07/2035;91.000,00;141,69;Santa Cruz de Tenerife
V502529;Vida Hipoteca;M;12/11/1991;06/05/2017;06/05/2047;303.000,00;139,32;Valencia
V501655;Vida Hipoteca;H;15/08/1988;30/06/2022;30/06/2037;241.000,00;226,14;Lleida
V503708;Vida Hipoteca;H;11/12/1972;23/11/2018;23/11/2038;142.000,00;371,87;Cuenca
V501986;Vida Riesgo;H;12/08/1973;31/10/2017;31/10/2027;30.000,00;67,82;Valladolid
V502927;Vida Hipoteca;H;16/01/1971;18/08/2015;18/08/2030;262.000,00;611,10;Lugo
V504277;Vida Hipoteca;M;18/11/1985;24/06/2017;24/06/2047;90.000,00;69,59;Toledo
V505372;Vida Riesgo;M;26/12/1972;22/08/2024;22/08/2039;38.000,00;161,63;Ceuta
V507097;Vida Riesgo;M;07/08/1970;12/09/2019;12/09/2039;62.000,00;212,20;Madrid
V506297;Vida Hipoteca;M;28/02/1978;04/04/2023;04/04/2043;134.000,00;326,37;Valladolid
V507631;Vida Hipoteca;M;29/03/1973;12/05/2016;12/05/2046;351.000,00;722,78;Madrid
V505653;Vida Hipoteca;H;24/07/1987;12/08/2021;12/08/2051;390.000,00;371,57;Santa Cruz de Tenerife
V506529;Vida Hipoteca;M;28/03/1973;21/12/2021;21/12/2046;144.000,00;477,82;Barcelona
V504923;Vida Hipoteca;H;26/07/1982;25/09/2017;25/09/2037;214.000,00;224,12;Barcelona
V502343;Vida Hipoteca;H;12/03/1993;30/01/2022;30/01/2047;232.000,00;142,50;La Rioja
V501938;Vida Hipoteca;H;29/12/1983;03/04/2023;03/04/2043;170.000,00;252,15;Teruel
V500356;Vida Hipoteca;H;16/02/1976;03/06/2023;03/06/2053;88.000,00;258,39;Asturias
V505993;Vida Hipoteca;Mujer;26/06/1981;05/01/2015;05/01/2045;206.000,00;187,70;Castellón
V507171;Vida Hipoteca;H;23/02/1987;17/07/2022;17/07/2037;128.000,00;136,69;Bizkaia
V505403;Vida Hipoteca;H;23/07/1964;16/04/2016;16/04/2041;80.000,00;342,48;Valencia
V502462;Vida Hipoteca;M;17/09/1954;01/03/2017;01/03/2042;483.000,00;5.143,85;Asturias
V507758;Vida Hipoteca;H;01/11/1979;05/12/2019;05/12/2044;78.000,00;124,19;Illes Balears
V505660;Vida Hipoteca;M;20/05/1979;17/07/2017;17/07/2042;274.000,00;370,10;Málaga
V500266;Vida Riesgo;H;27/09/1980;18/08/2020;18/08/2030;54.000,00;84,50;Málaga
V505233;Vida Hipoteca;M;17/03/1979;06/08/2018;06/08/2043;124.000,00;185,93;Valencia
V503341;Vida Riesgo;H;03/02/1978;19/11/2016;19/11/2026;168.000,00;239,47;Las Palmas
V506462;Vida Riesgo;M;10/04/1979;21/01/2019;21/01/2029;141.000,00;218,64;Alicante
V501190;Vida Hipoteca;M;16/12/1983;10/07/2021;10/07/2041;143.000,00;183,63;Asturias
V501279;Vida Hipoteca;H;16/03/1972;10/01/2024;10/01/2054;97.000,00;418,44;Alicante
V505075;Vida Riesgo;H;27/05/1962;16/06/2022;16/06/2042;134.000,00;1.163,99;Zaragoza
V504671;Vida Riesgo;H;10/06/1965;24/01/2016;24/01/2031;261.000,00;1.016,92;Santa Cruz de Tenerife
V501163;Vida Hipoteca;M;25/05/1980;09/03/2022;09/03/2047;161.000,00;296,05;Madrid
V502973;Vida Riesgo;M;30/12/1987;15/04/2015;15/04/2035;105.000,00;56,31;Ciudad Real
V501286;Vida Riesgo;H;17/03/1954;03/05/2017;03/05/2027;47.000,00;530,16;Valencia
V507824;Vida Riesgo;H;07/12/1975;21/05/2021;21/05/2036;20.000,00;50,22;Valencia
V502431;Vida Riesgo;M;28/12/1978;22/10/2022;22/10/2037;140.000,00;305,89;La Rioja
V500748;Vida Riesgo;H;10/11/1977;27/11/2016;27/11/2031;79.000,00;115,08;Madrid
V501763;Vida Riesgo;H;22/06/1953;07/07/2015;07/07/2030;27.000,00;277,60;Valladolid
V503535;Vida Hipoteca;M;21/09/1968;24/02/2016;24/02/2036;106.000,00;314,72;Málaga
V505905;Vida Hipoteca;H;25/02/1988;24/11/2017;24/11/2047;111.000,00;73,33;Barcelona
V501867;Vida Hipoteca;M;04/05/1980;18/05/2019;18/05/2049;129.000,00;187,72;Sevilla
V507035;Vida Riesgo;H;05/05/1983;13/08/2022;13/08/2037;82.000,00;121,77;Valencia
V500746;Vida Riesgo;H;18/11/1978;28/04/2021;28/04/2031;47.000,00;91,35;Jaén
V503430;Vida Riesgo;H;11/02/1989;30/03/2021;30/03/2031;61.000,00;49,35;Zaragoza
V505754;Vida Hipoteca;H;27/09/1958;23/02/2020;23/02/2050;327.000,00;3.186,72;Sevilla
V507442;Vida Hipoteca;M;24/03/1967;04/07/2016;04/07/2046;118.000,00;410,25;Cáceres
V501918;Vida Hipoteca;M;03/03/1989;23/08/2023;23/08/2053;183.000,00;180,68;Lugo
V507201;Vida Hipoteca;Mujer;11/07/1980;14/09/2024;14/09/2054;146.000,00;328,93;Málaga
V505946;Vida Hipoteca;M;10/10/1984;26/05/2022;26/05/2047;95.000,00;122,61;Pontevedra
V507469;Vida Riesgo;M;12/07/1986;25/12/2021;25/12/2031;180.000,00;193,18;Pontevedra
V507053;Vida Riesgo;H;20/05/1982;06/11/2023;06/11/2038;38.000,00;67,97;Valencia
V503716;Vida Hipoteca;M;21/10/1986;16/04/2020;16/04/2050;355.000,00;322,33;Santa Cruz de Tenerife
V506720;Vida Riesgo;H;01/08/1970;28/12/2016;28/12/2026;63.000,00;171,59;Madrid
V505093;Vida Riesgo;M;08/11/1957;21/10/2017;21/10/2032;100.000,00;861,03;Madrid
V505585;Vida Hipoteca;M;10/08/1968;28/07/2019;28/07/2034;166.000,00;665,75;Asturias
V503287;Vida Riesgo;M;13/02/1959;08/11/2017;08/11/2037;58.000,00;450,30;Granada
V500811;Vida Riesgo;H;11/11/1971;26/09/2020;26/09/2030;83.000,00;278,78;Alicante
V502213;Vida Hipoteca;H;29/07/1981;27/01/2024;27/01/2049;164.000,00;320,31;Araba/Álava
V501934;Vida Hipoteca;M;30/08/1971;08/02/2017;08/02/2047;139.000,00;348,81;Barcelona
V502365;Vida Riesgo;H;10/12/1986;23/01/2020;23/01/2035;77.000,00;67,76;Santa Cruz de Tenerife
V505948;Vida Hipoteca;M;15/12/1972;06/01/2016;06/01/2036;142.000,00;290,85;Madrid
V500089;Vida Riesgo;H;02/03/1993;08/11/2019;08/11/2029;36.000,00;18,34;Bizkaia
V503723;Vida Hipoteca;M;28/07/1973;10/08/2022;10/08/2047;98.000,00;333,65;Cádiz
V504793;Vida Riesgo;M;26/11/1990;13/05/2024;13/05/2044;342.000,00;309,88;Illes Balears
V502841;Vida Riesgo;H;13/09/1979;12/12/2020;12/12/2035;51.000,00;89,58;Ciudad Real
V507196;Vida Hipoteca;H;28/10/1980;04/08/2024;04/08/2049;168.000,00;365,46;Córdoba
V500599;Vida Riesgo;H;18/11/1977;31/12/2020;31/12/2030;82.000,00;168,84;Illes Balears
V504432;Vida Hipoteca;M;10/08/1992;21/05/2024;21/05/2044;236.000,00;185,31;Madrid
V505190;Vida Riesgo;M;13/07/1987;22/08/2024;22/08/2034;51.000,00;63,01;Sevilla
V504209;Vida Riesgo;Hombre;09/12/1972;11/01/2017;11/01/2037;32.000,00;71,56;Ávila
V504962;Vida Riesgo;H;03/09/1986;23/08/2021;23/08/2036;180.000,00;185,41;Araba/Álava
V504956;Vida Riesgo;M;13/07/1982;22/07/2019;22/07/2039;113.000,00;138,58;Madrid
V500150;Vida Riesgo;M;02/11/1977;29/06/2022;29/06/2037;26.000,00;60,99;León
V506283;Vida Riesgo;H;29/08/1987;18/02/2024;18/02/2034;49.000,00;57,35;Valencia
V500726;Vida Riesgo;H;03/06/1973;11/12/2017;11/12/2032;99.000,00;229,69;Pontevedra
V503136;Vida Riesgo;H;14/04/1977;27/06/2019;27/06/2039;35.000,00;66,65;Alicante
V504324;Vida Riesgo;M;03/02/1992;13/05/2019;13/05/2039;36.000,00;19,27;La Rioja
V506503;Vida Hipoteca;m;24/04/1994;24/05/2016;24/05/2036;135.000,00;46,50;Madrid
V500381;Vida Hipoteca;M;05/01/1986;14/03/2020;14/03/2040;171.000,00;164,77;Guadalajara
V502893;Vida Riesgo;M;01/02/1980;13/02/2018;13/02/2028;48.000,00;64,14;Valladolid
V500240;Vida Riesgo;M;08/02/1976;12/04/2019;12/04/2039;32.000,00;66,19;A Coruña
V505214;Vida Hipoteca;M;22/05/1966;02/02/2021;02/02/2046;138.000,00;760,58;Murcia
V507777;Vida Riesgo;H;24/10/1984;14/07/2022;14/07/2042;86.000,00;111,90;Madrid
V504491;Vida Riesgo;M;08/05/1976;08/09/2016;08/09/2031;61.000,00;99,16;Madrid
V506909;Vida Riesgo;M;24/02/1983;30/11/2015;30/11/2025;109.000,00;93,06;Madrid
V500087;Vida Hipoteca;H;24/03/1975;09/01/2024;09/01/2044;115.000,00;383,62;Cádiz
V502708;Vida Riesgo;H;02/11/1995;19/12/2022;19/12/2042;43.000,00;22,74;Pontevedra
V500665;Vida Riesgo;H;18/09/1986;14/08/2023;14/08/2043;162.000,00;196,64;Huelva
V507488;Vida Riesgo;H;27/03/1980;26/03/2016;26/03/2026;65.000,00;73,06;Santa Cruz de Tenerife
V501010;Vida Hipoteca;M;04/05/1978;09/08/2022;09/08/2047;164.000,00;372,19;Madrid
V501222;Vida Hipoteca;H;08/11/1986;12/12/2022;12/12/2037;153.000,00;173,38;Illes Balears
V506612;Vida Riesgo;H;06/11/1986;07/02/2019;07/02/2039;153.000,00;125,11;Madrid
V502390;Vida Hipoteca;H;19/03/1978;24/11/2015;24/11/2035;146.000,00;189,37;Ourense
V503653;Vida Hipoteca;H;22/01/2002;02/01/2024;02/01/2044;123.000,00;41,87;Teruel
V504422;Vida Hipoteca;H;25/07/1976;19/06/2017;19/06/2037;177.000,00;301,80;Palencia
V504134;Vida Hipoteca;M;28/12/1970;23/11/2019;23/11/2044;248.000,00;834,97;Córdoba
V505555;Vida Hipoteca;M;20/03/1966;10/07/2019;10/07/2034;80.000,00;391,52;Barcelona
V504555;Vida Hipoteca;H;28/08/1979;27/12/2016;27/12/2046;112.000,00;141,02;Valencia
V507879;Vida Hipoteca;M;10/03/1985;14/12/2021;14/12/2051;137.000,00;164,34;Teruel
V502932;Vida Riesgo;H;25/09/1995;09/08/2016;09/08/2026;37.000,00;11,50;Madrid
V501024;Vida Riesgo;M;06/12/1993;20/01/2024;20/01/2044;87.000,00;59,35;Cáceres
V503783;Vida Riesgo;M;09/10/1979;28/05/2023;28/05/2043;149.000,00;320,49;Barcelona
V500571;Vida Hipoteca;H;05/03/1990;25/07/2016;25/07/2046;76.000,00;37,75;Málaga
V505387;Vida Riesgo;M;13/12/1964;08/03/2017;08/03/2032;49.000,00;218,94;Murcia
V502827;Vida Riesgo;M;19/09/1958;08/09/2022;08/09/2037;101.000,00;1.223,71;Teruel
V506264;Vida Riesgo;H;15/06/1978;10/11/2024;10/11/2044;217.000,00;590,77;Cádiz
V503302;Vida Riesgo;M;04/10/1977;29/10/2020;29/10/2040;111.000,00;227,60;Las Palmas
V502536;Vida Hipoteca;M;09/09/1993;27/03/2022;27/03/2047;148.000,00;88,29;Santa Cruz de Tenerife
V505588;Vida Hipoteca;H;24/08/1965;16/01/2017;16/01/2032;339.000,00;1.410,66;Bizkaia
V503319;Vida Hipoteca;M;10/10/1978;29/10/2016;29/10/2031;123.000,00;164,66;Navarra
V507417;Vida Hipoteca;M;21/02/1978;24/04/2023;24/04/2043;152.000,00;372,54;Huelva
V501006;Vida Hipoteca;H;20/01/1967;16/02/2015;16/02/2035;125.000,00;392,15;Palencia
V506276;Vida Hipoteca;H;23/05/1975;31/01/2018;31/01/2043;134.000,00;266,11;Barcelona
V504958;Vida Hipoteca;M;08/06/1986;23/08/2022;23/08/2042;357.000,00;408,49;Las Palmas
V502257;Vida Hipoteca;H;18/05/1977;04/04/2016;04/04/2046;275.000,00;394,92;Barcelona
V502705;Vida Riesgo;M;05/07/1970;19/03/2015;19/03/2035;87.000,00;204,97;Valencia
V506583;Vida Riesgo;M;24/11/1987;05/11/2024;05/11/2039;38.000,00;46,31;Barcelona
V506812;Vida Hipoteca;H;23/03/1966;10/05/2024;10/05/2039;181.000,00;1.335,12;Madrid
V507638;Vida Hipoteca;M;07/02/1987;10/10/2023;10/10/2048;221.000,00;263,03;Madrid
V506011;Vida Hipoteca;M;09/11/1988;20/01/2023;20/01/2038;231.000,00;222,74;Tarragona
V507831;Vida Hipoteca;H;24/02/1987;14/05/2016;14/05/2046;197.000,00;124,46;Barcelona
V504307;Vida Hipoteca;H;04/02/1980;11/12/2017;11/12/2032;313.000,00;411,83;Alicante
V503054;Vida Hipoteca;H;10/12/1979;31/01/2021;31/01/2041;87.000,00;151,44;Alicante
V502740;Vida Hipoteca;H;12/07/1990;06/01/2023;06/01/2053;117.000,00;97,57;Teruel
V504172;Vida Riesgo;H;15/10/1989;11/05/2022;11/05/2032;55.000,00;46,19;Santa Cruz de Tenerife
V503741;Vida Hipoteca;H;30/10/1985;30/09/2018;30/09/2043;163.000,00;141,01;Lleida
V505297;Vida Hipoteca;m;04/12/1978;14/06/2023;14/06/2053;259.000,00;600,94;Alicante
V507165;Vida Riesgo;H;06/12/1972;22/05/2017;22/05/2037;28.000,00;64,60;Sevilla
V502746;Vida Hipoteca;M;18/05/1970;08/05/2010;08/05/2020;144.000,00;76,74;Valencia
V506516;Vida Riesgo;M;08/11/1972;31/10/2024;31/10/2034;56.000,00;244,82;Asturias
V506992;Vida Riesgo;M;24/01/1971;14/01/2011;14/01/2021;24.000,00;40,75;Barcelona
V504273;Vida Hipoteca;M;29/11/1981;29/09/2024;29/09/2049;147.000,00;295,38;Valencia
V506388;Vida Hipoteca;H;01/12/1968;22/03/2018;22/03/2038;218.000,00;759,26;Alicante
V502328;Vida Riesgo;M;31/05/1980;28/10/2023;28/10/2043;67.000,00;141,38;Pontevedra
V501101;Vida Riesgo;H;03/01/1972;02/11/2021;02/11/2041;172.000,00;626,50;Granada
V506592;Vida Hipoteca;H;26/01/1959;18/11/2016;18/11/2031;241.000,00;1.730,23;Madrid
V507450;Vida Riesgo;H;17/12/1973;22/12/2015;22/12/2025;26.000,00;48,73;Alicante
V503838;Vida Hipoteca;H;09/01/1982;13/09/2018;13/09/2033;312.000,00;371,53;Barcelona
V505081;Vida Riesgo;h;16/01/1969;27/04/2016;27/04/2026;124.000,00;363,54;A Coruña
V507055;Vida Riesgo;H;28/07/1985;10/02/2016;10/02/2026;33.000,00;23,32;Barcelona
V507880;Vida Hipoteca;M;01/03/1985;24/08/2020;24/08/2035;141.000,00;151,71;Ourense
V502591;Vida Riesgo;M;29/03/1975;24/04/2024;24/04/2039;31.000,00;105,89;Las Palmas
V501252;Vida Riesgo;M;22/02/1972;30/04/2018;30/04/2028;161.000,00;430,22;Araba/Álava
V505276;Vida Hipoteca;M;06/02/1977;14/10/2019;14/10/2049;106.000,00;210,32;Asturias
V503749;Vida Hipoteca;H;27/07/1970;16/08/2024;16/08/2049;172.000,00;897,28;Soria
V504845;Vida Riesgo;H;15/04/1970;02/04/2017;02/04/2032;67.000,00;191,31;Barcelona
V503710;Vida Riesgo;M;31/05/1981;08/02/2021;08/02/2031;35.000,00;53,86;Lleida
V505590;Vida Riesgo;H;03/04/1982;04/10/2018;04/10/2038;78.000,00;91,51;Madrid
V502545;Vida Hipoteca;M;20/10/1974;10/02/2023;10/02/2053;195.000,00;624,20;Ávila
V505857;Vida Riesgo;M;17/05/1977;19/02/2020;19/02/2030;40.000,00;79,88;Bizkaia
V505109;Vida Hipoteca;H;23/11/1972;14/04/2021;14/04/2051;113.000,00;364,17;Las Palmas
V501004;Vida Hipoteca;M;26/07/1975;14/04/2020;14/04/2050;252.000,00;594,54;Granada
V505515;Vida Hipoteca;M;07/12/1982;27/06/2020;27/06/2045;183.000,00;234,78;Madrid
V504449;Vida Riesgo;H;09/07/1973;13/10/2019;13/10/2034;59.000,00;158,68;Ciudad Real
V501008;Vida Hipoteca;H;13/08/1982;14/09/2016;14/09/2041;197.000,00;188,26;Madrid
V505122;Vida Riesgo;M;10/05/1960;03/04/2021;03/04/2041;39.000,00;363,94;Valencia
V501465;Vida Hipoteca;M;05/10/1986;04/12/2018;04/12/2043;488.000,00;395,99;Alicante
V506120;Vida Hipoteca;H;15/07/1975;07/08/2018;07/08/2038;131.000,00;268,45;Tarragona
V507646;Vida Hipoteca;M;13/03/1975;14/01/2019;14/01/2039;65.000,00;142,29;Murcia
V501722;Vida Hipoteca;M;25/06/1977;27/04/2023;27/04/2053;120.000,00;311,29;Santa Cruz de Tenerife
V500695;Vida Riesgo;H;05/05/1977;05/08/2024;05/08/2034;51.000,00;149,22;Alicante
V501392;Vida Hipoteca;H;30/04/1973;19/03/2022;19/03/2047;133.000,00;447,05;Cáceres
V502235;Vida Riesgo;M;26/01/2001;06/11/2021;06/11/2041;85.000,00;26,20;Lugo
V505366;Vida Hipoteca;M;30/10/1977;25/03/2017;25/03/2032;127.000,00;190,62;Madrid
V504534;Vida Riesgo;M;04/09/1975;05/12/2023;05/12/2043;130.000,00;414,03;Soria
V501647;Vida Riesgo;H;05/06/1966;27/06/2020;27/06/2030;72.000,00;375,73;Cuenca
V506496;Vida Riesgo;M;11/07/1973;09/04/2022;09/04/2042;103.000,00;342,12;Valencia
V503254;Vida Hipoteca;M;03/12/1978;11/06/2023;11/06/2053;89.000,00;206,42;Málaga
V502215;Vida Hipoteca;M;16/02/1963;03/05/2020;03/05/2050;266.000,00;1.814,36;Valencia
V507065;Vida Riesgo;H;25/12/1994;20/03/2023;20/03/2043;110.000,00;63,91;Guadalajara
V503249;Vida Riesgo;H;13/02/1981;04/01/2021;04/01/2041;213.000,00;333,31;Burgos
V500669;Vida Riesgo;M;15/10/1972;22/04/2022;22/04/2042;166.000,00;588,73;Valencia
V505629;Vida Riesgo;H;12/11/1980;07/08/2017;07/08/2032;47.000,00;56,24;Zamora
V501511;Vida Hipoteca;h;16/12/1968;02/11/2021;02/11/2046;281.000,00;1.326,23;Melilla
V500079;Vida Hipoteca;H;19/02/1982;18/01/2015;18/01/2030;102.000,00;88,20;Huelva
V501706;Vida Riesgo;H;23/08/1973;03/05/2015;03/05/2025;166.000,00;302,77;Madrid
V504362;Vida Hipoteca;M;25/11/1982;26/05/2018;26/05/2048;141.000,00;151,92;Sevilla
V505766;Vida Hipoteca;H;24/03/1984;21/07/2022;21/07/2042;190.000,00;260,27;La Rioja
V506993;Vida Riesgo;M;05/07/1955;09/10/2016;09/10/2036;131.000,00;1.261,02;Badajoz
V502693;Vida Riesgo;H;01/11/1967;27/11/2016;27/11/2036;105.000,00;358,58;Madrid
V504050;Vida Hipoteca;H;11/01/1973;27/08/2021;27/08/2046;147.000,00;483,29;Zaragoza
V506431;Vida Hipoteca;H;28/01/1964;03/02/2022;03/02/2037;349.000,00;2.549,64;Cantabria
V505062;Vida Riesgo;M;05/10/1971;29/01/2019;29/01/2029;46.000,00;135,34;Las Palmas
V502551;Vida Hipoteca;H;24/02/1972;25/06/2021;25/06/2041;107.000,00;373,59;Asturias
V500129;Vida Riesgo;H;11/11/1985;09/02/2020;09/02/2035;29.000,00;28,09;Salamanca
V502824;Vida Hipoteca;Mujer;03/02/1979;29/01/2017;29/01/2037;316.000,00;420,60;Barcelona
V506996;Vida Hipoteca;M;24/12/1971;25/03/2022;25/03/2052;280.000,00;1.056,94;Huelva
V503269;Vida Riesgo;H;27/06/1979;10/04/2017;10/04/2027;26.000,00;34,02;Ávila
V504619;Vida Hipoteca;M;12/07/1966;02/07/2018;02/07/2043;57.000,00;249,11;Bizkaia
V503082;Vida Hipoteca;M;02/06/1975;24/07/2019;24/07/2044;233.000,00;523,33;Melilla
V506532;Vida Riesgo;H;05/02/1968;10/02/2019;10/02/2029;119.000,00;479,38;Barcelona
V503667;Vida Riesgo;H;30/06/1989;17/12/2018;17/12/2038;250.000,00;161,27;Valencia
V505018;Vida Riesgo;M;24/04/1975;07/02/2017;07/02/2027;86.000,00;158,19;Murcia
V500834;Vida Hipoteca;M;03/08/1977;29/01/2022;29/01/2047;287.000,00;663,97;Burgos
V505516;Vida Hipoteca;M;22/07/1986;30/08/2015;30/08/2040;86.000,00;53,81;Valencia
V506632;Vida Hipoteca;M;28/02/1968;06/11/2019;06/11/2039;295.000,00;1.258,25;Almería
V502165;Vida Riesgo;M;26/06/1982;24/10/2017;24/10/2032;107.000,00;113,62;Madrid
V501885;Vida Hipoteca;H;05/11/1985;30/07/2019;30/07/2039;124.000,00;114,95;Sevilla
V503386;Vida Riesgo;M;12/05/1975;02/05/2019;02/05/2039;16.000,00;35,42;Santa Cruz de Tenerife
V501394;Vida Hipoteca;H;13/08/1982;28/10/2023;28/10/2048;114.000,00;199,52;Barcelona
V506416;Vida Hipoteca;H;16/06/1977;08/05/2015;08/05/2035;123.000,00;162,39;Valencia
V502089;Vida Hipoteca;H;14/07/2001;25/09/2019;25/09/2049;128.000,00;31,69;Valencia
V501204;Vida Riesgo;M;03/10/1983;04/10/2024;04/10/2044;53.000,00;91,17;Valencia
V503220;Vida Hipoteca;M;13/03/1988;13/02/2023;13/02/2048;83.000,00;85,14;Almería
V501074;Vida Riesgo;H;14/07/1989;25/07/2018;25/07/2038;70.000,00;43,51;Valencia
V507137;Vida Hipoteca;H;16/10/1982;05/03/2023;05/03/2043;128.000,00;208,87;Valencia
V503259;Vida Riesgo;H;16/02/1969;27/03/2018;27/03/2038;78.000,00;267,12;Barcelona
V507136;Vida Hipoteca;H;04/01/1993;08/11/2024;08/11/2044;123.000,00;97,12;Huelva
V501139;Vida Riesgo;M;04/02/1969;30/03/2019;30/03/2034;60.000,00;224,50;Málaga
V505914;Vida Riesgo;M;10/08/1984;04/04/2021;04/04/2031;46.000,00;54,64;Sevilla
V506031;Vida Hipoteca;H;29/12/1975;22/09/2017;22/09/2042;164.000,00;300,13;Madrid
V507896;Vida Hipoteca;M;16/12/1985;14/03/2019;14/03/2049;118.000,00;104,92;Valencia
V500975;Vida Hipoteca;H;10/01/1977;29/09/2015;29/09/2030;179.000,00;253,49;Santa Cruz de Tenerife
V506413;Vida Hipoteca;H;12/11/1989;18/12/2021;18/12/2046;176.000,00;142,02;Murcia
V503609;Vida Hipoteca;H;10/11/1978;02/06/2015;02/06/2030;180.000,00;212,18;Bizkaia
V502961;Vida Hipoteca;H;30/05/1975;27/02/2017;27/02/2047;214.000,00;392,19;Madrid
V505416;Vida Riesgo;H;02/10/1981;01/05/2018;01/05/2038;42.000,00;49,59;Cáceres
V502238;Vida Riesgo;M;10/12/1965;08/04/2019;08/04/2029;58.000,00;284,31;Araba/Álava
V502052;Vida Riesgo;M;04/02/1987;09/12/2023;09/12/2038;129.000,00;155,80;Barcelona
V504591;Vida Riesgo;H;05/10/1974;25/09/2022;25/09/2032;95.000,00;295,49;Ciudad Real
V507844;Vida Hipoteca;M;03/03/1978;23/02/2017;23/02/2047;371.000,00;537,22;Tarragona
V505206;Vida Riesgo;M;09/02/1996;22/09/2020;22/09/2040;163.000,00;69,65;Barcelona
V507641;Vida Hipoteca;H;03/08/1975;11/03/2018;11/03/2033;163.000,00;321,20;Zaragoza
V504092;Vida Hipoteca;H;31/05/1981;08/03/2023;08/03/2043;120.000,00;220,27;Toledo
V502880;Vida Riesgo;M;17/10/1981;01/06/2015;01/06/2035;123.000,00;112,97;Cádiz
V500621;Vida Hipoteca;M ;11/08/1986;05/01/2023;05/01/2048;204.000,00;237,32;Barcelona
V504586;Vida Hipoteca;M;18/11/1967;27/08/2018;27/08/2048;120.000,00;473,63;Valencia
V500401;Vida Hipoteca;H;14/02/1980;11/07/2022;11/07/2042;222.000,00;430,11;Ciudad Real
V506671;Vida Hipoteca;M;14/10/1976;23/09/2021;23/09/2051;137.000,00;329,31;Illes Balears
V500866;Vida Hipoteca;M;25/10/1972;05/11/2018;05/11/2048;73.000,00;192,50;Gipuzkoa
V506705;Vida Hipoteca;M;23/06/1984;15/12/2017;15/12/2047;-168.000,00;152,44;Bizkaia
V507247;Vida Hipoteca;H;07/04/1970;28/03/2010;28/03/2020;347.000,00;216,76;Burgos
V500065;Vida Riesgo;H;24/12/1976;06/05/2024;06/05/2039;77.000,00;227,44;Murcia
V503685;Vida Hipoteca;H;17/04/1978;11/10/2018;11/10/2043;299.000,00;492,11;Madrid
V504485;Vida Riesgo;M;17/05/1985;22/10/2019;22/10/2029;138.000,00;135,76;Huelva
V507871;Vida Hipoteca;M;23/02/1975;29/07/2020;29/07/2045;298.000,00;746,62;Barcelona
V502575;Vida Hipoteca;M;09/06/1988;23/12/2024;23/12/2039;124.000,00;145,96;Las Palmas
V507713;Vida Hipoteca;M;10/10/1984;14/08/2021;14/08/2041;128.000,00;154,61;Tarragona
V506900;Vida Hipoteca;M;29/10/1984;10/06/2021;10/06/2051;70.000,00;82,90;Murcia
V502420;Vida Hipoteca;Hombre;05/06/1983;25/06/2020;25/06/2035;255.000,00;313,63;Albacete
V502261;Vida Hipoteca;H;16/10/1974;28/05/2016;28/05/2041;196.000,00;355,17;Valencia
V501462;Vida Riesgo;M;11/08/1971;04/10/2023;04/10/2038;66.000,00;292,75;Ceuta
V507653;Vida Hipoteca;M;21/10/1972;;12/09/2052;249.000,00;911,70;Barcelona
V501430;Vida Hipoteca;H;20/08/1974;22/05/2019;22/05/2034;214.000,00;506,29;Alicante
V501297;Vida Hipoteca;M;10/05/1992;25/01/2018;25/01/2048;158.000,00;74,07;Tarragona
V505209;Vida Hipoteca;H;27/12/1976;22/01/2015;22/01/2030;121.000,00;162,20;Granada
V505863;Vida Riesgo;H;03/12/1984;30/05/2021;30/05/2036;54.000,00;63,27;Málaga
V507288;Vida Hipoteca;M;03/04/1970;15/03/2024;15/03/2044;164.000,00;847,83;Huelva
V502616;Vida Riesgo;H;09/05/1995;09/09/2023;09/09/2043;89.000,00;52,16;Madrid
V507997;Vida Hipoteca;M;05/11/1971;08/08/2021;08/08/2041;201.000,00;727,67;Gipuzkoa
V506118;Vida Hipoteca;M;10/06/1971;03/05/2023;03/05/2048;102.000,00;442,86;Barcelona
V507865;Vida Hipoteca;H;30/06/1975;20/08/2022;20/08/2052;181.000,00;524,47;La Rioja
V502268;Vida Riesgo;M;15/12/1978;30/10/2016;30/10/2026;99.000,00;130,54;Huelva
V504908;Vida Hipoteca;M;17/09/1986;22/08/2020;22/08/2040;132.000,00;124,45;Ceuta
V505938;Vida Hipoteca;H;01/11/1981;20/04/2015;20/04/2045;437.000,00;396,07;Gipuzkoa
V506012;Vida Riesgo;M;;15/10/2018;15/10/2028;42.000,00;189,08;Tarragona
V505831;Vida Hipoteca;H;18/12/1977;17/06/2017;17/06/2042;181.000,00;273,92;La Rioja
V506879;Vida Riesgo;M;13/04/1992;19/07/2023;19/07/2043;145.000,00;108,99;Valencia
V502348;Vida Riesgo;H;18/02/1982;30/10/2024;30/10/2044;105.000,00;208,56;Barcelona
V506310;Vida Hipoteca;H;26/02/1991;19/01/2023;19/01/2048;153.000,00;121,35;Melilla
V501514;Vida Riesgo;H;07/05/1969;02/10/2023;02/10/2043;41.000,00;220,29;Barcelona
V505270;Vida Hipoteca;H;01/04/1983;30/05/2017;30/05/2037;79.000,00;75,97;Madrid
V504917;Vida Hipoteca;M;12/04/1982;25/07/2021;25/07/2041;214.000,00;318,08;Bizkaia
V506232;Vida Riesgo;M;12/11/1982;13/06/2024;13/06/2039;37.000,00;66,87;Bizkaia
V501796;Vida Riesgo;M;22/08/1964;20/05/2020;20/05/2040;45.000,00;270,90;Palencia
V507460;Vida Hipoteca;H;02/11/1961;25/08/2015;25/08/2035;195.000,00;996,19;Bizkaia
V504431;Vida Riesgo;M;12/07/1984;12/04/2015;12/04/2035;54.000,00;38,85;Barcelona
V500446;Vida Riesgo;H;14/04/1977;26/06/2020;26/06/2040;112.000,00;232,18;Illes Balears
V505442;Vida Hipoteca;Mujer;17/12/1989;29/04/2023;29/04/2043;200.000,00;179,70;A Coruña
V500565;Vida Hipoteca;Mujer;01/06/1982;30/01/2023;30/01/2053;143.000,00;238,98;Barcelona
V505680;Vida Riesgo;H;09/07/1984;04/06/2024;04/06/2039;126.000,00;197,39;Granada
V506932;Vida Riesgo;H;15/10/1998;05/04/2024;05/04/2034;49.000,00;22,51;Soria
V503200;Vida Riesgo;H;23/03/1977;06/05/2017;06/05/2027;58.000,00;92,56;Málaga
V503522;Vida Riesgo;m;08/10/1977;24/08/2017;24/08/2037;94.000,00;146,92;Huelva
V505932;Vida Hipoteca;M;16/10/1957;08/12/2016;08/12/2046;193.000,00;1.551,90;Barcelona
V502845;Vida Riesgo;M;30/10/1985;23/05/2019;23/05/2034;70.000,00;63,95;Málaga
V507164;Vida Riesgo;M;04/01/1974;31/07/2017;31/07/2027;102.000,00;218,20;Madrid
V504984;Vida Hipoteca;H;25/01/1993;30/03/2021;30/03/2046;143.000,00;82,66;Cantabria
V503428;Vida Hipoteca;M;16/12/1984;24/12/2020;24/12/2050;65.000,00;73,20;Melilla
V503451;Vida Hipoteca;M;21/11/1968;21/07/2016;21/07/2046;95.000,00;287,84;Cuenca
V502183;Vida Hipoteca;M;02/09/1965;17/05/2015;17/05/2045;81.000,00;291,86;Madrid
V501705;Vida Hipoteca;M;08/08/1988;17/05/2023;17/05/2053;234.000,00;236,96;Córdoba
V500142;Vida Riesgo;M;05/08/1965;26/06/2024;26/06/2039;70.000,00;550,72;Murcia
V501275;Vida Riesgo;H;07/01/2000;03/09/2022;03/09/2042;40.000,00;14,46;Araba/Álava
V502466;Vida Riesgo;M;15/01/1986;04/04/2020;04/04/2035;87.000,00;84,05;Asturias
V500830;Vida Riesgo;M;13/11/1982;01/03/2024;01/03/2039;153.000,00;269,82;Córdoba
V501733;Vida Hipoteca;H;01/07/1980;25/04/2023;25/04/2038;281.000,00;563,72;Salamanca
V500480;Vida Hipoteca;H;25/02/1985;06/09/2024;06/09/2039;273.000,00;414,24;Murcia
V501807;Vida Riesgo;H;13/09/1976;29/09/2018;29/09/2033;41.000,00;77,04;Sevilla
V500889;Vida Hipoteca;M;02/09/1984;16/08/2016;16/08/2031;127.000,00;101,21;A Coruña
V505296;Vida Hipoteca;M;28/10/1983;10/04/2021;10/04/2046;54.000,00;68,67;Cádiz
V502148;Vida Riesgo;M ;17/06/1985;12/09/2024;12/09/2039;65.000,00;96,24;Cádiz
V503266;Vida Hipoteca;H;03/10/1964;12/12/2016;12/12/2046;136.000,00;605,48;Madrid
V502248;Vida Riesgo;M;23/11/1980;15/10/2021;15/10/2031;176.000,00;299,87;Barcelona
V507408;Vida Riesgo;M;26/07/1972;27/06/2021;27/06/2041;113.000,00;380,98;Madrid
V502451;Vida Riesgo;M;30/03/1983;04/04/2022;04/04/2042;120.000,00;174,32;Alicante
V502262;Vida Riesgo;H;16/09/1977;10/09/2018;10/09/2028;59.000,00;101,31;Murcia
V504601;Vida Hipoteca;M;18/07/1981;07/09/2018;07/09/2043;157.000,00;194,46;Valencia
V506017;Vida Hipoteca;H;25/05/1982;17/03/2022;17/03/2047;229.000,00;355,95;Valladolid
V502152;Vida Hipoteca;M;25/06/1965;28/05/2015;28/05/2045;102.000,00;374,47;Murcia
V507411;Vida Hipoteca;M;03/05/1974;09/07/2017;09/07/2047;101.000,00;209,12;Barcelona
V507185;Vida Hipoteca;H;29/09/1977;10/04/2020;10/04/2045;245.000,00;479,79;Murcia
V501119;Vida Hipoteca;M;05/07/1955;25/03/2021;25/03/2046;85.000,00;1.195,13;Palencia
V504656;Vida Riesgo;Mujer;19/06/1975;16/11/2021;16/11/2041;129.000,00;351,35;Lugo
V503257;Vida Hipoteca;H;10/10/1945;10/04/2015;10/04/2045;260.000,00;5.039,89;Castellón
V504193;Vida Riesgo;M;18/10/1985;18/10/2022;18/10/2037;48.000,00;58,75;Granada
V502806;Vida Riesgo;H;04/01/1979;05/09/2019;05/09/2039;32.000,00;53,49;Las Palmas
V500014;Vida Riesgo;H;23/04/1993;07/12/2018;07/12/2033;24.000,00;11,17;Bizkaia
V502303;Vida Riesgo;H;04/06/1958;07/09/2016;07/09/2031;45.000,00;335,60;Alicante
V505315;Vida Riesgo;M;19/02/1983;21/08/2022;21/08/2042;25.000,00;37,85;Barcelona
V506209;Vida Hipoteca;M ;12/09/1986;28/03/2024;28/03/2049;140.000,00;179,42;Palencia
V506449;Vida Riesgo;H;27/12/1972;27/10/2024;27/10/2039;38.000,00;164,10;Ourense
V507146;Vida Riesgo;H;19/10/1968;03/07/2021;03/07/2041;85.000,00;395,25;Madrid
V505999;Vida Hipoteca;M;13/06/1983;11/08/2015;11/08/2035;451.000,00;365,90;Sevilla
V502263;Vida Riesgo;H;22/01/1978;09/05/2018;09/05/2038;201.000,00;325,49;Málaga
V503518;Vida Hipoteca;M;30/08/1982;21/09/2024;21/09/2039;179.000,00;336,88;Huelva
V506175;Vida Riesgo;M;20/08/1978;13/11/2017;13/11/2027;59.000,00;87,31;Alicante
V501073;Vida Riesgo;H;07/12/1983;15/03/2023;15/03/2043;94.000,00;139,52;Jaén
V506723;Vida Hipoteca;M;03/06/1979;26/11/2024;26/11/2054;154.000,00;387,69;Cáceres
V507673;Vida Hipoteca;M;30/01/1974;12/08/2016;12/08/2031;98.000,00;191,95;Cáceres
V500484;Vida Hipoteca;M;02/12/1977;28/03/2022;28/03/2037;184.000,00;419,44;Las Palmas
V502879;Vida Riesgo;H;30/04/1986;20/11/2017;20/11/2037;61.000,00;47,02;Albacete
V505782;Vida Riesgo;M;26/06/1974;25/12/2023;25/12/2033;47.000,00;166,43;Barcelona
V500763;Vida Riesgo;M;03/02/1982;02/06/2023;02/06/2043;26.000,00;45,96;Bizkaia
V501371;Vida Hipoteca;M;27/06/1997;08/09/2015;08/09/2030;129.000,00;31,94;Las Palmas
V502299;Vida Riesgo;H;25/02/1987;28/06/2019;28/06/2029;108.000,00;88,92;Sevilla
V503481;Vida Riesgo;M;23/01/1965;16/11/2020;16/11/2035;64.000,00;387,70;Castellón
V506986;Vida Hipoteca;M;27/10/1960;29/05/2022;29/05/2042;253.000,00;2.503,16;Valencia
V506270;Vida Riesgo;H;23/04/1980;27/07/2023;27/07/2038;45.000,00;93,75;Valencia
V502006;Vida Hipoteca;h;28/02/1990;10/12/2018;10/12/2033;112.000,00;68,16;Madrid
V503155;Vida Riesgo;M;29/04/1970;02/05/2018;02/05/2033;36.000,00;112,31;Santa Cruz de Tenerife
V501513;Vida Hipoteca;m;15/02/1984;21/10/2022;21/10/2047;249.000,00;351,57;Cádiz
V504128;Vida Riesgo;H;03/03/1976;07/06/2021;07/06/2036;33.000,00;81,52;Cáceres
V502151;Vida Hipoteca;M;14/02/1965;03/08/2019;03/08/2044;203.000,00;1.096,21;Madrid
V503367;Vida Riesgo;M;13/09/1978;28/03/2017;28/03/2032;31.000,00;43,24;La Rioja
V506614;Vida Riesgo;H;24/06/1984;31/03/2015;31/03/2035;56.000,00;40,35;Madrid
V500376;Vida Riesgo;H;01/02/1963;26/05/2019;26/05/2029;39.000,00;246,46;La Rioja
V507497;Vida Riesgo;H;23/03/1957;16/04/2021;16/04/2031;36.000,00;439,74;Granada
V502470;Vida Hipoteca;H;12/04/1961;05/08/2018;05/08/2033;82.000,00;564,24;Burgos
V501761;Vida Riesgo;Hombre;12/04/1982;05/04/2019;05/04/2034;48.000,00;58,65;Madrid
V501065;Vida Hipoteca;M;11/02/1979;28/12/2019;28/12/2039;234.000,00;398,16;Jaén
V502222;Vida Hipoteca;M;22/10/1978;25/12/2018;25/12/2033;141.000,00;226,04;Jaén
V503507;Vida Hipoteca;H;16/06/1967;24/10/2015;24/10/2030;101.000,00;324,56;Teruel
V500668;Vida Hipoteca;H;08/02/1971;29/01/2011;29/01/2021;94.000,00;200,35;Huelva
V504365;Vida Riesgo;M;26/11/1968;15/11/2016;15/11/2036;160.000,00;497,60;Granada
V500133;Vida Riesgo;M;05/03/1982;24/06/2021;24/06/2041;82.000,00;122,08;Salamanca
V506287;Vida Hipoteca;H;03/07/1961;19/01/2022;19/01/2042;286.000,00;2.590,63;Málaga
V503715;Vida Hipoteca;H;14/08/1996;25/08/2015;25/08/2040;150.000,00;39,85;Madrid
V506702;Vida Hipoteca;M;13/07/1975;11/09/2015;11/09/2045;98.000,00;156,97;La Rioja
V502959;Vida Riesgo;M;09/05/1986;29/09/2016;29/09/2031;81.000,00;56,54;Barcelona
V504752;Vida Riesgo;M;09/10/1964;04/09/2021;04/09/2036;133.000,00;883,75;Málaga
V504805;Vida Hipoteca;H;13/11/1966;16/06/2021;16/06/2046;258.000,00;1.408,44;A Coruña
V507566;Vida Riesgo;H;15/10/1982;01/10/2023;01/10/2038;62.000,00;106,25;Navarra
V506381;Vida Hipoteca;H;19/01/1990;23/03/2021;23/03/2041;221.000,00;164,84;Segovia
V502985;Vida Riesgo;M;12/05/1990;22/10/2021;22/10/2031;69.000,00;52,67;Tarragona
V505274;Vida Hipoteca;H;01/01/1900;13/04/2015;13/04/2040;157.000,00;401,43;Barcelona
V500955;Vida Riesgo;H;07/03/1985;26/08/2019;26/08/2034;101.000,00;99,68;Barcelona
V502497;Vida Riesgo;M;14/08/1962;12/03/2020;12/03/2035;43.000,00;302,55;Granada
V504229;Vida Riesgo;M;08/03/1981;15/01/2023;15/01/2038;77.000,00;142,40;Madrid
V506030;Vida Hipoteca;M;17/09/1977;21/05/2023;21/05/2038;208.000,00;532,10;Barcelona
V503687;Vida Riesgo;h;11/08/1974;22/01/2021;22/01/2031;34.000,00;92,92;Burgos
V504266;Vida Hipoteca;H;12/08/1966;28/04/2022;28/04/2042;216.000,00;1.296,74;Madrid
V502888;Vida Riesgo;H;03/12/1975;20/12/2021;20/12/2031;109.000,00;287,84;Jaén
V504911;Vida Hipoteca;h;08/06/1966;26/05/2019;26/05/2034;123.000,00;584,77;Madrid
V502358;Vida Riesgo;M;23/05/1971;23/07/2024;23/07/2044;34.000,00;164,48;Illes Balears
V507805;Vida Riesgo;M;05/12/1982;09/07/2016;09/07/2031;91.000,00;83,39;Madrid
V505356;Vida Riesgo;H;03/05/1972;02/02/2016;02/02/2026;68.000,00;147,74;Sevilla
V506346;Vida Riesgo;H;01/06/1989;07/01/2020;07/01/2030;47.000,00;33,39;Tarragona
V503642;Vida Riesgo;H;06/08/1966;04/07/2017;04/07/2027;49.000,00;195,66;Lugo
V506435;Vida Hipoteca;H;27/07/1963;22/07/2022;22/07/2037;205.000,00;1.626,16;Cádiz
V502619;Vida Hipoteca;H;30/08/1987;15/09/2021;15/09/2036;238.000,00;226,60;Pontevedra
V507198;Vida Riesgo;M;24/10/1984;23/03/2015;23/03/2035;40.000,00;27,96;Melilla
V502481;Vida Hipoteca;H;19/10/1972;13/10/2024;13/10/2039;202.000,00;883,46;Valencia
V507562;Vida Hipoteca;H;10/04/1985;10/11/2021;10/11/2036;234.000,00;276,49;Las Palmas
V500722;Vida Hipoteca;H;10/12/1962;02/03/2017;02/03/2047;209.000,00;1.106,05;Jaén
V505735;Vida Hipoteca;H;29/06/1978;14/04/2016;14/04/2031;120.000,00;157,13;Navarra
V507029;Vida Hipoteca;M;31/07/1979;12/03/2022;12/03/2037;182.000,00;359,04;Illes Balears
V500029;Vida Riesgo;M;11/09/1979;19/10/2017;19/10/2037;33.000,00;44,37;A Coruña
V507316;Vida Hipoteca;H;01/05/1972;23/11/2022;23/11/2042;264.000,00;1.023,45;Alicante
V506219;Vida Hipoteca;M;15/06/1971;16/12/2019;16/12/2049;185.000,00;602,05;Bizkaia
V504214;Vida Hipoteca;M;28/10/1970;24/12/2023;24/12/2038;133.000,00;642,61;Huelva
V505499;Vida Riesgo;M;14/12/1988;11/12/2020;11/12/2035;28.000,00;22,39;Castellón
V505426;Vida Hipoteca;Mujer;10/07/1989;29/08/2017;29/08/2042;72.000,00;41,48;Barcelona
V500232;Vida Hipoteca;M;17/09/1965;15/02/2017;15/02/2047;117.000,00;487,62;Illes Balears
V505445;Vida Riesgo;M;07/04/1979;09/09/2021;09/09/2031;45.000,00;87,34;Lugo
V507752;Vida Hipoteca;H;31/01/1971;24/12/2016;24/12/2036;157.000,00;409,33;Madrid
V503815;Vida Hipoteca;M;16/07/1970;30/01/2017;30/01/2047;108.000,00;297,51;Cádiz
V501748;Vida Riesgo;M;23/04/1960;25/10/2020;25/10/2040;85.000,00;767,28;Palencia
V504265;Vida Riesgo;M;25/05/1985;29/01/2024;29/01/2034;22.000,00;31,06;Madrid
V501645;Vida Riesgo;H;23/08/1976;18/10/2024;18/10/2044;206.000,00;650,70;Cáceres
V501886;Vida Riesgo;H;07/07/1955;10/11/2016;10/11/2036;62.000,00;601,09;Bizkaia
V501853;Vida Hipoteca;M;28/08/1953;09/02/2017;09/02/2032;150.000,00;1.739,29;Ourense
V502531;Vida Riesgo;H;23/05/1990;06/04/2023;06/04/2038;118.000,00;101,67;Alicante
V502678;Vida Hipoteca;M;01/11/1964;15/05/2023;15/05/2053;83.000,00;633,49;Valencia
V500086;Vida Riesgo;M;05/04/1975;28/01/2021;28/01/2036;32.000,00;82,88;A Coruña
V502795;Vida Riesgo;H;23/12/1984;13/10/2020;13/10/2040;67.000,00;74,08;Las Palmas
V502059;Vida Hipoteca;H;17/10/1980;09/09/2016;09/09/2036;137.000,00;152,65;Murcia
V505384;Vida Riesgo;M;25/06/1962;08/08/2017;08/08/2037;162.000,00;925,26;Burgos
V505575;Vida Hipoteca;M;21/08/1973;28/02/2017;28/02/2042;200.000,00;426,20;Segovia
V504953;Vida Riesgo;H;28/02/1970;11/12/2019;11/12/2029;54.000,00;195,89;Girona
V502648;Vida Hipoteca;M;07/09/1995;12/08/2024;12/08/2044;166.000,00;102,33;Huelva
V504513;Vida Hipoteca;M;09/06/1963;01/09/2015;01/09/2030;110.000,00;491,29;Zaragoza
V507679;Vida Hipoteca;H;21/12/1983;17/10/2016;17/10/2031;90.000,00;77,25;Barcelona
V505635;Vida Riesgo;H;01/06/1996;31/10/2024;31/10/2039;67.000,00;39,53;Huelva
V501059;Vida Hipoteca;H;03/06/1969;28/05/2024;28/05/2039;136.000,00;767,69;Tarragona
V501248;Vida Riesgo;M;11/11/1986;28/09/2021;28/09/2031;72.000,00;73,59;Palencia
V501882;Vida Hipoteca;M;06/03/1973;01/01/2016;01/01/2046;307.000,00;616,40;Bizkaia
V506733;Vida Riesgo;H;10/08/1976;11/07/2018;11/07/2038;24.000,00;44,61;Illes Balears
V500499;Vida Hipoteca;H;30/07/1985;01/10/2017;01/10/2047;295.000,00;239,54;Madrid
V504327;Vida Riesgo;M;28/06/1986;22/02/2023;22/02/2043;32.000,00;38,03;Barcelona
V503331;Vida Riesgo;M;26/08/1982;29/06/2020;29/06/2040;27.000,00;35,50;Bizkaia
V502091;Vida Hipoteca;M;27/12/1970;04/02/2022;04/02/2047;128.000,00;519,71;A Coruña
V500825;Vida Hipoteca;Hombre;02/09/1969;04/09/2018;04/09/2043;173.000,00;587,49;Pontevedra
V502314;Vida Riesgo;M;21/10/1973;19/04/2021;19/04/2036;44.000,00;131,38;Barcelona
V505095;Vida Hipoteca;H;30/11/1972;03/01/2018;03/01/2043;198.000,00;482,12;Madrid
V505130;Vida Hipoteca;Mujer;04/07/1982;28/06/2022;28/06/2042;207.000,00;326,52;Alicante
V500592;Vida Hipoteca;M;12/10/1975;23/04/2018;23/04/2038;200.000,00;391,71;Sevilla
V506673;Vida Riesgo;H;09/04/1967;15/10/2020;15/10/2040;28.000,00;139,54;Madrid
V502866;Vida Riesgo;H;09/10/2006;20/12/2024;20/12/2044;63.000,00;15,60;Ceuta
V503498;Vida Hipoteca;H;22/01/1988;15/02/2023;15/02/2053;163.000,00;169,26;Albacete
V507668;Vida Riesgo;M;06/11/1963;12/09/2018;12/09/2038;16.000,00;89,29;Madrid
V500795;Vida Riesgo;M;06/04/1969;07/03/2016;07/03/2026;84.000,00;238,90;Pontevedra
V500303;Vida Hipoteca;H;29/07/1970;19/07/2010;19/07/2020;199.000,00;71,72;Zamora
V506304;Vida Hipoteca;H;28/05/1975;17/09/2017;17/09/2047;230.000,00;442,05;Asturias
V502552;Vida Hipoteca;H;27/09/1975;12/03/2017;12/03/2047;312.000,00;557,77;Córdoba
V503938;Vida Hipoteca;M;22/11/1994;21/03/2023;21/03/2038;229.000,00;134,10;Madrid
V503301;Vida Hipoteca;M;24/03/1986;02/08/2024;02/08/2044;280.000,00;384,66;Alicante
V503210;Vida Riesgo;H;27/07/1963;21/06/2020;21/06/2035;43.000,00;285,73;Barcelona
V500213;Vida Hipoteca;H;08/09/1970;29/08/2019;29/08/2034;156.000,00;528,21;Bizkaia
V503822;Vida Hipoteca;H;31/05/1978;13/01/2024;13/01/2044;174.000,00;443,12;Murcia
V503532;Vida Hipoteca;H;12/03/1957;07/01/2021;07/01/2046;303.000,00;3.626,49;Valencia
V503567;Vida Hipoteca;M;11/12/1983;08/10/2022;08/10/2047;75.000,00;107,21;Pontevedra
V507105;Vida Riesgo;M;28/05/1994;28/09/2023;28/09/2038;173.000,00;110,39;Madrid
V500623;Vida Hipoteca;M;31/10/1977;17/01/2019;17/01/2044;118.000,00;206,61;Madrid
V504517;Vida Riesgo;M;04/06/1971;07/04/2019;07/04/2034;46.000,00;141,49;Madrid
V506086;Vida Riesgo;M;29/10/1972;26/01/2021;26/01/2036;20.000,00;63,66;Asturias
V505431;Vida Hipoteca;M;20/11/1981;14/12/2016;14/12/2041;137.000,00;142,25;Barcelona
V504227;Vida Hipoteca;M;03/05/1975;27/04/2021;27/04/2036;256.000,00;672,53;Cádiz
V504226;Vida Riesgo;M;20/11/1977;10/02/2017;10/02/2027;170.000,00;251,41;A Coruña
V504182;Vida Hipoteca;M;22/06/1989;03/05/2023;03/05/2048;198.000,00;185,61;Barcelona
V506091;Vida Hipoteca;H;24/12/1966;12/04/2018;12/04/2043;126.000,00;519,95;Valencia
V502233;Vida Riesgo;M;30/01/1957;01/10/2024;01/10/2039;125.000,00;2.074,05;Huelva
V503131;Vida Hipoteca;H;24/05/1973;12/04/2022;12/04/2042;251.000,00;843,68;Madrid
V506147;Vida Riesgo;H;18/07/1992;21/08/2023;21/08/2038;55.000,00;40,73;Illes Balears
V504892;Vida Riesgo;H;05/11/1958;23/04/2015;23/04/2025;45.000,00;288,06;Cádiz
V500823;Vida Riesgo;M;08/01/1969;20/09/2015;20/09/2025;75.000,00;209,30;Las Palmas
V504622;Vida Riesgo;H;03/04/1975;19/06/2018;19/06/2033;36.000,00;74,71;Barcelona
V504871;Vida Riesgo;H;01/08/1975;24/04/2019;24/04/2034;156.000,00;338,32;Asturias
V504877;Vida Hipoteca;M;25/11/1983;30/03/2019;30/03/2034;118.000,00;125,45;Granada
V506121;Vida Riesgo;Mujer;30/09/1981;12/01/2020;12/01/2035;100.000,00;136,51;Ceuta
V505869;Vida Riesgo;M;25/04/1970;05/06/2023;05/06/2043;85.000,00;409,21;Illes Balears
V504091;Vida Riesgo;M;09/06/1980;06/10/2016;06/10/2036;88.000,00;101,71;Soria
V507370;Vida Hipoteca;H;21/02/2000;04/05/2018;04/05/2038;89.000,00;22,03;Murcia
V502677;Vida Hipoteca;H;03/01/1980;19/12/2022;19/12/2037;183.000,00;371,75;Valencia
V506215;Vida Hipoteca;H;02/12/1981;25/01/2019;25/01/2049;130.000,00;161,13;Las Palmas
V506124;Vida Hipoteca;M;10/09/1983;11/09/2023;11/09/2043;103.000,00;162,72;Málaga
V506102;Vida Hipoteca;H;27/09/1973;06/11/2016;06/11/2031;216.000,00;444,38;Cuenca
V500531;Vida Riesgo;M;29/03/1991;15/11/2019;15/11/2029;51.000,00;30,65;Teruel
V501936;Vida Riesgo;M;07/09/1991;18/11/2019;18/11/2034;32.000,00;18,53;Soria
V502852;Vida Hipoteca;H;21/06/1973;17/07/2017;17/07/2047;161.000,00;359,43;Burgos
V504717;Vida Hipoteca;M;15/11/1977;16/04/2017;16/04/2032;219.000,00;329,15;Teruel
V500865;Vida Hipoteca;H;18/01/1983;27/03/2017;27/03/2032;213.000,00;205,27;Cáceres
V500511;Vida Riesgo;M;23/10/1978;05/11/2016;05/11/2031;95.000,00;126,98;Madrid
V507748;Vida Hipoteca;M;11/05/1969;04/09/2019;04/09/2034;286.000,00;1.085,70;Santa Cruz de Tenerife
V502187;Vida Riesgo;H;18/05/1982;17/01/2020;17/01/2035;107.000,00;138,61;Las Palmas
V502720;Vida Riesgo;H;09/12/1979;04/11/2018;04/11/2033;34.000,00;48,92;Zaragoza
V505179;Vida Hipoteca;H;17/04/1989;26/05/2023;26/05/2038;194.000,00;185,66;Zaragoza
V505400;Vida Riesgo;M;06/08/1984;22/07/2019;22/07/2029;98.000,00;100,82;Guadalajara
V504920;Vida Hipoteca;M;30/04/1985;07/03/2019;07/03/2044;284.000,00;265,96;Córdoba
V502195;Vida Hipoteca;M;18/12/1979;21/07/2021;21/07/2046;90.000,00;162,72;Illes Balears
V507231;Vida Riesgo;H;09/11/1996;20/08/2022;20/08/2032;35.000,00;16,50;Barcelona
V506163;Vida Hipoteca;H;24/10/1985;06/02/2018;06/02/2048;309.000,00;253,36;Murcia
V503622;Vida Riesgo;H;11/01/1982;30/07/2024;30/07/2044;34.000,00;66,70;Pontevedra
V501997;Vida Hipoteca;H;15/09/1981;21/03/2018;21/03/2048;166.000,00;194,93;Córdoba
V507050;Vida Riesgo;H;15/04/1972;21/11/2021;21/11/2031;42.000,00;150,03;Málaga
V506590;Vida Riesgo;H;31/05/1961;04/02/2019;04/02/2034;27.000,00;191,68;Málaga
V506133;Vida Hipoteca;M;10/03/1976;28/01/2015;28/01/2045;299.000,00;429,53;Cantabria
V501365;Vida Hipoteca;H;14/09/1987;06/03/2024;06/03/2054;99.000,00;115,91;Sevilla
V504645;Vida Hipoteca;H;09/03/1963;28/05/2016;28/05/2031;109.000,00;529,60;Madrid
V506096;Vida Riesgo;H;22/02/1972;16/04/2024;16/04/2039;74.000,00;328,22;Barcelona
V506838;Vida Hipoteca;H;05/02/1974;11/05/2018;11/05/2038;144.000,00;326,70;Valencia
V507778;Vida Hipoteca;M;16/06/1967;14/02/2018;14/02/2038;100.000,00;391,04;Ourense
V506466;Vida Hipoteca;M;07/09/1981;13/12/2017;13/12/2037;128.000,00;147,19;Alicante
V502012;Vida Hipoteca;H;16/07/1973;03/03/2023;03/03/2053;116.000,00;415,31;Lleida
V503631;Vida Hipoteca;M;18/01/1974;13/06/2018;13/06/2048;73.000,00;167,58;Cádiz
V507849;Vida Hipoteca;H;02/11/1961;;25/12/2042;148.000,00;921,98;Araba/Álava
V503047;Vida Riesgo;H;21/03/1981;05/03/2020;05/03/2030;64.000,00;92,50;Madrid
V504180;Vida Riesgo;M;19/09/1971;10/08/2019;10/08/2039;122.000,00;376,84;Sevilla
V504425;Vida Riesgo;M;09/05/1975;27/10/2021;27/10/2036;64.000,00;175,20;Tarragona
V506661;Vida Hipoteca;M;17/01/1980;15/10/2020;15/10/2045;148.000,00;249,05;Valencia
V505271;Vida Hipoteca;M;09/06/1971;23/11/2023;23/11/2048;120.000,00;546,39;Barcelona
V501055;Vida Hipoteca;M;26/03/1982;09/03/2023;09/03/2048;189.000,00;323,70;Madrid
V501402;Vida Hipoteca;M;08/12/1974;01/09/2017;01/09/2042;149.000,00;296,86;Illes Balears
V505892;Vida Hipoteca;M;17/09/1980;02/05/2015;02/05/2035;50.000,00;49,99;Almería
V506027;Vida Riesgo;H;18/01/1975;25/09/2018;25/09/2033;80.000,00;172,84;Huelva
V507776;Vida Riesgo;M;08/02/1984;07/04/2016;07/04/2036;81.000,00;65,71;Madrid
V507987;Vida Hipoteca;M;05/03/1970;28/01/2018;28/01/2033;450.000,00;1.391,27;Valladolid
V504002;Vida Riesgo;Hombre;26/11/1990;08/03/2020;08/03/2035;96.000,00;60,96;Barcelona
V507689;Vida Hipoteca;M;12/03/1982;02/03/2015;02/03/2045;301.000,00;261,62;Cádiz
V500095;Vida Hipoteca;H;17/01/1971;05/08/2023;05/08/2048;118.000,00;541,44;Lleida
V500917;Vida Hipoteca;H;28/04/1997;09/07/2017;09/07/2037;104.000,00;30,51;Toledo
V502046;Vida Riesgo;M;28/01/1973;27/01/2015;27/01/2030;127.000,00;237,68;Badajoz
V504788;Vida Riesgo;H;16/11/1964;23/07/2022;23/07/2042;60.000,00;425,90;Ávila
V505019;Vida Hipoteca;H;16/11/1987;09/01/2024;09/01/2049;154.000,00;175,32;Barcelona
V501521;Vida Hipoteca;H;12/04/1995;19/03/2020;19/03/2050;80.000,00;35,12;Santa Cruz de Tenerife
V507742;Vida Hipoteca;H;28/07/1969;03/03/2020;03/03/2050;189.000,00;734,93;Madrid
V506814;Vida Hipoteca;H;23/11/1994;21/10/2018;21/10/2043;147.000,00;59,13;Valladolid
V507602;Vida Riesgo;H;27/11/1991;03/09/2019;03/09/2034;38.000,00;21,22;Barcelona
V506156;Vida Hipoteca;H;03/05/1978;21/03/2016;21/03/2031;154.000,00;203,17;Bizkaia
V503322;Vida Hipoteca;M;15/05/1982;06/09/2024;06/09/2049;164.000,00;315,35;Alicante
V506857;Vida Hipoteca;H;03/10/1971;07/03/2023;07/03/2053;149.000,00;621,49;Sevilla
V506016;Vida Riesgo;M;02/11/1966;05/07/2021;05/07/2031;32.000,00;175,90;Cantabria
V504012;Vida Hipoteca;H;05/07/1967;10/11/2015;10/11/2035;167.000,00;536,44;Huesca
V500325;Vida Hipoteca;H;16/04/1983;05/01/2018;05/01/2038;119.000,00;120,03;Las Palmas
V504228;Vida Hipoteca;H;03/12/1967;06/11/2017;06/11/2047;148.000,00;543,51;Madrid
V506943;Vida Hipoteca;H;23/10/1987;05/02/2016;05/02/2046;272.000,00;158,77;Albacete
V505651;Vida Riesgo;Hombre;17/03/1984;05/11/2017;05/11/2027;80.000,00;73,58;Toledo
V507470;Vida Hipoteca;M;09/05/1979;21/08/2015;21/08/2040;89.000,00;102,51;Guadalajara
V506419;Vida Hipoteca;H;16/05/1980;13/09/2015;13/09/2035;88.000,00;93,43;Valencia
V502321;Vida Riesgo;M;21/09/1975;28/03/2017;28/03/2037;51.000,00;91,64;Barcelona
V507285;Vida Hipoteca;M;28/07/1968;14/04/2017;14/04/2042;158.000,00;523,28;Madrid
V502900;Vida Riesgo;H;08/04/1987;30/08/2024;30/08/2039;53.000,00;67,09;Madrid
V507178;Vida Hipoteca;M;20/08/1967;16/05/2023;16/05/2048;175.000,00;1.053,01;Madrid
V503176;Vida Riesgo;H;03/09/1990;19/10/2019;19/10/2029;148.000,00;92,76;Málaga
V500575;Vida Riesgo;M;10/10/1978;03/12/2015;03/12/2025;28.000,00;34,71;Gipuzkoa
V506103;Vida Riesgo;H;16/01/1974;24/09/2018;24/09/2038;72.000,00;169,36;Córdoba
V504985;Vida Hipoteca;M;27/09/1978;23/04/2019;23/04/2044;118.000,00;195,61;Granada
V505531;Vida Riesgo;H;16/09/1993;01/01/2017;01/01/2027;68.000,00;25,96;Barcelona
V505627;Vida Riesgo;H;02/03/1990;12/03/2018;12/03/2033;65.000,00;37,11;Huesca
V501814;Vida Riesgo;H;21/10/1965;02/07/2015;02/07/2030;12.000,00;43,21;Bizkaia
V503265;Vida Hipoteca;H;12/02/1966;30/04/2019;30/04/2049;160.000,00;776,66;Las Palmas
V504542;Vida Riesgo;H;25/11/1969;05/07/2016;05/07/2026;60.000,00;166,21;Alicante
V503154;Vida Riesgo;H;16/07/1984;22/11/2020;22/11/2030;96.000,00;111,21;Córdoba
V500269;Vida Riesgo;M;01/09/1976;26/08/2024;26/08/2039;57.000,00;177,44;Illes Balears
V501196;Vida Riesgo;H;02/02/1978;22/03/2020;22/03/2040;16.000,00;30,30;Las Palmas
V502264;Vida Riesgo;H;30/03/1982;12/07/2024;12/07/2034;117.000,00;224,44;Madrid
V507484;Vida Hipoteca;H;19/03/1956;17/03/2020;17/03/2050;140.000,00;1.699,96;Palencia
V501547;Vida Riesgo;H;11/11/1983;03/01/2017;03/01/2037;27.000,00;23,82;Zamora
V501023;Vida Hipoteca;Mujer;18/05/1996;03/07/2024;03/07/2049;119.000,00;68,50;Teruel
V504238;Vida Hipoteca;H;16/09/1978;27/05/2017;27/05/2047;148.000,00;209,18;A Coruña
V500175;Vida Hipoteca;H;01/10/1967;29/08/2015;29/08/2045;126.000,00;389,83;Valencia
V500247;Vida Hipoteca;H;10/04/1960;28/05/2015;28/05/2045;88.000,00;502,95;Granada
V502224;Vida Hipoteca;H;23/10/1981;15/09/2022;15/09/2047;223.000,00;380,07;Málaga
V507159;Vida Hipoteca;H;07/03/1974;21/03/2020;21/03/2045;154.000,00;406,41;Almería
V506047;Vida Riesgo;M;11/04/1960;25/07/2015;25/07/2030;27.000,00;156,37;Valencia
V504774;Vida Hipoteca;M;09/07/1976;13/09/2021;13/09/2036;92.000,00;225,67;Zamora
V506253;Vida Hipoteca;H;06/10/1977;30/08/2020;30/08/2045;274.000,00;553,65;Asturias
V502579;Vida Hipoteca;H;15/07/1969;29/08/2021;29/08/2036;64.000,00;283,26;Ciudad Real
V504865;Vida Riesgo;H;20/12/1978;12/04/2017;12/04/2027;72.000,00;98,51;A Coruña
V505924;Vida Hipoteca;H;16/03/1971;19/11/2019;19/11/2034;123.000,00;406,22;Guadalajara
V504096;Vida Riesgo;M;17/11/1966;31/05/2024;31/05/2044;29.000,00;203,35;Málaga
V504640;Vida Riesgo;H;01/12/1976;22/04/2020;22/04/2035;29.000,00;61,10;Barcelona
V506155;Vida Riesgo;H;20/06/1976;20/02/2017;20/02/2037;106.000,00;177,26;Soria
V501601;Vida Hipoteca;H;31/01/1982;09/02/2022;09/02/2042;147.000,00;232,67;Málaga
V506681;Vida Riesgo;M;29/09/1965;20/12/2017;20/12/2037;43.000,00;192,00;Madrid
V502508;Vida Riesgo;M;05/09/1979;23/06/2018;23/06/2028;207.000,00;295,17;A Coruña
V501507;Vida Riesgo;M;23/01/1978;30/12/2019;30/12/2029;27.000,00;50,26;Guadalajara
V503835;Vida Hipoteca;M;18/08/1970;25/07/2019;25/07/2039;207.000,00;698,59;Alicante
V506240;Vida Hipoteca;H;28/06/1987;02/09/2020;02/09/2050;143.000,00;126,53;Guadalajara
V504040;Vida Hipoteca;M;05/05/1979;14/06/2023;14/06/2053;110.000,00;246,39;Alicante
V505710;Vida Hipoteca;H;30/11/1970;20/11/2010;20/11/2020;123.000,00;119,52;Almería
V506576;Vida Hipoteca;H;23/09/1971;12/04/2020;12/04/2050;191.000,00;624,08;Barcelona
V504939;Vida Hipoteca;M;16/11/1968;10/12/2021;10/12/2036;231.000,00;1.107,80;Bizkaia
V507082;Vida Riesgo;H;05/06/1974;05/11/2018;05/11/2028;69.000,00;158,66;Madrid
V501591;Vida Hipoteca;H;04/02/1974;17/09/2022;17/09/2052;182.000,00;597,98;Girona
V503135;Vida Hipoteca;M;05/06/1989;09/05/2022;09/05/2052;98.000,00;84,83;Madrid
V503065;Vida Hipoteca;H;06/03/1975;25/05/2024;25/05/2054;77.000,00;266,34;Madrid
V507237;Vida Hipoteca;H;10/03/1975;22/04/2019;22/04/2039;65.000,00;145,69;La Rioja
V503699;Vida Hipoteca;H;01/12/1991;23/02/2024;23/02/2049;89.000,00;72,62;Valencia
V506246;Vida Riesgo;H;01/07/1975;24/12/2016;24/12/2026;13.000,00;23,29;Araba/Álava
V503461;Vida Riesgo;H;18/09/1971;13/04/2023;13/04/2038;34.000,00;143,54;Barcelona
V502812;Vida Riesgo;H;10/08/1976;08/06/2023;08/06/2038;60.000,00;169,28;Pontevedra
V500818;Vida Hipoteca;m;11/12/1977;30/08/2017;30/08/2037;342.000,00;527,33;Santa Cruz de Tenerife
V500466;Vida Riesgo;H;28/04/1984;10/09/2016;10/09/2031;76.000,00;62,75;Castellón
V503649;Vida Hipoteca;H;15/10/2000;13/01/2021;13/01/2041;140.000,00;41,25;Huesca
V504853;Vida Riesgo;H;31/08/1987;20/05/2018;20/05/2028;103.000,00;73,91;Bizkaia
V501689;Vida Riesgo;M;24/01/1981;31/03/2023;31/03/2033;164.000,00;311,73;Ourense
V505679;Vida Riesgo;M;15/06/1982;12/04/2024;12/04/2034;151.000,00;278,57;Salamanca
V502560;Vida Riesgo;H;01/05/1985;03/08/2018;03/08/2033;51.000,00;45,41;Sevilla
V503169;Vida Hipoteca;M;06/04/1980;17/12/2016;17/12/2036;161.000,00;192,06;Bizkaia
V502629;Vida Riesgo;M;03/02/1988;29/05/2021;29/05/2041;83.000,00;74,29;Madrid
V505071;Vida Hipoteca;M;08/09/1985;27/11/2019;27/11/2044;106.000,00;102,40;Murcia
V505227;Vida Hipoteca;M;13/04/1967;26/08/2015;26/08/2035;110.000,00;353,86;Asturias
V500334;Vida Hipoteca;Hombre;01/06/1953;25/09/2016;25/09/2046;117.000,00;1.341,05;Valencia
V503359;Vida Hipoteca;m;26/11/1965;13/10/2020;13/10/2050;213.000,00;1.191,88;Bizkaia
V501236;Vida Riesgo;M;07/09/1975;17/07/2016;17/07/2031;73.000,00;124,05;Madrid
V503672;Vida Hipoteca;H;17/04/1972;26/10/2015;26/10/2030;120.000,00;255,71;Huesca
V505525;Vida Hipoteca;M;01/12/1980;15/11/2019;15/11/2044;160.000,00;231,20;Granada
V501373;Vida Hipoteca;H;04/06/1979;19/10/2018;19/10/2048;75.000,00;112,34;La Rioja
V503516;Vida Hipoteca;H;24/03/1965;24/10/2017;24/10/2032;103.000,00;474,20;Barcelona
V501123;Vida Hipoteca;H;29/06/1990;11/02/2015;11/02/2030;224.000,00;95,73;Sevilla
V501894;Vida Hipoteca;H;29/03/1979;02/01/2018;02/01/2043;160.000,00;227,55;Barcelona
V506061;Vida Riesgo;Mujer;25/11/1974;02/06/2017;02/06/2027;57.000,00;111,52;Asturias
V506885;Vida Hipoteca;M;20/06/1990;10/04/2024;10/04/2039;171.000,00;159,54;Murcia
V505351;Vida Hipoteca;H;19/04/1981;01/01/2019;01/01/2049;192.000,00;249,44;Madrid
V504764;Vida Riesgo;H;03/09/1965;19/12/2024;19/12/2039;47.000,00;382,66;Teruel
V500574;Vida Hipoteca;M;18/08/1980;14/03/2017;14/03/2042;154.000,00;181,71;Cantabria
V501305;Vida Hipoteca;H;09/11/1970;08/07/2023;08/07/2053;160.000,00;741,25;Cádiz
V507110;Vida Riesgo;M;08/03/1975;01/03/2016;01/03/2031;128.000,00;219,80;Valencia
V506184;Vida Hipoteca;H;01/11/1959;29/07/2016;29/07/2041;209.000,00;1.369,89;Zamora
V500396;Vida Hipoteca;H;14/07/1979;15/03/2022;15/03/2037;;386,41;Barcelona
V504124;Vida Riesgo;M;01/11/1962;09/09/2016;09/09/2031;144.000,00;738,57;Cuenca
V507994;Vida Hipoteca;M;30/03/1984;02/08/2024;02/08/2039;160.000,00;260,15;Madrid
V504705;Vida Riesgo;H;25/06/1979;16/12/2019;16/12/2039;47.000,00;77,31;Valencia
V500039;Vida Riesgo;M;16/03/1961;17/12/2015;17/12/2035;70.000,00;387,51;Valladolid
V502256;Vida Hipoteca;M;20/10/1982;02/10/2021;02/10/2041;150.000,00;216,70;Granada
V501144;Vida Hipoteca;M;26/05/1992;14/04/2022;14/04/2037;184.000,00;123,00;Madrid
V500994;Vida Riesgo;M;02/04/1969;15/09/2016;15/09/2026;63.000,00;187,53;Las Palmas
V503055;Vida Riesgo;M;07/01/1976;14/12/2017;14/12/2037;35.000,00;65,17;A Coruña
V500100;Vida Hipoteca;H;25/12/1982;20/07/2020;20/07/2040;173.000,00;222,22;A Coruña
V500131;Vida Riesgo;H;30/04/1977;15/07/2017;15/07/2032;29.000,00;46,62;Madrid
V500017;Vida Hipoteca;H;08/04/1983;15/08/2023;15/08/2048;240.000,00;390,59;Zaragoza
V504323;Vida Hipoteca;H;16/05/1974;06/03/2024;06/03/2049;124.000,00;450,79;Madrid
V505162;Vida Hipoteca;H;24/12/1979;19/11/2017;19/11/2032;251.000,00;331,80;Murcia
V503459;Vida Riesgo;M;04/08/1975;08/07/2017;08/07/2027;168.000,00;312,62;Palencia
V503385;Vida Riesgo;M;11/01/1979;05/08/2015;05/08/2035;34.000,00;40,10;Valencia
V506738;Vida Hipoteca;H;27/04/1989;10/09/2019;10/09/2049;118.000,00;82,21;Valencia
V506158;Vida Riesgo;M;26/05/1970;16/05/2010;16/05/2020;74.000,00;209,45;Granada
V506809;Vida Hipoteca;M;28/05/1993;07/02/2022;07/02/2047;135.000,00;81,59;Girona
V502921;Vida Hipoteca;H;27/11/1980;18/11/2017;18/11/2032;333.000,00;406,72;Cuenca
V505619;Vida Hipoteca;H;14/11/1984;06/11/2020;06/11/2035;77.000,00;86,40;Ourense
V500447;Vida Hipoteca;H;20/12/1993;03/11/2021;03/11/2051;184.000,00;103,65;Cantabria
V507103;Vida Hipoteca;H;24/05/1969;17/08/2022;17/08/2037;90.000,00;437,71;Barcelona
V501528;Vida Riesgo;Hombre;02/02/1966;08/12/2016;08/12/2036;86.000,00;341,51;Granada
V502071;Vida Riesgo;H;05/05/1974;11/03/2024;11/03/2039;101.000,00;368,51;Madrid
V507530;Vida Hipoteca;H;17/11/1968;30/11/2020;30/11/2040;239.000,00;1.050,05;Madrid
V506604;Vida Hipoteca;M;31/05/1987;18/11/2020;18/11/2050;158.000,00;143,25;Bizkaia
V504357;Vida Riesgo;H;28/02/1967;21/07/2023;21/07/2038;121.000,00;769,90;Madrid
V507802;Vida Riesgo;H;10/11/1971;11/02/2019;11/02/2029;125.000,00;365,78;Segovia
V500337;Vida Riesgo;H;14/05/1995;31/05/2021;31/05/2036;45.000,00;21,71;Salamanca
V501857;Vida Riesgo;H;14/09/1969;07/12/2017;07/12/2032;41.000,00;130,34;Pontevedra
V500476;Vida Hipoteca;H;20/05/1969;23/04/2019;23/04/2039;168.000,00;616,89;Barcelona
V502163;Vida Hipoteca;H;10/05/1971;11/05/2016;11/05/2046;206.000,00;497,85;Valencia
V503794;Vida Riesgo;H;27/09/1983;30/05/2021;30/05/2031;32.000,00;41,47;Sevilla
V507174;Vida Hipoteca;M;03/07/1980;17/06/2016;17/06/2046;142.000,00;159,05;Santa Cruz de Tenerife
V503695;Vida Hipoteca;H;09/06/1956;03/06/2017;03/06/2037;366.000,00;3.439,80;Zaragoza
V501903;Vida Riesgo;H;16/12/1976;14/06/2019;14/06/2034;120.000,00;234,24;Valencia
V506128;Vida Riesgo;H;13/06/1990;09/02/2020;09/02/2035;61.000,00;40,00;Asturias
V504247;Vida Hipoteca;M;11/07/1965;12/01/2023;12/01/2038;69.000,00;482,54;Madrid
V507192;Vida Riesgo;m;15/05/1980;05/10/2022;05/10/2032;88.000,00;170,30;Granada
V503195;Vida Riesgo;H;24/11/1979;11/03/2021;11/03/2031;84.000,00;148,11;Valencia
V500603;Vida Riesgo;M;24/08/1979;09/12/2018;09/12/2028;119.000,00;177,00;Málaga
V502301;Vida Hipoteca;H;01/11/1984;16/10/2017;16/10/2037;244.000,00;211,77;Valencia
V500220;Vida Riesgo;M;16/04/1992;12/08/2021;12/08/2041;42.000,00;26,76;Alicante
V501548;Vida Riesgo;M;27/05/1990;29/03/2016;29/03/2026;66.000,00;31,29;Ceuta
V503647;Vida Hipoteca;H;06/05/1983;24/05/2017;24/05/2032;253.000,00;240,99;Sevilla
V501490;Vida Hipoteca;M;15/04/1984;28/11/2017;28/11/2042;150.000,00;137,76;Córdoba
V502447;Vida Hipoteca;m;24/04/1963;30/06/2024;30/06/2049;155.000,00;1.482,13;Córdoba
V501071;Vida Hipoteca;H;13/04/1969;10/10/2021;10/10/2036;172.000,00;785,56;Barcelona
V505432;Vida Hipoteca;M;15/10/1988;09/09/2023;09/09/2043;174.000,00;178,15;Barcelona
V506770;Vida Hipoteca;H;26/12/1974;05/09/2023;05/09/2043;241.000,00;796,95;Valencia
V500807;Vida Hipoteca;M;23/03/1981;25/05/2015;25/05/2035;276.000,00;265,58;Valencia
V505101;Vida Riesgo;M;01/03/2005;13/05/2023;13/05/2038;101.000,00;25,01;Murcia
V507202;Vida Hipoteca;M;15/04/1977;01/07/2021;01/07/2046;186.000,00;420,21;Castellón
V501334;Vida Riesgo;M;21/04/1994;13/03/2021;13/03/2041;36.000,00;18,66;Zaragoza
V503233;Vida Hipoteca;H;;08/09/2019;08/09/2044;104.000,00;287,52;Lleida
V505584;Vida Riesgo;M;19/12/1978;17/01/2021;17/01/2031;85.000,00;160,24;Zamora
V504314;Vida Riesgo;Mujer;17/09/1981;14/02/2024;14/02/2044;42.000,00;81,41;Madrid
V503689;Vida Hipoteca;M;23/03/1975;13/11/2018;13/11/2033;178.000,00;383,24;Madrid
V500184;Vida Hipoteca;H;29/04/1980;25/06/2020;25/06/2050;165.000,00;264,06;Asturias
V502150;Vida Riesgo;H;02/03/1959;31/07/2022;31/07/2032;23.000,00;265,81;Cádiz
V504011;Vida Hipoteca;M;27/10/1980;16/08/2017;16/08/2047;272.000,00;327,37;Madrid
V501587;Vida Hipoteca;M;20/06/1969;25/05/2017;25/05/2047;145.000,00;449,37;Barcelona
V502590;Vida Hipoteca;Mujer;09/07/1992;02/11/2022;02/11/2042;89.000,00;61,72;Málaga
V503368;Vida Riesgo;H;31/12/1975;12/08/2020;12/08/2035;35.000,00;81,84;Asturias
V501612;Vida Riesgo;M;01/11/1987;16/01/2023;16/01/2033;41.000,00;43,10;Murcia
V501448;Vida Riesgo;M;05/10/1974;08/03/2018;08/03/2028;71.000,00;150,02;Almería
V507656;Vida Hipoteca;H;15/10/1976;14/07/2018;14/07/2033;269.000,00;492,73;Murcia
V504244;Vida Hipoteca;M;18/10/1975;17/01/2019;17/01/2039;191.000,00;397,62;Sevilla
V501171;Vida Hipoteca;M;13/10/1967;13/08/2018;13/08/2038;101.000,00;400,67;Madrid
V505833;Vida Hipoteca;H;21/11/1979;24/01/2024;24/01/2039;65.000,00;146,40;Ávila
V501847;Vida Hipoteca;H;13/05/1970;03/05/2010;03/05/2020;197.000,00;326,83;Barcelona
V506521;Vida Hipoteca;M;05/12/1945;25/01/2015;25/01/2040;110.000,00;2.067,89;Madrid
V505995;Vida Riesgo;M;17/08/1973;27/08/2017;27/08/2032;39.000,00;86,75;Alicante
V500602;Vida Hipoteca;H;10/02/1973;29/08/2022;29/08/2052;133.000,00;472,91;Barcelona
V503360;Vida Hipoteca;H;20/02/1980;06/02/2023;06/02/2053;97.000,00;197,08;Cantabria
V503724;Vida Riesgo;M;20/09/2004;04/01/2015;04/01/2030;25.000,00;66,72;Barcelona
V503123;Vida Hipoteca;M;04/01/1967;17/04/2021;17/04/2046;280.000,00;1.489,21;Barcelona
V505275;Vida Hipoteca;M;26/05/1971;12/04/2017;12/04/2032;209.000,00;544,15;Málaga
V503873;Vida Riesgo;M;31/03/1963;19/11/2016;19/11/2036;27.000,00;135,95;Málaga
V501215;Vida Riesgo;H;27/02/1986;13/04/2023;13/04/2033;42.000,00;51,94;Madrid
V504394;Vida Riesgo;H;26/05/1980;28/01/2019;28/01/2039;47.000,00;66,32;Madrid
V505650;Vida Riesgo;H;25/04/1990;20/01/2021;20/01/2036;97.000,00;69,73;Granada
V505408;Vida Riesgo;M;24/05/1965;07/08/2015;07/08/2030;66.000,00;248,15;Asturias
V500443;Vida Riesgo;M;25/08/1968;26/11/2015;26/11/2035;77.000,00;225,27;Madrid
V505096;Vida Riesgo;M;26/12/1981;20/09/2020;20/09/2030;297.000,00;421,26;Zamora
V507239;Vida Riesgo;M;04/08/1973;23/08/2023;23/08/2033;66.000,00;244,92;Barcelona
V503077;Vida Riesgo;H;05/12/1974;19/07/2018;19/07/2033;405.000,00;870,11;Cádiz
V502782;Vida Riesgo;M;04/01/1987;16/09/2022;16/09/2032;29.000,00;31,78;Alicante
V501800;Vida Hipoteca;M;09/11/1982;04/06/2024;04/06/2049;142.000,00;256,25;Madrid
V505524;Vida Hipoteca;H;29/07/1970;25/03/2018;25/03/2033;58.000,00;175,58;Almería
V501832;Vida Hipoteca;M;18/05/1966;12/08/2016;12/08/2036;119.000,00;448,73;Barcelona
V500245;Vida Riesgo;H;16/05/1973;31/07/2020;31/07/2035;74.000,00;215,68;Segovia
V506829;Vida Riesgo;H ;22/07/1967;27/08/2017;27/08/2027;67.000,00;249,71;Murcia
V502331;Vida Hipoteca;H;29/08/1968;09/01/2020;09/01/2035;95.000,00;394,14;Girona
V506225;Vida Riesgo;M;13/04/1973;06/07/2024;06/07/2039;81.000,00;332,37;Granada
V502724;Vida Hipoteca;M;02/09/1981;04/09/2023;04/09/2048;182.000,00;340,81;Barcelona
V507702;Vida Riesgo;M;04/03/1950;02/09/2019;02/09/2034;25.000,00;484,60;Asturias
V501652;Vida Riesgo;M;06/10/1958;25/08/2019;25/08/2039;108.000,00;1.006,70;Illes Balears
V503134;Vida Hipoteca;Hombre;22/07/1977;27/10/2022;27/10/2052;104.000,00;256,97;Castellón
V501875;Vida Hipoteca;H;22/03/1984;28/11/2022;28/11/2047;52.000,00;73,45;Madrid
V506443;Vida Riesgo;H;08/11/1964;30/08/2015;30/08/2030;38.000,00;150,38;Barcelona
V506621;Vida Hipoteca;H;01/05/1980;12/02/2023;12/02/2053;135.000,00;270,14;Barcelona
V501708;Vida Riesgo;H;04/05/1974;04/01/2016;04/01/2031;31.000,00;56,44;Gipuzkoa
V503886;Vida Hipoteca;Hombre;10/05/1991;24/12/2021;24/12/2036;99.000,00;70,49;Ávila
V505848;Vida Riesgo;H;18/11/1968;17/05/2023;17/05/2043;55.000,00;297,72;Melilla
V504972;Vida Riesgo;H;18/02/1968;05/11/2016;05/11/2026;77.000,00;255,07;Madrid
V505165;Vida Riesgo;H;27/11/1975;19/01/2018;19/01/2038;110.000,00;208,49;Illes Balears
V504702;Vida Hipoteca;H;14/02/1986;10/04/2020;10/04/2045;50.000,00;48,03;Murcia
V506502;Vida Hipoteca;H;07/08/1986;04/12/2023;04/12/2038;39.000,00;49,07;Barcelona
V501396;Vida Hipoteca;M;21/07/1955;26/03/2022;26/03/2052;152.000,00;2.318,72;Pontevedra
V507282;Vida Hipoteca;M;03/05/1980;07/05/2019;07/05/2039;165.000,00;239,57;Pontevedra
V500882;Vida Hipoteca;M;25/11/1972;08/06/2015;08/06/2030;255.000,00;499,53;La Rioja
V501910;Vida Hipoteca;H;05/11/1970;04/01/2017;04/01/2042;142.000,00;378,80;Madrid
V505805;Vida Hipoteca;M;12/05/1969;27/05/2019;27/05/2049;82.000,00;304,08;Valladolid
V501270;Vida Riesgo;M;24/02/1978;07/07/2018;07/07/2038;33.000,00;53,76;Barcelona
V506487;Vida Hipoteca;M;30/03/1985;31/08/2023;31/08/2043;160.000,00;220,98;Murcia
V500831;Vida Riesgo;M;19/02/1984;10/04/2019;10/04/2039;33.000,00;34,48;Madrid
V500374;Vida Hipoteca;H;03/11/1975;04/02/2023;04/02/2048;277.000,00;810,52;Madrid
V503871;Vida Riesgo;M;26/03/1964;13/08/2018;13/08/2033;52.000,00;278,87;Soria
V506450;Vida Hipoteca;H;07/09/1980;16/02/2024;16/02/2039;161.000,00;340,73;Madrid
V501280;Vida Hipoteca;H;11/04/1970;22/08/2016;22/08/2046;68.000,00;184,51;Bizkaia
V500838;Vida Hipoteca;H;01/06/1973;05/01/2016;05/01/2031;254.000,00;500,26;Soria
V506981;Vida Riesgo;H;14/04/1988;30/04/2022;30/04/2042;76.000,00;72,34;Madrid
V500661;Vida Hipoteca;M;25/11/1983;05/09/2023;05/09/2043;93.000,00;144,14;Zaragoza
V503897;Vida Riesgo;H;09/11/1991;22/07/2015;22/07/2035;211.000,00;83,38;Asturias
V506763;Vida Riesgo;H;30/04/1975;24/09/2016;24/09/2026;171.000,00;304,33;Zaragoza
V502320;Vida Riesgo;M;06/06/1974;24/01/2020;24/01/2035;158.000,00;402,84;Valencia
V502188;Vida Riesgo;H;23/01/1973;12/06/2022;12/06/2037;112.000,00;392,75;Málaga
V506380;Vida Riesgo;M;07/03/1979;04/08/2021;04/08/2031;46.000,00;89,19;Málaga
V507075;Vida Riesgo;M;28/01/1973;06/12/2020;06/12/2030;234.000,00;720,55;Araba/Álava
V501943;Vida Riesgo;M;04/01/1976;26/04/2017;26/04/2032;103.000,00;181,82;Ceuta
V502054;Vida Hipoteca;H;22/08/1970;14/03/2016;14/03/2046;102.000,00;258,48;Córdoba
V501575;Vida Riesgo;H;25/01/1967;22/03/2020;22/03/2040;26.000,00;125,63;Valencia
V503554;Vida Hipoteca;H;30/01/1982;05/01/2016;05/01/2036;237.000,00;223,46;Barcelona
V506003;Vida Hipoteca;M;20/02/1974;30/09/2019;30/09/2049;300.000,00;763,23;Sevilla
V500437;Vida Hipoteca;H;20/04/1980;02/09/2021;02/09/2046;227.000,00;402,79;Barcelona
V505774;Vida Riesgo;H;05/02/1981;23/06/2022;23/06/2042;62.000,00;110,09;Segovia
V507447;Vida Riesgo;H;10/08/1985;12/01/2020;12/01/2035;25.000,00;24,58;Alicante
V507633;Vida Hipoteca;M;26/07/1995;14/01/2024;14/01/2044;219.000,00;129,82;Valencia
V504397;Vida Hipoteca;M;22/12/1993;08/06/2023;08/06/2053;220.000,00;141,86;Murcia
V504571;Vida Hipoteca;H;19/10/1963;11/01/2016;11/01/2036;345.000,00;1.541,08;Madrid
V500053;Vida Riesgo;H;15/11/1971;23/09/2015;23/09/2035;32.000,00;70,14;Girona
V503337;Vida Hipoteca;M;19/06/1986;18/07/2015;18/07/2045;108.000,00;67,41;Córdoba
V504037;Vida Riesgo;M;08/12/1968;09/02/2017;09/02/2027;29.000,00;91,74;Zaragoza
V501582;Vida Hipoteca;H;04/04/1981;16/01/2022;16/01/2047;111.000,00;187,45;Guadalajara
V507734;Vida Hipoteca;H;05/11/1977;11/06/2022;11/06/2042;99.000,00;231,10;Valencia
V507523;Vida Riesgo;M;26/07/1984;24/10/2023;24/10/2043;113.000,00;167,37;Illes Balears
V506322;Vida Riesgo;M;08/11/1978;18/05/2021;18/05/2031;65.000,00;127,23;A Coruña
V502732;Vida Hipoteca;H;04/07/1966;10/07/2018;10/07/2033;120.000,00;526,34;Granada
V506391;Vida Riesgo;M;22/08/1984;08/03/2017;08/03/2032;62.000,00;51,95;Bizkaia
V500662;Vida Riesgo;H;22/12/1961;04/08/2015;04/08/2030;56.000,00;281,38;Málaga
V500871;Vida Riesgo;M;29/08/1970;16/12/2017;16/12/2032;67.000,00;196,78;Cádiz
V505199;Vida Hipoteca;H;08/09/1983;11/07/2023;11/07/2048;151.000,00;235,22;Tarragona
V502788;Vida Hipoteca;M;23/11/1987;29/12/2020;29/12/2040;106.000,00;93,14;Madrid
V507608;Vida Riesgo;H;09/04/1966;03/05/2018;03/05/2038;430.000,00;1.894,17;Valencia
V501013;Vida Hipoteca;H;16/03/1985;26/05/2020;26/05/2050;89.000,00;93,44;Barcelona
V505302;Vida Hipoteca;M;02/06/1983;14/10/2020;14/10/2050;96.000,00;121,24;Cáceres
V506254;Vida Riesgo;H;05/01/1977;06/01/2017;06/01/2037;23.000,00;36,33;Jaén
V504901;Vida Riesgo;H;13/08/1969;04/05/2023;04/05/2038;19.000,00;96,34;Barcelona
V500329;Vida Riesgo;M;28/10/1983;26/04/2015;26/04/2030;74.000,00;56,71;Madrid
V505352;Vida Hipoteca;H;07/10/1972;04/06/2024;04/06/2049;292.000,00;1.242,24;Barcelona
V505886;Vida Hipoteca;M;24/07/1966;04/07/2020;04/07/2050;164.000,00;847,62;Valencia
V500839;Vida Hipoteca;M;07/08/1965;17/02/2018;17/02/2043;170.000,00;779,05;Madrid
V501143;Vida Riesgo;M;22/12/1967;04/02/2018;04/02/2033;25.000,00;93,34;Madrid
V501998;Vida Hipoteca;M;06/08/1972;16/12/2019;16/12/2049;184.000,00;543,21;Valencia
V504634;Vida Riesgo;H;10/04/1980;26/08/2023;26/08/2043;24.000,00;50,51;Madrid
V500993;Vida Hipoteca;Mujer;31/05/1973;18/06/2022;18/06/2047;63.000,00;214,70;Barcelona
V504806;Vida Hipoteca;H;13/03/1979;20/07/2024;20/07/2044;184.000,00;458,13;Madrid
V507648;Vida Riesgo;H;06/03/1975;07/04/2015;07/04/2025;62.000,00;98,66;Castellón
V505816;Vida Riesgo;M;11/01/1987;30/11/2020;30/11/2030;144.000,00;135,26;Madrid
V503807;Vida Riesgo;M;03/02/1957;30/05/2015;30/05/2025;84.000,00;629,46;Alicante
V500483;Vida Riesgo;H;16/08/1984;06/11/2021;06/11/2031;33.000,00;41,17;Murcia
V505613;Vida Hipoteca;H;15/05/1983;14/11/2015;14/11/2030;178.000,00;148,63;Barcelona
V505989;Vida Hipoteca;M;02/10/1974;23/12/2020;23/12/2045;205.000,00;549,66;Murcia
V507592;Vida Hipoteca;M;01/01/1977;06/12/2023;06/12/2048;68.000,00;193,53;Zaragoza
V503684;Vida Riesgo;m;09/06/1987;03/08/2019;03/08/2029;56.000,00;45,38;Ceuta
V503196;Vida Hipoteca;H;19/08/1965;19/06/2021;19/06/2046;40.000,00;242,66;Asturias
V504270;Vida Hipoteca;M;21/11/1971;10/04/2023;10/04/2038;222.000,00;922,73;Barcelona
V503678;Vida Riesgo;M;06/01/1963;29/10/2015;29/10/2025;56.000,00;262,78;Girona
V502771;Vida Riesgo;H;18/10/1982;21/09/2024;21/09/2039;169.000,00;314,46;Madrid
V504970;Vida Hipoteca;M;08/04/1976;28/10/2015;28/10/2030;97.000,00;147,49;Málaga
V503759;Vida Hipoteca;H;26/02/2001;18/06/2022;18/06/2052;124.000,00;39,98;Sevilla
V504916;Vida Hipoteca;H;25/04/1958;21/03/2015;21/03/2030;127.000,00;843,95;Sevilla
V507581;Vida Hipoteca;H;25/04/1976;01/02/2017;01/02/2042;309.000,00;521,17;Valencia
V503869;Vida Riesgo;M;08/04/1985;04/12/2018;04/12/2033;60.000,00;55,27;Toledo
V504389;Vida Hipoteca;H;27/08/1974;02/07/2017;02/07/2037;145.000,00;291,75;Murcia
V503930;Vida Hipoteca;M;06/11/1968;12/04/2015;12/04/2040;130.000,00;354,62;Zaragoza
V503159;Vida Riesgo;H;15/06/1982;26/01/2017;26/01/2037;18.000,00;17,99;Barcelona
V504610;Vida Hipoteca;H;06/10/1978;25/09/2024;25/09/2044;177.000,00;464,42;La Rioja
V506923;Vida Hipoteca;M;13/11/1984;08/06/2017;08/06/2047;224.000,00;188,10;Barcelona
V502442;Vida Hipoteca;H;09/10/1957;13/03/2018;13/03/2033;238.000,00;2.133,39;Illes Balears
V501964;Vida Hipoteca;M;06/03/1982;28/06/2020;28/06/2050;241.000,00;329,79;Gipuzkoa
V502998;Vida Hipoteca;H;18/03/1985;05/12/2020;05/12/2050;133.000,00;145,96;Alicante
V500442;Vida Riesgo;H;18/12/1981;14/09/2023;14/09/2038;81.000,00;148,32;Barcelona
V503810;Vida Hipoteca;H;15/09/1979;18/06/2018;18/06/2038;122.000,00;173,36;Barcelona
V506104;Vida Hipoteca;H;12/08/1972;05/06/2020;05/06/2040;183.000,00;561,60;Zaragoza
V505544;Vida Riesgo;H;27/05/1974;16/05/2017;16/05/2037;45.000,00;91,50;Soria
V501338;Vida Riesgo;H;17/02/1985;09/09/2024;09/09/2034;56.000,00;85,20;Barcelona
V500702;Vida Riesgo;H;25/01/1974;20/06/2021;20/06/2036;73.000,00;216,26;Madrid
V506501;Vida Riesgo;H;13/04/1991;02/08/2020;02/08/2035;99.000,00;63,01;Barcelona
V501461;Vida Riesgo;M;20/02/1974;06/10/2016;06/10/2031;112.000,00;221,15;Bizkaia
V500715;Vida Hipoteca;H;02/08/1979;24/09/2021;24/09/2036;454.000,00;860,55;Alicante
V505048;Vida Hipoteca;M;14/10/1991;22/06/2021;22/06/2036;77.000,00;50,62;León
V502118;Vida Riesgo;H;11/08/1975;18/05/2016;18/05/2031;60.000,00;101,18;Málaga
V500412;Vida Hipoteca;M;13/10/1984;08/08/2023;08/08/2053;129.000,00;184,26;Segovia
V505108;Vida Hipoteca;M;04/06/1983;11/11/2018;11/11/2043;110.000,00;117,90;Gipuzkoa
V506291;Vida Riesgo;M;10/06/1975;10/07/2024;10/07/2044;49.000,00;167,51;Bizkaia
V506347;Vida Riesgo;M;17/04/1957;01/08/2021;01/08/2031;69.000,00;859,12;Barcelona
V501829;Vida Hipoteca;H;19/02/1991;25/07/2021;25/07/2051;74.000,00;51,81;Barcelona
V501873;Vida Riesgo;H;29/07/1990;03/02/2019;03/02/2034;19.000,00;11,31;A Coruña
V503161;Vida Hipoteca;H;22/11/1984;18/10/2019;18/10/2044;165.000,00;168,97;Cantabria
V507372;Vida Riesgo;H;09/07/1979;10/11/2019;10/11/2034;50.000,00;81,29;Barcelona
V505359;Vida Riesgo;M;16/07/1980;01/05/2022;01/05/2032;68.000,00;125,05;Murcia
V502400;Vida Hipoteca;H;20/12/1980;08/08/2016;08/08/2046;94.000,00;102,43;Albacete
V506999;Vida Hipoteca;H;21/04/1970;26/11/2018;26/11/2043;184.000,00;603,70;La Rioja
V504851;Vida Riesgo;H;20/10/1980;26/10/2023;26/10/2043;70.000,00;142,83;Madrid
V506230;Vida Riesgo;H;27/06/1971;23/04/2018;23/04/2038;37.000,00;104,37;Barcelona
V507060;Vida Riesgo;Hombre;11/12/1981;03/11/2016;03/11/2036;37.000,00;37,87;Madrid
V502960;Vida Hipoteca;M;05/07/1980;12/07/2024;12/07/2054;260.000,00;577,87;Alicante
V505622;Vida Hipoteca;H;10/07/1963;09/04/2016;09/04/2036;56.000,00;261,46;Barcelona
V502540;Vida Riesgo;H;31/05/1973;02/01/2017;02/01/2027;68.000,00;145,74;Soria
V503924;Vida Riesgo;H;22/04/1975;05/01/2015;05/01/2030;81.000,00;124,78;Madrid
V505371;Vida Hipoteca;H;17/02/1966;19/11/2016;19/11/2041;84.000,00;330,93;Alicante
V502557;Vida Hipoteca;H;20/09/1985;14/12/2017;14/12/2032;256.000,00;208,93;Barcelona
V503380;Vida Riesgo;M;10/05/1994;01/11/2019;01/11/2039;34.000,00;15,63;Murcia
V506241;Vida Hipoteca;H;07/01/1979;29/02/2016;29/02/2036;530.000,00;656,66;Pontevedra
V504921;Vida Hipoteca;M;21/11/1986;08/05/2019;08/05/2039;94.000,00;78,22;Asturias
V504155;Vida Riesgo;H;07/10/2010;18/04/2023;18/04/2043;55.000,00;41,35;Badajoz
V500165;Vida Riesgo;H;30/01/1988;14/07/2023;14/07/2043;35.000,00;37,55;Murcia
V507024;Vida Riesgo;M ;29/04/1974;23/11/2021;23/11/2036;118.000,00;354,70;Madrid
V505827;Vida Riesgo;H;12/06/1969;20/12/2016;20/12/2036;71.000,00;212,56;Albacete
V501624;Vida Riesgo;M;19/03/1977;03/01/2021;03/01/2036;54.000,00;117,75;Las Palmas
V501843;Vida Hipoteca;H;20/12/1970;15/02/2015;15/02/2035;86.000,00;193,38;Madrid
V500359;Vida Hipoteca;M;14/07/1974;30/07/2023;30/07/2048;156.000,00;531,42;Sevilla
V500060;Vida Riesgo;H;27/06/1978;28/08/2021;28/08/2031;112.000,00;231,63;Segovia
V507225;Vida Riesgo;M;17/03/1981;03/03/2016;03/03/2031;52.000,00;53,53;Madrid
V502155;Vida Hipoteca;H;17/02/1975;08/06/2024;08/06/2044;143.000,00;498,10;Pontevedra
V505316;Vida Hipoteca;H;27/04/1985;27/12/2015;27/12/2030;112.000,00;80,02;Madrid
V500231;Vida Riesgo;M;01/10/1985;27/08/2024;27/08/2039;23.000,00;33,10;Málaga
V504452;Vida Hipoteca;H;04/08/1974;23/07/2022;23/07/2037;55.000,00;171,01;Cádiz
V504942;Vida Riesgo;H;25/09/1981;28/01/2016;28/01/2026;86.000,00;83,96;Barcelona
V500183;Vida Hipoteca;H;11/02/1982;09/04/2022;09/04/2052;269.000,00;430,53;Murcia
V502818;Vida Riesgo;H;15/09/1987;15/12/2023;15/12/2043;119.000,00;136,65;Madrid
V502294;Vida Hipoteca;H;01/10/1972;13/05/2015;13/05/2035;192.000,00;378,67;Barcelona
V502298;Vida Riesgo;H;20/05/1985;05/10/2023;05/10/2038;42.000,00;57,79;Asturias
V504086;Vida Hipoteca;M;29/11/1969;04/03/2022;04/03/2052;207.000,00;926,87;Madrid
V502364;Vida Riesgo;H;07/09/1983;19/02/2020;19/02/2040;134.000,00;156,53;Alicante
V502662;Vida Riesgo;M;19/06/1968;31/03/2022;31/03/2037;147.000,00;749,07;Madrid
V504697;Vida Riesgo;M;26/07/1982;20/07/2022;20/07/2042;42.000,00;66,25;Barcelona
V505658;Vida Hipoteca;H;26/09/1982;02/01/2017;02/01/2032;51.000,00;49,49;Murcia
V507115;Vida Riesgo;M;17/10/1974;01/05/2020;01/05/2035;15.000,00;37,94;Ceuta
V506021;Vida Riesgo;H;09/03/2004;21/05/2022;21/05/2032;49.000,00;12,13;Alicante
V502282;Vida Hipoteca;H;12/05/1962;28/09/2015;28/09/2040;266.000,00;1.310,17;Málaga
V504095;Vida Hipoteca;M;16/09/1979;11/03/2018;11/03/2038;160.000,00;222,13;Madrid
V500284;Vida Riesgo;H;05/07/1983;20/02/2022;20/02/2037;34.000,00;47,80;León
V506328;Vida Riesgo;H;01/06/1965;18/08/2019;18/08/2039;143.000,00;756,00;Las Palmas
V507813;Vida Riesgo;H;08/04/1971;13/12/2020;13/12/2030;50.000,00;179,87;Madrid
V500311;Vida Riesgo;M;29/11/1979;09/09/2024;09/09/2034;127.000,00;301,16;Madrid
V501487;Vida Riesgo;M;20/08/1978;02/04/2017;02/04/2037;73.000,00;102,53;Ourense
V505381;Vida Riesgo;H;20/11/1972;25/11/2020;25/11/2040;80.000,00;249,73;Jaén
V501686;Vida Hipoteca;m;07/01/1974;02/02/2020;02/02/2040;140.000,00;370,41;Illes Balears
V501820;Vida Hipoteca;M;21/07/1999;01/10/2017;01/10/2037;418.000,00;103,49;Bizkaia
V500445;Vida Riesgo;M;15/03/1971;04/08/2020;04/08/2040;130.000,00;456,15;Barcelona
V505952;Vida Hipoteca;H;05/03/1978;08/01/2023;08/01/2053;90.000,00;214,62;Illes Balears
V502972;Vida Hipoteca;H;12/05/1988;19/09/2022;19/09/2037;136.000,00;132,95;Madrid
V500653;Vida Riesgo;H;21/03/1978;27/07/2020;27/07/2040;47.000,00;90,66;Girona
V506711;Vida Hipoteca;M;17/06/1995;29/07/2022;29/07/2047;136.000,00;71,85;Madrid
V504810;Vida Hipoteca;H;08/04/1980;14/06/2020;14/06/2050;121.000,00;194,09;Málaga
V504135;Vida Riesgo;M;12/02/1998;01/02/2022;01/02/2042;44.000,00;17,79;A Coruña
V507255;Vida Hipoteca;H;20/01/1963;08/09/2015;08/09/2030;152.000,00;702,62;Alicante
V507512;Vida Riesgo;M;03/06/1959;12/02/2015;12/02/2030;129.000,00;773,58;Valencia
V507062;Vida Hipoteca;H;19/07/1981;19/09/2017;19/09/2047;119.000,00;135,74;Ceuta
V500395;Vida Riesgo;H;29/09/1988;04/01/2022;04/01/2037;117.000,00;104,24;Cádiz
V506945;Vida Riesgo;H;06/04/1992;12/04/2020;12/04/2030;69.000,00;39,35;Teruel
V504231;Vida Hipoteca;M;16/07/1973;17/11/2017;17/11/2042;248.000,00;566,43;Las Palmas
V500508;Vida Riesgo;H;25/03/1960;19/02/2020;19/02/2040;95.000,00;814,75;Alicante
V507682;Vida Hipoteca;H;18/10/2000;02/08/2020;02/08/2045;147.000,00;41,67;Madrid
V503479;Vida Hipoteca;M;02/08/1969;02/08/2023;02/08/2048;175.000,00;908,38;Zaragoza
V503001;Vida Riesgo;H;27/11/1980;17/11/2018;17/11/2033;42.000,00;55,84;Asturias
V503548;Vida Riesgo;H;17/05/1973;25/03/2021;25/03/2041;118.000,00;363,39;León
V504083;Vida Hipoteca;M;17/04/1973;12/05/2018;12/05/2038;266.000,00;646,33;Burgos
V500385;Vida Hipoteca;M;01/11/1973;13/04/2016;13/04/2036;-97.000,00;188,64;A Coruña
V502751;Vida Hipoteca;H;17/08/1970;15/03/2020;15/03/2040;215.000,00;766,36;Zamora
V506401;Vida Hipoteca;M;24/06/1976;28/01/2018;28/01/2048;115.000,00;208,01;Valencia
V505212;Vida Hipoteca;M;20/07/1985;20/07/2015;20/07/2035;137.000,00;92,47;Cádiz
V502304;Vida Riesgo;M;15/12/1974;11/07/2017;11/07/2032;151.000,00;296,71;Soria
V503852;Vida Hipoteca;M;20/03/1982;11/09/2017;11/09/2042;256.000,00;275,36;Teruel
V502430;Vida Riesgo;M;01/10/1969;05/06/2017;05/06/2027;93.000,00;282,11;Huelva
V502078;Vida Hipoteca;H;06/07/1972;22/08/2020;22/08/2045;191.000,00;601,99;Madrid
V506556;Vida Hipoteca;H;18/07/1961;02/03/2019;02/03/2049;149.000,00;1.052,36;Zamora
V500008;Vida Riesgo;H;24/04/1978;20/11/2022;20/11/2042;20.000,00;46,61;A Coruña
V501874;Vida Hipoteca;H;07/04/1975;09/03/2020;09/03/2035;138.000,00;331,23;Granada
V504715;Vida Hipoteca;M;07/11/1973;19/02/2017;19/02/2032;164.000,00;342,48;Bizkaia
V507833;Vida Hipoteca;H;09/01/1980;02/07/2015;02/07/2040;280.000,00;301,07;Madrid
V503204;Vida Hipoteca;H;21/06/1980;25/02/2020;25/02/2040;72.000,00;110,65;Madrid
V501838;Vida Hipoteca;M;20/09/1971;19/04/2022;19/04/2052;50.000,00;194,09;Guadalajara
V505008;Vida Riesgo;M;02/06/1974;27/07/2023;27/07/2043;84.000,00;288,78;Málaga
V501289;Vida Riesgo;H;09/02/1974;07/03/2017;07/03/2032;18.000,00;36,92;Sevilla
V504473;Vida Riesgo;H;17/11/1977;11/06/2017;11/06/2027;123.000,00;187,22;Teruel
V506257;Vida Riesgo;H;16/05/1970;06/05/2010;06/05/2020;87.000,00;126,94;Alicante
V504171;Vida Riesgo;H;18/02/1980;01/08/2020;01/08/2040;80.000,00;131,30;Barcelona
V503045;Vida Hipoteca;M;20/12/1971;02/04/2024;02/04/2039;148.000,00;664,13;Barcelona
V501202;Vida Riesgo;H;16/04/1978;25/01/2021;25/01/2031;89.000,00;178,04;Barcelona
V504424;Vida Riesgo;M;23/11/1983;04/05/2016;04/05/2031;56.000,00;46,54;Murcia
V503767;Vida Hipoteca;H;20/06/1988;21/03/2017;21/03/2047;262.000,00;159,06;Las Palmas
V501370;Vida Hipoteca;H;10/10/1989;14/03/2024;14/03/2039;233.000,00;229,15;Zaragoza
V504042;Vida Riesgo;H;22/04/1978;14/11/2024;14/11/2044;19.000,00;52,43;Alicante
V506871;Vida Hipoteca;H;15/11/1969;27/10/2017;27/10/2042;156.000,00;484,19;Madrid
V507158;Vida Hipoteca;H;29/05/1973;30/11/2016;30/11/2046;224.000,00;476,67;Madrid
V507902;Vida Hipoteca;M;29/03/1983;12/03/2020;12/03/2050;216.000,00;263,40;Salamanca
V507573;Vida Riesgo;M;24/06/1986;29/01/2024;29/01/2039;34.000,00;43,79;Las Palmas
V507232;Vida Hipoteca;M;18/05/1984;19/02/2022;19/02/2042;294.000,00;383,82;León
V501693;Vida Riesgo;M;02/03/1969;06/03/2015;06/03/2025;50.000,00;131,62;Las Palmas
V502873;Vida Riesgo;H;27/01/1985;21/12/2021;21/12/2041;56.000,00;67,95;Ourense
V501417;Vida Hipoteca;H;01/12/1968;03/04/2019;03/04/2049;144.000,00;547,57;Málaga
V500864;Vida Hipoteca;H;18/06/1978;10/01/2015;10/01/2035;90.000,00;106,15;Madrid
V502197;Vida Riesgo;H;07/01/1987;27/02/2018;27/02/2033;87.000,00;64,71;Navarra
V502371;Vida Hipoteca;M;12/05/1981;27/04/2021;27/04/2046;308.000,00;484,77;Madrid
V500874;Vida Hipoteca;M;15/07/1970;25/07/2019;25/07/2044;274.000,00;932,12;Valladolid
V503466;Vida Hipoteca;H;06/07/1980;28/01/2016;28/01/2031;629.000,00;681,31;Lleida
V501949;Vida Hipoteca;H;20/09/1995;08/07/2018;08/07/2043;116.000,00;42,46;Barcelona
V506480;Vida Hipoteca;M;09/12/1974;31/12/2015;31/12/2040;98.000,00;169,36;Madrid
V502814;Vida Hipoteca;H;02/03/1983;09/02/2020;09/02/2040;121.000,00;147,37;Asturias
V500521;Vida Hipoteca;M;07/09/1984;04/04/2022;04/04/2042;98.000,00;125,93;Madrid
V503679;Vida Hipoteca;H;01/03/1961;21/07/2018;21/07/2038;86.000,00;595,53;Zamora
V502109;Vida Riesgo;Hombre;19/04/1979;03/08/2023;03/08/2033;40.000,00;90,99;Valencia
V501935;Vida Hipoteca;M;19/06/1965;12/10/2016;12/10/2036;188.000,00;777,00;Soria
V501677;Vida Hipoteca;M;20/09/1978;22/02/2018;22/02/2033;339.000,00;509,91;Madrid
V503729;Vida Hipoteca;M;15/02/1969;07/12/2022;07/12/2037;158.000,00;806,95;Madrid
V502345;Vida Hipoteca;m;05/03/1986;30/07/2017;30/07/2037;230.000,00;174,95;Sevilla
V506936;Vida Hipoteca;M;10/04/1965;19/09/2018;19/09/2033;117.000,00;579,37;Bizkaia
V505722;Vida Riesgo;H;25/10/2000;02/10/2024;02/10/2044;39.000,00;15,73;Barcelona
V500853;Vida Riesgo;M;17/01/1999;05/12/2024;05/12/2044;66.000,00;31,40;Teruel
V505203;Vida Riesgo;M;19/04/1982;20/05/2018;20/05/2033;57.000,00;64,55;Madrid
V506117;Vida Hipoteca;H;18/07/1964;08/10/2018;08/10/2048;128.000,00;677,30;Madrid
V503106;Vida Riesgo;Mujer;12/01/1961;06/12/2019;06/12/2029;100.000,00;787,23;Huesca
V506862;Vida Riesgo;H;30/01/1977;19/11/2023;19/11/2043;45.000,00;126,68;Cádiz
V501173;Vida Riesgo;H;20/07/1981;29/07/2021;29/07/2031;116.000,00;183,61;Madrid
V503786;Vida Riesgo;M;02/03/1997;12/12/2020;12/12/2040;49.000,00;19,50;Ourense
V500781;Vida Riesgo;M;19/12/1983;04/10/2022;04/10/2042;46.000,00;65,56;Castellón
V503879;Vida Hipoteca;M;26/07/1993;23/11/2023;23/11/2048;85.000,00;59,00;Barcelona
V503084;Vida Riesgo;M;21/09/1989;27/12/2021;27/12/2031;30.000,00;24,55;Madrid
V502346;Vida Riesgo;M;29/09/1997;11/12/2015;11/12/2030;139.000,00;34,41;Guadalajara
V500556;Vida Riesgo;H;27/04/1976;20/03/2022;20/03/2037;44.000,00;114,71;Las Palmas
V506078;Vida Hipoteca;H;19/02/1964;03/06/2016;03/06/2031;258.000,00;1.157,90;Madrid
V502890;Vida Hipoteca;M;31/03/1961;27/09/2017;27/09/2037;139.000,00;892,08;Badajoz
V506781;Vida Hipoteca;Mujer;14/10/1967;20/01/2017;20/01/2047;271.000,00;941,31;Málaga
V503761;Vida Hipoteca;M;08/06/2003;20/12/2021;20/12/2041;287.000,00;73,12;Valencia
V507435;Vida Riesgo;M;10/02/1978;24/04/2019;24/04/2034;31.000,00;54,21;Valencia
V501443;Vida Hipoteca;M;12/04/1970;17/11/2021;17/11/2041;140.000,00;592,72;Alicante
V505577;Vida Hipoteca;H;28/11/1983;24/01/2023;24/01/2043;118.000,00;173,47;Ourense
V506982;Vida Riesgo;M;21/12/1976;05/12/2019;05/12/2034;75.000,00;152,28;Valencia
V507938;Vida Hipoteca;M;09/01/1974;18/05/2024;18/05/2049;92.000,00;350,40;A Coruña
V502383;Vida Riesgo;H;20/04/1975;13/03/2023;13/03/2033;43.000,00;132,87;Madrid
V504269;Vida Hipoteca;H;16/03/1980;20/11/2017;20/11/2037;198.000,00;256,80;Cádiz
V505697;Vida Riesgo;H;28/10/1969;25/02/2017;25/02/2037;91.000,00;267,95;Barcelona
V503252;Vida Hipoteca;H;20/04/1979;26/02/2019;26/02/2049;70.000,00;109,20;Alicante
V505691;Vida Riesgo;H;30/09/1993;28/09/2021;28/09/2031;86.000,00;48,96;Melilla
V506718;Vida Riesgo;H;09/12/1970;20/08/2019;20/08/2034;117.000,00;386,99;Madrid
V502237;Vida Riesgo;H;21/05/1969;18/11/2018;18/11/2033;51.000,00;180,55;Alicante
V500420;Vida Hipoteca;M;07/01/1977;20/10/2021;20/10/2036;123.000,00;291,69;Teruel
V501318;Vida Hipoteca;M;21/03/1962;24/07/2020;24/07/2035;136.000,00;1.021,36;Barcelona
V502819;Vida Hipoteca;H;24/12/1973;27/02/2024;27/02/2054;222.000,00;832,77;Alicante
V502554;Vida Riesgo;H;10/02/1978;16/11/2016;16/11/2026;206.000,00;292,95;Málaga
V501284;Vida Hipoteca;M;08/05/1996;17/12/2019;17/12/2049;161.000,00;63,13;A Coruña
V501425;Vida Riesgo;H;08/10/1971;21/10/2016;21/10/2026;42.000,00;101,79;Madrid
V504878;Vida Riesgo;H;23/09/1973;24/02/2018;24/02/2028;103.000,00;236,92;Toledo
V501044;Vida Hipoteca;H;28/11/1958;01/03/2016;01/03/2036;256.000,00;1.752,81;Madrid
V502628;Vida Riesgo;M;06/05/1972;07/10/2020;07/10/2030;77.000,00;248,83;Valencia
V507790;Vida Hipoteca;H;13/01/1972;23/09/2015;23/09/2045;208.000,00;449,71;Tarragona
V505959;Vida Riesgo;M;22/05/1981;10/02/2017;10/02/2027;78.000,00;85,65;Valencia
V505385;Vida Hipoteca;M;29/11/1975;11/03/2019;11/03/2049;134.000,00;279,71;Murcia
V503934;Vida Riesgo;H;21/06/2003;01/09/2021;01/09/2041;103.000,00;25,50;Ciudad Real
V505742;Vida Hipoteca;M;20/06/1989;15/03/2024;15/03/2049;227.000,00;229,16;Illes Balears
V507584;Vida Hipoteca;M;09/05/1973;09/07/2019;09/07/2039;233.000,00;621,46;Valencia
V504628;Vida Hipoteca;H;24/12/1989;18/06/2024;18/06/2049;79.000,00;78,08;Las Palmas
V504735;Vida Hipoteca;H;29/09/1969;06/02/2020;06/02/2040;72.000,00;274,24;Pontevedra
V505269;Vida Hipoteca;M;30/06/1984;26/01/2022;26/01/2047;90.000,00;115,66;A Coruña
V502907;Vida Hipoteca;M;16/11/1972;11/02/2019;11/02/2039;145.000,00;389,18;Zaragoza
V501698;Vida Riesgo;H;16/10/1988;22/10/2021;22/10/2041;22.000,00;19,19;Alicante
V501766;Vida Hipoteca;M;19/10/1972;21/05/2018;21/05/2043;144.000,00;365,60;Jaén
V503728;Vida Riesgo;H;28/12/1977;11/01/2019;11/01/2029;16.000,00;27,60;Madrid
V502003;Vida Riesgo;Hombre;18/07/1969;10/03/2019;10/03/2029;50.000,00;179,23;Huesca
V500411;Vida Riesgo;H;02/01/1983;24/01/2020;24/01/2035;113.000,00;139,01;Madrid
V503855;Vida Hipoteca;H;25/05/1970;15/05/2010;15/05/2020;105.000,00;113,96;Barcelona
V503000;Vida Hipoteca;M;03/05/1987;14/11/2016;14/11/2031;90.000,00;58,41;Madrid
V502721;Vida Riesgo;H;07/05/1968;14/12/2020;14/12/2030;30.000,00;138,35;Cuenca
V507000;Vida Hipoteca;H;06/03/2002;17/10/2016;17/10/2031;133.000,00;153,17;Pontevedra
V500544;Vida Riesgo;H;15/12/1968;17/11/2021;17/11/2036;42.000,00;198,97;Madrid
V500146;Vida Hipoteca;H;10/08/1989;25/04/2018;25/04/2043;118.000,00;71,36;Barcelona
V504147;Vida Hipoteca;M;17/08/1973;13/03/2019;13/03/2039;165.000,00;418,34;Santa Cruz de Tenerife
V507086;Vida Riesgo;H;13/12/1981;15/11/2020;15/11/2040;35.000,00;50,45;Madrid
V503889;Vida Riesgo;H;12/06/1973;27/12/2019;27/12/2034;92.000,00;253,36;Málaga
V503844;Vida Riesgo;M;20/05/1977;16/03/2024;16/03/2039;94.000,00;265,16;Palencia
V504599;Vida Hipoteca;h;28/10/1971;27/02/2022;27/02/2047;151.000,00;574,15;Madrid
V505467;Vida Riesgo;H;18/02/1980;25/08/2018;25/08/2028;159.000,00;221,35;Málaga
V502905;Vida Hipoteca;M;04/12/1977;25/05/2022;25/05/2037;138.000,00;318,70;Barcelona
V502474;Vida Hipoteca;M;10/10/1971;08/02/2018;08/02/2048;120.000,00;324,70;Valencia
V501324;Vida Hipoteca;H;08/12/1980;17/07/2021;17/07/2051;108.000,00;179,58;Córdoba
V502247;Vida Hipoteca;M;17/10/1981;13/02/2017;13/02/2032;93.000,00;98,73;Albacete
V503472;Vida Hipoteca;H;09/01/1984;31/12/2023;31/12/2043;141.000,00;222,25;Santa Cruz de Tenerife
V501216;Vida Riesgo;H;14/01/1973;01/10/2015;01/10/2030;38.000,00;75,56;Salamanca
V505099;Vida Riesgo;H;30/09/1973;24/06/2017;24/06/2027;59.000,00;127,97;Ourense
V503429;Vida Riesgo;m;19/05/1987;29/08/2024;29/08/2034;84.000,00;105,31;Huesca
V502668;Vida Hipoteca;H;14/10/1956;24/05/2017;24/05/2042;132.000,00;1.201,76;Santa Cruz de Tenerife
V507764;Vida Hipoteca;M;27/10/1992;06/11/2021;06/11/2046;145.000,00;90,12;Huelva
V500059;Vida Riesgo;M;27/07/1986;07/12/2021;07/12/2041;42.000,00;44,74;Zaragoza
V506620;Vida Hipoteca;H;12/07/1984;01/03/2018;01/03/2038;77.000,00;70,80;Sevilla
V500324;Vida Riesgo;H;10/05/1992;11/10/2021;11/10/2041;99.000,00;63,62;Valencia
V506825;Vida Riesgo;H;09/02/1984;06/10/2022;06/10/2037;64.000,00;90,17;La Rioja
V503014;Vida Riesgo;H;07/11/1983;19/12/2020;19/12/2030;79.000,00;97,65;Salamanca
V500906;Vida Riesgo;M;13/10/1983;26/12/2021;26/12/2031;45.000,00;61,01;Málaga
V501737;Vida Hipoteca;H;25/03/1961;14/08/2020;14/08/2050;133.000,00;1.091,85;Barcelona
V500590;Vida Riesgo;H;13/01/1969;17/01/2017;17/01/2027;145.000,00;452,47;Valencia
V503362;Vida Riesgo;M;09/09/1976;17/01/2022;17/01/2032;39.000,00;97,10;Málaga
V506876;Vida Hipoteca;M;26/08/1967;20/01/2020;20/01/2035;84.000,00;380,70;Girona
V501126;Vida Hipoteca;H;29/07/1969;21/04/2022;21/04/2037;133.000,00;619,71;Gipuzkoa
V505182;Vida Hipoteca;H;15/05/1975;05/05/2015;05/05/2035;146.000,00;230,05;Pontevedra
V505150;Vida Hipoteca;H;30/04/1992;12/08/2024;12/08/2039;147.000,00;120,51;Murcia
V507995;Vida Hipoteca;H;24/04/1973;18/05/2018;18/05/2043;109.000,00;264,76;Zamora
V507887;Vida Hipoteca;H;28/08/1970;04/01/2015;04/01/2040;435.000,00;994,79;Madrid
V504025;Vida Hipoteca;H;22/06/1978;06/11/2024;06/11/2054;110.000,00;298,71;Barcelona
V501220;Vida Hipoteca;M;08/10/2000;12/08/2022;12/08/2052;267.000,00;90,09;Ourense
V504260;Vida Hipoteca;M;20/01/1988;29/07/2017;29/07/2037;136.000,00;88,15;Barcelona
V501508;Vida Riesgo;M;25/07/1980;12/11/2015;12/11/2025;40.000,00;42,37;Barcelona
V500464;Vida Riesgo;H;03/01/1988;21/03/2024;21/03/2039;90.000,00;103,02;Málaga
V503256;Vida Hipoteca;M;10/02/1969;12/11/2017;12/11/2037;82.000,00;272,56;Illes Balears
V500613;Vida Riesgo;M;26/10/1977;25/08/2022;25/08/2042;46.000,00;109,54;Jaén
V507725;Vida Hipoteca;H;22/03/1970;14/10/2016;14/10/2036;209.000,00;576,72;Madrid
V500360;Vida Hipoteca;M;06/11/1974;08/09/2020;08/09/2050;206.000,00;534,47;Huesca
V500428;Vida Riesgo;M;11/09/1989;09/04/2024;09/04/2044;46.000,00;45,82;Barcelona
V502742;Vida Hipoteca;M;04/07/1963;05/07/2019;05/07/2044;149.000,00;917,20;Huesca
V506445;Vida Hipoteca;H;27/02/1976;23/12/2021;23/12/2041;153.000,00;396,31;Asturias
V506860;Vida Riesgo;H;01/01/1900;09/02/2019;09/02/2029;57.000,00;53,46;Madrid
V503868;Vida Riesgo;H;08/10/1992;13/10/2017;13/10/2027;10.000,00;4,42;Illes Balears
V503441;Vida Riesgo;H;16/09/1975;05/11/2024;05/11/2034;34.000,00;116,77;Sevilla
V500998;Vida Riesgo;H;14/11/1965;22/03/2015;22/03/2030;46.000,00;160,84;Madrid
V503933;Vida Riesgo;M;12/10/1965;07/02/2016;07/02/2026;123.000,00;467,16;Almería
V500711;Vida Riesgo;M;08/05/1977;04/07/2022;04/07/2032;61.000,00;149,31;Melilla
V500492;Vida Hipoteca;H;18/12/1965;12/12/2019;12/12/2044;78.000,00;404,37;Illes Balears
V504998;Vida Riesgo;H;01/10/1993;14/09/2015;14/09/2030;95.000,00;32,36;Barcelona
V502249;Vida Riesgo;M;19/07/1977;18/03/2023;18/03/2038;233.000,00;595,47;Cádiz
V507195;Vida Riesgo;H;14/02/1984;07/09/2021;07/09/2041;62.000,00;79,61;A Coruña
V501435;Vida Riesgo;H;05/03/1976;09/11/2017;09/11/2032;164.000,00;298,80;A Coruña
V506261;Vida Hipoteca;H;04/11/1988;29/08/2021;29/08/2046;54.000,00;46,31;Alicante
V503962;Vida Riesgo;H;16/05/1973;14/06/2019;14/06/2029;92.000,00;243,62;Teruel
V502948;Vida Riesgo;M;28/12/1995;13/02/2023;13/02/2038;35.000,00;18,51;Barcelona
V501002;Vida Hipoteca;H;19/01/1984;22/11/2023;22/11/2053;112.000,00;174,51;Madrid
V506800;Vida Riesgo;M;26/05/1975;19/02/2019;19/02/2034;121.000,00;262,56;Girona
V501132;Vida Hipoteca;M;16/08/1969;15/04/2020;15/04/2045;56.000,00;218,94;Santa Cruz de Tenerife
V507904;Vida Hipoteca;H;21/01/1971;04/01/2015;04/01/2040;81.000,00;179,01;Alicante
V502761;Vida Riesgo;H;10/05/1979;25/08/2024;25/08/2034;139.000,00;344,37;Zaragoza
V501085;Vida Riesgo;H;23/07/1962;09/06/2021;09/06/2031;28.000,00;220,09;Madrid
V500130;Vida Riesgo;H;12/05/1979;26/06/2018;26/06/2038;201.000,00;294,65;Barcelona
V504902;Vida Hipoteca;M;04/12/1974;24/09/2019;24/09/2039;205.000,00;487,13;Sevilla
V500736;Vida Riesgo;M;08/07/1969;05/02/2019;05/02/2029;44.000,00;156,87;Madrid
V504398;Vida Riesgo;M;26/01/1983;16/02/2020;16/02/2030;52.000,00;63,95;Ourense
V507118;Vida Riesgo;H;22/08/1974;09/11/2016;09/11/2036;68.000,00;129,67;Ávila
V505178;Vida Riesgo;M;15/08/1977;29/05/2023;29/05/2043;40.000,00;103,31;Huesca
V500733;Vida Riesgo;M;22/03/1979;07/10/2016;07/10/2026;92.000,00;117,96;Araba/Álava
V506782;Vida Hipoteca;H;08/06/1977;07/01/2023;07/01/2048;82.000,00;208,15;Las Palmas
V500943;Vida Hipoteca;H;13/02/1962;19/11/2018;19/11/2048;105.000,00;689,48;Illes Balears
V500132;Vida Hipoteca;M;10/05/1972;01/08/2023;01/08/2053;298.000,00;1.222,05;Barcelona
V505724;Vida Riesgo;Hombre;07/03/1961;17/02/2015;17/02/2035;70.000,00;361,89;Burgos
V503793;Vida Riesgo;M;27/04/1983;29/03/2016;29/03/2026;36.000,00;31,16;Burgos
V500812;Vida Riesgo;M;29/12/1960;18/09/2021;18/09/2031;88.000,00;808,87;Las Palmas
V501732;Vida Hipoteca;H;03/02/1989;09/09/2021;09/09/2051;145.000,00;122,05;Pontevedra
V501727;Vida Riesgo;H;05/04/1978;09/01/2015;09/01/2030;270.000,00;323,87;Sevilla
V505288;Vida Riesgo;M;04/12/1968;11/08/2017;11/08/2037;45.000,00;148,69;Soria
V506699;Vida Riesgo;M;21/01/1991;18/11/2019;18/11/2039;108.000,00;65,97;Ourense
V506630;Vida Riesgo;H;01/11/1979;23/05/2016;23/05/2036;69.000,00;81,35;Bizkaia
V504592;Vida Hipoteca;H;07/03/1992;26/07/2021;26/07/2036;331.000,00;212,07;Granada
V507052;Vida Riesgo;H;04/10/1973;27/06/2017;27/06/2032;50.000,00;108,43;Sevilla
V505489;Vida Riesgo;H;22/10/1973;04/10/2024;04/10/2034;61.000,00;244,41;Gipuzkoa
V506629;Vida Hipoteca;M;10/03/1968;31/08/2018;31/08/2033;63.000,00;242,41;Navarra
V502583;Vida Hipoteca;M;28/02/1982;11/01/2018;11/01/2043;214.000,00;237,91;Sevilla
V506566;Vida Hipoteca;M;28/04/1983;29/06/2015;29/06/2030;209.000,00;169,68;Madrid
V504116;Vida Hipoteca;M;23/02/1994;12/08/2020;12/08/2050;153.000,00;76,49;Santa Cruz de Tenerife
V506126;Vida Hipoteca;M;12/11/1979;17/07/2017;17/07/2042;287.000,00;372,14;Madrid
V504187;Vida Riesgo;M;25/02/1969;16/08/2015;16/08/2035;92.000,00;251,81;Cáceres
V506660;Vida Hipoteca;M;17/04/1979;19/03/2022;19/03/2042;213.000,00;431,29;Valencia
V505504;Vida Riesgo;M;08/05/1978;19/09/2022;19/09/2037;12.000,00;27,47;Valladolid
V501103;Vida Riesgo;M;14/06/1971;09/07/2019;09/07/2029;59.000,00;185,02;Sevilla
V503624;Vida Riesgo;H;09/07/1983;03/12/2015;03/12/2025;32.000,00;26,50;Araba/Álava
V503537;Vida Riesgo;Mujer;07/01/1972;04/07/2023;04/07/2033;96.000,00;402,61;Bizkaia
V504562;Vida Hipoteca;H;05/07/1977;23/01/2022;23/01/2047;101.000,00;234,92;Sevilla
V506441;Vida Riesgo;h;09/07/1968;09/08/2015;09/08/2035;93.000,00;268,21;Burgos
V501654;Vida Hipoteca;H;19/03/1993;08/12/2015;08/12/2040;232.000,00;84,36;Valencia
V507810;Vida Riesgo;H;12/11/1976;25/04/2020;25/04/2035;54.000,00;114,36;Zaragoza
V504609;Vida Riesgo;M;27/04/1983;21/02/2024;21/02/2044;77.000,00;130,42;Tarragona
V507080;Vida Hipoteca;M;30/08/1983;01/03/2018;01/03/2048;192.000,00;190,06;Murcia
V507384;Vida Riesgo;H;13/06/1972;24/01/2017;24/01/2037;42.000,00;98,21;Madrid
V503587;Vida Riesgo;h;18/09/1982;09/03/2021;09/03/2036;30.000,00;41,62;Barcelona
V502958;Vida Riesgo;M;12/07/1982;11/04/2016;11/04/2026;88.000,00;81,71;Alicante
V501320;Vida Riesgo;M;03/10/1984;10/03/2022;10/03/2042;38.000,00;48,25;Sevilla
V504545;Vida Hipoteca;M;24/04/1965;01/10/2017;01/10/2032;173.000,00;786,57;Barcelona
V501192;Vida Hipoteca;H;18/12/1968;25/07/2020;25/07/2045;224.000,00;948,42;Navarra
V507266;Vida Riesgo;H;29/05/1990;12/03/2024;12/03/2039;78.000,00;72,66;Burgos
V504184;Vida Hipoteca;M;02/07/1975;08/05/2021;08/05/2041;103.000,00;267,52;Albacete
V505211;Vida Riesgo;M;21/07/1984;18/11/2020;18/11/2030;28.000,00;32,37;Cádiz
V501869;Vida Hipoteca;H;29/06/1975;02/12/2021;02/12/2051;175.000,00;477,34;Málaga
V504706;Vida Hipoteca;M;29/07/1972;29/09/2021;29/09/2036;78.000,00;268,61;Barcelona
V507999;Vida Hipoteca;H;07/11/1974;26/10/2019;26/10/2039;164.000,00;395,09;Zamora
V503495;Vida Riesgo;M;22/01/1976;21/05/2015;21/05/2035;69.000,00;102,91;Málaga
V501381;Vida Hipoteca;M;03/08/1977;12/08/2015;12/08/2030;216.000,00;288,41;Barcelona
V502861;Vida Hipoteca;M;19/11/1983;20/07/2016;20/07/2031;52.000,00;44,04;Málaga
V506751;Vida Riesgo;H;08/09/1970;29/08/2010;29/08/2020;54.000,00;332,94;Alicante
V506615;Vida Hipoteca;M;10/10/1987;30/09/2017;30/09/2032;76.000,00;51,19;Navarra
V506686;Vida Hipoteca;H;01/05/1984;06/01/2019;06/01/2039;163.000,00;163,84;A Coruña
V501682;Vida Riesgo;H;12/03/1991;15/05/2021;15/05/2031;56.000,00;38,38;Madrid
V505261;Vida Riesgo;Mujer;13/04/1982;12/08/2021;12/08/2031;35.000,00;52,23;Lugo
V505335;Vida Hipoteca;M;24/06/1972;17/03/2022;17/03/2037;111.000,00;400,84;Madrid
V500734;Vida Riesgo;H;05/05/1973;15/08/2019;15/08/2029;67.000,00;180,45;Madrid
V506189;Vida Hipoteca;M;04/04/1988;23/02/2023;23/02/2048;109.000,00;111,49;Cádiz
V503555;Vida Riesgo;H;26/05/1983;07/12/2016;07/12/2031;63.000,00;57,45;Alicante
V501106;Vida Hipoteca;M;15/04/1971;02/03/2022;02/03/2037;148.000,00;589,38;Cáceres
V507595;Vida Riesgo;H;19/06/1965;28/07/2020;28/07/2035;29.000,00;165,41;Sevilla
V502381;Vida Hipoteca;M;13/03/1973;01/03/2015;01/03/2030;156.000,00;291,19;Barcelona
V506427;Vida Riesgo;H;20/02/1971;06/12/2019;06/12/2039;69.000,00;230,06;Segovia
V503795;Vida Hipoteca;M;30/07/1981;09/03/2019;09/03/2044;131.000,00;168,84;Illes Balears
V502909;Vida Hipoteca;H;25/05/1985;29/08/2021;29/08/2041;126.000,00;144,85;Valencia
V505626;Vida Riesgo;Hombre;01/06/1966;29/08/2018;29/08/2038;111.000,00;496,41;León
V506460;Vida Riesgo;H;01/10/1981;05/07/2024;05/07/2039;68.000,00;135,78;Teruel
V502360;Vida Hipoteca;H;15/12/1977;11/02/2023;11/02/2053;164.000,00;401,57;Barcelona
V501762;Vida Riesgo;M;20/01/1990;09/12/2024;09/12/2044;43.000,00;43,97;Alicante
V503573;Vida Riesgo;M;25/01/1984;11/08/2015;11/08/2035;60.000,00;46,18;Madrid
V506906;Vida Hipoteca;M;10/08/1987;25/05/2019;25/05/2049;185.000,00;145,39;Toledo
V505780;Vida Riesgo;H;05/05/1976;16/01/2019;16/01/2034;124.000,00;246,35;Valencia
V506823;Vida Riesgo;H;27/01/1971;04/12/2024;04/12/2039;18.000,00;92,30;Madrid
V500244;Vida Hipoteca;H;09/01/1964;13/03/2021;13/03/2046;331.000,00;2.250,95;Madrid
V501531;Vida Riesgo;M;12/12/1970;01/06/2016;01/06/2026;83.000,00;208,70;Palencia
V506541;Vida Riesgo;M;20/09/1969;15/11/2016;15/11/2036;38.000,00;110,26;Barcelona
V504240;Vida Hipoteca;M;20/06/1981;27/01/2018;27/01/2038;160.000,00;189,35;Ciudad Real
V500783;Vida Hipoteca;H;14/06/1975;06/11/2021;06/11/2051;225.000,00;612,25;Granada
V501269;Vida Hipoteca;M;20/11/1990;24/05/2018;24/05/2048;85.000,00;46,42;Madrid
V505727;Vida Hipoteca;H;14/12/1972;22/10/2022;22/10/2052;119.000,00;434,26;Málaga
V501522;Vida Hipoteca;H;11/03/1964;11/12/2017;11/12/2042;205.000,00;1.042,13;Alicante
V506941;Vida Hipoteca;H;06/10/1962;16/06/2023;16/06/2038;124.000,00;1.137,21;Cádiz
V506581;Vida Hipoteca;H;20/07/1977;16/05/2022;16/05/2042;235.000,00;559,18;Huesca
V504844;Vida Hipoteca;H;20/10/1989;10/03/2023;10/03/2053;294.000,00;264,68;Madrid
V505382;Vida Hipoteca;M;04/05/1988;14/01/2023;14/01/2043;137.000,00;137,87;Madrid
V502386;Vida Riesgo;M;02/02/1988;28/07/2023;28/07/2033;166.000,00;178,59;Madrid
V501788;Vida Hipoteca;H;31/07/1993;05/11/2022;05/11/2042;221.000,00;140,16;Las Palmas
V505714;Vida Riesgo;H;18/09/1971;06/07/2019;06/07/2034;63.000,00;193,07;Valencia
V504618;Vida Riesgo;M;29/09/1979;25/11/2023;25/11/2033;62.000,00;139,42;Málaga
V501965;Vida Hipoteca;M;13/04/1985;04/06/2019;04/06/2044;301.000,00;288,91;Madrid
V505194;Vida Hipoteca;H;17/02/1982;03/11/2021;03/11/2051;63.000,00;97,09;Segovia
V504258;Vida Hipoteca;H;14/07/1997;07/04/2021;07/04/2036;153.000,00;60,63;Zamora
V502415;Vida Riesgo;H;20/05/1950;28/02/2019;28/02/2029;11.000,00;200,53;Soria
V507984;Vida Riesgo;M;22/07/1992;05/06/2023;05/06/2038;56.000,00;40,70;A Coruña
V500638;Vida Riesgo;M;30/05/1976;26/05/2023;26/05/2038;32.000,00;91,53;Lugo
V502131;Vida Riesgo;h;08/01/1981;17/02/2015;17/02/2035;54.000,00;51,68;Valencia
V500323;Vida Hipoteca;M;26/02/1960;09/07/2019;09/07/2049;349.000,00;2.858,79;Barcelona
V503467;Vida Hipoteca;H;19/12/1968;02/11/2023;02/11/2048;248.000,00;1.386,19;Málaga
V507526;Vida Hipoteca;M;25/12/1988;08/11/2023;08/11/2043;191.000,00;195,03;Lugo
V505616;Vida Hipoteca;H;31/01/1971;07/12/2023;07/12/2043;239.000,00;1.125,23;Sevilla
V502483;Vida Hipoteca;H;20/03/1971;17/12/2024;17/12/2049;147.000,00;747,02;Cádiz
V500503;Vida Hipoteca;M;13/09/1989;10/07/2017;10/07/2032;183.000,00;102,67;Asturias
V504069;Vida Hipoteca;H;25/06/1984;12/03/2015;12/03/2035;209.000,00;149,88;Zamora
V504121;Vida Hipoteca;H;28/12/1979;02/09/2019;02/09/2044;119.000,00;182,89;Alicante
V502748;Vida Riesgo;H;01/04/1973;08/11/2018;08/11/2028;44.000,00;111,91;Girona
V505092;Vida Hipoteca;Hombre;26/08/1983;04/10/2017;04/10/2047;141.000,00;134,97;Barcelona
V505926;Vida Riesgo;H;14/10/1986;13/06/2020;13/06/2035;41.000,00;37,80;Badajoz
V503468;Vida Hipoteca;M;16/02/1982;02/07/2022;02/07/2042;93.000,00;151,62;Cáceres
V503787;Vida Riesgo;H;10/12/1978;18/08/2023;18/08/2043;193.000,00;453,99;Araba/Álava
V501149;Vida Riesgo;M;06/06/1981;09/03/2023;09/03/2033;166.000,00;304,35;Madrid
V506626;Vida Hipoteca;H;24/10/1983;27/04/2020;27/04/2050;172.000,00;201,93;Valencia
V502645;Vida Hipoteca;H;20/10/1984;16/05/2015;16/05/2045;115.000,00;81,47;Lugo
V500607;Vida Riesgo;H;08/01/1971;27/10/2019;27/10/2034;181.000,00;603,90;Cádiz
V501690;Vida Riesgo;M;01/09/1989;24/03/2016;24/03/2036;29.000,00;14,61;Barcelona
V503437;Vida Hipoteca;M;05/04/1983;14/08/2023;14/08/2053;179.000,00;291,48;Barcelona
V503072;Vida Hipoteca;M;;29/03/2024;29/03/2039;295.000,00;170,74;Murcia
V507518;Vida Riesgo;M;26/01/1975;27/04/2018;27/04/2038;32.000,00;66,62;Valencia
V501670;Vida Riesgo;H;27/07/1969;10/11/2017;10/11/2032;135.000,00;431,37;Barcelona
V500159;Vida Hipoteca;M;16/07/1984;14/01/2020;14/01/2050;194.000,00;208,96;Murcia
V502723;Vida Hipoteca;H;28/07/1967;24/11/2019;24/11/2049;306.000,00;1.377,84;Lleida
V503935;Vida Hipoteca;M;22/02/1968;05/06/2015;05/06/2030;201.000,00;589,60;Araba/Álava
V504780;Vida Hipoteca;H;31/05/1975;09/08/2022;09/08/2052;102.000,00;296,93;Gipuzkoa
V505917;Vida Riesgo;H;18/07/1975;10/07/2015;10/07/2030;79.000,00;124,56;León
V502813;Vida Hipoteca;H;18/09/1977;01/03/2017;01/03/2037;203.000,00;305,99;Valladolid
V503274;Vida Riesgo;M;10/10/1983;12/03/2021;12/03/2036;33.000,00;41,86;Ourense
V500343;Vida Riesgo;H;20/05/1982;26/05/2017;26/05/2037;67.000,00;69,29;Madrid
V506735;Vida Riesgo;H;18/05/1963;02/12/2019;02/12/2029;182.000,00;1.172,86;Toledo
V507569;Vida Riesgo;H;09/01/1993;05/02/2018;05/02/2028;77.000,00;34,19;Valencia
V506088;Vida Riesgo;M;28/10/1978;07/02/2018;07/02/2038;74.000,00;109,94;Las Palmas
V503927;Vida Riesgo;M;30/03/1986;07/02/2023;07/02/2033;23.000,00;27,82;Cáceres
V501534;Vida Hipoteca;H;25/02/1979;16/08/2018;16/08/2043;248.000,00;374,46;Asturias
V507426;Vida Riesgo;H;06/06/1981;22/06/2022;22/06/2032;15.000,00;25,89;Almería
V504223;Vida Riesgo;M;04/05/1995;21/10/2019;21/10/2034;31.000,00;13,07;Alicante
V507270;Vida Riesgo;M;26/03/1979;13/11/2021;13/11/2031;61.000,00;120,54;Barcelona
V503896;Vida Riesgo;M;18/11/1981;02/03/2015;02/03/2025;31.000,00;27,67;Valencia
V501993;Vida Riesgo;H;18/02/1969;26/06/2017;26/06/2032;41.000,00;131,68;Madrid
V500699;Vida Riesgo;H;12/03/1967;05/09/2016;05/09/2031;64.000,00;226,39;Asturias
V500099;Vida Hipoteca;M;20/08/1970;06/09/2024;06/09/2039;148.000,00;771,52;Málaga
V503387;Vida Riesgo;h;12/10/2000;14/05/2023;14/05/2033;23.000,00;8,27;Soria
V506847;Vida Hipoteca;M;01/03/1970;26/04/2019;26/04/2049;229.000,00;787,40;Castellón
V507509;Vida Riesgo;H;02/10/1988;04/12/2019;04/12/2039;42.000,00;31,32;Granada
V503198;Vida Riesgo;Mujer;04/07/1973;19/10/2016;19/10/2026;105.000,00;219,43;Girona
V501533;Vida Riesgo;M;13/07/1969;31/03/2024;31/03/2044;45.000,00;248,32;Melilla
V502460;Vida Riesgo;Hombre;12/03/1983;01/04/2024;01/04/2034;18.000,00;31,10;Valencia
V506478;Vida Riesgo;M;23/03/1974;25/10/2022;25/10/2032;116.000,00;380,27;Valencia
V507586;Vida Hipoteca;H;09/04/1973;14/09/2020;14/09/2050;118.000,00;350,58;Albacete
V507507;Vida Hipoteca;M;27/09/1977;05/09/2022;05/09/2037;218.000,00;523,97;Teruel
V507877;Vida Hipoteca;H;03/07/2003;04/06/2023;04/06/2053;117.000,00;33,53;Alicante
V507194;Vida Hipoteca;Mujer;04/01/1995;02/09/2021;02/09/2036;278.000,00;141,30;Palencia
V505204;Vida Riesgo;M;28/11/1972;18/05/2023;18/05/2043;34.000,00;130,73;Cáceres
V506289;Vida Hipoteca;M;28/06/1971;11/01/2018;11/01/2038;210.000,00;578,29;Las Palmas
V507986;Vida Hipoteca;H;13/09/1979;17/08/2019;17/08/2039;148.000,00;232,30;Illes Balears
V501864;Vida Hipoteca;H;08/05/1959;03/10/2019;03/10/2034;140.000,00;1.252,94;Santa Cruz de Tenerife
V505570;Vida Riesgo;M;09/01/1976;25/06/2016;25/06/2031;76.000,00;124,81;Badajoz
V503365;Vida Riesgo;H;17/02/1972;20/08/2015;20/08/2035;20.000,00;42,55;Sevilla
V503627;Vida Hipoteca;H;16/05/1979;11/10/2019;11/10/2034;196.000,00;320,39;Madrid
V501455;Vida Riesgo;H;14/11/1966;12/04/2016;12/04/2026;60.000,00;210,86;Melilla
V504072;Vida Hipoteca;H;17/10/1975;16/06/2022;16/06/2042;118.000,00;328,36;Alicante
V503221;Vida Hipoteca;H;14/04/1973;01/01/2024;01/01/2039;167.000,00;655,85;Valladolid
V500347;Vida Hipoteca;H;25/07/1963;28/12/2016;28/12/2036;135.000,00;667,66;Bizkaia
V502260;Vida Riesgo;M;05/02/1980;19/04/2016;19/04/2036;129.000,00;147,53;Santa Cruz de Tenerife
V506034;Vida Riesgo;H;10/07/1983;12/03/2023;12/03/2033;81.000,00;124,40;Cuenca
V504076;Vida Hipoteca;M;13/07/1988;16/11/2019;16/11/2039;146.000,00;110,48;Madrid
V503607;Vida Riesgo;M;06/05/1976;27/09/2024;27/09/2044;101.000,00;325,59;Toledo
V503748;Vida Riesgo;H;10/06/1988;11/01/2021;11/01/2031;43.000,00;36,18;Madrid
V504613;Vida Hipoteca;M;19/03/1978;10/12/2021;10/12/2046;232.000,00;503,06;Madrid
V505246;Vida Hipoteca;H;23/10/1967;13/06/2015;13/06/2030;115.000,00;347,69;Cuenca
V502842;Vida Hipoteca;M;29/03/1984;29/11/2022;29/11/2052;339.000,00;478,19;Bizkaia
V502487;Vida Hipoteca;H;02/08/1977;08/02/2017;08/02/2037;196.000,00;297,22;Las Palmas
V500737;Vida Hipoteca;M;08/02/1983;18/05/2017;18/05/2032;134.000,00;130,06;Las Palmas
V500606;Vida Hipoteca;M;29/10/1970;19/11/2016;19/11/2046;256.000,00;676,75;Madrid
V501802;Vida Riesgo;H;20/05/1987;16/11/2020;16/11/2040;72.000,00;65,41;Barcelona
V507511;Vida Hipoteca;M;29/06/1963;27/08/2016;27/08/2046;436.000,00;2.108,32;Madrid
V506894;Vida Hipoteca;H;15/12/1998;09/12/2021;09/12/2036;147.000,00;54,66;Las Palmas
V506066;Vida Hipoteca;M;25/04/1961;14/04/2017;14/04/2047;315.000,00;1.933,44;Huelva
V507108;Vida Hipoteca;H;16/01/1959;04/05/2020;04/05/2035;164.000,00;1.583,12;Teruel
V500363;Vida Hipoteca;H;28/06/1989;14/12/2018;14/12/2038;336.000,00;216,70;Pontevedra
V505919;Vida Hipoteca;H;12/04/1970;16/06/2018;16/06/2048;212.000,00;671,00;Madrid
V501630;Vida Hipoteca;M;22/05/1981;20/08/2024;20/08/2039;110.000,00;228,99;Granada
V502797;Vida Hipoteca;H;23/01/1973;06/10/2021;06/10/2046;133.000,00;440,08;Alicante
V503862;Vida Riesgo;H;20/10/1985;30/03/2021;30/03/2041;131.000,00;140,43;Madrid
V506234;Vida Riesgo;H;11/05/1976;15/11/2015;15/11/2030;26.000,00;39,40;Sevilla
V507908;Vida Hipoteca;H;17/12/1987;14/04/2018;14/04/2038;159.000,00;110,34;Lugo
V505835;Vida Riesgo;M;03/01/1981;20/06/2019;20/06/2034;72.000,00;99,75;Navarra
V507661;Vida Hipoteca;H;15/06/1966;13/12/2018;13/12/2033;176.000,00;804,04;Cádiz
V501408;Vida Riesgo;H;27/03/1985;06/09/2024;06/09/2044;103.000,00;155,20;Madrid
V507567;Vida Riesgo;M;03/08/1970;24/07/2010;24/07/2020;42.000,00;112,27;Bizkaia
V501757;Vida Riesgo;Mujer;05/01/1972;27/01/2016;27/01/2036;106.000,00;236,44;Guadalajara
V501317;Vida Hipoteca;H;23/04/1972;26/06/2019;26/06/2039;281.000,00;816,65;Gipuzkoa
V500751;Vida Riesgo;H;30/04/1974;10/01/2020;10/01/2035;42.000,00;107,66;Teruel
V501095;Vida Hipoteca;H;03/12/1968;12/07/2016;12/07/2041;181.000,00;545,74;Cantabria
V504316;Vida Riesgo;H ;28/11/1983;09/11/2022;09/11/2042;50.000,00;72,21;Segovia
V506783;Vida Hipoteca;M;21/07/1970;15/12/2016;15/12/2041;146.000,00;397,40;Sevilla
V502056;Vida Riesgo;M;31/07/1974;27/02/2016;27/02/2026;32.000,00;57,79;Cantabria
V507967;Vida Hipoteca;H;24/07/1970;14/07/2010;14/07/2020;123.000,00;172,67;Cádiz
V507069;Vida Hipoteca;H;28/05/1962;25/06/2021;25/06/2046;131.000,00;1.047,27;Barcelona
V504443;Vida Hipoteca;H;12/02/1976;07/02/2015;07/02/2030;180.000,00;260,83;Barcelona
V505502;Vida Riesgo;H;;29/06/2018;29/06/2028;41.000,00;193,55;Salamanca
V504450;Vida Riesgo;M;18/01/1981;11/06/2023;11/06/2033;74.000,00;143,23;Las Palmas
V501972;Vida Hipoteca;Mujer;03/03/1989;14/10/2015;14/10/2040;127.000,00;64,30;Madrid
V503740;Vida Hipoteca;M;05/02/1964;30/06/2021;30/06/2046;128.000,00;887,22;Santa Cruz de Tenerife
V503110;Vida Hipoteca;H;03/07/1979;20/02/2016;20/02/2031;337.000,00;399,88;Palencia
V504756;Vida Hipoteca;M;06/02/1975;23/07/2020;23/07/2035;240.000,00;602,90;Málaga
V504710;Vida Hipoteca;H;19/10/1970;21/11/2017;21/11/2047;274.000,00;790,73;Alicante
V505223;Vida Hipoteca;H;02/03/1978;05/01/2021;05/01/2036;151.000,00;303,82;La Rioja
V501866;Vida Hipoteca;M;24/03/1983;20/07/2018;20/07/2038;116.000,00;123,11;Madrid
V505248;Vida Hipoteca;H;15/06/1974;19/06/2020;19/06/2040;188.000,00;494,99;Cáceres
V505252;Vida Riesgo;H;01/08/1979;27/05/2019;27/05/2039;112.000,00;174,21;Alicante
V500161;Vida Hipoteca;H;02/11/1978;28/03/2018;28/03/2033;92.000,00;138,08;Segovia
V504494;Vida Riesgo;H;16/04/1980;23/04/2024;23/04/2034;69.000,00;153,35;Barcelona
V507635;Vida Riesgo;H;15/12/1971;29/01/2015;29/01/2035;48.000,00;98,87;Alicante
V505894;Vida Riesgo;M;06/04/1966;02/03/2023;02/03/2033;29.000,00;192,68;Las Palmas
V500260;Vida Riesgo;H;29/07/1979;10/10/2022;10/10/2032;25.000,00;51,83;Barcelona
V507726;Vida Riesgo;M;08/04/1975;15/09/2019;15/09/2034;92.000,00;211,92;Alicante
V500366;Vida Riesgo;M;06/03/1981;06/04/2018;06/04/2033;58.000,00;71,50;Pontevedra
V504204;Vida Hipoteca;M;15/05/1976;31/03/2022;31/03/2047;133.000,00;346,13;Madrid
V507612;Vida Hipoteca;M;03/01/1981;10/03/2017;10/03/2042;172.000,00;196,36;Castellón
V506589;Vida Hipoteca;H;12/05/1995;29/04/2022;29/04/2037;421.000,00;219,57;Valencia
V505160;Vida Riesgo;M;14/10/1971;21/01/2015;21/01/2030;67.000,00;139,76;Madrid
V501450;Vida Hipoteca;H;11/02/1986;19/06/2021;19/06/2036;197.000,00;209,57;Madrid
V500929;Vida Riesgo;M;06/05/1988;06/09/2024;06/09/2039;47.000,00;54,37;Barcelona
V502623;Vida Hipoteca;H;19/02/1974;30/03/2017;30/03/2047;132.000,00;271,54;Barcelona
V505462;Vida Hipoteca;H;26/12/2002;20/12/2023;20/12/2053;200.000,00;62,73;Madrid
V505410;Vida Hipoteca;M;20/12/1969;04/09/2019;04/09/2034;157.000,00;565,79;Asturias
V500845;Vida Hipoteca;H;15/10/1983;15/12/2024;15/12/2049;161.000,00;280,87;Melilla
V503753;Vida Riesgo;H;28/06/1977;30/12/2023;30/12/2033;27.000,00;74,12;Alicante
V502036;Vida Hipoteca;M;16/12/1996;14/03/2020;14/03/2040;317.000,00;120,49;Valencia
V505152;Vida Hipoteca;M;11/09/1956;10/03/2015;10/03/2045;152.000,00;1.156,13;Zaragoza
V505102;Vida Riesgo;M;13/07/1970;27/07/2019;27/07/2034;99.000,00;337,10;Teruel
V505760;Vida Hipoteca;H;15/02/1992;30/06/2018;30/06/2033;182.000,00;90,26;Madrid
V504758;Vida Hipoteca;M;07/05/1973;21/08/2018;21/08/2033;167.000,00;413,47;Burgos
V500760;Vida Hipoteca;M;19/03/1981;18/12/2021;18/12/2051;125.000,00;210,43;Illes Balears
V507974;Vida Riesgo;H;28/03/1983;30/09/2017;30/09/2037;138.000,00;136,68;Pontevedra
V507898;Vida Riesgo;Mujer;13/11/1980;10/06/2023;10/06/2038;82.000,00;161,14;Barcelona
V500026;Vida Hipoteca;M;08/04/1967;09/02/2018;09/02/2048;157.000,00;623,22;Barcelona
V506345;Vida Riesgo;M;30/10/1967;06/11/2024;06/11/2034;58.000,00;389,31;Zaragoza
V506939;Vida Riesgo;M;23/10/1978;21/11/2016;21/11/2031;87.000,00;116,74;Madrid
V505497;Vida Hipoteca;H;23/11/1982;28/01/2024;28/01/2054;105.000,00;183,34;Alicante
V500170;Vida Riesgo;H;14/11/1971;16/08/2023;16/08/2033;17.000,00;72,92;Zaragoza
V500012;Vida Hipoteca;Mujer;12/09/1990;01/04/2024;01/04/2054;145.000,00;132,38;Barcelona
V503850;Vida Riesgo;M;22/01/1982;11/08/2017;11/08/2027;11.000,00;11,90;Las Palmas
V504379;Vida Riesgo;H ;13/05/1980;24/08/2024;24/08/2034;33.000,00;75,00;Illes Balears
V503309;Vida Hipoteca;M;08/03/1974;08/11/2018;08/11/2048;93.000,00;218,50;Barcelona
V507213;Vida Riesgo;H;11/05/1978;20/06/2024;20/06/2039;65.000,00;172,60;Barcelona
V501180;Vida Hipoteca;M;05/04/1975;11/02/2022;11/02/2042;167.000,00;472,33;Illes Balears
V501135;Vida Hipoteca;H;04/10/1979;12/08/2016;12/08/2041;203.000,00;245,46;Illes Balears
V501675;Vida Riesgo;H;10/11/1974;14/05/2015;14/05/2035;129.000,00;212,72;Cádiz
V503510;Vida Riesgo;H;22/06/1983;17/07/2022;17/07/2037;72.000,00;105,08;Sevilla
V506570;Vida Riesgo;M;25/09/1981;30/08/2020;30/08/2030;46.000,00;66,34;Barcelona
V500777;Vida Riesgo;H;12/09/1986;12/02/2021;12/02/2036;38.000,00;37,35;Barcelona
V506082;Vida Hipoteca;H;19/01/1997;22/08/2023;22/08/2053;93.000,00;46,97;Valencia
V502040;Vida Hipoteca;M;30/03/1972;11/10/2018;11/10/2038;181.000,00;498,16;A Coruña
V500949;Vida Hipoteca;H;02/02/1981;19/11/2017;19/11/2042;165.000,00;198,45;Badajoz
V503049;Vida Hipoteca;M;12/08/1966;17/09/2015;17/09/2040;285.000,00;975,35;Valencia
V501446;Vida Hipoteca;M;11/04/1968;26/05/2017;26/05/2047;201.000,00;689,34;Salamanca
V500981;Vida Riesgo;H;10/04/1972;12/03/2024;12/03/2039;50.000,00;217,55;Asturias
V506504;Vida Hipoteca;M;28/09/1988;21/10/2020;21/10/2045;256.000,00;205,95;Santa Cruz de Tenerife
V506872;Vida Riesgo;H;21/01/1985;13/12/2023;13/12/2043;49.000,00;70,44;Cáceres
V502589;Vida Hipoteca;H;15/10/1981;06/07/2023;06/07/2053;155.000,00;283,41;Jaén
V507320;Vida Hipoteca;M;07/02/1973;29/07/2020;29/07/2050;246.000,00;733,34;Jaén
V500744;Vida Riesgo;H;10/06/1984;22/08/2023;22/08/2038;92.000,00;135,72;Barcelona
V506843;Vida Hipoteca;H;26/02/1995;15/06/2024;15/06/2039;69.000,00;43,89;Valladolid
V506130;Vida Riesgo;Hombre;22/12/1957;03/09/2016;03/09/2036;57.000,00;441,21;Madrid
V503157;Vida Hipoteca;M;11/01/1992;12/04/2022;12/04/2047;142.000,00;97,93;A Coruña
V500124;Vida Riesgo;H;27/07/1994;04/02/2022;04/02/2032;14.000,00;7,66;Granada
V505662;Vida Hipoteca;Hombre;10/03/1968;30/05/2015;30/05/2040;273.000,00;796,58;Murcia
V502273;Vida Riesgo;M;27/11/1968;09/01/2021;09/01/2036;78.000,00;345,12;Barcelona
V504966;Vida Hipoteca;M;12/12/1988;25/08/2022;25/08/2047;134.000,00;123,90;Barcelona
V507658;Vida Hipoteca;H;07/04/1990;28/02/2018;28/02/2043;59.000,00;33,31;La Rioja
V501378;Vida Riesgo;M;31/08/1962;13/05/2021;13/05/2036;32.000,00;247,71;Almería
V507966;Vida Riesgo;H;23/10/1971;06/10/2017;06/10/2027;45.000,00;117,91;Zaragoza
V504177;Vida Hipoteca;H;04/11/1967;22/11/2018;22/11/2048;179.000,00;723,14;Alicante
V504560;Vida Hipoteca;H;02/07/1995;25/05/2024;25/05/2054;329.000,00;202,26;Salamanca
V501329;Vida Hipoteca;H;23/12/1962;21/02/2020;21/02/2050;272.000,00;1.848,04;Toledo
V500858;Vida Riesgo;M;14/06/1978;24/10/2018;24/10/2033;116.000,00;188,95;Barcelona
V501152;Vida Hipoteca;M;20/12/1986;20/07/2023;20/07/2038;171.000,00;201,97;León
V501433;Vida Hipoteca;M ;05/12/1977;18/10/2017;18/10/2032;104.000,00;162,43;Valencia
V505051;Vida Riesgo;H;26/08/1983;;18/05/2042;56.000,00;79,38;Ciudad Real
V502206;Vida Hipoteca;H;28/04/1978;22/07/2016;22/07/2031;110.000,00;149,52;Ourense
V503992;Vida Hipoteca;H;23/06/1978;23/09/2021;23/09/2051;251.000,00;522,69;Granada
V502041;Vida Hipoteca;H;20/11/1982;14/11/2022;14/11/2037;185.000,00;291,77;Navarra
V504027;Vida Hipoteca;M;21/09/1984;15/10/2019;15/10/2049;255.000,00;264,71;Bizkaia
V504350;Vida Hipoteca;H;11/05/1971;08/03/2020;08/03/2035;150.000,00;501,69;Bizkaia
V500652;Vida Riesgo;M;30/11/1986;02/09/2016;02/09/2026;152.000,00;100,52;Málaga
V501199;Vida Hipoteca;M;26/10/1978;01/02/2023;01/02/2038;106.000,00;240,62;Barcelona
V501695;Vida Riesgo;M;19/07/1975;17/05/2015;17/05/2035;33.000,00;51,36;Zaragoza
V501418;Vida Hipoteca;H;28/06/1985;06/07/2019;06/07/2034;195.000,00;185,29;Girona
V504100;Vida Riesgo;H;08/10/1985;30/09/2024;30/09/2034;75.000,00;108,60;Ourense
V502547;Vida Hipoteca;H;06/08/1977;01/08/2021;01/08/2046;153.000,00;339,13;Salamanca
V507278;Vida Hipoteca;H;16/11/1971;23/10/2015;23/10/2035;166.000,00;366,32;Málaga
V500050;Vida Hipoteca;H;12/03/1980;04/10/2017;04/10/2042;174.000,00;223,40;Illes Balears
V505824;Vida Hipoteca;M;28/11/1960;07/08/2015;07/08/2030;188.000,00;1.034,81;Barcelona
V507218;Vida Hipoteca;M;24/01/1976;18/12/2015;18/12/2035;153.000,00;239,59;Murcia
V507505;Vida Riesgo;M;29/03/1972;20/08/2018;20/08/2033;62.000,00;168,63;Guadalajara
V506978;Vida Riesgo;H;06/08/1980;20/04/2016;20/04/2031;302.000,00;331,12;Málaga
V502713;Vida Riesgo;M ;21/05/1976;06/01/2023;06/01/2043;33.000,00;91,57;Madrid
V500749;Vida Hipoteca;M;19/01/1991;10/06/2022;10/06/2052;124.000,00;94,20;Córdoba
V505850;Vida Hipoteca;M;07/10/1978;12/12/2017;12/12/2042;150.000,00;220,97;Valladolid
V502756;Vida Riesgo;M;19/02/1965;25/11/2016;25/11/2031;94.000,00;403,62;Valladolid
V507089;Vida Riesgo;M;02/03/1975;17/03/2019;17/03/2034;52.000,00;115,80;Barcelona
V502477;Vida Hipoteca;H;13/01/1985;11/11/2023;11/11/2038;203.000,00;290,17;Jaén
V502017;Vida Hipoteca;H;07/09/1986;27/08/2023;27/08/2048;188.000,00;229,52;Barcelona
V501116;Vida Hipoteca;M;12/12/1988;08/04/2021;08/04/2041;160.000,00;131,57;León
V505434;Vida Hipoteca;H;05/06/1987;03/01/2016;03/01/2036;271.000,00;162,16;Guadalajara
V504304;Vida Hipoteca;H;13/01/1992;18/02/2021;18/02/2046;323.000,00;202,01;Asturias
V506525;Vida Hipoteca;H;20/03/1976;25/02/2018;25/02/2033;258.000,00;480,34;Barcelona
V504746;Vida Hipoteca;M;23/10/1993;24/12/2023;24/12/2048;179.000,00;122,57;Barcelona
V502173;Vida Hipoteca;M;26/08/1971;21/11/2015;21/11/2040;87.000,00;197,00;Ceuta
V507922;Vida Hipoteca;M;25/09/1984;07/01/2023;07/01/2053;104.000,00;141,96;Bizkaia
V505471;Vida Hipoteca;M;16/10/1971;08/10/2022;08/10/2052;328.000,00;1.317,17;Salamanca
V503267;Vida Hipoteca;M;20/06/1969;09/08/2015;09/08/2035;332.000,00;883,45;Alicante
V502711;Vida Riesgo;H;14/10/1969;06/06/2018;06/06/2028;81.000,00;266,72;Barcelona
V506379;Vida Riesgo;H;03/08/1966;23/03/2015;23/03/2025;94.000,00;309,31;Madrid
V501237;Vida Hipoteca;M;28/02/1979;13/10/2017;13/10/2032;102.000,00;143,32;Gipuzkoa
V506465;Vida Riesgo;H;28/09/1979;30/08/2023;30/08/2043;145.000,00;319,61;Cádiz
V505280;Vida Hipoteca;H;30/07/1976;05/08/2019;05/08/2034;195.000,00;397,90;Madrid
V505634;Vida Riesgo;M;27/11/1961;15/09/2019;15/09/2039;55.000,00;394,35;Palencia
V500297;Vida Hipoteca;M;01/05/1976;27/02/2024;27/02/2049;93.000,00;285,68;Madrid
V507235;Vida Riesgo;H;03/05/1968;10/02/2021;10/02/2036;57.000,00;266,68;Barcelona
V503286;Vida Hipoteca;H;26/04/1988;09/04/2017;09/04/2042;299.000,00;184,68;Badajoz
V506827;Vida Riesgo;M;08/07/1989;28/08/2020;28/08/2040;78.000,00;58,01;Murcia
V507427;Vida Hipoteca;M;17/04/1973;01/06/2016;01/06/2036;143.000,00;294,54;Castellón
V501635;Vida Riesgo;M;30/12/1979;06/09/2019;06/09/2039;27.000,00;41,52;Ceuta
V503738;Vida Hipoteca;M;23/07/1969;25/07/2018;25/07/2038;98.000,00;332,80;Teruel
V503402;Vida Riesgo;H;03/03/1987;24/02/2024;24/02/2034;57.000,00;69,65;Málaga
V504479;Vida Hipoteca;H;26/06/1975;14/04/2020;14/04/2045;127.000,00;301,74;Segovia
V501491;Vida Hipoteca;H;29/09/1961;08/10/2015;08/10/2040;160.000,00;832,29;Ourense
V501510;Vida Hipoteca;Hombre;19/09/1965;15/01/2024;15/01/2044;134.000,00;1.004,57;Málaga
V506931;Vida Hipoteca;M;24/04/1991;02/12/2021;02/12/2036;197.000,00;140,07;Barcelona
V503290;Vida Hipoteca;M;21/09/1962;12/06/2015;12/06/2035;52.000,00;242,19;Jaén
V504047;Vida Hipoteca;M;09/07/1985;02/03/2017;02/03/2047;108.000,00;83,86;Lleida
V507797;Vida Hipoteca;h;09/03/1970;10/11/2021;10/11/2046;104.000,00;443,09;La Rioja
V500666;Vida Hipoteca;M;13/08/1985;14/03/2018;14/03/2038;223.000,00;187,53;Madrid
V505623;Vida Hipoteca;H;19/09/1974;05/08/2016;05/08/2046;97.000,00;179,73;Asturias
V500032;Vida Hipoteca;H;02/11/1980;10/09/2018;10/09/2033;170.000,00;223,70;Las Palmas
V503424;Vida Hipoteca;H;30/10/1978;16/11/2017;16/11/2047;216.000,00;314,61;Madrid
V507293;Vida Hipoteca;H;16/10/1971;03/07/2017;03/07/2042;204.000,00;523,62;Sevilla
V502571;Vida Riesgo;M;11/05/1989;27/04/2023;27/04/2038;80.000,00;75,61;Madrid
V507494;Vida Riesgo;H;10/03/1985;05/12/2017;05/12/2032;59.000,00;50,27;Cádiz
V505272;Vida Riesgo;H;22/07/1980;18/12/2023;18/12/2043;32.000,00;67,51;Valencia
V504036;Vida Hipoteca;M;19/04/1979;12/04/2020;12/04/2040;163.000,00;279,87;Huelva
V507808;Vida Hipoteca;H;22/02/1978;01/03/2017;01/03/2042;111.000,00;161,31;Barcelona
V500567;Vida Hipoteca;M;03/01/1977;29/01/2016;29/01/2046;176.000,00;256,81;Gipuzkoa
V501518;Vida Riesgo;M;28/04/1970;29/06/2018;29/06/2038;33.000,00;104,39;Valencia
V501636;Vida Hipoteca;M;11/03/1971;18/01/2018;18/01/2033;175.000,00;495,15;Alicante
V504148;Vida Hipoteca;M;08/02/1954;23/08/2016;23/08/2041;169.000,00;1.813,03;Lugo
V505358;Vida Riesgo;M;26/03/1970;20/08/2022;20/08/2037;35.000,00;158,66;Barcelona
V506867;Vida Hipoteca;M;09/12/1983;29/11/2016;29/11/2046;130.000,00;113,00;Pontevedra
V502815;Vida Hipoteca;H;25/02/1980;17/09/2019;17/09/2044;101.000,00;153,67;Málaga
V507761;Vida Hipoteca;M;16/02/1971;06/02/2011;06/02/2021;131.000,00;690,33;Sevilla
V504880;Vida Hipoteca;M;25/10/1986;08/02/2022;08/02/2042;161.000,00;170,40;Bizkaia
V501048;Vida Riesgo;M;01/04/1977;15/02/2020;15/02/2035;44.000,00;88,74;Málaga
V505781;Vida Riesgo;H;03/04/1974;29/01/2023;29/01/2033;110.000,00;367,86;Almería
V507415;Vida Riesgo;M;09/09/1991;09/04/2024;09/04/2039;59.000,00;49,61;Málaga
V502063;Vida Riesgo;H;05/02/1978;27/12/2015;27/12/2030;56.000,00;73,92;Zamora
V503859;Vida Riesgo;H;08/07/1975;03/11/2024;03/11/2044;118.000,00;411,76;Barcelona
V501342;Vida Hipoteca;H;20/02/1974;20/09/2022;20/09/2052;218.000,00;714,04;Pontevedra
V502735;Vida Hipoteca;M;25/11/2001;06/02/2020;06/02/2050;120.000,00;29,71;Badajoz
V501768;Vida Hipoteca;H;25/09/1983;02/11/2021;02/11/2036;105.000,00;141,17;Granada
V504757;Vida Riesgo;H;26/08/1972;15/06/2015;15/06/2035;40.000,00;80,16;Huelva
V501130;Vida Hipoteca;H;11/08/1972;20/04/2023;20/04/2043;110.000,00;431,00;Sevilla
V501661;Vida Riesgo;M;11/01/1978;11/12/2022;11/12/2032;108.000,00;259,03;Cáceres
V502396;Vida Riesgo;m;24/01/1969;20/10/2015;20/10/2035;62.000,00;173,59;Murcia
V504967;Vida Riesgo;M;08/02/1986;11/04/2022;11/04/2037;62.000,00;70,71;Madrid
V506214;Vida Hipoteca;H;05/09/1962;10/02/2016;10/02/2031;122.000,00;603,58;Madrid
V505957;Vida Hipoteca;H;03/07/1980;15/01/2022;15/01/2037;109.000,00;196,19;Pontevedra
V507626;Vida Riesgo;H;03/02/1994;19/01/2022;19/01/2042;30.000,00;17,03;Málaga
V502489;Vida Hipoteca;H;21/06/1974;18/07/2021;18/07/2036;167.000,00;481,27;Madrid
V501335;Vida Riesgo;H;05/11/1984;18/12/2016;18/12/2036;92.000,00;74,35;Madrid
V507940;Vida Riesgo;M;01/07/1981;23/09/2022;23/09/2032;66.000,00;115,72;Tarragona
V503109;Vida Riesgo;M;03/07/1979;04/08/2020;04/08/2030;127.000,00;220,07;Sevilla
V505644;Vida Hipoteca;H;20/03/1973;25/02/2019;25/02/2049;275.000,00;719,44;Badajoz
V503515;Vida Riesgo;H;04/05/1995;12/10/2022;12/10/2032;73.000,00;39,65;Cantabria
V500495;Vida Riesgo;H;22/02/1985;25/07/2022;25/07/2042;24.000,00;30,44;Guadalajara
V502816;Vida Riesgo;H;03/02/1982;23/06/2023;23/06/2033;36.000,00;63,95;Illes Balears
V507015;Vida Hipoteca;H;03/11/1979;21/07/2018;21/07/2033;217.000,00;307,19;Barcelona
V504646;Vida Riesgo;M;10/09/1979;20/03/2024;20/03/2044;29.000,00;67,30;Gipuzkoa
V500230;Vida Hipoteca;H;02/02/1987;10/05/2019;10/05/2049;148.000,00;121,12;Alicante
V503021;Vida Hipoteca;M;17/07/1974;16/03/2024;16/03/2039;144.000,00;517,22;Granada
V501064;Vida Riesgo;M;06/02/1986;15/06/2018;15/06/2038;64.000,00;52,77;Las Palmas
V503976;Vida Hipoteca;H;20/10/1987;25/12/2020;25/12/2035;72.000,00;63,70;Madrid
V506731;Vida Riesgo;M;11/08/1973;14/12/2016;14/12/2036;145.000,00;304,28;Las Palmas
V503945;Vida Hipoteca;M;14/02/1964;04/10/2018;04/10/2038;164.000,00;898,81;Valladolid
V500120;Vida Riesgo;M;08/10/1963;17/08/2016;17/08/2031;13.000,00;61,26;Bizkaia
V504081;Vida Hipoteca;M;25/06/1966;06/04/2016;06/04/2046;135.000,00;489,68;Madrid
V503613;Vida Hipoteca;m;10/10/1981;13/08/2022;13/08/2037;192.000,00;325,74;Ourense
V500005;Vida Hipoteca;M;13/04/1989;20/02/2021;20/02/2036;153.000,00;120,94;Girona
V504739;Vida Hipoteca;H;13/08/1971;14/01/2023;14/01/2043;212.000,00;884,03;Alicante
V500472;Vida Riesgo;H;21/06/1990;16/10/2016;16/10/2026;61.000,00;30,12;Barcelona
V504352;Vida Hipoteca;M;31/01/1989;25/11/2022;25/11/2042;81.000,00;75,62;Lleida
V501759;Vida Hipoteca;H;10/08/1978;18/12/2024;18/12/2049;78.000,00;211,48;Murcia
V501607;Vida Hipoteca;H;01/10/1983;08/09/2024;08/09/2049;219.000,00;374,67;Huesca
V500604;Vida Hipoteca;H;21/10/1975;21/01/2017;21/01/2047;277.000,00;486,75;Granada
V502300;Vida Hipoteca;H;09/02/1965;23/02/2020;23/02/2040;190.000,00;1.077,33;Cádiz
V504472;Vida Hipoteca;M;05/05/1964;16/06/2018;16/06/2038;143.000,00;749,66;Ciudad Real
V500723;Vida Riesgo;H;02/05/1987;26/07/2020;26/07/2035;37.000,00;32,88;Asturias
V500273;Vida Hipoteca;H;04/01/1987;07/03/2016;07/03/2031;267.000,00;167,99;Lleida
V500057;Vida Riesgo;H;02/02/1985;31/10/2018;31/10/2033;114.000,00;105,77;Melilla
V501541;Vida Hipoteca;M;23/08/1985;05/10/2022;05/10/2052;133.000,00;164,42;Murcia
V501893;Vida Riesgo;H;20/06/1985;27/10/2017;27/10/2037;66.000,00;54,42;Madrid
V506476;Vida Hipoteca;M ;15/03/2001;25/02/2023;25/02/2043;240.000,00;81,73;Sevilla
V504412;Vida Hipoteca;H;10/05/1980;24/11/2022;24/11/2037;189.000,00;370,45;A Coruña
V501263;Vida Riesgo;H;28/01/1978;13/04/2020;13/04/2040;36.000,00;68,59;Barcelona
V505479;Vida Riesgo;M;13/06/1970;03/06/2010;03/06/2020;32.000,00;49,23;Las Palmas
V504666;Vida Hipoteca;H;07/02/1967;08/03/2017;08/03/2032;192.000,00;714,38;Ourense
V500115;Vida Hipoteca;H;28/10/1965;23/11/2018;23/11/2048;176.000,00;844,40;Málaga
V501700;Vida Hipoteca;H;22/09/1975;02/05/2018;02/05/2048;303.000,00;597,39;Castellón
V504354;Vida Hipoteca;H;30/04/1986;09/12/2021;09/12/2046;107.000,00;116,39;Barcelona
V507667;Vida Hipoteca;H ;12/04/1997;20/03/2022;20/03/2042;39.000,00;17,12;Madrid
V503665;Vida Riesgo;H;15/01/1978;01/04/2021;01/04/2031;76.000,00;157,67;Madrid
V504279;Vida Hipoteca;H;15/02/1960;07/04/2018;07/04/2033;251.000,00;1.853,10;Cáceres
V506863;Vida Riesgo;M;08/05/1985;03/05/2023;03/05/2038;65.000,00;86,50;Alicante
V502596;Vida Hipoteca;M;09/12/1962;23/10/2021;23/10/2041;131.000,00;1.029,07;Madrid
V507732;Vida Hipoteca;M;17/07/1968;14/12/2015;14/12/2040;152.000,00;450,68;Ceuta
V502184;Vida Riesgo;M;15/12/1968;13/08/2022;13/08/2032;17.000,00;85,73;Barcelona
V505279;Vida Hipoteca;M;29/12/1976;24/06/2023;24/06/2043;80.000,00;219,24;Málaga
V501852;Vida Hipoteca;M;21/10/1988;07/04/2023;07/04/2053;86.000,00;84,80;Lugo
V506703;Vida Hipoteca;M;09/05/1976;30/01/2019;30/01/2039;240.000,00;477,91;Alicante
V505428;Vida Hipoteca;H;17/03/1981;31/08/2018;31/08/2033;199.000,00;253,20;Murcia
V502550;Vida Riesgo;M;29/02/1976;09/05/2016;09/05/2026;57.000,00;91,50;León
V507652;Vida Riesgo;M;12/02/1975;07/10/2021;07/10/2041;39.000,00;108,41;Illes Balears
V501887;Vida Hipoteca;M;18/07/1985;18/07/2016;18/07/2046;398.000,00;292,53;Gipuzkoa
V502385;Vida Riesgo;M;21/06/1973;28/02/2016;28/02/2026;66.000,00;131,00;Zaragoza
V506845;Vida Hipoteca;M;11/02/1956;16/03/2016;16/03/2036;80.000,00;697,21;Lleida
V504754;Vida Hipoteca;H;17/07/1977;17/08/2023;17/08/2038;280.000,00;741,68;Soria
V506065;Vida Hipoteca;M;28/02/1976;15/04/2020;15/04/2040;150.000,00;336,51;Barcelona
V502119;Vida Hipoteca;M;29/11/1958;21/07/2018;21/07/2038;132.000,00;1.107,02;Barcelona
V507224;Vida Hipoteca;M;17/12/1980;17/12/2022;17/12/2052;167.000,00;312,59;Illes Balears
V504333;Vida Hipoteca;M;22/07/1975;22/09/2020;22/09/2045;277.000,00;679,04;Murcia
V503700;Vida Hipoteca;M;16/06/1974;30/09/2020;30/09/2040;75.000,00;202,22;Zamora
V504676;Vida Riesgo;H;05/02/1974;04/11/2018;04/11/2028;70.000,00;165,47;Valencia
V505331;Vida Hipoteca;M;22/10/1991;29/07/2020;29/07/2040;137.000,00;83,31;Navarra
V507070;Vida Riesgo;H;23/11/1970;19/02/2018;19/02/2033;63.000,00;184,15;Alicante
V503464;Vida Riesgo;M;18/02/1965;18/02/2015;18/02/2035;78.000,00;288,20;Málaga
V505135;Vida Riesgo;M;05/02/1968;22/04/2016;22/04/2031;56.000,00;177,73;Granada
V505176;Vida Riesgo;H;23/05/1972;15/05/2019;15/05/2034;77.000,00;220,05;Barcelona
V507963;Vida Hipoteca;H;10/02/1970;26/11/2015;26/11/2045;287.000,00;741,51;Valencia
V507263;Vida Riesgo;H;20/02/1985;15/03/2023;15/03/2038;47.000,00;62,96;A Coruña
V500672;Vida Riesgo;M;31/05/1979;03/06/2015;03/06/2025;45.000,00;50,62;Madrid
V506773;Vida Hipoteca;H;26/03/1976;16/07/2015;16/07/2040;196.000,00;291,84;Asturias
V502015;Vida Hipoteca;Mujer;27/06/1970;30/03/2020;30/03/2035;107.000,00;387,34;Alicante
V500932;Vida Riesgo;H;23/06/1978;14/05/2016;14/05/2031;31.000,00;40,93;Zaragoza
V501929;Vida Riesgo;H;28/12/1968;26/06/2016;26/06/2031;147.000,00;438,98;A Coruña
V502410;Vida Riesgo;H;31/08/1987;14/09/2019;14/09/2039;72.000,00;57,80;Madrid
V502280;Vida Hipoteca;Hombre;13/09/1968;16/11/2021;16/11/2046;173.000,00;837,35;Albacete
V507095;Vida Hipoteca;H;06/08/1967;20/09/2023;20/09/2048;77.000,00;478,87;Gipuzkoa
V505852;Vida Hipoteca;H;16/07/1955;02/05/2015;02/05/2045;179.000,00;1.520,76;Córdoba
V506588;Vida Hipoteca;M;03/06/1963;26/01/2020;26/01/2045;282.000,00;1.833,73;Huelva
V501634;Vida Riesgo;Hombre;02/05/1987;12/09/2021;12/09/2031;80.000,00;78,28;Granada
V501519;Vida Hipoteca;H;27/03/1979;02/08/2020;02/08/2035;182.000,00;322,52;Murcia
V504152;Vida Riesgo;H;21/06/1980;05/08/2020;05/08/2035;17.000,00;27,13;Lleida
V503536;Vida Riesgo;M;02/11/1977;31/01/2021;31/01/2041;94.000,00;195,66;Valencia
V502039;Vida Hipoteca;Mujer;26/10/1972;11/04/2024;11/04/2049;187.000,00;782,27;Valencia
V502395;Vida Riesgo;H;06/06/1982;10/04/2024;10/04/2034;23.000,00;42,50;Málaga
V503409;Vida Riesgo;M;03/11/1981;04/05/2019;04/05/2034;45.000,00;57,45;A Coruña
V500145;Vida Riesgo;M;03/03/1975;02/06/2018;02/06/2033;64.000,00;133,24;Granada
V500787;Vida Riesgo;M;08/05/1962;04/08/2024;04/08/2034;52.000,00;543,94;Almería
V505551;Vida Hipoteca;H;20/10/1964;07/05/2020;07/05/2045;256.000,00;1.515,73;Pontevedra
V502569;Vida Riesgo;M;09/11/1974;14/11/2015;14/11/2025;103.000,00;177,31;Melilla
V506727;Vida Hipoteca;H;07/12/1976;01/07/2016;01/07/2031;271.000,00;412,46;Teruel
V507576;Vida Hipoteca;M ;28/10/1974;29/08/2019;29/08/2044;199.000,00;474,02;Valencia
V504574;Vida Riesgo;M;10/02/1981;01/04/2019;01/04/2029;98.000,00;132,11;Sevilla
V507400;Vida Riesgo;H;03/07/2001;23/04/2021;23/04/2041;80.000,00;22,71;Segovia
V505580;Vida Hipoteca;M;13/07/1987;14/07/2015;14/07/2035;146.000,00;83,17;Bizkaia
V503575;Vida Hipoteca;H;11/05/1989;09/04/2022;09/04/2037;165.000,00;142,67;Valencia
V506060;Vida Hipoteca;M;22/07/1971;12/01/2022;12/01/2047;167.000,00;642,66;Cádiz
V501906;Vida Hipoteca;M;09/08/1979;11/05/2023;11/05/2038;275.000,00;597,55;A Coruña
V501403;Vida Hipoteca;M;29/01/1973;05/11/2016;05/11/2041;107.000,00;232,80;Toledo
V501348;Vida Hipoteca;M;07/10/1993;27/11/2023;27/11/2048;109.000,00;74,46;A Coruña
V503446;Vida Hipoteca;M;21/11/1993;28/04/2021;28/04/2051;158.000,00;85,75;León
V502867;Vida Hipoteca;H;02/11/1991;17/08/2024;17/08/2044;93.000,00;79,60;Ourense
V507862;Vida Riesgo;H;04/11/1964;12/09/2015;12/09/2030;110.000,00;437,09;Sevilla
V503662;Vida Riesgo;M;25/11/1979;01/04/2017;01/04/2027;50.000,00;63,04;Las Palmas
V504662;Vida Hipoteca;M;10/01/2011;04/11/2021;04/11/2051;141.000,00;214,82;Zaragoza
V503224;Vida Riesgo;M;10/01/1960;24/12/2016;24/12/2026;91.000,00;607,37;Valencia
V500186;Vida Riesgo;M;29/05/1962;15/04/2020;15/04/2035;89.000,00;642,60;Lugo
V500301;Vida Riesgo;H;03/01/1985;;05/05/2039;19.000,00;18,54;Alicante
V501615;Vida Riesgo;M;29/08/1984;19/04/2020;19/04/2030;35.000,00;38,16;Cáceres
V501570;Vida Hipoteca;H;16/09/1975;19/04/2019;19/04/2049;104.000,00;222,88;Cuenca
V500052;Vida Hipoteca;H;18/12/1992;20/03/2024;20/03/2039;122.000,00;91,61;Madrid
V505906;Vida Riesgo;M;05/06/1985;23/08/2022;23/08/2037;104.000,00;129,65;Valladolid
V505157;Vida Hipoteca;H;26/04/1971;09/03/2023;09/03/2048;97.000,00;420,14;Málaga
V507772;Vida Hipoteca;m;06/04/1981;17/10/2020;17/10/2035;83.000,00;125,97;La Rioja
V501046;Vida Hipoteca;M;04/08/1955;04/01/2018;04/01/2038;151.000,00;1.603,79;Madrid
V503447;Vida Riesgo;H;06/05/1982;07/06/2023;07/06/2043;27.000,00;46,78;Cádiz
V501907;Vida Riesgo;M;09/06/1981;07/08/2020;07/08/2035;146.000,00;214,76;Murcia
V505671;Vida Riesgo;M;28/11/1978;19/10/2016;19/10/2026;81.000,00;106,94;Alicante
V507836;Vida Hipoteca;H;23/04/1981;12/03/2017;12/03/2032;219.000,00;243,79;Pontevedra
V507373;Vida Riesgo;H;18/07/1960;27/04/2015;27/04/2035;33.000,00;182,95;Segovia
V506325;Vida Hipoteca;Mujer;17/04/1976;23/03/2020;23/03/2035;196.000,00;432,37;Segovia
V500409;Vida Riesgo;M;13/11/1978;08/05/2023;08/05/2038;86.000,00;198,80;Granada
V500235;Vida Hipoteca;H;12/10/1974;04/09/2023;04/09/2053;215.000,00;723,32;Granada
V503977;Vida Hipoteca;H;11/04/1977;06/04/2016;06/04/2041;71.000,00;102,88;Palencia
V504376;Vida Riesgo;M;23/08/1986;22/04/2024;22/04/2044;68.000,00;88,06;Murcia
V504887;Vida Riesgo;H;24/10/1981;02/06/2022;02/06/2042;41.000,00;68,17;Tarragona
V503944;Vida Hipoteca;H;04/11/1954;28/09/2016;28/09/2036;186.000,00;1.890,16;Madrid
V507798;Vida Riesgo;H;06/11/1977;15/03/2018;15/03/2033;46.000,00;74,86;Alicante
V504927;Vida Riesgo;H;10/10/1968;24/08/2018;24/08/2033;135.000,00;493,35;Barcelona
V506408;Vida Hipoteca;H;13/08/1971;17/10/2015;17/10/2030;76.000,00;171,20;Barcelona
V501388;Vida Hipoteca;H;27/11/1982;20/12/2023;20/12/2048;92.000,00;159,04;Granada
V502077;Vida Hipoteca;M;31/05/1967;23/04/2016;23/04/2031;225.000,00;757,16;Barcelona
V506752;Vida Hipoteca;H;25/09/1986;23/04/2020;23/04/2050;82.000,00;75,02;Illes Balears
V500856;Vida Hipoteca;H;22/09/1986;13/06/2023;13/06/2048;58.000,00;69,34;Sevilla
V505747;Vida Hipoteca;H;09/06/1980;15/04/2017;15/04/2047;109.000,00;131,72;Murcia
V503168;Vida Hipoteca;M;08/05/1995;19/10/2019;19/10/2044;103.000,00;43,38;Madrid
V502351;Vida Riesgo;M;27/06/1974;02/03/2015;02/03/2030;138.000,00;230,91;Pontevedra
V504779;Vida Riesgo;M;12/02/1976;05/10/2016;05/10/2036;66.000,00;110,13;Granada
V506428;Vida Riesgo;M;06/07/1993;04/10/2019;04/10/2029;33.000,00;16,19;Madrid
V507703;Vida Hipoteca;M;14/05/1971;12/07/2016;12/07/2031;124.000,00;303,76;Barcelona
V504059;Vida Riesgo;H;23/06/1988;07/01/2024;07/01/2034;36.000,00;38,92;Murcia
V501579;Vida Riesgo;M;14/07/1968;25/11/2017;25/11/2027;50.000,00;175,06;Madrid
V501356;Vida Hipoteca;M;22/08/1958;08/01/2015;08/01/2035;199.000,00;1.264,81;Málaga
V505278;Vida Hipoteca;M;03/06/1972;09/02/2024;09/02/2039;227.000,00;968,13;Bizkaia
V502123;Vida Hipoteca;M;21/11/1968;05/05/2015;05/05/2040;227.000,00;620,30;Madrid
V504132;Vida Hipoteca;H;18/03/1981;01/01/2018;01/01/2038;92.000,00;110,63;Gipuzkoa
V500046;Vida Riesgo;M;19/03/1969;10/09/2019;10/09/2034;66.000,00;253,98;Segovia
V503546;Vida Riesgo;M;01/08/1977;03/05/2018;03/05/2028;41.000,00;69,03;Toledo
V503677;Vida Hipoteca;H;12/11/1967;06/02/2017;06/02/2037;110.000,00;381,01;Valencia
V505655;Vida Riesgo;M;27/11/1976;15/10/2024;15/10/2039;22.000,00;67,90;Valencia
V501070;Vida Riesgo;M;07/11/1973;16/10/2017;16/10/2032;83.000,00;183,25;Jaén
V507210;Vida Hipoteca;H;20/01/1978;30/10/2024;30/10/2044;91.000,00;255,68;Sevilla
V504990;Vida Hipoteca;M;04/07/1974;15/03/2017;15/03/2032;119.000,00;236,37;Madrid
V506574;Vida Hipoteca;M;27/11/1979;16/07/2018;16/07/2033;182.000,00;255,95;Cádiz
V504573;Vida Riesgo;H;19/06/1973;30/05/2021;30/05/2036;109.000,00;338,23;Pontevedra
V502322;Vida Hipoteca;M;06/02/1987;19/06/2022;19/06/2042;137.000,00;145,93;Las Palmas
V507885;Vida Hipoteca;M;06/11/1975;16/02/2015;16/02/2045;146.000,00;216,89;Badajoz
V504528;Vida Riesgo;M;26/04/1951;06/05/2015;06/05/2030;28.000,00;340,94;Santa Cruz de Tenerife
V505079;Vida Riesgo;H;22/07/1969;05/01/2017;05/01/2027;95.000,00;282,81;Badajoz
V503874;Vida Hipoteca;M;25/09/1979;15/12/2018;15/12/2033;468.000,00;691,98;Asturias
V507588;Vida Hipoteca;M;30/09/1976;13/08/2022;13/08/2052;282.000,00;733,36;Barcelona
V502421;Vida Riesgo;H;05/03/1974;19/01/2018;19/01/2033;31.000,00;68,07;Málaga
V506396;Vida Hipoteca;H;13/11/1968;22/11/2021;22/11/2041;238.000,00;1.137,37;Madrid
V502074;Vida Hipoteca;H;06/11/1959;17/07/2016;17/07/2036;104.000,00;678,94;La Rioja
V500202;Vida Hipoteca;M;22/07/1969;13/03/2015;13/03/2045;104.000,00;265,31;Córdoba
V500525;Vida Hipoteca;H;15/04/1983;11/06/2017;11/06/2032;200.000,00;192,26;Sevilla
V501188;Vida Hipoteca;H;27/05/1974;10/12/2015;10/12/2040;177.000,00;318,62;Albacete
V500810;Vida Hipoteca;M;12/10/1969;29/11/2015;29/11/2040;279.000,00;742,02;Madrid
V501649;Vida Hipoteca;M;16/08/1980;21/05/2019;21/05/2049;76.000,00;108,04;Madrid
V500962;Vida Riesgo;M;20/06/1982;18/04/2021;18/04/2041;23.000,00;32,89;Madrid
V507341;Vida Hipoteca;M;30/07/1972;28/06/2023;28/06/2038;166.000,00;662,71;Granada
V504319;Vida Hipoteca;H;25/04/1981;26/11/2022;26/11/2037;128.000,00;231,40;Barcelona
V500293;Vida Riesgo;H;01/01/1900;03/11/2023;03/11/2038;55.000,00;32,93;Asturias
V503639;Vida Hipoteca;h;03/09/1972;15/07/2017;15/07/2032;146.000,00;348,59;Las Palmas
V505191;Vida Hipoteca;M;06/08/1966;29/05/2015;29/05/2045;101.000,00;337,37;Huelva
V507783;Vida Riesgo;M;19/01/1974;07/03/2022;07/03/2037;45.000,00;141,84;Barcelona
V503372;Vida Riesgo;M;28/11/1974;10/10/2016;10/10/2026;75.000,00;138,84;Bizkaia
V506890;Vida Hipoteca;H;08/06/1995;01/07/2024;01/07/2049;174.000,00;108,49;Málaga
V507347;Vida Hipoteca;Hombre;22/03/1979;26/04/2024;26/04/2039;170.000,00;414,11;Segovia
V501090;Vida Hipoteca;h;23/01/1959;12/07/2017;12/07/2042;105.000,00;796,95;Granada
V502168;Vida Riesgo;h;30/11/1988;19/11/2023;19/11/2038;88.000,00;90,61;Málaga
V506744;Vida Riesgo;H;04/05/1979;22/04/2020;22/04/2040;55.000,00;94,33;León
V505921;Vida Riesgo;M;29/08/1972;28/11/2017;28/11/2037;87.000,00;214,67;Barcelona
V507965;Vida Riesgo;H;11/01/1971;10/08/2017;10/08/2032;227.000,00;627,19;Bizkaia
V505411;Vida Hipoteca;M;28/07/1962;01/01/2023;01/01/2038;93.000,00;834,03;Valencia
V507276;Vida Hipoteca;M;15/03/1985;21/10/2017;21/10/2047;174.000,00;146,55;Cáceres
V502627;Vida Hipoteca;M;06/10/1983;13/05/2021;13/05/2036;104.000,00;133,97;Lleida
V501129;Vida Hipoteca;H;22/09/1968;19/09/2015;19/09/2040;127.000,00;363,32;A Coruña
V504801;Vida Riesgo;M;02/10/1982;02/05/2024;02/05/2039;73.000,00;131,90;Teruel
V500515;Vida Hipoteca;H;12/09/1972;13/11/2017;13/11/2047;112.000,00;274,51;Cádiz
V503034;Vida Riesgo;H;17/10/1986;28/07/2020;28/07/2040;57.000,00;53,06;Barcelona
V502929;Vida Hipoteca;H;28/08/1975;28/10/2021;28/10/2041;58.000,00;154,75;Barcelona
V506721;Vida Hipoteca;M;09/12/1973;24/03/2016;24/03/2046;195.000,00;374,09;Huesca
V506397;Vida Riesgo;H;07/03/1983;02/04/2024;02/04/2039;44.000,00;76,13;Sevilla
V500221;Vida Riesgo;M;07/02/1967;04/07/2019;04/07/2039;50.000,00;226,62;Madrid
V506696;Vida Hipoteca;M;06/02/1985;12/03/2021;12/03/2041;131.000,00;148,45;Cádiz
V501975;Vida Hipoteca;M;02/06/1972;05/10/2015;05/10/2040;161.000,00;337,76;Jaén
V501411;Vida Hipoteca;M;15/03/1981;27/04/2022;27/04/2042;158.000,00;274,39;Madrid
V504019;Vida Hipoteca;M;25/10/1968;27/03/2022;27/03/2052;162.000,00;800,45;A Coruña
V505337;Vida Riesgo;M;28/08/1990;01/09/2016;01/09/2036;40.000,00;19,24;Ávila
V501118;Vida Hipoteca;H;03/05/1970;18/11/2017;18/11/2037;78.000,00;233,94;Lleida
V505333;Vida Hipoteca;H;29/12/1979;24/07/2017;24/07/2047;225.000,00;289,03;Madrid
V502208;Vida Hipoteca;H;07/04/1996;12/07/2016;12/07/2041;137.000,00;40,42;Bizkaia
V504548;Vida Hipoteca;M;24/02/1982;02/10/2020;02/10/2050;246.000,00;345,09;Ávila
V507205;Vida Riesgo;M;12/10/1978;12/07/2021;12/07/2031;53.000,00;105,73;Madrid
V500430;Vida Riesgo;H;25/09/2001;05/11/2023;05/11/2033;33.000,00;11,39;A Coruña
V503887;Vida Riesgo;M;09/10/1975;17/06/2016;17/06/2026;131.000,00;219,38;Illes Balears
V505592;Vida Hipoteca;M;21/10/1967;07/03/2023;07/03/2038;203.000,00;1.184,70;Málaga
V503845;Vida Hipoteca;M;20/10/1981;21/10/2016;21/10/2046;119.000,00;122,92;Lleida
V506803;Vida Riesgo;H;16/06/1968;01/01/2024;01/01/2044;56.000,00;331,46;Barcelona
V500288;Vida Riesgo;H;06/10/1988;09/11/2024;09/11/2034;57.000,00;64,59;Barcelona
V505960;Vida Hipoteca;H;27/10/1989;13/08/2018;13/08/2043;116.000,00;70,68;Cáceres
V502947;Vida Riesgo;M;21/06/1975;19/04/2016;19/04/2036;48.000,00;81,36;Murcia
V505841;Vida Riesgo;H;18/11/1957;06/10/2019;06/10/2039;51.000,00;517,35;Alicante
V501232;Vida Riesgo;M;28/06/1980;03/11/2016;03/11/2031;62.000,00;71,81;Burgos
V507941;Vida Hipoteca;H;19/03/1978;08/08/2016;08/08/2031;106.000,00;146,00;Badajoz
V502657;Vida Hipoteca;H;26/03/1988;06/12/2021;06/12/2051;71.000,00;65,64;Alicante
V506698;Vida Hipoteca;H;17/11/1971;27/06/2023;27/06/2053;192.000,00;813,50;Segovia
V504639;Vida Riesgo;H;27/08/1970;01/04/2019;01/04/2029;93.000,00;304,97;Barcelona
V500546;Vida Hipoteca;M;11/01/1988;24/01/2019;24/01/2039;75.000,00;55,30;Araba/Álava
V502606;Vida Riesgo;H;29/10/1980;14/01/2021;14/01/2031;24.000,00;38,59;Tarragona
V502175;Vida Riesgo;M;29/04/1987;18/05/2022;18/05/2032;128.000,00;132,76;Madrid
V504872;Vida Hipoteca;M;18/01/1969;28/09/2019;28/09/2049;121.000,00;474,21;Illes Balears
V501665;Vida Riesgo;H;17/01/1978;02/11/2015;02/11/2025;111.000,00;145,31;León
V502226;Vida Hipoteca;H;22/09/1995;12/03/2023;12/03/2048;63.000,00;34,30;Barcelona
V500533;Vida Riesgo;H;23/10/1975;15/10/2021;15/10/2036;69.000,00;181,18;Barcelona
V507719;Vida Hipoteca;M;06/05/1982;07/07/2024;07/07/2039;92.000,00;174,77;Barcelona
V504539;Vida Riesgo;M;22/06/1978;10/02/2021;10/02/2036;39.000,00;77,09;Alicante
V505943;Vida Hipoteca;H;23/07/1971;01/11/2016;01/11/2036;142.000,00;351,27;Zaragoza
V505168;Vida Riesgo;H;14/12/1978;22/05/2016;22/05/2031;17.000,00;21,59;Melilla
V504983;Vida Hipoteca;H;05/08/1984;02/03/2021;02/03/2036;221.000,00;260,80;Barcelona
V507359;Vida Hipoteca;M;16/07/1988;17/03/2019;17/03/2039;68.000,00;48,58;Lugo
V503629;Vida Riesgo;M;02/11/1974;14/08/2017;14/08/2032;80.000,00;160,07;Córdoba
V501067;Vida Riesgo;H;18/05/1994;06/01/2024;06/01/2044;86.000,00;56,29;Valencia
V501488;Vida Hipoteca;H;11/01/1973;07/04/2024;07/04/2039;190.000,00;779,90;Cádiz
V507104;Vida Hipoteca;H;21/10/1982;11/12/2018;11/12/2048;57.000,00;64,85;Soria
V507180;Vida Riesgo;H;28/07/1974;18/09/2023;18/09/2033;69.000,00;237,02;Málaga
V503438;Vida Hipoteca;H;18/04/1988;09/05/2023;09/05/2048;152.000,00;157,69;Madrid
V505487;Vida Hipoteca;H;20/11/1971;23/03/2023;23/03/2043;201.000,00;832,13;Guadalajara
V500068;Vida Hipoteca;H;26/10/1972;08/09/2021;08/09/2036;120.000,00;402,74;Palencia
V507863;Vida Riesgo;H;11/07/1972;01/06/2022;01/06/2032;117.000,00;428,31;Zaragoza
V506868;Vida Riesgo;M;19/02/1972;14/07/2021;14/07/2036;82.000,00;287,96;Jaén
V500704;Vida Hipoteca;H;27/03/1973;04/01/2018;04/01/2043;51.000,00;120,87;Badajoz
V507676;Vida Hipoteca;M;23/04/1976;17/09/2023;17/09/2043;141.000,00;417,75;Madrid
V503563;Vida Hipoteca;H;13/02/1969;11/10/2023;11/10/2048;133.000,00;730,03;Soria
V505125;Vida Hipoteca;H;14/12/1970;11/04/2021;11/04/2046;111.000,00;421,61;Granada
V503632;Vida Hipoteca;H;31/12/1975;10/03/2015;10/03/2030;107.000,00;157,76;Madrid
V502353;Vida Hipoteca;H;12/05/1976;04/11/2015;04/11/2045;148.000,00;223,63;Barcelona
V500345;Vida Riesgo;M;02/08/1988;19/11/2015;19/11/2025;49.000,00;26,29;Madrid
V501603;Vida Hipoteca;H;12/06/1989;09/11/2019;09/11/2049;101.000,00;70,59;Valencia
V502267;Vida Riesgo;M;08/08/1969;08/02/2023;08/02/2038;50.000,00;248,84;Málaga
V507498;Vida Riesgo;H;20/06/1978;31/07/2024;31/07/2034;92.000,00;244,32;Madrid
V504526;Vida Hipoteca;H;10/12/1962;02/10/2015;02/10/2045;150.000,00;703,84;Málaga
V504377;Vida Riesgo;M;20/05/1979;24/01/2024;24/01/2039;143.000,00;336,27;Pontevedra
V504559;Vida Riesgo;H;25/06/1975;16/01/2020;16/01/2040;107.000,00;249,01;Málaga
V505614;Vida Hipoteca;H;14/08/1958;19/09/2022;19/09/2052;140.000,00;1.714,91;Barcelona
V501097;Vida Riesgo;M;22/02/1967;07/01/2024;07/01/2044;28.000,00;185,57;Lleida
V501341;Vida Riesgo;H;09/07/1962;08/10/2021;08/10/2036;26.000,00;210,92;Granada
V507923;Vida Riesgo;M;16/09/1981;21/11/2021;21/11/2031;88.000,00;141,15;Illes Balears
V502904;Vida Hipoteca;M;09/04/1972;08/03/2023;08/03/2043;193.000,00;770,56;León
V506074;Vida Riesgo;M;02/04/1969;26/10/2024;26/10/2034;64.000,00;379,64;Madrid
V501427;Vida Hipoteca;M;04/01/1965;08/03/2018;08/03/2033;213.000,00;1.030,61;Segovia
V506403;Vida Hipoteca;H;16/01/1980;20/10/2020;20/10/2035;83.000,00;139,85;Segovia
V506918;Vida Hipoteca;h;06/07/1961;18/10/2023;18/10/2038;86.000,00;902,83;La Rioja
V505367;Vida Riesgo;H;04/02/1967;16/06/2017;16/06/2032;73.000,00;278,18;Barcelona
V504745;Vida Hipoteca;M;18/03/1987;20/07/2024;20/07/2039;189.000,00;238,13;Badajoz
V505969;Vida Riesgo;H;17/08/1984;01/06/2018;01/06/2033;83.000,00;77,32;Madrid
V507425;Vida Riesgo;M;02/04/1974;01/06/2020;01/06/2040;45.000,00;120,03;Málaga
V501578;Vida Hipoteca;H;18/02/1972;14/07/2020;14/07/2040;174.000,00;561,32;Sevilla
V505659;Vida Hipoteca;M;03/08/1979;18/02/2016;18/02/2031;191.000,00;224,90;Santa Cruz de Tenerife
V500461;Vida Riesgo;M;26/06/1963;13/02/2022;13/02/2037;95.000,00;731,54;Cádiz
V505964;Vida Riesgo;M;23/02/2016;19/01/2015;19/01/2025;26.000,00;52,37;Valladolid
V505321;Vida Hipoteca;M;27/06/1965;06/02/2022;06/02/2047;271.000,00;1.756,78;Sevilla
V503260;Vida Hipoteca;M;30/06/1973;19/09/2017;19/09/2047;151.000,00;341,46;Melilla
V504088;Vida Riesgo;H;30/05/1980;12/12/2022;12/12/2037;88.000,00;172,40;Alicante
V503907;Vida Riesgo;H;08/07/1977;19/06/2022;19/06/2032;119.000,00;286,20;Madrid
V503918;Vida Hipoteca;M;01/07/1991;20/02/2016;20/02/2046;148.000,00;63,35;Barcelona
V507675;Vida Hipoteca;H;10/11/1980;16/07/2019;16/07/2049;154.000,00;217,36;Cádiz
V505418;Vida Riesgo;M;23/09/1958;17/06/2017;17/06/2027;67.000,00;520,07;Madrid
V501979;Vida Hipoteca;M;02/03/1983;04/08/2019;04/08/2034;165.000,00;192,31;Murcia
V507463;Vida Riesgo;H;26/11/1981;15/07/2016;15/07/2031;178.000,00;178,15;Santa Cruz de Tenerife
V504925;Vida Hipoteca;H;08/12/1987;27/09/2015;27/09/2035;175.000,00;98,01;Girona
V501657;Vida Hipoteca;h;05/12/1991;10/04/2020;10/04/2040;97.000,00;56,90;Cantabria
V502207;Vida Hipoteca;H;15/10/1975;29/10/2017;29/10/2032;140.000,00;263,01;Madrid
V500171;Vida Riesgo;H;23/07/1970;06/10/2018;06/10/2033;105.000,00;333,13;Soria
V504832;Vida Hipoteca;M;29/08/1966;03/05/2016;03/05/2041;130.000,00;467,48;Ciudad Real
V500680;Vida Hipoteca;M;03/11/1981;28/10/2022;28/10/2047;199.000,00;341,73;Albacete
V504928;Vida Hipoteca;Mujer;07/09/1989;21/12/2024;21/12/2044;61.000,00;64,55;Barcelona
V507358;Vida Riesgo;H;08/09/1977;21/03/2020;21/03/2030;50.000,00;97,94;Madrid
V505030;Vida Riesgo;M;21/06/1977;03/01/2023;03/01/2043;66.000,00;166,89;Barcelona
V503264;Vida Hipoteca;H;29/04/1978;26/03/2022;26/03/2042;191.000,00;420,45;Sevilla
V506531;Vida Hipoteca;Hombre;17/09/1967;22/05/2015;22/05/2040;83.000,00;251,75;Jaén
V507011;Vida Hipoteca;M;20/05/1965;08/10/2022;08/10/2037;100.000,00;692,26;Madrid
V502181;Vida Riesgo;M;18/02/1982;02/01/2016;02/01/2026;86.000,00;80,67;Madrid
V505804;Vida Riesgo;M;20/09/1970;08/10/2019;08/10/2029;74.000,00;252,24;Barcelona
V506586;Vida Riesgo;H;18/12/1990;13/01/2021;13/01/2031;148.000,00;100,53;Girona
V502075;Vida Riesgo;M;26/02/1975;19/06/2015;19/06/2030;44.000,00;71,34;Asturias
V503943;Vida Hipoteca;M;17/12/1977;13/06/2016;13/06/2046;258.000,00;358,34;Madrid
V500819;Vida Hipoteca;H;12/09/1982;09/09/2015;09/09/2035;228.000,00;198,46;Murcia
V506218;Vida Hipoteca;M;30/06/1988;11/02/2021;11/02/2051;173.000,00;145,92;Madrid
V507277;Vida Hipoteca;H;18/11/1977;18/05/2019;18/05/2049;88.000,00;157,83;Navarra
V503057;Vida Riesgo;M;01/08/1966;27/09/2016;27/09/2036;65.000,00;243,44;Barcelona
V507135;Vida Hipoteca;M;17/01/1983;28/02/2023;28/02/2048;130.000,00;207,37;Sevilla
V506819;Vida Hipoteca;H;08/12/1976;05/11/2019;05/11/2044;185.000,00;374,15;Madrid
V506490;Vida Hipoteca;H;29/11/1981;13/04/2023;13/04/2038;290.000,00;514,59;Alicante
V504813;Vida Riesgo;H;01/08/1975;28/03/2020;28/03/2035;66.000,00;154,88;Córdoba
V503143;Vida Riesgo;M;13/12/1988;15/06/2024;15/06/2034;109.000,00;117,49;Santa Cruz de Tenerife
V507265;Vida Riesgo;H;15/01/1977;30/10/2021;30/10/2041;34.000,00;80,67;Valencia
V503981;Vida Riesgo;H;25/03/1966;20/03/2015;20/03/2025;50.000,00;169,51;Tarragona
V505937;Vida Riesgo;M;30/06/1981;11/02/2020;11/02/2030;77.000,00;108,14;Barcelona
V500155;Vida Riesgo;M;20/06/1983;02/07/2017;02/07/2032;65.000,00;61,83;Murcia
V500554;Vida Hipoteca;H;20/09/1977;03/09/2015;03/09/2045;148.000,00;196,41;Granada
V503691;Vida Riesgo;M;14/06/1969;01/02/2018;01/02/2038;90.000,00;296,15;Segovia
V506917;Vida Hipoteca;H;01/12/1979;17/08/2022;17/08/2052;298.000,00;592,58;Sevilla
V502643;Vida Hipoteca;H;19/05/1975;14/11/2022;14/11/2052;153.000,00;456,75;Albacete
V504483;Vida Riesgo;H;22/11/1969;01/02/2015;01/02/2035;81.000,00;198,92;Madrid
V506866;Vida Hipoteca;M;28/12/1974;03/04/2024;03/04/2049;195.000,00;677,02;A Coruña
V500635;Vida Riesgo;M;08/08/1967;04/09/2023;04/09/2038;97.000,00;600,65;Burgos
V504252;Vida Hipoteca;H;06/03/1982;18/03/2022;18/03/2047;80.000,00;126,71;Málaga
V500941;Vida Hipoteca;M;21/06/1990;25/05/2020;25/05/2050;172.000,00;115,39;Gipuzkoa
V505713;Vida Hipoteca;M;28/04/1979;16/08/2015;16/08/2035;97.000,00;111,88;Cádiz
V505606;Vida Riesgo;M;18/12/1955;27/04/2019;27/04/2029;66.000,00;759,10;Ciudad Real
V504825;Vida Riesgo;H;22/11/1961;25/07/2018;25/07/2028;36.000,00;234,55;Madrid
V507353;Vida Hipoteca;M;29/08/1987;01/10/2024;01/10/2044;197.000,00;243,03;Madrid
V507570;Vida Hipoteca;H;24/06/1967;25/02/2020;25/02/2050;133.000,00;616,91;Alicante
V505581;Vida Riesgo;H;02/10/1988;12/12/2024;12/12/2039;65.000,00;74,30;Zamora
V507244;Vida Riesgo;M;21/12/1978;29/01/2016;29/01/2031;84.000,00;103,73;Teruel
V504395;Vida Hipoteca;H;01/06/1961;06/07/2016;06/07/2041;192.000,00;1.094,09;Toledo
V501631;Vida Hipoteca;H;14/06/1985;29/03/2015;29/03/2040;230.000,00;152,49;Illes Balears
V501178;Vida Hipoteca;M;18/08/1979;13/10/2021;13/10/2041;100.000,00;189,70;Murcia
V500885;Vida Riesgo;H;06/11/1975;24/12/2020;24/12/2040;31.000,00;75,74;Madrid
V501306;Vida Riesgo;H;11/02/1985;13/03/2019;13/03/2039;111.000,00;106,01;Málaga
V502886;Vida Riesgo;Mujer;27/04/1977;05/06/2020;05/06/2035;64.000,00;131,65;Cádiz
V501608;Vida Hipoteca;M;03/10/1992;20/01/2017;20/01/2037;281.000,00;116,83;Girona
V500821;Vida Riesgo;M;17/04/1955;13/07/2021;13/07/2036;49.000,00;720,08;Bizkaia
V506903;Vida Hipoteca;H;30/08/1977;18/03/2018;18/03/2043;150.000,00;248,23;Madrid
V503378;Vida Hipoteca;M;30/07/1973;11/10/2022;11/10/2047;151.000,00;521,24;Cádiz
V507061;Vida Riesgo;H;06/08/1980;11/05/2018;11/05/2038;28.000,00;36,56;Valladolid
V506334;Vida Hipoteca;H;10/06/1970;31/05/2010;31/05/2020;178.000,00;295,93;Barcelona
V503002;Vida Hipoteca;M;19/06/1973;05/08/2017;05/08/2037;135.000,00;302,88;Albacete
V500371;Vida Hipoteca;H;28/03/1980;05/05/2024;05/05/2044;125.000,00;279,85;Valencia
V504829;Vida Hipoteca;M;26/07/1978;28/06/2022;28/06/2037;77.000,00;169,74;Gipuzkoa
V503812;Vida Riesgo;H;06/12/1982;19/06/2023;19/06/2043;66.000,00;109,09;Barcelona
V504052;Vida Hipoteca;M;12/07/1969;24/02/2016;24/02/2046;74.000,00;205,19;Santa Cruz de Tenerife
V503208;Vida Hipoteca;H;05/10/1966;26/12/2016;26/12/2046;223.000,00;839,96;Girona
V501414;Vida Hipoteca;H;14/10/1989;06/04/2020;06/04/2045;139.000,00;97,71;Madrid
V503904;Vida Riesgo;M;27/07/1975;22/01/2016;22/01/2031;60.000,00;98,79;Madrid
V506832;Vida Riesgo;Hombre;12/10/1985;03/04/2022;03/04/2032;42.000,00;49,16;Málaga
V507767;Vida Riesgo;M;05/01/1971;17/07/2018;17/07/2038;48.000,00;143,78;Pontevedra
V502471;Vida Riesgo;M;15/07/1978;03/01/2015;03/01/2025;84.000,00;98,30;A Coruña
V500469;Vida Riesgo;M;04/08/1967;20/03/2019;20/03/2029;84.000,00;356,39;Granada
V506748;Vida Hipoteca;M;07/06/1972;29/08/2019;29/08/2034;128.000,00;373,59;Girona
V504195;Vida Riesgo;M;21/10/1980;06/11/2022;06/11/2042;21.000,00;39,46;Alicante
V505863;Vida Riesgo;H;03/12/1984;30/05/2021;30/05/2036;54.000,00;63,27;Málaga
V504021;Vida Hipoteca;H;03/06/1970;15/10/2021;15/10/2046;174.000,00;722,24;Alicante
V506312;Vida Riesgo;H;18/09/1970;08/09/2010;08/09/2020;67.000,00;153,51;Cádiz
V500296;Vida Hipoteca;M;29/09/1961;02/01/2015;02/01/2045;61.000,00;297,40;Madrid
V507191;Vida Hipoteca;H;20/10/1980;13/08/2022;13/08/2052;185.000,00;340,87;Zamora
V505476;Vida Riesgo;M;01/11/1960;16/02/2021;16/02/2036;82.000,00;726,80;Pontevedra
V503892;Vida Hipoteca;M;02/12/1984;29/06/2022;29/06/2052;234.000,00;300,63;Málaga
V503696;Vida Hipoteca;H;31/05/1987;02/02/2022;02/02/2037;65.000,00;65,31;Barcelona
V502287;Vida Riesgo;H;13/05/1991;06/07/2020;06/07/2040;99.000,00;62,18;Almería
V505534;Vida Hipoteca;M;18/11/1992;20/05/2018;20/05/2033;178.000,00;81,97;Navarra
V506870;Vida Riesgo;H;17/09/1992;12/02/2021;12/02/2041;27.000,00;15,92;Teruel
V505363;Vida Hipoteca;H;22/01/1970;12/04/2021;12/04/2046;148.000,00;606,67;Murcia
V503671;Vida Hipoteca;H;08/04/1973;10/09/2015;10/09/2035;73.000,00;141,67;Madrid
V501219;Vida Riesgo;M;13/11/1965;07/02/2018;07/02/2033;106.000,00;473,70;Cáceres
V507900;Vida Riesgo;H;17/07/1985;19/02/2023;19/02/2038;96.000,00;123,57;Pontevedra
V506178;Vida Hipoteca;H;03/01/1993;14/04/2024;14/04/2039;89.000,00;66,98;Huelva
V503831;Vida Riesgo;H;24/06/1984;22/03/2021;22/03/2036;74.000,00;88,60;Pontevedra
V506921;Vida Riesgo;H;04/09/1973;11/09/2018;11/09/2028;98.000,00;237,11;Madrid
V500506;Vida Hipoteca;H;15/04/1990;06/08/2022;06/08/2037;116.000,00;95,29;La Rioja
V502696;Vida Hipoteca;H;30/03/1973;08/05/2018;08/05/2033;80.000,00;195,03;Cuenca
V506195;Vida Hipoteca;H;26/01/1974;11/03/2019;11/03/2034;217.000,00;529,67;Sevilla
V506907;Vida Riesgo;H;27/01/1962;19/12/2017;19/12/2037;57.000,00;347,56;Valencia
V500954;Vida Riesgo;H;06/03/1980;31/05/2017;31/05/2032;123.000,00;153,59;Santa Cruz de Tenerife
V503245;Vida Riesgo;Mujer;04/11/1985;21/06/2021;21/06/2041;60.000,00;65,34;Barcelona
V502011;Vida Hipoteca;M;20/03/1982;01/08/2015;01/08/2040;115.000,00;103,34;Granada
V503452;Vida Riesgo;H;09/12/1991;03/08/2024;03/08/2034;204.000,00;172,51;Madrid
V507449;Vida Riesgo;M;14/05/2006;10/10/2024;10/10/2044;57.000,00;14,37;Bizkaia
V501437;Vida Riesgo;M;28/12/1970;25/05/2016;25/05/2026;67.000,00;167,55;Málaga
V507152;Vida Riesgo;M;15/01/1976;23/09/2019;23/09/2029;73.000,00;157,77;Cádiz
V505775;Vida Hipoteca;M;09/01/1980;10/05/2018;10/05/2038;104.000,00;142,54;Valencia
V505244;Vida Hipoteca;M;06/08/1990;11/06/2022;11/06/2042;113.000,00;89,25;Ceuta
V500965;Vida Riesgo;M;07/01/1983;01/12/2015;01/12/2035;43.000,00;37,13;Almería
V504992;Vida Riesgo;H;28/06/1986;13/03/2024;13/03/2034;88.000,00;114,40;A Coruña
V500346;Vida Hipoteca;M;19/08/1976;13/10/2024;13/10/2044;162.000,00;511,58;Barcelona
V503113;Vida Riesgo;H;14/04/1969;18/02/2022;18/02/2042;30.000,00;141,23;Lleida
V507474;Vida Riesgo;H;06/12/1985;13/12/2023;13/12/2043;66.000,00;88,09;Madrid
V504575;Vida Hipoteca;M;04/03/1981;08/06/2019;08/06/2049;76.000,00;103,55;Málaga
V500773;Vida Riesgo;H;14/03/1971;08/08/2017;08/08/2027;83.000,00;225,94;Cantabria
V500123;Vida Riesgo;H;28/10/1978;31/03/2023;31/03/2033;25.000,00;57,50;Barcelona
V500080;Vida Hipoteca;M;03/11/1996;11/07/2024;11/07/2054;123.000,00;68,20;Cádiz
V500587;Vida Hipoteca;M;13/09/1975;03/10/2021;03/10/2036;115.000,00;303,94;Cantabria
V501165;Vida Hipoteca;M;07/01/1968;12/11/2021;12/11/2046;115.000,00;589,37;Madrid
V503230;Vida Hipoteca;H;13/08/1980;12/03/2024;12/03/2039;230.000,00;492,42;Málaga
V504929;Vida Hipoteca;H;17/12/1978;01/06/2021;01/06/2046;124.000,00;241,32;Valencia
V500990;Vida Riesgo;H;08/01/1966;20/02/2023;20/02/2038;76.000,00;514,31;La Rioja
V507019;Vida Riesgo;M;31/12/1970;22/05/2022;22/05/2042;55.000,00;228,74;Pontevedra
V501742;Vida Hipoteca;M;19/10/1977;10/05/2015;10/05/2045;154.000,00;197,58;Granada
V504800;Vida Riesgo;M;08/08/1975;14/04/2024;14/04/2039;24.000,00;79,31;Zaragoza
V500143;Vida Hipoteca;H;21/12/1958;26/03/2015;26/03/2040;136.000,00;855,61;Barcelona
V506957;Vida Hipoteca;H;13/03/1972;11/08/2017;11/08/2047;55.000,00;137,63;Tarragona
V506335;Vida Riesgo;H;21/02/1978;25/09/2023;25/09/2043;55.000,00;139,72;Santa Cruz de Tenerife
V504616;Vida Hipoteca;M;25/09/1978;19/11/2021;19/11/2051;111.000,00;229,18;Granada
V505792;Vida Hipoteca;H;03/05/1986;24/08/2022;24/08/2047;170.000,00;196,20;Valencia
V505642;Vida Hipoteca;H;15/08/1966;19/08/2018;19/08/2033;188.000,00;824,13;Castellón
V507636;Vida Hipoteca;H;07/09/1978;01/06/2020;01/06/2040;118.000,00;215,95;Soria
V500852;Vida Hipoteca;H;11/11/1975;30/08/2018;30/08/2033;206.000,00;412,86;Zaragoza
V502808;Vida Riesgo;H;05/02/1964;17/02/2015;17/02/2035;140.000,00;564,86;Santa Cruz de Tenerife
V500727;Vida Riesgo;H;04/03/1980;02/08/2018;02/08/2028;67.000,00;92,46;Palencia
V503458;Vida Riesgo;M;26/06/1972;16/07/2019;16/07/2039;24.000,00;69,04;Santa Cruz de Tenerife
V504698;Vida Riesgo;M;27/11/1984;24/01/2022;24/01/2042;77.000,00;95,53;Salamanca
V505827;Vida Riesgo;H;12/06/1969;20/12/2016;20/12/2036;71.000,00;212,56;Albacete
V500331;Vida Hipoteca;M;02/10/1978;10/08/2015;10/08/2040;234.000,00;282,91;Ceuta
V502549;Vida Hipoteca;M;05/06/1980;01/06/2024;01/06/2044;178.000,00;394,62;Huelva
V503121;Vida Hipoteca;M;25/11/1973;01/08/2015;01/08/2045;82.000,00;149,40;Navarra
V507005;Vida Hipoteca;H;29/07/1981;05/03/2018;05/03/2043;81.000,00;95,82;Bizkaia
V500287;Vida Hipoteca;Hombre;06/03/1970;09/01/2020;09/01/2040;207.000,00;754,97;Almería
V503284;Vida Hipoteca;H;03/11/1987;28/10/2018;28/10/2048;147.000,00;107,90;Almería
V504777;Vida Riesgo;M;30/04/1983;20/11/2018;20/11/2028;16.000,00;17,33;Granada
V500404;Vida Hipoteca;M;01/03/1971;07/09/2015;07/09/2035;82.000,00;190,17;Alicante
V505116;Vida Riesgo;M;18/05/1969;10/06/2022;10/06/2037;38.000,00;182,18;Guadalajara
V502169;Vida Hipoteca;H;18/08/1998;27/02/2018;27/02/2043;143.000,00;39,64;Gipuzkoa
V502727;Vida Hipoteca;M;05/05/1957;19/08/2023;19/08/2038;88.000,00;1.298,53;Las Palmas
V500915;Vida Riesgo;m;10/03/1980;22/08/2019;22/08/2039;121.000,00;182,40;Gipuzkoa
V504165;Vida Hipoteca;H;31/05/1972;12/02/2023;12/02/2053;161.000,00;631,59;Cádiz
V507975;Vida Riesgo;H;08/03/1976;21/04/2020;21/04/2030;75.000,00;168,13;Ceuta
V506994;Vida Hipoteca;H;19/05/1985;15/06/2023;15/06/2038;96.000,00;128,72;Granada
V507549;Vida Riesgo;M;16/07/1970;06/07/2010;06/07/2020;61.000,00;36,09;A Coruña
V507993;Vida Hipoteca;M;24/08/1993;12/12/2023;12/12/2038;116.000,00;80,34;Valencia
V507943;Vida Riesgo;H;15/09/1989;20/12/2023;20/12/2033;93.000,00;90,19;Barcelona
V503959;Vida Hipoteca;H;18/11/1985;11/01/2024;11/01/2049;54.000,00;72,86;Madrid
V502894;Vida Riesgo;H;26/11/1959;20/10/2020;20/10/2030;31.000,00;289,36;Soria
V502399;Vida Hipoteca;H;02/04/1978;23/05/2017;23/05/2037;213.000,00;312,74;Alicante
V504783;Vida Hipoteca;M;03/12/1991;17/12/2018;17/12/2038;183.000,00;96,06;Valencia
V505732;Vida Riesgo;H;12/12/1980;04/07/2016;04/07/2031;105.000,00;113,71;Zaragoza
V501888;Vida Hipoteca;H;09/12/1979;13/10/2023;13/10/2053;126.000,00;275,94;Granada
V507287;Vida Hipoteca;H;30/11/1977;17/03/2024;17/03/2039;99.000,00;267,01;Madrid
V506483;Vida Hipoteca;M;04/08/1974;17/01/2020;17/01/2045;87.000,00;218,44;Barcelona
V503488;Vida Hipoteca;M;05/06/1991;21/10/2022;21/10/2042;395.000,00;299,82;Pontevedra
V503872;Vida Hipoteca;M;17/04/1980;30/07/2022;30/07/2037;71.000,00;136,18;Alicante
V507739;Vida Riesgo;Mujer;20/07/1985;14/04/2024;14/04/2034;127.000,00;180,15;Zaragoza
V507559;Vida Riesgo;M;02/03/1987;07/12/2022;07/12/2042;112.000,00;123,44;Murcia
V500992;Vida Hipoteca;M;03/01/1966;21/11/2022;21/11/2037;161.000,00;1.067,86;Sevilla
V507598;Vida Hipoteca;Mujer;03/08/1971;06/01/2021;06/01/2051;183.000,00;644,26;Tarragona
V506106;Vida Hipoteca;H;12/01/1976;05/03/2015;05/03/2030;123.000,00;180,63;Ourense
V501355;Vida Hipoteca;H;08/06/1984;14/01/2023;14/01/2053;144.000,00;201,96;Huesca
V501057;Vida Riesgo;M;13/06/1976;14/03/2022;14/03/2037;54.000,00;139,05;Barcelona
V504776;Vida Hipoteca;H;14/01/1982;26/08/2024;26/08/2049;162.000,00;319,55;Barcelona
V505591;Vida Riesgo;M;29/09/1984;26/11/2022;26/11/2037;16.000,00;21,61;Madrid
V502499;Vida Riesgo;H;30/06/1982;10/07/2021;10/07/2036;37.000,00;53,80;Valencia
V507866;Vida Hipoteca;M;01/05/1966;17/05/2015;17/05/2030;209.000,00;712,08;Madrid
V502437;Vida Hipoteca;M;09/11/1983;22/01/2016;22/01/2041;188.000,00;153,03;Palencia
V501412;Vida Hipoteca;M;16/08/1983;10/07/2015;10/07/2045;149.000,00;118,21;Valencia
V502914;Vida Hipoteca;H;18/01/1957;13/07/2020;13/07/2040;119.000,00;1.383,40;Madrid
V507043;Vida Hipoteca;M;06/08/1978;09/03/2016;09/03/2041;266.000,00;342,31;Barcelona
V505326;Vida Hipoteca;H;06/10/1975;14/02/2022;14/02/2052;151.000,00;409,51;Granada
V503714;Vida Riesgo;M;05/06/1966;01/05/2016;01/05/2026;57.000,00;208,93;Barcelona
V502541;Vida Riesgo;M;15/07/1989;22/11/2018;22/11/2028;67.000,00;42,81;Valencia
V504373;Vida Hipoteca;H;15/02/1981;24/08/2020;24/08/2050;106.000,00;160,75;Murcia
V503496;Vida Riesgo;H;21/02/1977;02/11/2015;02/11/2025;45.000,00;63,61;Barcelona
V500236;Vida Hipoteca;H;25/08/1974;23/04/2019;23/04/2044;116.000,00;272,26;Madrid
V501912;Vida Riesgo;M;14/12/1974;08/01/2016;08/01/2026;219.000,00;378,77;Madrid
V500759;Vida Hipoteca;M;25/07/1973;21/03/2019;21/03/2034;110.000,00;280,92;Bizkaia
V500160;Vida Riesgo;H;25/05/1964;22/04/2023;22/04/2033;105.000,00;827,26;Las Palmas
V502180;Vida Riesgo;M;10/07/1959;30/12/2021;30/12/2036;159.000,00;1.696,40;Jaén
V500368;Vida Hipoteca;H;14/03/1974;20/06/2016;20/06/2036;82.000,00;157,09;Ourense
V505107;Vida Riesgo;M;12/08/1962;07/08/2018;07/08/2033;24.000,00;147,52;León
V507846;Vida Riesgo;m;23/09/1968;28/07/2021;28/07/2036;101.000,00;475,23;Palencia
V505801;Vida Riesgo;H;20/02/1995;24/01/2023;24/01/2033;51.000,00;28,86;Madrid
V501780;Vida Hipoteca;H;06/08/1995;15/10/2022;15/10/2042;116.000,00;61,69;Cádiz
V503201;Vida Riesgo;H;10/12/1995;02/09/2017;02/09/2027;48.000,00;16,04;Málaga
V501871;Vida Riesgo;M;13/09/1974;06/04/2024;06/04/2044;68.000,00;242,10;Madrid
V507804;Vida Hipoteca;M;24/02/1994;12/12/2015;12/12/2035;74.000,00;24,87;Cádiz
V503561;Vida Hipoteca;M;09/09/1960;14/12/2015;14/12/2035;121.000,00;699,23;Murcia
V502259;Vida Riesgo;M;19/12/1964;04/03/2019;04/03/2039;43.000,00;227,13;A Coruña
V503965;Vida Riesgo;H;29/08/1979;22/01/2021;22/01/2031;103.000,00;183,25;Madrid
V502849;Vida Hipoteca;H;22/07/1971;21/10/2017;21/10/2042;195.000,00;523,96;Teruel
V507709;Vida Riesgo;H;23/02/1971;13/02/2011;13/02/2021;92.000,00;58,24;Madrid
V500088;Vida Hipoteca;M;22/10/1975;04/03/2021;04/03/2051;125.000,00;311,54;Alicante
V502858;Vida Riesgo;H;21/01/1984;04/07/2015;04/07/2035;33.000,00;25,20;Teruel
V504579;Vida Hipoteca;H;08/09/1978;12/11/2017;12/11/2032;255.000,00;375,63;Segovia
V504078;Vida Riesgo;H;12/03/1972;02/04/2017;02/04/2027;53.000,00;128,66;Ourense
V504785;Vida Riesgo;M;30/03/1974;26/11/2017;26/11/2032;18.000,00;38,80;Granada
V500539;Vida Hipoteca;M;14/02/1978;07/09/2022;07/09/2042;210.000,00;488,79;Barcelona
V506767;Vida Riesgo;H;22/01/1968;03/11/2021;03/11/2031;47.000,00;239,55;Illes Balears
V507302;Vida Riesgo;H;23/01/1979;02/09/2017;02/09/2037;27.000,00;37,89;Barcelona
V500465;Vida Hipoteca;M;29/04/1980;24/12/2020;24/12/2035;132.000,00;220,39;Alicante
V502081;Vida Riesgo;M;31/05/1972;29/03/2022;29/03/2032;27.000,00;98,31;Cádiz
V502160;Vida Hipoteca;M;04/01/1974;06/04/2022;06/04/2052;166.000,00;528,67;Albacete
V500924;Vida Riesgo;M;05/01/1984;15/10/2024;15/10/2034;143.000,00;241,32;Valladolid
V502241;Vida Riesgo;H;26/07/1987;07/06/2023;07/06/2033;46.000,00;51,13;Valencia
V505677;Vida Hipoteca;M;23/12/1993;29/07/2017;29/07/2042;132.000,00;51,71;Lugo
V500863;Vida Hipoteca;H;08/10/1978;19/03/2019;19/03/2039;106.000,00;173,86;Almería
V506293;Vida Hipoteca;M;19/04/1977;17/09/2018;17/09/2033;70.000,00;124,68;Barcelona
V504122;Vida Hipoteca;M;24/05/1983;06/01/2018;06/01/2033;141.000,00;141,00;La Rioja
V502204;Vida Hipoteca;H;29/11/1987;16/03/2021;16/03/2051;150.000,00;133,99;Navarra
V503847;Vida Hipoteca;M;15/12/1977;10/10/2024;10/10/2039;147.000,00;414,57;Valencia
V501707;Vida Hipoteca;H;31/10/1964;24/09/2016;24/09/2046;350.000,00;1.519,72;Illes Balears
V500223;Vida Riesgo;M;15/11/1968;26/09/2016;26/09/2031;80.000,00;246,55;Madrid
V506881;Vida Riesgo;M;06/11/1976;03/07/2020;03/07/2035;75.000,00;161,61;Barcelona
V500689;Vida Riesgo;M;29/09/1971;25/08/2018;25/08/2033;26.000,00;73,85;Alicante
V502686;Vida Hipoteca;H;15/12/1980;29/03/2016;29/03/2041;105.000,00;111,09;Albacete
V507242;Vida Riesgo;M;14/05/1973;27/07/2024;27/07/2034;32.000,00;130,98;Lugo
V507803;Vida Riesgo;H;26/05/1985;27/03/2023;27/03/2038;40.000,00;52,56;Alicante
V504141;Vida Hipoteca;M;11/03/1969;14/12/2016;14/12/2041;283.000,00;864,51;Madrid
V502099;Vida Riesgo;M;14/04/1970;25/08/2021;25/08/2031;77.000,00;319,54;Cantabria
V505548;Vida Hipoteca;M;26/03/1968;19/09/2020;19/09/2045;170.000,00;775,87;Ceuta
V505702;Vida Hipoteca;M;22/10/2004;03/01/2023;03/01/2053;133.000,00;32,93;Ciudad Real
V500899;Vida Hipoteca;H;15/07/1997;27/08/2019;27/08/2049;45.000,00;15,54;Asturias
V507579;Vida Hipoteca;H;02/10/1975;07/05/2017;07/05/2042;189.000,00;341,91;Murcia
V504924;Vida Hipoteca;M;16/12/1963;01/07/2016;01/07/2036;202.000,00;926,42;Barcelona
V500182;Vida Riesgo;M;20/05/1986;21/03/2017;21/03/2032;40.000,00;29,00;Sevilla
V500936;Vida Riesgo;M;05/05/1989;01/06/2021;01/06/2041;17.000,00;13,69;Madrid
V506366;Vida Hipoteca;M;19/08/1971;04/04/2017;04/04/2042;109.000,00;277,71;Sevilla
V504583;Vida Hipoteca;M;25/12/1980;26/09/2018;26/09/2043;67.000,00;87,41;Illes Balears
V503506;Vida Hipoteca;M;05/02/1962;17/11/2019;17/11/2034;366.000,00;2.620,14;Barcelona
V503571;Vida Hipoteca;H;05/12/1978;09/11/2019;09/11/2039;244.000,00;417,01;Almería
V502485;Vida Riesgo;H;16/03/1968;29/05/2021;29/05/2031;43.000,00;208,58;Madrid
V500034;Vida Riesgo;H;20/05/1989;16/09/2023;16/09/2038;140.000,00;136,51;Málaga
V505546;Vida Riesgo;H;30/10/1974;28/04/2017;28/04/2027;77.000,00;150,33;Zaragoza
V504008;Vida Hipoteca;H;10/05/1965;13/05/2016;13/05/2036;233.000,00;938,13;A Coruña
V504615;Vida Hipoteca;M;15/06/1985;15/03/2024;15/03/2049;142.000,00;201,66;Madrid
V502700;Vida Riesgo;M;29/11/1983;01/09/2021;01/09/2036;94.000,00;122,70;Pontevedra
V507500;Vida Hipoteca;M;12/09/1979;18/09/2018;18/09/2043;209.000,00;303,64;Illes Balears
V504329;Vida Riesgo;M;25/03/1958;22/12/2017;22/12/2037;21.000,00;177,70;Málaga
V507390;Vida Riesgo;M;01/05/1977;31/03/2016;31/03/2036;82.000,00;118,10;Ceuta
V504038;Vida Hipoteca;H;11/07/1979;05/11/2020;05/11/2045;142.000,00;250,93;Madrid
V506898;Vida Riesgo;M;08/06/1990;12/08/2017;12/08/2027;124.000,00;65,86;Girona
V503875;Vida Riesgo;H;07/11/1992;17/11/2022;17/11/2032;107.000,00;72,40;Illes Balears
V500357;Vida Hipoteca;H;07/06/1982;14/01/2022;14/01/2042;110.000,00;168,01;Sevilla
V502062;Vida Hipoteca;H;25/09/1987;16/06/2020;16/06/2040;125.000,00;106,37;Málaga
V507615;Vida Riesgo;M;08/05/1960;08/08/2015;08/08/2035;100.000,00;577,35;Madrid
V503813;Vida Riesgo;M;13/03/1973;12/08/2018;12/08/2038;33.000,00;82,59;Gipuzkoa
V507664;Vida Riesgo;H;31/08/1976;17/04/2019;17/04/2034;85.000,00;167,82;Santa Cruz de Tenerife
V502189;Vida Hipoteca;H;26/02/1972;26/03/2019;26/03/2039;88.000,00;253,63;Santa Cruz de Tenerife
V501316;Vida Hipoteca;H;09/08/1970;11/05/2017;11/05/2032;220.000,00;617,01;Jaén
V500199;Vida Hipoteca;M;20/09/1981;11/08/2022;11/08/2052;198.000,00;337,29;Alicante
V506484;Vida Riesgo;H;09/07/1985;03/06/2019;03/06/2029;65.000,00;61,13;Santa Cruz de Tenerife
V505375;Vida Riesgo;M;23/11/1973;10/01/2024;10/01/2034;74.000,00;276,49;Barcelona
V506265;Vida Riesgo;M;16/12/1992;03/11/2022;03/11/2032;43.000,00;28,74;Alicante
V500016;Vida Riesgo;M;30/03/1981;24/01/2019;24/01/2039;90.000,00;118,10;Zaragoza
V504669;Vida Hipoteca;H;08/02/1982;09/09/2021;09/09/2046;177.000,00;269,82;Málaga
V504846;Vida Riesgo;M;23/05/1988;17/10/2018;17/10/2033;293.000,00;204,64;Soria
V502253;Vida Riesgo;H;31/07/1967;18/06/2016;18/06/2036;70.000,00;235,28;Sevilla
V504663;Vida Riesgo;H ;04/06/1976;19/06/2024;19/06/2044;101.000,00;315,99;Las Palmas
V506645;Vida Hipoteca;H;14/02/1973;30/11/2016;30/11/2041;139.000,00;303,04;Las Palmas
V502525;Vida Riesgo;M;02/08/1990;26/06/2024;26/06/2039;224.000,00;210,66;Barcelona
V505703;Vida Riesgo;H;16/09/1996;01/01/2021;01/01/2041;42.000,00;17,45;Valencia
V502080;Vida Riesgo;H;28/06/1984;13/06/2018;13/06/2028;43.000,00;40,64;Valencia
V501673;Vida Hipoteca;H;06/12/1972;17/08/2019;17/08/2034;97.000,00;270,63;A Coruña
V500989;Vida Riesgo;H;29/02/1984;15/12/2018;15/12/2033;41.000,00;41,60;A Coruña
V506549;Vida Riesgo;M;29/12/1963;09/08/2017;09/08/2037;38.000,00;190,89;Las Palmas
V506165;Vida Hipoteca;H;11/03/1973;28/03/2015;28/03/2045;171.000,00;321,35;Gipuzkoa
V505744;Vida Hipoteca;H;05/05/1977;14/01/2022;14/01/2052;154.000,00;362,50;Málaga
V502535;Vida Riesgo;H;06/06/1979;03/02/2022;03/02/2032;40.000,00;79,24;Castellón
V502296;Vida Hipoteca;M;15/12/1965;15/08/2015;15/08/2040;227.000,00;815,22;Málaga
V503296;Vida Hipoteca;H;31/01/1975;14/11/2021;14/11/2051;137.000,00;385,24;Madrid
V503180;Vida Hipoteca;H;14/02/1981;10/04/2017;10/04/2037;241.000,00;274,45;Barcelona
V502341;Vida Hipoteca;M;30/05/1969;20/11/2019;20/11/2044;174.000,00;669,43;Las Palmas
V506116;Vida Hipoteca;H;14/10/1956;14/06/2023;14/06/2053;125.000,00;1.904,13;Málaga
V505988;Vida Hipoteca;H;07/12/1963;16/10/2018;16/10/2038;105.000,00;586,40;Málaga
V505392;Vida Riesgo;H;21/06/1997;14/03/2024;14/03/2039;128.000,00;65,44;Valencia
V507981;Vida Riesgo;H;04/07/1983;03/01/2021;03/01/2031;63.000,00;80,49;La Rioja
V501175;Vida Hipoteca;M;18/03/1985;09/11/2019;09/11/2039;230.000,00;230,42;Barcelona
V500732;Vida Hipoteca;M;14/09/1980;19/12/2019;19/12/2034;128.000,00;189,86;Albacete
V506572;Vida Hipoteca;M;12/07/1968;29/12/2017;29/12/2042;109.000,00;384,88;Santa Cruz de Tenerife
V505934;Vida Riesgo;M;09/02/1972;19/02/2024;19/02/2044;54.000,00;237,06;Bizkaia
V507800;Vida Riesgo;M;29/12/1985;11/12/2023;11/12/2033;34.000,00;45,11;Almería
V507949;Vida Hipoteca;M;20/04/1994;07/01/2023;07/01/2043;537.000,00;325,09;Navarra
V507177;Vida Hipoteca;M;05/11/1977;27/09/2017;27/09/2032;146.000,00;228,50;Toledo
V507806;Vida Hipoteca;M;17/12/1986;26/03/2019;26/03/2039;129.000,00;105,63;A Coruña
V507045;Vida Riesgo;H;28/01/1970;20/01/2016;20/01/2036;56.000,00;147,01;Soria
V502007;Vida Hipoteca;M;19/06/1970;14/12/2018;14/12/2033;166.000,00;539,40;Málaga
V506324;Vida Hipoteca;H;21/02/1998;28/10/2022;28/10/2047;187.000,00;80,34;Burgos
V506958;Vida Hipoteca;Mujer;30/10/1975;15/02/2019;15/02/2039;230.000,00;480,71;Lugo
V502312;Vida Hipoteca;H;07/04/1978;02/08/2017;02/08/2047;114.000,00;169,97;Palencia
V500022;Vida Hipoteca;M;03/01/1982;21/04/2020;21/04/2040;180.000,00;246,00;Alicante
V502822;Vida Hipoteca;H;29/07/1970;19/07/2010;19/07/2020;170.000,00;111,63;Madrid
V502626;Vida Hipoteca;Hombre;13/01/1977;25/07/2016;25/07/2041;225.000,00;341,45;Toledo
V505698;Vida Hipoteca;M;07/12/1988;15/07/2019;15/07/2034;139.000,00;98,75;Barcelona
V507161;Vida Riesgo;M;13/02/1963;07/10/2015;07/10/2025;37.000,00;171,23;Málaga
V507071;Vida Hipoteca;M;20/07/1983;27/07/2015;27/07/2045;126.000,00;100,98;Albacete
V505657;Vida Hipoteca;M;04/04/1969;18/09/2015;18/09/2030;151.000,00;412,86;Barcelona
V502586;Vida Riesgo;M;15/01/1977;14/02/2020;14/02/2040;100.000,00;205,19;Las Palmas
V502403;Vida Riesgo;H;03/07/1994;21/02/2019;21/02/2034;44.000,00;18,83;Cantabria
V504714;Vida Riesgo;H;12/04/1957;30/04/2018;30/04/2028;59.000,00;557,67;Ávila
V500501;Vida Riesgo;Mujer;08/12/1963;02/09/2016;02/09/2031;32.000,00;149,20;Granada
V507771;Vida Hipoteca;H;13/03/1981;10/10/2019;10/10/2049;147.000,00;205,70;Madrid
V507412;Vida Hipoteca;M;01/06/1976;07/12/2018;07/12/2038;151.000,00;295,37;Cádiz
V505210;Vida Hipoteca;M;04/02/1982;21/03/2024;21/03/2054;166.000,00;314,05;Madrid
V500187;Vida Riesgo;H;12/09/1976;23/11/2015;23/11/2025;114.000,00;168,13;Asturias
V506970;Vida Hipoteca;M;19/05/1967;18/08/2017;18/08/2042;;683,24;Cantabria
V503035;Vida Riesgo;H;12/05/1976;13/09/2017;13/09/2037;36.000,00;63,72;Málaga
V500841;Vida Hipoteca;M;17/10/1984;27/06/2015;27/06/2030;346.000,00;247,71;Barcelona
V505770;Vida Hipoteca;M;28/08/1962;28/07/2020;28/07/2040;305.000,00;2.208,89;Barcelona
V507155;Vida Riesgo;M;20/09/1972;05/09/2023;05/09/2033;67.000,00;268,55;Bizkaia
V507257;Vida Riesgo;M;06/10/1979;30/11/2021;30/11/2031;24.000,00;45,52;Madrid
V505669;Vida Hipoteca;M;18/06/1971;28/01/2018;28/01/2033;207.000,00;573,60;Cantabria
V501000;Vida Riesgo;H;30/09/1975;12/05/2021;12/05/2041;41.000,00;104,37;Jaén
V507369;Vida Hipoteca;H;05/08/1971;01/02/2016;01/02/2046;163.000,00;377,20;Barcelona
V507899;Vida Hipoteca;H;10/03/1985;06/04/2023;06/04/2043;227.000,00;304,36;Jaén
V504024;Vida Hipoteca;M;02/05/1987;18/02/2021;18/02/2046;74.000,00;69,02;Sevilla
V504909;Vida Hipoteca;H;27/12/1970;17/05/2024;17/05/2039;249.000,00;1.227,36;Madrid
V500326;Vida Hipoteca;H;20/04/1984;22/03/2018;22/03/2038;97.000,00;91,38;Valencia
V503542;Vida Hipoteca;H;27/09/1976;18/04/2022;18/04/2042;364.000,00;921,78;Pontevedra
V501557;Vida Hipoteca;H;12/06/1980;23/02/2020;23/02/2050;219.000,00;337,16;Madrid
V504748;Vida Hipoteca;H;22/10/1982;16/11/2017;16/11/2032;135.000,00;140,22;Madrid
V501240;Vida Riesgo;M;29/08/1976;17/05/2022;17/05/2032;89.000,00;228,45;Teruel
V504456;Vida Riesgo;M;11/12/1958;31/08/2019;31/08/2034;135.000,00;1.240,79;Barcelona
V501294;Vida Hipoteca;M;20/02/1981;12/02/2018;12/02/2043;138.000,00;168,59;Illes Balears
V507251;Vida Hipoteca;M;20/11/1982;19/04/2015;19/04/2045;200.000,00;165,71;Granada
V506579;Vida Hipoteca;H;23/07/1983;10/10/2021;10/10/2046;215.000,00;291,81;Madrid
V507038;Vida Riesgo;M;06/06/1997;19/02/2023;19/02/2038;25.000,00;11,72;Zaragoza
V500935;Vida Riesgo;H;07/04/1988;07/09/2024;07/09/2039;14.000,00;16,31;Málaga
V504498;Vida Hipoteca;H;04/01/1969;11/07/2015;11/07/2040;130.000,00;357,16;Málaga
V505900;Vida Hipoteca;H;16/11/1982;20/10/2021;20/10/2036;222.000,00;320,10;Navarra
V506644;Vida Hipoteca;M;16/08/1981;18/12/2022;18/12/2042;105.000,00;185,84;Valencia
V506362;Vida Riesgo;Mujer;13/08/1986;25/11/2020;25/11/2040;99.000,00;96,21;Zaragoza
V504098;Vida Riesgo;Hombre;27/11/1976;18/08/2017;18/08/2037;74.000,00;124,29;Zaragoza
V505239;Vida Hipoteca;M;24/07/1989;23/02/2023;23/02/2053;105.000,00;96,13;Madrid
V507121;Vida Hipoteca;M;13/01/1976;23/08/2020;23/08/2040;161.000,00;376,33;Madrid
V506057;Vida Riesgo;M;27/02/1986;09/07/2015;09/07/2030;87.000,00;55,63;Illes Balears
V503422;Vida Hipoteca;H;05/02/1987;26/05/2021;26/05/2036;120.000,00;116,78;A Coruña
V505779;Vida Hipoteca;H;14/09/1970;26/12/2023;26/12/2043;189.000,00;923,11;Palencia
V501683;Vida Riesgo;H;13/05/1966;08/01/2018;08/01/2033;18.000,00;76,58;Melilla
V502266;Vida Riesgo;H;06/05/1978;16/06/2024;16/06/2044;50.000,00;132,79;Las Palmas
V506998;Vida Hipoteca;M;22/05/1987;08/07/2017;08/07/2037;237.000,00;161,79;Valencia
V505174;Vida Hipoteca;H;22/08/1995;17/10/2020;17/10/2045;150.000,00;67,09;Málaga
V503146;Vida Hipoteca;H;28/06/1967;21/06/2021;21/06/2041;141.000,00;730,88;Madrid
V504358;Vida Hipoteca;M;03/01/1978;11/04/2016;11/04/2046;240.000,00;327,26;Granada
V505667;Vida Riesgo;H;18/01/1980;23/05/2016;23/05/2031;91.000,00;105,34;A Coruña
V501470;Vida Riesgo;M;22/09/1971;15/02/2016;15/02/2031;70.000,00;160,71;Huelva
V500455;Vida Riesgo;M;18/10/1971;18/09/2020;18/09/2030;70.000,00;235,98;Valencia
V507453;Vida Hipoteca;H;13/02/1980;04/07/2021;04/07/2041;135.000,00;239,95;Burgos
V506193;Vida Riesgo;H;06/02/1982;08/09/2018;08/09/2033;77.000,00;90,98;Burgos
V504859;Vida Hipoteca;H;12/10/1984;18/01/2021;18/01/2051;237.000,00;272,59;Santa Cruz de Tenerife
V502922;Vida Riesgo;M;06/04/1980;28/04/2023;28/04/2033;13.000,00;26,63;Barcelona
V507717;Vida Hipoteca;H;04/08/1988;15/08/2015;15/08/2040;118.000,00;61,87;Madrid
V500226;Vida Riesgo;M;19/07/1966;31/10/2015;31/10/2025;28.000,00;97,35;Zaragoza
V507832;Vida Riesgo;H;24/01/1980;23/08/2022;23/08/2037;69.000,00;135,68;A Coruña
V505234;Vida Riesgo;H;24/12/1983;04/07/2017;04/07/2037;107.000,00;97,50;Cádiz
V502622;Vida Riesgo;H;15/03/1984;20/05/2018;20/05/2028;24.000,00;23,11;Illes Balears
V504537;Vida Hipoteca;H;31/10/1983;09/08/2020;09/08/2035;109.000,00;130,89;Las Palmas
V500292;Vida Riesgo;H;09/10/1974;27/05/2016;27/05/2031;139.000,00;252,23;A Coruña
V503540;Vida Riesgo;M;26/09/1979;13/03/2024;13/03/2034;23.000,00;53,08;Barcelona
V501359;Vida Riesgo;M;31/08/1996;27/09/2018;27/09/2033;70.000,00;24,09;Palencia
V503683;Vida Riesgo;M;29/08/1980;10/06/2018;10/06/2028;115.000,00;150,39;Salamanca
V507403;Vida Riesgo;M;01/08/1973;09/03/2016;09/03/2026;51.000,00;100,50;Cáceres
V500112;Vida Hipoteca;H;08/01/1984;22/12/2015;22/12/2045;90.000,00;71,73;Asturias
V502317;Vida Riesgo;M;04/02/1983;08/10/2021;08/10/2036;38.000,00;53,62;Tarragona
V504366;Vida Riesgo;M;21/02/1969;10/08/2020;10/08/2030;32.000,00;133,94;Barcelona
V503508;Vida Riesgo;Hombre;11/05/1970;20/09/2016;20/09/2036;33.000,00;89,51;Pontevedra
V500486;Vida Riesgo;H;02/12/1988;24/04/2016;24/04/2026;71.000,00;38,40;Madrid
V506374;Vida Riesgo;M;30/12/1986;07/09/2016;07/09/2031;75.000,00;49,31;Santa Cruz de Tenerife
V501585;Vida Hipoteca;M;06/05/1969;13/07/2015;13/07/2030;226.000,00;603,89;Toledo
V507187;Vida Hipoteca;H;26/03/1992;07/12/2022;07/12/2037;239.000,00;171,23;Valencia
V504982;Vida Hipoteca;H;07/03/1982;27/03/2019;27/03/2034;174.000,00;213,96;Segovia
V505238;Vida Hipoteca;H;15/12/1966;12/03/2020;12/03/2045;191.000,00;929,65;Lugo
V500664;Vida Hipoteca;H;23/11/1960;18/08/2017;18/08/2032;63.000,00;412,65;Córdoba
V502492;Vida Hipoteca;H;22/06/1983;06/12/2024;06/12/2054;150.000,00;268,17;Málaga
V507847;Vida Riesgo;Mujer;28/08/1978;20/02/2015;20/02/2030;28.000,00;32,80;Valencia
V500903;Vida Hipoteca;H;12/05/1986;15/05/2023;15/05/2053;118.000,00;144,52;Soria
V500333;Vida Hipoteca;M;08/02/1982;03/02/2020;03/02/2035;351.000,00;467,13;Gipuzkoa
V507775;Vida Riesgo;H;04/03/1977;22/07/2019;22/07/2029;127.000,00;245,58;Cantabria
V503578;Vida Riesgo;M;02/11/1982;27/09/2022;27/09/2037;31.000,00;48,55;Barcelona
V503006;Vida Riesgo;H;09/09/1976;26/11/2018;26/11/2038;30.000,00;57,19;Madrid
V505004;Vida Riesgo;M;13/03/1983;01/01/2021;01/01/2031;41.000,00;53,74;Valencia
V501093;Vida Hipoteca;M;04/10/1964;31/07/2020;31/07/2035;127.000,00;769,78;Palencia
V502214;Vida Riesgo;M;10/03/1985;15/06/2020;15/06/2035;101.000,00;106,67;Barcelona
V500991;Vida Hipoteca;M;30/11/1964;23/05/2018;23/05/2038;222.000,00;1.102,32;Ourense
V501983;Vida Hipoteca;M;04/10/1975;24/09/2023;24/09/2048;113.000,00;351,46;Ávila
V505374;Vida Hipoteca;H;19/01/1974;19/04/2016;19/04/2036;177.000,00;338,39;Bizkaia
V504408;Vida Hipoteca;H;18/07/1974;19/05/2024;19/05/2044;118.000,00;430,04;Tarragona
V507801;Vida Riesgo;M;24/01/1968;19/08/2017;19/08/2027;36.000,00;128,26;Ourense
V500543;Vida Riesgo;M;16/02/1972;11/06/2019;11/06/2034;42.000,00;123,54;A Coruña
V500907;Vida Hipoteca;M;21/05/1993;18/10/2024;18/10/2039;140.000,00;106,56;Las Palmas
V500103;Vida Hipoteca;H;05/08/1988;09/11/2024;09/11/2039;86.000,00;98,88;Barcelona
V507355;Vida Hipoteca;M;17/10/1986;24/08/2024;24/08/2049;190.000,00;250,02;Madrid
V500828;Vida Riesgo;Mujer;09/08/1966;27/03/2019;27/03/2034;117.000,00;540,71;Salamanca
V503426;Vida Riesgo;H;22/08/1979;10/01/2024;10/01/2039;59.000,00;135,30;Barcelona
V504913;Vida Hipoteca;H;05/04/1974;21/04/2019;21/04/2034;401.000,00;972,44;Barcelona
V506405;Vida Hipoteca;Mujer;14/11/1978;08/11/2022;08/11/2042;160.000,00;354,59;Salamanca
V506329;Vida Riesgo;M;18/01/1974;03/02/2020;03/02/2035;40.000,00;105,58;Melilla
V503565;Vida Riesgo;M;15/02/1976;12/05/2022;12/05/2037;91.000,00;244,20;Cádiz
V504907;Vida Riesgo;M;21/12/1976;20/12/2020;20/12/2040;56.000,00;124,23;Valencia
V504580;Vida Hipoteca;H;27/01/1971;24/08/2022;24/08/2042;168.000,00;709,64;Sevilla
V504753;Vida Hipoteca;H;22/11/1981;28/03/2017;28/03/2037;186.000,00;197,77;Madrid
V504933;Vida Hipoteca;M;21/01/1982;05/07/2017;05/07/2042;90.000,00;96,58;Murcia
V501558;Vida Hipoteca;M;23/02/1993;06/09/2020;06/09/2040;254.000,00;139,05;Cantabria
V504103;Vida Hipoteca;M;30/10/1986;02/03/2023;02/03/2053;194.000,00;224,44;Tarragona
V507696;Vida Riesgo;H;30/10/1970;22/12/2017;22/12/2032;314.000,00;910,46;Pontevedra
V501721;Vida Hipoteca;H;02/03/1977;05/10/2022;05/10/2042;95.000,00;241,38;Barcelona
V503910;Vida Hipoteca;M;13/02/1970;04/02/2022;04/02/2052;159.000,00;695,01;Cáceres
V500549;Vida Hipoteca;M;14/09/1970;03/12/2015;03/12/2030;80.000,00;196,90;Barcelona
V506375;Vida Hipoteca;M;14/10/1977;28/09/2022;28/09/2042;112.000,00;269,56;Albacete
V501792;Vida Riesgo;M;30/05/1993;10/07/2024;10/07/2039;111.000,00;82,36;Barcelona
V503650;Vida Riesgo;m;20/12/1974;08/09/2024;08/09/2039;29.000,00;104,64;Barcelona
V500176;Vida Hipoteca;M;02/06/1985;30/12/2019;30/12/2034;102.000,00;101,60;Illes Balears
V504861;Vida Hipoteca;H;10/10/1981;13/06/2018;13/06/2043;180.000,00;214,27;Ávila
V505198;Vida Riesgo;M;17/10/1962;29/09/2022;29/09/2037;120.000,00;1.033,22;Bizkaia
V501352;Vida Riesgo;H;15/08/1963;31/01/2016;31/01/2026;41.000,00;186,78;Burgos
V505941;Vida Hipoteca;M;30/03/1981;15/04/2023;15/04/2048;80.000,00;150,30;Madrid
V502418;Vida Hipoteca;M;05/10/1970;23/09/2021;23/09/2051;62.000,00;248,73;Zaragoza
V503339;Vida Hipoteca;H;16/06/1982;19/11/2020;19/11/2045;145.000,00;200,40;Málaga
V507022;Vida Riesgo;H;12/06/1972;26/12/2018;26/12/2033;125.000,00;344,19;Salamanca
V507294;Vida Hipoteca;H;16/06/2008;11/11/2018;11/11/2033;77.000,00;96,88;Jaén
V506545;Vida Hipoteca;M;11/02/1990;28/09/2021;28/09/2036;59.000,00;45,74;Santa Cruz de Tenerife
V500438;Vida Hipoteca;H;15/03/1968;17/10/2024;17/10/2044;203.000,00;1.313,57;Tarragona
V505250;Vida Hipoteca;M;04/11/1974;16/08/2017;16/08/2032;156.000,00;312,12;Badajoz
V503408;Vida Riesgo;M;16/12/1983;05/01/2023;05/01/2033;107.000,00;155,97;Valencia
V504538;Vida Riesgo;H;04/10/1996;25/06/2017;25/06/2027;119.000,00;36,51;Illes Balears
V506037;Vida Hipoteca;H;28/09/1984;15/12/2017;15/12/2042;116.000,00;102,91;Barcelona
V505912;Vida Riesgo;H;17/09/1982;02/01/2020;02/01/2035;29.000,00;36,38;Tarragona
V506356;Vida Riesgo;M;18/12/1985;18/10/2020;18/10/2035;35.000,00;35,63;Málaga
V504440;Vida Hipoteca;H;24/12/1972;01/06/2016;01/06/2046;143.000,00;302,47;Valencia
V506036;Vida Riesgo;h;05/12/1983;22/04/2016;22/04/2031;26.000,00;21,49;Zaragoza
V504371;Vida Riesgo;M;21/07/1962;22/01/2018;22/01/2038;114.000,00;672,72;Albacete
V500117;Vida Hipoteca;H;22/05/1984;17/08/2023;17/08/2043;64.000,00;94,73;Valladolid
V505540;Vida Riesgo;H;26/02/1987;20/07/2017;20/07/2032;57.000,00;39,79;Las Palmas
V507211;Vida Hipoteca;M;13/06/1979;30/06/2022;30/06/2042;164.000,00;335,65;Cádiz
V503197;Vida Hipoteca;M;28/10/1978;24/07/2020;24/07/2035;217.000,00;397,37;Zamora
V507876;Vida Riesgo;M;27/06/1986;11/02/2017;11/02/2037;8.000,00;5,70;Madrid
V507219;Vida Hipoteca;M;24/04/1980;17/06/2016;17/06/2036;166.000,00;188,97;Murcia
V504855;Vida Hipoteca;M;13/04/1974;29/02/2024;28/02/2049;60.000,00;219,50;Alicante
V501569;Vida Riesgo;M;11/04/1993;15/06/2016;15/06/2036;88.000,00;33,27;Valencia
V503967;Vida Riesgo;H;11/11/1974;31/12/2022;31/12/2032;110.000,00;346,99;A Coruña
V501303;Vida Hipoteca;m;04/02/1968;15/12/2015;15/12/2040;132.000,00;406,67;Valladolid
V505997;Vida Riesgo;H;15/05/1990;04/12/2024;04/12/2044;134.000,00;133,24;Albacete
V503928;Vida Hipoteca;M;10/09/1978;01/02/2016;01/02/2036;97.000,00;122,76;Málaga
V504963;Vida Riesgo;M;18/07/1984;04/11/2015;04/11/2030;51.000,00;38,44;Cantabria
V506942;Vida Hipoteca;M;27/04/1974;05/05/2016;05/05/2036;248.000,00;465,22;Madrid
V500772;Vida Hipoteca;H;27/09/1957;19/07/2017;19/07/2032;303.000,00;2.577,53;Alicante
V501932;Vida Hipoteca;H;20/04/1973;30/07/2019;30/07/2044;143.000,00;385,04;Toledo
V504004;Vida Hipoteca;M;24/11/1965;09/06/2019;09/06/2044;113.000,00;564,07;Madrid
V502380;Vida Hipoteca;M;14/07/1980;22/10/2018;22/10/2043;102.000,00;139,11;A Coruña
V500410;Vida Hipoteca;M;05/01/1977;15/06/2016;15/06/2046;135.000,00;203,36;Araba/Álava
V507300;Vida Hipoteca;M;30/10/1984;16/11/2023;16/11/2043;194.000,00;282,52;A Coruña
V500093;Vida Hipoteca;M;17/03/1979;22/05/2017;22/05/2032;191.000,00;258,50;Córdoba
V505147;Vida Riesgo;H;21/02/1970;20/12/2015;20/12/2025;37.000,00;95,90;Murcia
V505598;Vida Hipoteca;M;18/05/2002;31/03/2024;31/03/2054;485.000,00;164,05;La Rioja
V503989;Vida Riesgo;M;23/04/1976;31/05/2018;31/05/2038;55.000,00;103,86;Cáceres
V506778;Vida Hipoteca;M;22/11/1988;17/07/2023;17/07/2043;210.000,00;210,46;Zaragoza
V501150;Vida Hipoteca;M;04/01/1977;14/11/2022;14/11/2037;118.000,00;306,67;Granada
V507283;Vida Hipoteca;M;24/11/1970;14/11/2010;14/11/2020;234.000,00;289,20;Barcelona
V502537;Vida Riesgo;M;16/04/1981;07/12/2019;07/12/2029;132.000,00;185,75;Madrid
V505759;Vida Hipoteca;M;30/10/1983;08/07/2021;08/07/2046;127.000,00;164,83;Barcelona
V501629;Vida Hipoteca;H;19/09/1973;26/02/2017;26/02/2047;107.000,00;226,38;Soria
V507707;Vida Hipoteca;M;07/03/1970;11/12/2024;11/12/2039;164.000,00;908,68;Murcia
V502517;Vida Riesgo;M;19/05/1987;03/11/2016;03/11/2031;129.000,00;83,19;Cádiz
V503203;Vida Hipoteca;M;14/10/1978;09/03/2017;09/03/2032;129.000,00;177,87;Soria
V501680;Vida Riesgo;H;27/08/1979;15/04/2018;15/04/2038;89.000,00;125,16;Barcelona
V505200;Vida Riesgo;M;30/07/1976;18/06/2015;18/06/2035;114.000,00;163,76;Valencia
V504879;Vida Hipoteca;M;27/04/1974;18/12/2021;18/12/2051;321.000,00;971,04;Valencia
V503680;Vida Riesgo;H;02/02/1979;07/10/2023;07/10/2033;28.000,00;65,81;Melilla
V502667;Vida Hipoteca;M;28/05/1976;20/12/2015;20/12/2030;211.000,00;321,11;Las Palmas
V500701;Vida Hipoteca;M;19/06/1975;22/06/2016;22/06/2031;302.000,00;519,73;Huesca
V506678;Vida Hipoteca;H;17/02/1964;21/12/2017;21/12/2032;190.000,00;973,35;Madrid
V501120;Vida Riesgo;H;15/04/1988;26/06/2018;26/06/2038;18.000,00;12,35;Melilla
V500926;Vida Riesgo;H;11/12/1973;14/07/2018;14/07/2033;20.000,00;46,66;Granada
V507236;Vida Hipoteca;H;10/08/1975;10/02/2017;10/02/2047;100.000,00;179,50;Valencia
V507843;Vida Hipoteca;M;21/09/1969;23/02/2017;23/02/2032;37.000,00;109,84;Navarra
V502394;Vida Riesgo;H;17/06/1982;07/03/2024;07/03/2034;137.000,00;250,51;Ávila
V501127;Vida Riesgo;H;25/10/1979;27/10/2018;27/10/2038;25.000,00;36,29;Valencia
V500610;Vida Riesgo;M;30/01/1987;20/09/2022;20/09/2042;87.000,00;94,85;Barcelona
V502232;Vida Riesgo;M;17/04/1978;23/07/2021;23/07/2041;33.000,00;68,81;Asturias
V502652;Vida Hipoteca;M;11/02/1974;10/01/2018;10/01/2048;100.000,00;220,24;Barcelona
V505901;Vida Riesgo;H;14/11/1972;18/06/2024;18/06/2039;24.000,00;101,55;Lleida
V503867;Vida Riesgo;M;03/10/1972;15/04/2023;15/04/2043;43.000,00;166,22;Teruel
V501231;Vida Hipoteca;H;02/06/1971;04/12/2023;04/12/2053;153.000,00;699,65;Madrid
V506231;Vida Hipoteca;H;12/11/1984;27/07/2023;27/07/2053;74.000,00;104,68;Huelva
V503219;Vida Riesgo;H;17/12/1983;07/07/2022;07/07/2037;42.000,00;58,66;Madrid
V502352;Vida Hipoteca;H;26/04/1987;09/06/2023;09/06/2048;261.000,00;296,42;A Coruña
V502518;Vida Hipoteca;H;30/11/1979;13/09/2021;13/09/2036;257.000,00;472,50;Palencia
V507907;Vida Hipoteca;H;05/06/1958;14/06/2015;14/06/2030;179.000,00;1.201,76;Alicante
V502934;Vida Hipoteca;M;24/04/1962;01/10/2018;01/10/2038;198.000,00;1.264,77;Cáceres
V502980;Vida Hipoteca;H;01/11/1987;25/07/2018;25/07/2033;195.000,00;140,08;Barcelona
V507362;Vida Riesgo;H;09/04/1985;07/01/2023;07/01/2033;62.000,00;80,85;Granada
V500977;Vida Hipoteca;H;24/01/1966;31/08/2016;31/08/2036;202.000,00;785,65;Bizkaia
V506122;Vida Hipoteca;H;01/12/1982;31/03/2024;31/03/2044;130.000,00;229,89;Bizkaia
V505791;Vida Riesgo;M;25/02/1974;20/09/2024;20/09/2044;42.000,00;162,87;Albacete
V501976;Vida Riesgo;M;23/01/1979;11/07/2021;11/07/2031;108.000,00;210,34;Girona
V500798;Vida Hipoteca;H;07/03/1975;11/12/2020;11/12/2040;183.000,00;471,88;Bizkaia
V502464;Vida Hipoteca;M;23/07/1984;16/09/2024;16/09/2044;91.000,00;145,57;Zaragoza
V500624;Vida Hipoteca;H;03/05/1977;01/01/2019;01/01/2039;97.000,00;176,49;Barcelona
V503433;Vida Hipoteca;H;11/08/1983;18/07/2017;18/07/2032;338.000,00;318,83;Madrid
V501041;Vida Hipoteca;H;28/04/1973;28/01/2018;28/01/2048;75.000,00;177,44;Castellón
V504584;Vida Hipoteca;M;02/01/1980;17/10/2016;17/10/2036;258.000,00;310,23;Tarragona
V501058;Vida Riesgo;M;20/03/1986;01/04/2017;01/04/2032;54.000,00;39,80;Murcia
V507684;Vida Hipoteca;H;26/01/1979;11/12/2021;11/12/2051;187.000,00;377,07;Teruel
V506543;Vida Riesgo;H;19/05/1987;10/05/2017;10/05/2037;20.000,00;13,47;Pontevedra
V502028;Vida Hipoteca;H;20/11/1983;22/01/2023;22/01/2048;218.000,00;320,91;Sevilla
V502245;Vida Hipoteca;H;02/01/1972;25/01/2015;25/01/2035;255.000,00;522,57;Barcelona
V505172;Vida Riesgo;M;13/05/1989;12/05/2024;12/05/2044;65.000,00;67,10;Navarra
V501884;Vida Hipoteca;H;19/12/1982;14/11/2020;14/11/2050;127.000,00;167,86;Illes Balears
V507406;Vida Riesgo;M;27/02/1972;17/07/2016;17/07/2026;101.000,00;231,62;Barcelona
V505243;Vida Riesgo;H;27/04/1965;26/09/2024;26/09/2044;38.000,00;312,64;Madrid
V507477;Vida Hipoteca;M;07/06/1963;21/07/2021;21/07/2041;309.000,00;2.277,56;Málaga
V506260;Vida Hipoteca;M;06/09/1978;18/12/2016;18/12/2036;95.000,00;129,67;Pontevedra
V504173;Vida Riesgo;H;26/04/1999;12/04/2022;12/04/2042;71.000,00;26,36;Granada
V500243;Vida Riesgo;H;21/04/1979;30/11/2023;30/11/2033;67.000,00;156,60;Almería
V507728;Vida Riesgo;M;19/08/1979;13/05/2017;13/05/2027;68.000,00;88,57;Madrid
V501441;Vida Hipoteca;H;04/12/1987;15/06/2021;15/06/2036;155.000,00;141,27;Madrid
V501512;Vida Hipoteca;M;06/06/1965;08/09/2017;08/09/2032;189.000,00;846,20;Barcelona
V506314;Vida Hipoteca;H;18/03/1984;05/11/2018;05/11/2038;267.000,00;267,28;Burgos
V501463;Vida Hipoteca;Mujer;19/05/1987;21/06/2015;21/06/2030;105.000,00;60,27;Sevilla
V501042;Vida Hipoteca;H;05/07/1980;18/02/2024;18/02/2044;225.000,00;483,46;Albacete
V505991;Vida Hipoteca;M;29/06/1985;27/08/2024;27/08/2049;59.000,00;86,78;Valencia
V507926;Vida Hipoteca;M;27/09/1974;09/12/2022;09/12/2047;108.000,00;342,50;Palencia
V500114;Vida Hipoteca;M;23/08/1982;08/08/2016;08/08/2046;175.000,00;165,43;Córdoba
V502306;Vida Hipoteca;M;03/03/1986;01/02/2023;01/02/2053;132.000,00;160,43;Barcelona
V507337;Vida Hipoteca;M;03/11/1984;14/01/2023;14/01/2038;215.000,00;291,27;Ávila
V501457;Vida Riesgo;H;27/05/1986;10/05/2020;10/05/2035;63.000,00;59,53;Alicante
V503101;Vida Hipoteca;H;17/09/1979;13/01/2015;13/01/2030;259.000,00;274,93;Barcelona
V500988;Vida Riesgo;H;07/06/1986;08/08/2021;08/08/2036;41.000,00;42,95;Santa Cruz de Tenerife
V500098;Vida Riesgo;M;11/09/1975;15/03/2024;15/03/2034;20.000,00;65,12;Bizkaia
V501974;Vida Riesgo;M;13/04/1970;03/11/2016;03/11/2031;23.000,00;63,44;Barcelona
V503083;Vida Hipoteca;M;15/12/1989;17/07/2023;17/07/2053;151.000,00;138,26;Alicante
V501300;Vida Riesgo;H;12/04/1978;18/11/2023;18/11/2033;58.000,00;147,48;Sevilla
V504492;Vida Riesgo;H ;03/09/1982;15/12/2020;15/12/2040;28.000,00;38,22;Huesca
V506575;Vida Riesgo;M;29/09/1981;26/08/2018;26/08/2033;51.000,00;61,92;Zaragoza
V502910;Vida Riesgo;M;05/06/1968;30/06/2021;30/06/2041;76.000,00;364,55;Girona
V503739;Vida Hipoteca;M;24/04/1975;03/06/2023;03/06/2043;318.000,00;1.000,69;Jaén
V506028;Vida Riesgo;M;05/08/1964;21/06/2016;21/06/2036;42.000,00;182,07;Valencia
V501724;Vida Hipoteca;M;22/10/1980;10/02/2020;10/02/2035;95.000,00;141,39;Huesca
V507084;Vida Hipoteca;H;30/09/1961;11/09/2016;11/09/2046;116.000,00;652,81;Almería
V502759;Vida Hipoteca;M;07/07/1962;18/06/2020;18/06/2040;174.000,00;1.263,86;Granada
V507789;Vida Hipoteca;H;19/07/1981;04/05/2017;04/05/2037;169.000,00;186,65;Sevilla
V504343;Vida Hipoteca;M;12/09/1989;09/06/2017;09/06/2042;104.000,00;57,94;Bizkaia
V506665;Vida Riesgo;M;04/05/1982;06/08/2024;06/08/2034;34.000,00;65,07;Málaga
V502135;Vida Riesgo;H;17/09/1986;04/03/2017;04/03/2032;27.000,00;18,96;León
V503519;Vida Hipoteca;M;22/02/1992;12/06/2021;12/06/2036;106.000,00;67,45;Bizkaia
V501438;Vida Riesgo;M;14/03/1986;28/05/2022;28/05/2032;81.000,00;92,67;Barcelona
V506638;Vida Hipoteca;H;11/10/1973;16/08/2015;16/08/2040;101.000,00;186,63;Valencia
V503894;Vida Hipoteca;M;22/03/1978;27/12/2018;27/12/2038;65.000,00;109,59;Illes Balears
V503238;Vida Riesgo;M;20/06/1968;10/04/2019;10/04/2039;57.000,00;225,52;Sevilla
V505068;Vida Hipoteca;M;03/03/1972;25/12/2017;25/12/2037;446.000,00;1.154,52;Cuenca
V501382;Vida Hipoteca;M;21/03/1976;23/01/2023;23/01/2053;140.000,00;395,56;Santa Cruz de Tenerife
V504652;Vida Hipoteca;H;30/08/1979;09/05/2020;09/05/2050;133.000,00;222,81;Madrid
V507327;Vida Hipoteca;M;06/02/1981;27/08/2018;27/08/2048;102.000,00;130,83;Valencia
V504068;Vida Hipoteca;H;24/06/1966;06/05/2016;06/05/2031;183.000,00;668,64;Cuenca
V502970;Vida Hipoteca;H;13/09/1985;23/08/2024;23/08/2049;140.000,00;202,10;Soria
V501568;Vida Riesgo;M;12/12/1978;02/09/2017;02/09/2032;59.000,00;83,60;Santa Cruz de Tenerife
V500312;Vida Riesgo;M;05/09/1969;23/05/2016;23/05/2031;78.000,00;217,96;Las Palmas
V501005;Vida Hipoteca;M;05/07/1964;01/01/2015;01/01/2030;124.000,00;477,72;Segovia
V501741;Vida Riesgo;M;21/03/1976;18/03/2024;18/03/2044;39.000,00;121,51;Las Palmas
V504293;Vida Hipoteca;H;16/03/1984;20/02/2016;20/02/2041;200.000,00;159,10;Málaga
V503995;Vida Hipoteca;H ;04/11/1981;06/10/2022;06/10/2047;124.000,00;211,77;Valencia
V503305;Vida Hipoteca;H;18/03/1985;08/11/2020;08/11/2040;250.000,00;272,70;Asturias
V503551;Vida Riesgo;M;10/06/1984;19/09/2020;19/09/2040;21.000,00;24,17;Ávila
V500548;Vida Riesgo;M;04/09/1965;07/10/2018;07/10/2033;31.000,00;148,95;Santa Cruz de Tenerife
V504711;Vida Riesgo;M;17/06/1970;07/06/2010;07/06/2020;59.000,00;54,96;Málaga
V500627;Vida Riesgo;M;18/06/1967;17/11/2017;17/11/2032;117.000,00;447,92;Alicante
V507544;Vida Riesgo;M;27/09/1981;29/07/2024;29/07/2034;129.000,00;259,33;Murcia
V507162;Vida Riesgo;M;09/10/1977;11/09/2016;11/09/2031;42.000,00;60,53;Sevilla
V502172;Vida Hipoteca;H;31/01/1971;21/01/2011;21/01/2021;205.000,00;586,29;Madrid
V507072;Vida Hipoteca;M;16/12/1974;01/11/2017;01/11/2042;122.000,00;246,10;Santa Cruz de Tenerife
V501638;Vida Hipoteca;M;09/11/1991;24/03/2023;24/03/2048;161.000,00;122,13;Toledo
V503189;Vida Hipoteca;M;01/10/1968;15/07/2015;15/07/2045;184.000,00;517,35;Valencia
V504276;Vida Riesgo;H;01/06/1968;26/08/2021;26/08/2041;40.000,00;194,59;Burgos
V500078;Vida Riesgo;M;28/05/1971;18/03/2023;18/03/2043;79.000,00;340,37;Barcelona
V504664;Vida Riesgo;M;17/04/1997;23/05/2022;23/05/2032;38.000,00;16,91;Madrid
V500071;Vida Riesgo;M;01/05/1957;27/07/2018;27/07/2028;97.000,00;931,63;Barcelona
V505145;Vida Riesgo;H;11/11/1977;03/03/2019;03/03/2039;106.000,00;187,09;Bizkaia
V507970;Vida Hipoteca;H;22/02/1984;08/09/2018;08/09/2033;86.000,00;85,43;Málaga
V506701;Vida Hipoteca;Hombre;03/07/1969;20/11/2015;20/11/2035;191.000,00;518,93;Ourense
V504463;Vida Hipoteca;M;07/09/1965;22/10/2018;22/10/2048;120.000,00;578,18;Granada
V500208;Vida Hipoteca;H;08/01/1986;17/12/2016;17/12/2031;72.000,00;52,65;Gipuzkoa
V506267;Vida Hipoteca;H;26/09/1964;31/07/2017;31/07/2032;237.000,00;1.115,25;Barcelona
V504168;Vida Riesgo;M;24/10/1965;26/03/2016;26/03/2026;159.000,00;608,95;Alicante
V506762;Vida Riesgo;M;22/02/1971;23/07/2017;23/07/2032;19.000,00;51,77;Málaga
V503733;Vida Hipoteca;M;21/03/1972;18/09/2022;18/09/2042;121.000,00;466,32;Barcelona
V502178;Vida Hipoteca;M ;22/09/1963;30/04/2020;30/04/2050;184.000,00;1.192,13;Sevilla
V507057;Vida Riesgo;M;10/02/1974;04/12/2023;04/12/2043;35.000,00;127,28;Tarragona
V505562;Vida Riesgo;H;26/07/1981;17/01/2022;17/01/2037;70.000,00;115,16;Barcelona
V502546;Vida Riesgo;H;18/06/1966;21/03/2018;21/03/2033;51.000,00;218,78;Barcelona
V505045;Vida Hipoteca;h;14/03/1976;03/02/2016;03/02/2041;104.000,00;162,76;Murcia
V503050;Vida Hipoteca;M;24/02/1971;04/07/2020;04/07/2045;201.000,00;703,26;Cantabria
V502072;Vida Hipoteca;H;28/03/1974;04/12/2023;04/12/2053;84.000,00;302,24;Málaga
V503352;Vida Hipoteca;H;05/01/1965;02/10/2016;02/10/2031;353.000,00;1.512,34;Tarragona
V506368;Vida Hipoteca;M;21/11/1967;10/10/2020;10/10/2045;189.000,00;892,76;Madrid
V507093;Vida Hipoteca;H;28/02/2000;10/06/2020;10/06/2040;100.000,00;29,55;Madrid
V500762;Vida Hipoteca;M;02/12/1970;22/11/2010;22/11/2020;240.000,00;221,36;Madrid
V501625;Vida Hipoteca;H;06/01/1985;07/09/2023;07/09/2048;144.000,00;203,07;Gipuzkoa
V501704;Vida Hipoteca;H;22/05/1984;02/03/2015;02/03/2045;303.000,00;218,48;Las Palmas
V507044;Vida Hipoteca;Hombre;26/06/1979;02/01/2018;02/01/2038;130.000,00;181,07;Málaga
V503486;Vida Riesgo;H;30/05/1978;26/12/2015;26/12/2025;111.000,00;142,65;Barcelona
V505565;Vida Riesgo;M;07/07/1979;29/10/2017;29/10/2032;58.000,00;79,36;Sevilla
V502076;Vida Riesgo;M;17/01/1963;24/11/2017;24/11/2037;74.000,00;413,09;Girona
V503668;Vida Hipoteca;H;04/08/1974;08/03/2020;08/03/2035;175.000,00;444,65;Barcelona
V503877;Vida Riesgo;M;07/04/1978;17/04/2018;17/04/2033;64.000,00;101,32;Melilla
V501397;Vida Hipoteca;M;28/01/1979;12/06/2020;12/06/2045;170.000,00;301,70;Alicante
V503273;Vida Hipoteca;H;01/10/1958;13/03/2019;13/03/2049;303.000,00;2.721,15;Soria
V505628;Vida Riesgo;M;14/12/1973;10/06/2016;10/06/2031;49.000,00;95,61;Ciudad Real
V502679;Vida Hipoteca;M;26/01/1980;08/08/2024;08/08/2039;229.000,00;531,70;Valencia
V504447;Vida Riesgo;H;30/08/1985;26/04/2020;26/04/2030;192.000,00;192,55;León
V505242;Vida Hipoteca;H;05/11/1960;13/09/2021;13/09/2051;145.000,00;1.347,98;Ávila
V501391;Vida Hipoteca;M;26/07/1983;02/09/2019;02/09/2034;162.000,00;183,74;Madrid
V500135;Vida Riesgo;H;13/01/1981;02/08/2018;02/08/2038;159.000,00;203,89;Jaén
V507203;Vida Hipoteca;H;15/07/1973;29/03/2015;29/03/2040;189.000,00;345,05;Madrid
V504488;Vida Hipoteca;H;28/07/1981;16/03/2024;16/03/2054;174.000,00;343,76;Barcelona
V507461;Vida Hipoteca;M;13/06/1972;04/12/2015;04/12/2030;198.000,00;420,18;Cantabria
V506040;Vida Riesgo;H;07/11/1975;18/09/2021;18/09/2036;44.000,00;114,40;Barcelona
V505977;Vida Riesgo;H;21/03/1989;01/09/2018;01/09/2038;68.000,00;43,81;Barcelona
V505287;Vida Riesgo;H;29/11/1975;13/12/2017;13/12/2037;45.000,00;84,52;Madrid
V501905;Vida Riesgo;M;22/03/1956;07/12/2016;07/12/2031;152.000,00;1.396,17;Málaga
V506440;Vida Riesgo;M;17/03/1984;05/09/2018;05/09/2028;68.000,00;67,12;Madrid
V501618;Vida Riesgo;M;18/04/1984;30/08/2018;30/08/2033;112.000,00;109,59;Barcelona
V502185;Vida Riesgo;H;15/06/1977;21/08/2020;21/08/2035;84.000,00;173,89;Pontevedra
V500092;Vida Riesgo;H;03/04/1984;17/11/2019;17/11/2039;20.000,00;21,77;Sevilla
V506341;Vida Riesgo;H;04/01/1984;17/06/2017;17/06/2032;49.000,00;44,35;Madrid
V500956;Vida Riesgo;M;16/03/1997;23/02/2023;23/02/2043;46.000,00;21,99;Illes Balears
V500693;Vida Riesgo;M;09/01/1993;18/02/2022;18/02/2032;70.000,00;43,81;Cuenca
V504233;Vida Hipoteca;M;15/02/1965;06/12/2019;06/12/2039;64.000,00;355,73;Huesca
V502024;Vida Riesgo;M;03/03/1979;18/07/2015;18/07/2025;19.000,00;22,05;Alicante
V502572;Vida Hipoteca;H;28/03/1986;21/01/2018;21/01/2038;187.000,00;147,37;Granada
V504159;Vida Riesgo;H;17/06/1982;06/09/2023;06/09/2043;76.000,00;133,18;Valencia
V507603;Vida Riesgo;H;11/01/1974;19/11/2021;19/11/2041;44.000,00;135,51;Palencia
V505561;Vida Hipoteca;H;04/11/2003;24/08/2022;24/08/2042;164.000,00;42,75;Salamanca
V506373;Vida Hipoteca;M;19/02/1969;28/08/2017;28/08/2042;264.000,00;860,19;Lleida
V507090;Vida Riesgo;M;08/04/1969;14/01/2019;14/01/2029;44.000,00;159,43;Badajoz
V503421;Vida Hipoteca;H;29/09/1957;28/08/2020;28/08/2040;97.000,00;1.074,15;Valencia
V506505;Vida Hipoteca;H;13/02/1971;25/12/2021;25/12/2041;282.000,00;1.121,44;Sevilla
V502872;Vida Hipoteca;M;23/10/1976;19/05/2017;19/05/2037;355.000,00;588,56;Madrid
V506708;Vida Riesgo;H;09/09/1992;19/06/2015;19/06/2030;123.000,00;44,92;Barcelona
V505749;Vida Hipoteca;H;06/05/1965;02/05/2021;02/05/2041;95.000,00;584,10;Barcelona
V507063;Vida Hipoteca;M ;10/01/1986;07/04/2021;07/04/2041;181.000,00;190,73;Toledo
V503361;Vida Riesgo;M;18/10/1976;06/04/2020;06/04/2030;77.000,00;163,30;Ciudad Real
V500137;Vida Riesgo;Hombre;21/05/1989;02/11/2022;02/11/2042;101.000,00;91,42;Cáceres
V506344;Vida Riesgo;H;02/12/1972;20/09/2023;20/09/2043;34.000,00;134,47;Alicante
V500973;Vida Riesgo;Mujer;13/10/1982;06/09/2019;06/09/2039;92.000,00;111,63;Ávila
V507081;Vida Riesgo;H;24/01/1973;05/06/2021;05/06/2036;41.000,00;131,81;Tarragona
V504713;Vida Hipoteca;M;25/07/1977;15/11/2019;15/11/2034;193.000,00;370,90;Barcelona
V507352;Vida Riesgo;M;07/07/1978;11/06/2016;11/06/2036;13.000,00;17,22;Valladolid
V506600;Vida Riesgo;H;25/06/1973;19/02/2018;19/02/2028;85.000,00;199,42;Guadalajara
V500474;Vida Hipoteca;M;29/09/1957;10/03/2017;10/03/2042;230.000,00;1.896,99;Zamora
V506290;Vida Hipoteca;M;21/04/1981;24/04/2016;24/04/2036;172.000,00;177,74;Illes Balears
V500552;Vida Riesgo;H;27/04/1966;19/10/2017;19/10/2037;34.000,00;142,47;Gipuzkoa
V507700;Vida Hipoteca;H;19/05/1966;18/04/2020;18/04/2035;130.000,00;670,09;Bizkaia
V505394;Vida Hipoteca;M;14/09/1972;17/05/2017;17/05/2047;91.000,00;213,80;Barcelona
V507490;Vida Riesgo;H;09/07/1966;08/11/2018;08/11/2028;39.000,00;175,74;Navarra
V501257;Vida Hipoteca;M;16/05/1979;06/07/2018;06/07/2033;153.000,00;224,60;Pontevedra
V507429;Vida Riesgo;H;12/09/1978;13/10/2024;13/10/2039;63.000,00;166,93;Zaragoza
V504546;Vida Hipoteca;H;27/08/1980;16/01/2018;16/01/2033;124.000,00;156,85;La Rioja
V507040;Vida Hipoteca;H;14/04/1979;13/02/2021;13/02/2051;293.000,00;540,99;Santa Cruz de Tenerife
V503103;Vida Hipoteca;M;02/03/1980;10/09/2016;10/09/2041;226.000,00;265,68;Navarra
V507437;Vida Riesgo;M;19/09/1981;21/09/2019;21/09/2029;31.000,00;41,32;Málaga
V500670;Vida Hipoteca;M;23/11/1978;17/03/2019;17/03/2049;297.000,00;481,74;Málaga
V503821;Vida Hipoteca;H;09/10/1973;14/02/2019;14/02/2049;73.000,00;181,67;Barcelona
V507371;Vida Hipoteca;H;22/08/1980;19/08/2020;19/08/2045;200.000,00;315,65;Barcelona
V505890;Vida Hipoteca;H;03/09/1991;05/10/2019;05/10/2034;176.000,00;100,99;Murcia
V506904;Vida Riesgo;H;24/04/1980;12/03/2021;12/03/2031;104.000,00;177,04;Madrid
V500010;Vida Hipoteca;M;15/10/1975;23/01/2023;23/01/2043;66.000,00;193,48;Huesca
V500408;Vida Hipoteca;M;09/12/1977;09/06/2017;09/06/2037;115.000,00;174,08;Murcia
V504056;Vida Hipoteca;H;23/03/1978;27/10/2023;27/10/2053;122.000,00;310,09;Valencia
V503616;Vida Hipoteca;H;11/03/1985;26/09/2022;26/09/2052;116.000,00;148,68;Barcelona
V501840;Vida Hipoteca;H;17/06/1988;04/02/2019;04/02/2034;131.000,00;93,33;Madrid
V507873;Vida Riesgo;M;20/12/1974;01/01/2022;01/01/2032;27.000,00;77,54;Zaragoza
V504792;Vida Riesgo;H;10/02/1987;29/04/2018;29/04/2038;26.000,00;19,46;Málaga
V506656;Vida Hipoteca;M;21/04/1976;20/05/2024;20/05/2039;137.000,00;430,03;Jaén
V505911;Vida Riesgo;M;22/08/1964;01/11/2015;01/11/2025;64.000,00;261,70;Salamanca
V503033;Vida Hipoteca;H;25/02/1969;17/07/2021;17/07/2051;194.000,00;878,30;Guadalajara
V503071;Vida Hipoteca;Hombre;26/04/1986;09/06/2017;09/06/2032;93.000,00;69,06;Granada
V503921;Vida Riesgo;H;20/07/1983;08/05/2016;08/05/2026;31.000,00;26,56;Madrid
V502092;Vida Riesgo;H;21/09/1981;13/12/2022;13/12/2037;95.000,00;166,53;Soria
V506739;Vida Hipoteca;H;12/01/1973;01/11/2022;01/11/2047;259.000,00;941,19;Barcelona
V501161;Vida Riesgo;H;19/04/1976;19/07/2020;19/07/2035;49.000,00;111,06;Barcelona
V503608;Vida Riesgo;H;26/05/1984;27/03/2022;27/03/2037;50.000,00;65,70;Salamanca
V505323;Vida Riesgo;M;08/12/1950;24/04/2015;24/04/2035;63.000,00;789,98;Ceuta
V504759;Vida Riesgo;M;27/03/1976;22/02/2019;22/02/2039;129.000,00;260,87;Las Palmas
V502382;Vida Hipoteca;H;20/06/1973;10/01/2017;10/01/2042;119.000,00;254,38;Valladolid
V506237;Vida Hipoteca;H;01/04/1974;14/01/2015;14/01/2040;132.000,00;222,92;Cantabria
V504765;Vida Hipoteca;M;06/04/1997;25/02/2024;25/02/2044;123.000,00;63,74;Barcelona
V501835;Vida Riesgo;M;30/10/1973;15/07/2022;15/07/2042;50.000,00;165,52;Sevilla
V502778;Vida Hipoteca;H;23/08/1969;12/05/2020;12/05/2045;229.000,00;899,50;Barcelona
V500217;Vida Hipoteca;M;30/11/1958;28/02/2015;28/02/2045;128.000,00;804,32;Barcelona
V504605;Vida Riesgo;h;28/04/1972;28/10/2017;28/10/2037;73.000,00;184,04;A Coruña
V502930;Vida Hipoteca;M;05/01/1974;06/03/2020;06/03/2040;267.000,00;712,17;Barcelona
V506987;Vida Riesgo;M;16/11/1971;03/11/2017;03/11/2027;34.000,00;89,17;Madrid
V500291;Vida Riesgo;M;22/11/1972;06/10/2024;06/10/2039;156.000,00;675,82;Murcia
V502859;Vida Hipoteca;m;25/01/1980;19/11/2016;19/11/2041;243.000,00;292,86;Lugo
V505533;Vida Hipoteca;M;09/12/1969;06/01/2023;06/01/2043;234.000,00;1.123,22;Las Palmas
V506252;Vida Riesgo;H;27/11/1980;15/01/2018;15/01/2033;167.000,00;206,73;Madrid
V501588;Vida Riesgo;H;22/12/1974;04/02/2016;04/02/2031;61.000,00;105,96;Araba/Álava
V507985;Vida Hipoteca;M;01/02/1984;03/01/2023;03/01/2048;213.000,00;306,92;León
V506510;Vida Hipoteca;M;26/08/1973;11/05/2016;11/05/2041;259.000,00;514,89;Cantabria
V500370;Vida Riesgo;Hombre;08/05/1974;15/07/2017;15/07/2037;89.000,00;184,33;Ourense
V505457;Vida Hipoteca;H;19/03/1984;10/03/2015;10/03/2035;123.000,00;90,19;Cantabria
V506639;Vida Riesgo;H;07/02/1978;16/06/2019;16/06/2034;88.000,00;155,92;León
V507543;Vida Riesgo;H;02/03/1978;24/10/2017;24/10/2027;90.000,00;137,96;Barcelona
V503434;Vida Hipoteca;H;29/01/1987;11/12/2017;11/12/2047;156.000,00;113,37;Murcia
V505607;Vida Riesgo;M;19/01/1960;08/04/2022;08/04/2037;51.000,00;532,42;Soria
V505011;Vida Riesgo;M;07/03/1969;15/04/2020;15/04/2035;15.000,00;60,91;Lugo
V500259;Vida Hipoteca;H;25/05/1967;12/10/2019;12/10/2044;233.000,00;1.054,34;Pontevedra
V501697;Vida Riesgo;Mujer;12/07/1958;22/06/2023;22/06/2043;211.000,00;2.777,55;Illes Balears
V503834;Vida Hipoteca;H;12/12/1968;10/10/2019;10/10/2049;212.000,00;840,39;Bizkaia
V503825;Vida Hipoteca;M;14/03/1985;22/04/2024;22/04/2044;197.000,00;288,45;Illes Balears
V501611;Vida Hipoteca;H;25/05/1978;19/08/2018;19/08/2048;219.000,00;352,93;Castellón
V507482;Vida Riesgo;H;03/09/1983;29/09/2018;29/09/2038;43.000,00;44,67;Valencia
V500121;Vida Hipoteca;H;04/05/1975;15/07/2015;15/07/2045;210.000,00;337,29;Zaragoza
V507414;Vida Riesgo;H;29/11/1987;25/07/2017;25/07/2032;135.000,00;88,49;Málaga
V505142;Vida Hipoteca;H;24/05/1980;27/07/2021;27/07/2041;109.000,00;190,23;Madrid
V506221;Vida Riesgo;M;31/01/1977;19/09/2023;19/09/2043;143.000,00;396,84;Madrid
V505692;Vida Hipoteca;H;22/03/1974;30/06/2020;30/06/2045;149.000,00;401,13;Madrid
V507010;Vida Riesgo;H;18/12/1971;25/08/2017;25/08/2027;48.000,00;122,92;Jaén
V505820;Vida Hipoteca;M;30/05/1976;27/05/2016;27/05/2046;148.000,00;233,58;Madrid
V501011;Vida Hipoteca;M;21/10/1953;21/04/2023;21/04/2048;74.000,00;1.434,43;Murcia
V502265;Vida Riesgo;Mujer;08/09/1975;07/02/2021;07/02/2041;66.000,00;165,23;Málaga
V504444;Vida Riesgo;Hombre;08/09/1961;09/07/2015;09/07/2035;115.000,00;588,54;León
V507002;Vida Riesgo;M;18/02/1962;18/01/2020;18/01/2035;61.000,00;441,68;Illes Balears
V500361;Vida Hipoteca;H;23/08/1985;30/07/2017;30/07/2032;126.000,00;100,26;Zaragoza
V503732;Vida Riesgo;M;22/11/1973;31/08/2019;31/08/2029;44.000,00;113,52;Toledo
V501544;Vida Hipoteca;M;14/09/1980;10/02/2021;10/02/2041;235.000,00;384,27;Barcelona
V505087;Vida Hipoteca;H;20/04/1980;10/04/2019;10/04/2044;106.000,00;153,39;Valencia
V501524;Vida Hipoteca;H;26/03/1965;05/09/2015;05/09/2030;150.000,00;575,65;Granada
V503996;Vida Hipoteca;Mujer;07/03/1979;11/12/2018;11/12/2048;156.000,00;241,51;Ciudad Real
V504588;Vida Hipoteca;H;14/06/1985;14/01/2023;14/01/2038;226.000,00;290,72;Alicante
V500070;Vida Riesgo;M;27/02/1982;29/04/2020;29/04/2030;65.000,00;87,87;Madrid
V506002;Vida Hipoteca;M;01/11/1983;22/01/2024;22/01/2044;187.000,00;301,08;Salamanca
V503351;Vida Hipoteca;H;31/05/1983;08/01/2015;08/01/2045;195.000,00;150,92;Cádiz
V507614;Vida Hipoteca;M;12/07/1965;18/12/2016;18/12/2041;260.000,00;1.085,55;Las Palmas
V502082;Vida Hipoteca;H;27/12/1995;10/02/2022;10/02/2037;148.000,00;71,87;Castellón
V506176;Vida Riesgo;H;09/11/1975;13/03/2017;13/03/2037;85.000,00;150,46;Valencia
V507792;Vida Riesgo;M;30/08/1984;06/01/2022;06/01/2032;39.000,00;49,19;Huesca
V501138;Vida Hipoteca;H;15/10/1965;02/06/2021;02/06/2046;106.000,00;632,12;A Coruña
V505868;Vida Riesgo;M;17/02/1991;22/09/2024;22/09/2034;142.000,00;130,12;Zamora
V500158;Vida Hipoteca;M;19/04/1966;14/12/2019;14/12/2039;268.000,00;1.351,04;Málaga
V503640;Vida Riesgo;H;14/04/1959;19/11/2015;19/11/2035;57.000,00;369,09;Barcelona
V507485;Vida Hipoteca;H;23/09/1982;06/05/2019;06/05/2044;162.000,00;191,93;Huelva
V503931;Vida Riesgo;M;06/12/1975;09/06/2015;09/06/2030;96.000,00;145,41;Barcelona
V500518;Vida Hipoteca;M;14/03/1982;22/01/2017;22/01/2037;345.000,00;352,10;Madrid
V501141;Vida Hipoteca;M;24/02/1980;15/05/2017;15/05/2047;96.000,00;119,73;Málaga
V505458;Vida Hipoteca;M;24/03/1957;01/01/2018;01/01/2048;480.000,00;4.432,39;Ávila
V505284;Vida Hipoteca;M;17/02/1981;12/01/2021;12/01/2041;208.000,00;325,75;A Coruña
V507023;Vida Hipoteca;Mujer;17/03/1997;24/03/2020;24/03/2035;113.000,00;42,14;Girona
V506369;Vida Riesgo;M;11/08/1985;07/11/2017;07/11/2027;31.000,00;25,32;Madrid
V507821;Vida Hipoteca;H;24/02/1968;01/10/2018;01/10/2048;262.000,00;1.018,99;Lugo
V500215;Vida Hipoteca;H;13/04/1986;05/07/2022;05/07/2052;206.000,00;236,10;Albacete
V504820;Vida Riesgo;H;18/08/1990;08/11/2018;08/11/2038;80.000,00;46,44;Guadalajara
V506007;Vida Riesgo;M;01/02/1985;03/08/2023;03/08/2043;24.000,00;33,37;A Coruña
V504716;Vida Hipoteca;M;02/03/1963;31/03/2017;31/03/2047;198.000,00;1.035,11;Barcelona
V503145;Vida Riesgo;H;08/05/1971;14/10/2022;14/10/2032;76.000,00;317,32;Murcia
V506869;Vida Hipoteca;M;28/06/1988;05/04/2023;05/04/2043;138.000,00;139,70;Salamanca
V507766;Vida Hipoteca;H;29/01/1965;01/08/2017;01/08/2037;197.000,00;900,69;Madrid
V505750;Vida Hipoteca;Mujer;17/02/1970;28/05/2022;28/05/2052;138.000,00;618,64;Barcelona
V504399;Vida Hipoteca;M;08/06/1975;26/11/2018;26/11/2048;305.000,00;647,00;Madrid
V503493;Vida Hipoteca;H;16/05/1971;10/10/2020;10/10/2035;117.000,00;411,04;Murcia
V504439;Vida Hipoteca;H;15/12/1990;06/09/2020;06/09/2050;187.000,00;123,36;Segovia
V505002;Vida Hipoteca;M;30/06/1969;03/02/2016;03/02/2046;178.000,00;492,45;Madrid
V504828;Vida Riesgo;M;28/07/1983;29/06/2023;29/06/2038;47.000,00;73,73;Bizkaia
V505558;Vida Riesgo;H;26/06/1984;23/02/2023;23/02/2033;123.000,00;173,36;Murcia
V501395;Vida Hipoteca;M;30/08/1976;02/09/2019;02/09/2044;151.000,00;307,90;Jaén
V506797;Vida Hipoteca;M;18/07/1980;28/12/2016;28/12/2041;143.000,00;166,97;Ávila
V507793;Vida Riesgo;M;27/03/1977;16/11/2016;16/11/2026;58.000,00;88,85;Valencia
V505633;Vida Riesgo;H;11/10/1979;22/04/2022;22/04/2037;49.000,00;95,95;Melilla
V506634;Vida Hipoteca;M;09/06/1973;01/04/2015;01/04/2045;77.000,00;141,83;Madrid
V502177;Vida Hipoteca;H;06/04/1975;06/04/2023;06/04/2048;40.000,00;124,70;Barcelona
V500747;Vida Hipoteca;M;10/03/1979;28/11/2024;28/11/2049;188.000,00;482,94;Bizkaia
V505726;Vida Hipoteca;H;14/06/1980;30/09/2018;30/09/2033;140.000,00;191,29;Girona
V504762;Vida Hipoteca;H;11/07/1988;22/03/2016;22/03/2036;102.000,00;56,61;Bizkaia
V501379;Vida Hipoteca;M;11/02/1971;01/02/2011;01/02/2021;120.000,00;189,63;Las Palmas
V506732;Vida Hipoteca;M;24/06/1984;31/12/2016;31/12/2046;179.000,00;149,70;Lleida
V506053;Vida Riesgo;M;21/07/1981;14/08/2024;14/08/2034;63.000,00;129,13;Soria
V500633;Vida Riesgo;H;19/02/1975;15/06/2022;15/06/2037;97.000,00;285,40;Gipuzkoa
V506891;Vida Hipoteca;H;01/05/1982;18/08/2020;18/08/2045;111.000,00;151,74;Alicante
V505982;Vida Hipoteca;M;27/08/1992;16/12/2020;16/12/2035;84.000,00;49,09;Badajoz
V500761;Vida Riesgo;H;07/01/1988;27/09/2022;27/09/2042;67.000,00;67,56;Zaragoza
V504262;Vida Hipoteca;H;24/03/1981;15/05/2024;15/05/2039;143.000,00;295,03;Burgos
V504094;Vida Riesgo;H;30/10/1962;04/07/2016;04/07/2036;78.000,00;393,99;Pontevedra
V501424;Vida Riesgo;M;04/05/1984;02/06/2023;02/06/2043;47.000,00;68,63;Asturias
V506282;Vida Riesgo;H;24/01/1984;29/03/2019;29/03/2029;71.000,00;74,42;Salamanca
V505799;Vida Riesgo;M;23/04/1973;14/05/2024;14/05/2044;114.000,00;460,88;Ávila
V503866;Vida Riesgo;M;20/06/1983;07/12/2024;07/12/2044;53.000,00;94,83;Barcelona
V505858;Vida Riesgo;H;08/02/1965;29/07/2023;29/07/2033;75.000,00;569,16;Bizkaia
V501617;Vida Hipoteca;M;27/01/1962;01/01/2015;01/01/2030;117.000,00;554,50;Madrid
V500433;Vida Hipoteca;H;06/02/1976;30/01/2024;30/01/2054;85.000,00;264,56;Valladolid
V501475;Vida Hipoteca;H;28/08/1976;19/10/2019;19/10/2039;242.000,00;499,18;Madrid
V503192;Vida Riesgo;M;01/01/1900;22/04/2015;22/04/2030;25.000,00;32,44;Valladolid
V504166;Vida Riesgo;M;06/11/1976;09/11/2021;09/11/2036;36.000,00;87,03;Palencia
V504989;Vida Riesgo;M;14/03/2000;03/05/2023;03/05/2043;59.000,00;22,22;Málaga
V500780;Vida Hipoteca;M;09/05/1979;02/07/2020;02/07/2035;102.000,00;177,66;Cuenca
V504827;Vida Hipoteca;M;28/05/1964;23/01/2016;23/01/2031;205.000,00;871,96;Barcelona
V505719;Vida Hipoteca;M;17/05/1972;23/12/2016;23/12/2046;229.000,00;534,89;Alicante
V504607;Vida Riesgo;M;22/06/1967;02/03/2016;02/03/2036;74.000,00;244,74;Sevilla
V500107;Vida Hipoteca;H;21/11/1970;26/01/2023;26/01/2043;243.000,00;1.080,93;Valencia
V504215;Vida Hipoteca;Mujer;03/01/1984;12/09/2024;12/09/2049;334.000,00;559,56;Badajoz
V504834;Vida Hipoteca;H;26/07/1963;01/05/2019;01/05/2044;193.000,00;1.164,26;Granada
V506967;Vida Hipoteca;H;24/02/1989;09/07/2020;09/07/2035;95.000,00;72,05;Illes Balears
V504430;Vida Hipoteca;H;02/09/1983;28/02/2022;28/02/2037;116.000,00;161,16;Ceuta
V502104;Vida Riesgo;H;05/10/1977;23/07/2018;23/07/2033;86.000,00;145,36;Huesca
V506584;Vida Riesgo;M;30/12/1979;23/11/2017;23/11/2027;39.000,00;51,53;Melilla
V502033;Vida Hipoteca;M;31/01/1973;31/10/2016;31/10/2031;255.000,00;553,91;Huelva
V503384;Vida Hipoteca;M;15/09/1982;17/01/2018;17/01/2038;152.000,00;161,56;Cádiz
V506227;Vida Riesgo;M;07/09/1989;02/02/2023;02/02/2033;45.000,00;40,57;Alicante
V502940;Vida Hipoteca;m;28/11/1973;04/12/2022;04/12/2037;131.000,00;445,23;Segovia
V506482;Vida Riesgo;H;19/03/1970;09/03/2010;09/03/2020;88.000,00;146,47;Barcelona
V501842;Vida Riesgo;M;26/12/1968;24/06/2024;24/06/2034;113.000,00;666,09;Granada
V503162;Vida Hipoteca;M;06/08/1982;23/02/2021;23/02/2041;282.000,00;393,84;Huesca
V506453;Vida Hipoteca;M;19/05/1964;26/10/2021;26/10/2051;83.000,00;577,12;Soria
V506064;Vida Riesgo;M;18/12/1982;01/01/2020;01/01/2030;66.000,00;81,03;Málaga
V501656;Vida Hipoteca;M;21/09/1975;25/11/2016;25/11/2036;370.000,00;645,98;Córdoba
V507315;Vida Hipoteca;H ;07/02/1993;26/02/2024;26/02/2054;303.000,00;223,67;Madrid
V506530;Vida Riesgo;H;30/07/1985;29/03/2023;29/03/2043;106.000,00;137,24;Sevilla
V504919;Vida Riesgo;M;06/05/1973;01/03/2018;01/03/2038;58.000,00;137,97;Zaragoza
V501376;Vida Hipoteca;M;09/07/1999;20/04/2019;20/04/2049;72.000,00;20,39;Cádiz
V503711;Vida Hipoteca;H;04/11/1978;03/08/2021;03/08/2046;152.000,00;303,18;Ceuta
V503558;Vida Riesgo;H;03/01/1977;30/10/2015;30/10/2035;215.000,00;307,19;Huelva
V507522;Vida Hipoteca;H ;16/01/1976;23/07/2016;23/07/2031;182.000,00;300,42;Zaragoza
V500440;Vida Hipoteca;M;17/02/1973;25/08/2021;25/08/2051;97.000,00;316,04;Barcelona
V503614;Vida Riesgo;Mujer;10/09/1966;21/04/2015;21/04/2035;88.000,00;288,96;Bizkaia
V506432;Vida Riesgo;M;25/12/1988;31/01/2018;31/01/2038;80.000,00;50,03;A Coruña
V506402;Vida Hipoteca;Hombre;18/01/1965;18/06/2021;18/06/2051;346.000,00;2.205,42;Gipuzkoa
V500035;Vida Hipoteca;M;15/07/1966;12/12/2019;12/12/2039;204.000,00;1.007,43;Barcelona
V502868;Vida Hipoteca;M;20/03/1979;19/08/2023;19/08/2043;65.000,00;149,44;Ciudad Real
V504268;Vida Hipoteca;H;17/12/1979;18/07/2022;18/07/2037;151.000,00;297,07;Málaga
V504947;Vida Hipoteca;H;14/04/1989;07/06/2023;07/06/2048;244.000,00;234,31;Ceuta
V502630;Vida Hipoteca;H;02/04/2000;14/06/2018;14/06/2048;261.000,00;64,62;Pontevedra
V503574;Vida Riesgo;M;14/04/1976;27/02/2019;27/02/2039;43.000,00;86,70;Zaragoza
V505421;Vida Hipoteca;H;04/07/1978;13/04/2018;13/04/2033;141.000,00;218,51;Alicante
V501643;Vida Hipoteca;H;18/02/1974;09/01/2021;09/01/2036;111.000,00;314,93;Asturias
V502479;Vida Hipoteca;M;19/01/1990;25/01/2019;25/01/2039;91.000,00;56,50;Barcelona
V500300;Vida Riesgo;M;15/01/1963;23/06/2017;23/06/2027;34.000,00;183,19;Alicante
V506481;Vida Riesgo;M;07/07/1966;17/01/2018;17/01/2033;79.000,00;332,50;Valencia
V502305;Vida Hipoteca;M;17/05/1992;13/10/2022;13/10/2052;148.000,00;103,42;Barcelona
V505342;Vida Riesgo;H;07/02/1972;31/10/2020;31/10/2035;50.000,00;165,89;Pontevedra
V501087;Vida Hipoteca;H;17/04/1982;22/06/2019;22/06/2039;79.000,00;98,19;Lleida
V504139;Vida Hipoteca;M;12/11/1981;15/07/2023;15/07/2053;130.000,00;236,66;Málaga
V503858;Vida Hipoteca;M;24/08/1970;05/06/2019;05/06/2049;144.000,00;479,75;Alicante
V501602;Vida Hipoteca;M;04/12/1979;02/03/2016;02/03/2036;160.000,00;183,63;Bizkaia
V501626;Vida Riesgo;M;25/04/1983;09/09/2024;09/09/2034;75.000,00;133,16;Cádiz
V503746;Vida Hipoteca;H;02/06/1984;01/03/2022;01/03/2047;137.000,00;178,61;Valladolid
V500094;Vida Riesgo;H;16/06/1971;19/06/2021;19/06/2041;35.000,00;129,44;Barcelona
V502933;Vida Riesgo;H;01/06/1973;05/06/2019;05/06/2029;85.000,00;223,73;Alicante
V502801;Vida Riesgo;M;12/03/1974;20/06/2018;20/06/2028;64.000,00;145,36;Illes Balears
V506340;Vida Hipoteca;H;07/07/1982;14/11/2021;14/11/2046;107.000,00;159,99;Las Palmas
V501040;Vida Riesgo;h;02/07/1993;08/06/2019;08/06/2034;98.000,00;46,82;Málaga
V504119;Vida Riesgo;M;19/03/1963;10/09/2017;10/09/2037;70.000,00;378,56;Pontevedra
V506833;Vida Riesgo;Mujer;03/12/1966;07/10/2015;07/10/2025;61.000,00;204,33;Murcia
V503247;Vida Hipoteca;H;07/07/1992;07/02/2019;07/02/2049;122.000,00;61,62;Soria
V502413;Vida Hipoteca;M;29/07/1975;31/01/2015;31/01/2045;61.000,00;92,41;Burgos
V502031;Vida Riesgo;H;28/12/1983;28/11/2019;28/11/2034;48.000,00;53,59;Zaragoza
V501580;Vida Hipoteca;Hombre;04/05/1976;07/12/2016;07/12/2041;258.000,00;428,60;A Coruña
V506208;Vida Hipoteca;H;26/10/1974;08/01/2020;08/01/2035;92.000,00;226,09;Barcelona
V501003;Vida Hipoteca;H;12/08/1959;22/03/2019;22/03/2034;61.000,00;510,16;Toledo
V507423;Vida Riesgo;H;25/10/1978;28/11/2018;28/11/2033;39.000,00;62,08;Madrid
V501212;Vida Hipoteca;M;19/10/1973;22/05/2019;22/05/2034;264.000,00;670,48;Ceuta
V501442;Vida Riesgo;H;26/04/1963;01/08/2015;01/08/2035;27.000,00;120,96;Barcelona
V506008;Vida Hipoteca;H;10/06/1969;10/04/2018;10/04/2038;282.000,00;943,59;Segovia
V507600;Vida Hipoteca;M;09/07/1971;29/06/2015;29/06/2040;98.000,00;216,95;Sevilla
V502171;Vida Hipoteca;H;04/04/1973;23/02/2018;23/02/2033;130.000,00;311,17;Toledo
V502913;Vida Hipoteca;M;25/11/1984;10/03/2022;10/03/2052;118.000,00;147,97;Málaga
V502136;Vida Riesgo;M;24/07/1983;31/01/2020;31/01/2040;113.000,00;132,80;Toledo
V501600;Vida Hipoteca;H;18/02/1983;25/04/2018;25/04/2038;226.000,00;237,01;Barcelona
V500364;Vida Riesgo;H;30/06/1977;12/05/2015;12/05/2025;62.000,00;81,67;Barcelona
V502561;Vida Hipoteca;M;28/05/1988;26/10/2015;26/10/2040;267.000,00;144,65;Madrid
V505910;Vida Hipoteca;M;27/03/2006;25/12/2021;25/12/2036;72.000,00;432,44;Sevilla
V502504;Vida Riesgo;M;01/12/1964;26/08/2015;26/08/2025;33.000,00;129,78;Barcelona
V505129;Vida Hipoteca;M;05/03/1974;10/11/2023;10/11/2053;84.000,00;302,21;Sevilla
V506689;Vida Riesgo;M;27/10/1998;20/11/2022;20/11/2042;68.000,00;27,72;Madrid
V505652;Vida Riesgo;M;05/02/1977;30/01/2023;30/01/2043;46.000,00;120,82;Valencia
V502333;Vida Riesgo;H;06/10/1979;29/01/2023;29/01/2038;79.000,00;165,40;Murcia
V506268;Vida Hipoteca;H;03/07/1980;15/09/2017;15/09/2042;158.000,00;196,75;Ciudad Real
V503511;Vida Riesgo;M;08/06/1982;05/03/2017;05/03/2037;77.000,00;77,78;Alicante
V500721;Vida Riesgo;H;19/01/1991;04/08/2024;04/08/2044;73.000,00;66,59;Valencia
V503939;Vida Hipoteca;H;14/05/1974;27/05/2019;27/05/2034;221.000,00;535,56;Santa Cruz de Tenerife
V502307;Vida Riesgo;H;28/08/1965;28/07/2024;28/07/2039;26.000,00;204,98;Albacete
V501088;Vida Hipoteca;M;12/09/1972;27/05/2020;27/05/2045;141.000,00;428,64;Murcia
V503044;Vida Hipoteca;H;26/07/1983;21/09/2022;21/09/2052;135.000,00;198,46;Barcelona
V507004;Vida Hipoteca;M;23/04/1968;11/10/2021;11/10/2036;124.000,00;615,22;Gipuzkoa
V504345;Vida Riesgo;M;22/12/1971;28/10/2016;28/10/2031;47.000,00;112,13;Cuenca
V505547;Vida Hipoteca;M;31/12/1974;19/02/2015;19/02/2030;116.000,00;185,35;Salamanca
V507274;Vida Hipoteca;H;21/08/1979;22/02/2018;22/02/2048;97.000,00;134,95;Granada
V506217;Vida Riesgo;H;23/05/1972;15/01/2017;15/01/2027;86.000,00;201,67;Madrid
V501406;Vida Riesgo;M;14/06/1976;02/04/2017;02/04/2037;168.000,00;284,01;Madrid
V507268;Vida Riesgo;H;01/11/1969;16/07/2022;16/07/2032;29.000,00;134,86;Asturias
V504196;Vida Riesgo;Mujer;05/07/1986;18/12/2024;18/12/2034;75.000,00;103,88;Madrid
V502438;Vida Riesgo;H;04/02/1977;16/09/2018;16/09/2033;70.000,00;126,80;Ciudad Real
V502085;Vida Hipoteca;H;16/02/1986;08/09/2023;08/09/2053;172.000,00;220,72;Málaga
V504635;Vida Riesgo;M;31/05/1976;22/10/2023;22/10/2043;64.000,00;189,50;Navarra
V505300;Vida Hipoteca;M;05/05/1964;25/09/2019;25/09/2049;120.000,00;701,09;Illes Balears
V507905;Vida Hipoteca;H;11/07/1957;15/03/2017;15/03/2047;118.000,00;992,47;Bizkaia
V507681;Vida Riesgo;M;28/09/1994;11/03/2024;11/03/2039;28.000,00;18,04;Sevilla
V501735;Vida Hipoteca;H;22/07/1995;02/02/2020;02/02/2040;149.000,00;63,21;Valladolid
V505707;Vida Hipoteca;M;28/08/1970;27/10/2023;27/10/2053;112.000,00;541,56;Salamanca
V502671;Vida Riesgo;H;12/09/1978;19/03/2016;19/03/2036;47.000,00;60,11;Segovia
V504547;Vida Riesgo;H;05/08/1981;06/03/2018;06/03/2033;55.000,00;64,97;Ciudad Real
V504297;Vida Riesgo;H;18/05/1982;02/10/2021;02/10/2041;38.000,00;56,92;Pontevedra
V501310;Vida Hipoteca;H;09/05/1971;17/07/2016;17/07/2031;168.000,00;412,52;Sevilla
V505819;Vida Hipoteca;H;26/02/1973;24/04/2024;24/04/2039;156.000,00;636,04;Las Palmas
V500043;Vida Hipoteca;H;06/03/1979;28/07/2024;28/07/2039;154.000,00;384,81;Murcia
V506439;Vida Riesgo;H;03/04/1971;15/06/2021;15/06/2036;89.000,00;334,55;Pontevedra
V500851;Vida Riesgo;M;14/09/1967;17/01/2016;17/01/2031;44.000,00;141,22;La Rioja
V504097;Vida Hipoteca;Hombre;21/10/1976;03/01/2018;03/01/2043;85.000,00;148,69;Zaragoza
V504060;Vida Riesgo;H;17/05/1958;07/10/2015;07/10/2030;41.000,00;283,99;Barcelona
V503497;Vida Riesgo;H ;07/06/1991;05/03/2024;05/03/2034;55.000,00;46,89;Sevilla
V507786;Vida Riesgo;H;23/08/1986;16/11/2015;16/11/2035;54.000,00;34,15;León
V507724;Vida Riesgo;M;22/05/1975;08/08/2015;08/08/2030;80.000,00;128,68;Valencia
V501836;Vida Riesgo;M;12/12/1989;26/05/2022;26/05/2037;107.000,00;88,97;Madrid
V504896;Vida Riesgo;H;27/12/1952;04/10/2017;04/10/2027;64.000,00;829,87;Valencia
V505966;Vida Hipoteca;M;14/09/1988;03/03/2019;03/03/2049;169.000,00;118,67;Ciudad Real
V500322;Vida Hipoteca;M;24/01/1982;16/11/2016;16/11/2041;41.000,00;41,67;Asturias
V504454;Vida Riesgo;M;11/06/1973;29/06/2017;29/06/2032;71.000,00;158,20;Barcelona
V500328;Vida Hipoteca;H;07/01/1979;09/04/2021;09/04/2041;125.000,00;239,12;Sevilla
V505193;Vida Hipoteca;H;22/04/1960;08/03/2018;08/03/2043;276.000,00;1.991,99;Huelva
V503893;Vida Riesgo;H;21/01/1987;30/09/2016;30/09/2036;17.000,00;11,18;Guadalajara
V507533;Vida Riesgo;H;19/03/1975;13/04/2022;13/04/2042;132.000,00;380,19;Alicante
V506561;Vida Riesgo;M;04/06/1986;22/08/2019;22/08/2034;47.000,00;41,70;Madrid
V503773;Vida Riesgo;H;28/08/1980;24/09/2020;24/09/2035;47.000,00;74,71;Madrid
V500997;Vida Riesgo;H;27/12/1965;03/04/2015;03/04/2030;54.000,00;187,46;Valladolid
V505205;Vida Hipoteca;M;02/08/1969;17/05/2018;17/05/2038;102.000,00;340,02;Málaga
V507811;Vida Riesgo;M;19/03/1969;21/06/2015;21/06/2035;51.000,00;137,08;Illes Balears
V502869;Vida Hipoteca;H;09/11/1980;06/06/2018;06/06/2048;60.000,00;77,09;Las Palmas
V501554;Vida Hipoteca;H;13/03/1989;20/11/2022;20/11/2037;93.000,00;85,91;Madrid
V503969;Vida Hipoteca;H;31/03/1987;13/05/2021;13/05/2041;144.000,00;137,95;Guadalajara
V503770;Vida Hipoteca;H;28/03/1974;30/01/2016;30/01/2046;244.000,00;450,68;Madrid
V504527;Vida Riesgo;H;18/06/1972;18/10/2017;18/10/2032;138.000,00;342,96;Madrid
V500754;Vida Hipoteca;M;29/08/1974;23/01/2021;23/01/2051;120.000,00;326,62;Málaga
V502182;Vida Hipoteca;M;08/01/1972;03/12/2019;03/12/2044;192.000,00;593,54;Segovia
V502805;Vida Riesgo;M;01/06/1985;04/12/2022;04/12/2037;47.000,00;60,07;Murcia
V506447;Vida Hipoteca;H;05/02/1971;10/10/2016;10/10/2031;115.000,00;294,32;Bizkaia
V507720;Vida Riesgo;M;06/07/1966;04/08/2019;04/08/2039;232.000,00;1.113,75;Madrid
V507048;Vida Hipoteca;H;12/07/1990;15/07/2022;15/07/2037;249.000,00;199,39;Salamanca
V507683;Vida Hipoteca;H;04/06/1993;21/12/2018;21/12/2033;231.000,00;106,80;Zamora
V503375;Vida Hipoteca;H;04/11/1966;15/11/2016;15/11/2036;144.000,00;533,62;Madrid
V506693;Vida Hipoteca;M;14/06/1976;02/11/2022;02/11/2047;61.000,00;165,77;Málaga
V501354;Vida Hipoteca;H;04/02/1970;09/08/2023;09/08/2043;179.000,00;891,22;Madrid
V502855;Vida Riesgo;M;05/09/1976;08/05/2019;08/05/2034;51.000,00;101,08;Sevilla
V504969;Vida Riesgo;H;16/09/1992;01/05/2018;01/05/2038;29.000,00;13,49;Illes Balears
V504049;Vida Riesgo;M;10/12/1979;26/12/2022;26/12/2032;50.000,00;102,30;Bizkaia
V501825;Vida Hipoteca;H;17/11/1993;12/01/2024;12/01/2054;185.000,00;126,52;Valencia
V500283;Vida Hipoteca;H;05/01/1975;21/05/2024;21/05/2049;357.000,00;1.250,97;Asturias
V506635;Vida Hipoteca;H;31/05/1971;10/07/2019;10/07/2049;223.000,00;701,80;Lugo
V504146;Vida Hipoteca;M;26/06/1972;14/11/2017;14/11/2032;77.000,00;192,22;Sevilla
V504464;Vida Riesgo;H;13/05/1994;18/07/2024;18/07/2039;46.000,00;31,54;Sevilla
V505537;Vida Riesgo;M;02/06/1975;16/10/2020;16/10/2040;87.000,00;216,99;Las Palmas
V501260;Vida Hipoteca;H;06/03/1976;16/08/2017;16/08/2047;240.000,00;428,64;Granada
V504400;Vida Hipoteca;M;07/02/1971;24/11/2015;24/11/2040;200.000,00;474,82;Las Palmas
V501012;Vida Hipoteca;M;09/07/1986;16/06/2022;16/06/2052;87.000,00;97,28;Sevilla
V506884;Vida Hipoteca;H;08/06/1969;12/08/2015;12/08/2035;175.000,00;467,20;Valencia
V505979;Vida Hipoteca;M;19/11/1978;01/10/2020;01/10/2035;154.000,00;285,09;Lugo
V503403;Vida Hipoteca;H;12/01/1993;28/06/2024;28/06/2039;194.000,00;148,23;Bizkaia
V502350;Vida Riesgo;M;22/08/1981;22/10/2023;22/10/2033;54.000,00;102,52;Madrid
V501946;Vida Hipoteca;M;24/04/1970;19/04/2019;19/04/2034;250.000,00;847,60;Alicante
V505695;Vida Hipoteca;M;14/10/1958;09/03/2015;09/03/2045;109.000,00;693,99;Barcelona
V505854;Vida Riesgo;H;02/09/1985;06/04/2015;06/04/2035;36.000,00;23,47;Barcelona
V507979;Vida Hipoteca;H;09/10/1980;08/10/2024;08/10/2054;135.000,00;299,47;Madrid
V502475;Vida Riesgo;H;21/01/1991;20/05/2019;20/05/2039;131.000,00;76,70;Barcelona
V501525;Vida Hipoteca;M;12/08/1991;18/07/2024;18/07/2054;130.000,00;112,61;Valencia
V505173;Vida Riesgo;M;23/01/1979;26/07/2019;26/07/2039;15.000,00;24,73;Valencia
V505843;Vida Riesgo;M;24/08/1975;07/10/2018;07/10/2033;52.000,00;107,08;Huelva
V501659;Vida Riesgo;M;05/07/1991;20/04/2017;20/04/2037;56.000,00;26,44;Málaga
V503985;Vida Riesgo;H;26/03/1970;16/03/2010;16/03/2020;28.000,00;278,16;Granada
V505120;Vida Riesgo;H;14/10/1963;26/08/2015;26/08/2035;100.000,00;433,03;Alicante
V502963;Vida Hipoteca;Mujer;17/05/1988;26/09/2020;26/09/2035;194.000,00;160,09;Bizkaia
V500540;Vida Riesgo;M;04/09/1959;21/06/2016;21/06/2036;152.000,00;1.000,90;Pontevedra
V503755;Vida Hipoteca;M;14/02/1979;16/10/2020;16/10/2035;114.000,00;207,52;Granada
V503615;Vida Riesgo;M;18/04/1966;17/11/2015;17/11/2030;107.000,00;381,63;Madrid
V504661;Vida Riesgo;M;16/11/1980;29/09/2023;29/09/2033;90.000,00;181,37;Cádiz
V502524;Vida Riesgo;M;06/05/1974;10/08/2019;10/08/2034;45.000,00;111,17;Barcelona
V503796;Vida Riesgo;H;20/08/1985;19/07/2024;19/07/2039;57.000,00;82,07;Valencia
V502796;Vida Riesgo;H;15/10/1960;25/11/2015;25/11/2035;41.000,00;233,94;Madrid
V505171;Vida Riesgo;M;27/04/1976;20/01/2021;20/01/2031;132.000,00;311,77;Ceuta
V502018;Vida Riesgo;M;18/01/1974;05/06/2018;05/06/2028;27.000,00;61,87;Navarra
V506854;Vida Hipoteca;H;28/03/1992;12/05/2021;12/05/2051;226.000,00;141,60;Murcia
V502530;Vida Hipoteca;M;14/07/1972;06/04/2024;06/04/2039;74.000,00;316,77;León
V505936;Vida Hipoteca;M;15/12/1972;24/02/2017;24/02/2047;97.000,00;218,85;Granada
V507529;Vida Riesgo;M;02/02/1980;01/10/2015;01/10/2035;28.000,00;30,58;Murcia
V505772;Vida Riesgo;H;02/03/1977;22/10/2021;22/10/2036;46.000,00;107,80;Madrid
V504620;Vida Hipoteca;M;13/05/1986;11/06/2016;11/06/2046;178.000,00;120,98;La Rioja
V502877;Vida Riesgo;M;21/04/1981;22/09/2021;22/09/2031;89.000,00;145,70;Salamanca
V507209;Vida Hipoteca;H;02/10/1976;25/05/2015;25/05/2030;260.000,00;365,89;Granada
V500090;Vida Hipoteca;Hombre;07/07/1982;29/12/2022;29/12/2047;124.000,00;203,97;Granada
V507366;Vida Riesgo;M;14/09/1970;09/03/2020;09/03/2035;99.000,00;350,11;Illes Balears
V506336;Vida Hipoteca;M;24/03/1984;09/10/2023;09/10/2048;231.000,00;350,93;Cantabria
V502140;Vida Riesgo;H;24/05/1978;04/09/2017;04/09/2027;66.000,00;98,08;Cáceres
V507977;Vida Riesgo;H;02/10/1967;07/09/2015;07/09/2030;66.000,00;204,59;Valencia
V500449;Vida Hipoteca;M;09/10/1983;01/01/2019;01/01/2039;128.000,00;134,78;Ciudad Real
V500048;Vida Hipoteca;H;19/01/1985;12/11/2023;12/11/2043;101.000,00;144,21;Lugo
V505762;Vida Hipoteca;H;18/09/1985;10/06/2015;10/06/2045;59.000,00;38,91;Valladolid
V501744;Vida Hipoteca;M;20/04/1995;11/06/2022;11/06/2047;317.000,00;167,85;Cádiz
V505940;Vida Hipoteca;H;05/01/1993;05/06/2022;05/06/2042;110.000,00;70,64;Barcelona
V500888;Vida Riesgo;H;24/12/1963;15/10/2023;15/10/2043;96.000,00;816,57;Madrid
V504208;Vida Riesgo;M;28/12/1981;11/01/2018;11/01/2033;36.000,00;40,60;Bizkaia
V505309;Vida Riesgo;H;22/01/1985;31/03/2019;31/03/2029;72.000,00;69,37;Barcelona
V500696;Vida Hipoteca;H;14/05/1994;07/12/2023;07/12/2038;293.000,00;190,63;Illes Balears
V506415;Vida Hipoteca;M;09/05/1984;27/06/2016;27/06/2036;230.000,00;186,17;Barcelona
V507815;Vida Hipoteca;H;20/09/1978;12/10/2017;12/10/2032;106.000,00;154,56;Zamora
V504057;Vida Riesgo;M;02/03/1975;11/12/2021;11/12/2036;84.000,00;236,04;Barcelona
V505716;Vida Riesgo;H;04/01/1973;14/04/2016;14/04/2031;21.000,00;43,81;Cádiz
V501018;Vida Riesgo;M;24/10/1988;07/09/2021;07/09/2036;58.000,00;49,98;Soria
V507587;Vida Riesgo;H;14/06/1984;01/03/2016;01/03/2031;148.000,00;115,57;Valencia
V500513;Vida Riesgo;H;14/03/1980;22/01/2015;22/01/2035;117.000,00;119,35;Asturias
V500427;Vida Riesgo;H;13/07/1983;10/10/2015;10/10/2030;159.000,00;129,89;Madrid
V500612;Vida Hipoteca;H;18/09/1981;02/05/2024;02/05/2049;78.000,00;153,93;Illes Balears
V503187;Vida Hipoteca;H;23/09/1975;12/06/2024;12/06/2054;228.000,00;755,69;Zamora
V505446;Vida Hipoteca;H;23/01/1968;21/11/2016;21/11/2036;121.000,00;404,79;Cádiz
V506459;Vida Hipoteca;H;22/03/1978;26/03/2022;26/03/2052;311.000,00;690,78;Barcelona
V505889;Vida Hipoteca;H;16/08/1962;11/11/2021;11/11/2036;277.000,00;2.244,74;Lleida
V505063;Vida Riesgo;H;27/05/1974;07/10/2019;07/10/2034;122.000,00;303,96;Teruel
V507250;Vida Hipoteca;H;16/06/1976;01/05/2020;01/05/2040;162.000,00;355,69;Madrid
V501223;Vida Hipoteca;H;09/10/1973;04/08/2015;04/08/2035;104.000,00;191,72;Madrid
V504200;Vida Riesgo;H;23/02/1984;15/04/2021;15/04/2031;40.000,00;49,55;Zaragoza
V500683;Vida Riesgo;M;19/11/1985;06/07/2020;06/07/2040;42.000,00;42,02;Ourense
V504020;Vida Riesgo;M;29/08/1968;05/11/2015;05/11/2025;32.000,00;93,08;Barcelona
V507745;Vida Riesgo;M;25/04/1981;14/03/2023;14/03/2033;43.000,00;79,72;Alicante
V502384;Vida Riesgo;M;07/07/1978;11/01/2016;11/01/2036;63.000,00;80,55;Valencia
V500617;Vida Hipoteca;M;31/10/1978;06/12/2017;06/12/2047;98.000,00;143,39;Málaga
V502277;Vida Hipoteca;M;24/04/1974;22/08/2015;22/08/2030;180.000,00;318,30;Valencia
V503610;Vida Riesgo;H;17/10/1990;21/12/2024;21/12/2044;122.000,00;117,50;Murcia
V504010;Vida Riesgo;H;17/09/1985;07/08/2018;07/08/2028;45.000,00;38,82;Barcelona
V502787;Vida Riesgo;H ;21/03/1986;20/04/2023;20/04/2043;25.000,00;30,81;Santa Cruz de Tenerife
V503122;Vida Hipoteca;M;18/08/1984;11/01/2020;11/01/2045;218.000,00;232,84;Girona
V502336;Vida Riesgo;M;18/11/1956;01/03/2016;01/03/2026;93.000,00;756,54;Cádiz
V501235;Vida Hipoteca;H;21/04/1970;28/02/2019;28/02/2034;218.000,00;730,96;Las Palmas
V504926;Vida Hipoteca;H;24/12/1981;11/06/2021;11/06/2051;77.000,00;116,20;Gipuzkoa
V506197;Vida Hipoteca;Mujer;01/08/1964;25/01/2019;25/01/2044;70.000,00;378,64;Bizkaia
V506745;Vida Hipoteca;M;17/11/1973;31/08/2016;31/08/2036;136.000,00;272,24;Sevilla
V506410;Vida Hipoteca;M;04/08/1968;05/03/2018;05/03/2043;206.000,00;734,73;Zaragoza
V506657;Vida Hipoteca;M;22/05/1981;27/11/2022;27/11/2052;109.000,00;195,86;Madrid
V500237;Vida Riesgo;M;05/08/1982;24/10/2022;24/10/2037;232.000,00;373,30;León
V501115;Vida Riesgo;M;01/09/1977;12/09/2016;12/09/2036;107.000,00;155,63;Barcelona
V500479;Vida Riesgo;M;21/12/1977;24/03/2019;24/03/2034;106.000,00;186,24;Valencia
V505751;Vida Hipoteca;H;17/03/1967;09/11/2017;09/11/2037;95.000,00;370,99;Murcia
V502758;Vida Hipoteca;H;30/12/1988;17/01/2024;17/01/2039;165.000,00;171,07;Navarra
V503281;Vida Hipoteca;M;12/04/1973;25/04/2017;25/04/2032;108.000,00;240,38;Barcelona
V506383;Vida Hipoteca;H;14/10/1958;16/03/2019;16/03/2044;100.000,00;895,90;Lleida
V502270;Vida Hipoteca;H;27/09/1976;21/03/2021;21/03/2041;125.000,00;288,89;Cádiz
V504638;Vida Riesgo;M;05/03/1972;23/02/2024;23/02/2039;29.000,00;126,69;A Coruña
V507857;Vida Riesgo;M;09/11/1966;03/05/2018;03/05/2038;78.000,00;326,87;Murcia
V502272;Vida Hipoteca;H;23/07/1974;03/11/2015;03/11/2045;234.000,00;412,07;Alicante
V502563;Vida Hipoteca;H;19/02/1981;01/10/2019;01/10/2049;105.000,00;147,37;Ávila
V505743;Vida Hipoteca;H;24/04/1967;16/02/2022;16/02/2047;94.000,00;523,15;Huesca
V503401;Vida Riesgo;M;29/07/1965;26/11/2015;26/11/2025;173.000,00;657,33;Jaén
V500660;Vida Hipoteca;H;01/04/1977;20/05/2021;20/05/2046;258.000,00;579,02;Navarra
V502831;Vida Hipoteca;H;27/03/1964;28/10/2022;28/10/2042;204.000,00;1.564,10;Huelva
V505576;Vida Riesgo;M;20/03/1968;13/05/2016;13/05/2031;27.000,00;85,24;Madrid
V505294;Vida Hipoteca;M;24/03/1974;23/10/2020;23/10/2045;148.000,00;409,11;Madrid
V501099;Vida Hipoteca;M;09/01/1969;02/01/2016;02/01/2041;277.000,00;791,70;Alicante
V506709;Vida Hipoteca;H;02/12/1975;17/01/2017;17/01/2032;96.000,00;166,89;Murcia
V506664;Vida Riesgo;M;31/01/1981;13/12/2019;13/12/2029;53.000,00;76,00;Huesca
V501060;Vida Riesgo;H;03/05/2001;15/07/2019;15/07/2029;34.000,00;8,42;Valencia
V507655;Vida Hipoteca;H;07/02/1989;13/08/2021;13/08/2051;86.000,00;71,88;Cádiz
V507773;Vida Hipoteca;H;05/04/1981;29/04/2022;29/04/2047;231.000,00;399,47;Madrid
V507714;Vida Hipoteca;M;03/07/1966;22/08/2021;22/08/2051;171.000,00;977,82;Madrid
V501859;Vida Riesgo;H;22/07/1992;27/08/2018;27/08/2028;90.000,00;43,61;Guadalajara
V507992;Vida Riesgo;H;30/01/1971;08/02/2024;08/02/2039;44.000,00;210,26;Alicante
V504346;Vida Hipoteca;M;09/07/1966;29/05/2015;29/05/2035;185.000,00;621,96;A Coruña
V505933;Vida Hipoteca;M;23/08/1958;04/10/2015;04/10/2045;115.000,00;777,97;Bizkaia
V507409;Vida Riesgo;H;25/09/1969;01/07/2018;01/07/2028;45.000,00;149,70;Santa Cruz de Tenerife
V506284;Vida Hipoteca;M;02/01/1986;18/02/2021;18/02/2051;125.000,00;130,51;Alicante
V506169;Vida Hipoteca;H;28/05/1981;29/04/2019;29/04/2039;107.000,00;141,61;Zaragoza
V507708;Vida Hipoteca;H;27/09/1991;02/03/2024;02/03/2054;250.000,00;207,46;Madrid
V505021;Vida Riesgo;H;24/07/1990;27/09/2017;27/09/2027;48.000,00;25,49;Santa Cruz de Tenerife
V500708;Vida Riesgo;H;09/01/1974;16/08/2020;16/08/2040;22.000,00;60,89;Madrid
V505452;Vida Hipoteca;H;10/08/1970;19/04/2023;19/04/2043;278.000,00;1.291,26;Madrid
V503011;Vida Hipoteca;H;16/05/1977;26/10/2017;26/10/2047;187.000,00;306,80;Asturias
V506768;Vida Riesgo;H;26/01/1965;14/11/2016;14/11/2036;73.000,00;314,35;Cantabria
V503541;Vida Riesgo;M;16/11/1974;08/06/2015;08/06/2025;108.000,00;178,89;Alicante
V504194;Vida Hipoteca;H;30/04/1966;07/07/2021;07/07/2036;219.000,00;1.257,77;Lleida
V503864;Vida Riesgo;H;30/09/1985;20/01/2021;20/01/2031;222.000,00;235,33;Burgos
V504138;Vida Hipoteca;M;23/08/1969;08/04/2023;08/04/2043;261.000,00;1.312,48;Las Palmas
V505769;Vida Riesgo;H;16/06/1958;18/03/2015;18/03/2030;151.000,00;990,67;Barcelona
V507990;Vida Riesgo;M;05/07/1988;13/08/2015;13/08/2025;35.000,00;18,47;Tarragona
V504648;Vida Riesgo;M;08/10/1980;09/06/2016;09/06/2026;20.000,00;21,86;Sevilla
V505379;Vida Riesgo;H;26/05/1989;01/04/2024;01/04/2034;52.000,00;53,02;Alicante
V503456;Vida Riesgo;H;04/06/1975;17/02/2023;17/02/2043;68.000,00;206,79;Valladolid
V500316;Vida Hipoteca;H;04/10/1975;23/12/2019;23/12/2044;371.000,00;838,68;Sevilla
V505478;Vida Hipoteca;H;08/03/1976;17/09/2023;17/09/2048;288.000,00;862,35;Valencia
V503244;Vida Riesgo;H;01/05/1983;25/12/2016;25/12/2031;38.000,00;35,00;Zaragoza
V503383;Vida Hipoteca;H;12/08/1983;12/05/2020;12/05/2050;346.000,00;414,57;Jaén
V505064;Vida Riesgo;H;16/11/1966;18/06/2019;18/06/2034;33.000,00;151,92;Almería
V504219;Vida Riesgo;M;20/03/1990;16/12/2016;16/12/2026;82.000,00;41,97;Málaga
V501672;Vida Riesgo;M;09/05/1977;13/07/2022;13/07/2032;148.000,00;362,96;Barcelona
V504458;Vida Riesgo;H;29/05/1967;24/11/2018;24/11/2038;247.000,00;1.036,01;Valencia
V505621;Vida Hipoteca;H;08/06/1991;21/11/2023;21/11/2048;236.000,00;196,29;Almería
V504684;Vida Hipoteca;M;15/02/1979;27/08/2016;27/08/2046;60.000,00;76,83;A Coruña
V505998;Vida Riesgo;H;13/07/1992;10/12/2023;10/12/2033;111.000,00;84,47;Madrid
V506974;Vida Riesgo;M;24/10/1973;17/08/2018;17/08/2033;53.000,00;126,01;A Coruña
V503781;Vida Riesgo;M ;05/06/1971;07/06/2015;07/06/2025;22.000,00;48,84;Madrid
V502975;Vida Hipoteca;M;28/01/1991;11/08/2015;11/08/2040;207.000,00;87,81;Barcelona
V506712;Vida Riesgo;H ;29/08/1971;18/07/2017;18/07/2027;200.000,00;520,97;Madrid
V503075;Vida Hipoteca;H;17/03/1978;05/08/2024;05/08/2049;144.000,00;391,42;Málaga
V507169;Vida Riesgo;H;06/12/1989;31/03/2023;31/03/2033;31.000,00;27,73;Castellón
V503111;Vida Riesgo;H;05/02/1996;24/02/2023;24/02/2033;35.000,00;18,39;Badajoz
V503371;Vida Hipoteca;M;04/05/1976;18/08/2022;18/08/2037;172.000,00;463,70;Santa Cruz de Tenerife
V501632;Vida Hipoteca;H;14/01/1986;26/07/2015;26/07/2030;307.000,00;199,12;Madrid
V506372;Vida Hipoteca;H;26/04/1982;06/06/2017;06/06/2032;104.000,00;108,43;A Coruña
V507212;Vida Hipoteca;H;10/12/1970;13/11/2020;13/11/2040;141.000,00;517,82;Illes Balears
V501777;Vida Riesgo;H;15/04/1961;29/03/2018;29/03/2028;55.000,00;367,00;Bizkaia
V502991;Vida Riesgo;M;30/08/1987;26/06/2020;26/06/2040;36.000,00;30,90;Málaga
V505663;Vida Hipoteca;M;05/12/1966;12/07/2023;12/07/2053;469.000,00;3.037,15;Ciudad Real
V502921;Vida Hipoteca;H;27/11/1980;18/11/2017;18/11/2032;333.000,00;406,72;Cuenca
V500118;Vida Riesgo;M;22/12/1980;27/10/2017;27/10/2027;39.000,00;47,11;Valencia
V504045;Vida Hipoteca;H;01/03/1996;16/10/2023;16/10/2043;55.000,00;30,34;Valencia
V502997;Vida Hipoteca;H;03/07/1982;11/09/2019;11/09/2049;128.000,00;159,23;Lugo
V504158;Vida Hipoteca;M;22/11/1980;24/09/2022;24/09/2042;161.000,00;297,24;Madrid
V503214;Vida Riesgo;M;04/09/1970;25/02/2020;25/02/2030;45.000,00;159,06;Valencia
V505556;Vida Hipoteca;H;20/01/1980;02/12/2021;02/12/2046;85.000,00;157,34;Córdoba
V500402;Vida Riesgo;H;13/01/1956;14/08/2019;14/08/2029;82.000,00;961,44;Córdoba
V503623;Vida Hipoteca;H;05/06/1969;18/12/2022;18/12/2037;199.000,00;993,30;Huesca
V500937;Vida Hipoteca;H;04/12/1964;28/04/2020;28/04/2045;104.000,00;608,09;Sevilla
V503890;Vida Riesgo;H;29/02/1968;25/12/2017;25/12/2037;35.000,00;127,38;Barcelona
V505701;Vida Riesgo;M;26/09/1990;09/12/2024;09/12/2044;60.000,00;57,90;Murcia
V500676;Vida Hipoteca;M;03/03/1980;25/03/2019;25/03/2039;114.000,00;166,19;Madrid
V507929;Vida Riesgo;M;07/12/1970;26/07/2015;26/07/2025;84.000,00;196,68;Almería
V503900;Vida Hipoteca;H;04/12/1992;17/06/2019;17/06/2049;442.000,00;222,21;Madrid
V503061;Vida Riesgo;M;14/08/1978;12/04/2024;12/04/2034;37.000,00;94,57;Madrid
V502660;Vida Hipoteca;H;09/06/1985;05/09/2020;05/09/2050;124.000,00;130,69;Madrid
V506880;Vida Riesgo;H;26/12/1979;02/05/2021;02/05/2041;71.000,00;125,77;Ciudad Real
V506808;Vida Hipoteca;H;16/04/1974;17/05/2022;17/05/2042;91.000,00;285,78;Alicante
V507693;Vida Riesgo;M;23/03/1971;25/06/2024;25/06/2039;59.000,00;287,64;Barcelona
V500354;Vida Hipoteca;M;08/09/1987;20/09/2022;20/09/2047;250.000,00;258,90;Madrid
V507298;Vida Riesgo;m;30/12/1969;27/10/2016;27/10/2026;21.000,00;59,24;Araba/Álava
V502753;Vida Riesgo;H;29/09/1970;04/01/2016;04/01/2036;89.000,00;219,90;Las Palmas
V500116;Vida Riesgo;M;23/06/1971;30/11/2024;30/11/2034;60.000,00;297,01;Sevilla
V504636;Vida Riesgo;M;12/08/1961;12/04/2018;12/04/2028;58.000,00;377,66;Murcia
V502747;Vida Riesgo;H;20/04/1969;29/11/2021;29/11/2041;44.000,00;202,98;León
V504883;Vida Hipoteca;H;06/11/1965;23/06/2016;23/06/2036;189.000,00;736,71;Valencia
V503299;Vida Hipoteca;M;31/10/1957;29/09/2015;29/09/2030;114.000,00;825,36;Santa Cruz de Tenerife
V500210;Vida Riesgo;M;19/08/1973;16/07/2022;16/07/2042;80.000,00;269,36;Toledo
V507008;Vida Hipoteca;H;13/07/1981;05/12/2015;05/12/2035;141.000,00;138,32;Valencia
V505734;Vida Hipoteca;M;18/07/1966;07/05/2019;07/05/2034;87.000,00;407,96;Málaga
V504760;Vida Riesgo;M;06/01/1970;08/05/2017;08/05/2037;44.000,00;129,62;Jaén
V504013;Vida Riesgo;H;19/03/1981;03/10/2021;03/10/2031;69.000,00;114,13;Barcelona
V504107;Vida Hipoteca;H;25/04/1979;11/10/2021;11/10/2041;151.000,00;294,07;Navarra
V502600;Vida Riesgo;H;20/07/1964;06/01/2019;06/01/2034;46.000,00;248,41;Barcelona
V506580;Vida Riesgo;H;21/10/1964;12/11/2016;12/11/2031;39.000,00;171,70;Valencia
V502108;Vida Hipoteca;M;25/10/1984;19/07/2019;19/07/2034;145.000,00;146,31;Girona
V500654;Vida Hipoteca;H;21/02/1987;24/10/2024;24/10/2054;315.000,00;408,20;Illes Balears
V504465;Vida Riesgo;M;13/08/1979;10/05/2019;10/05/2029;170.000,00;262,63;Ceuta
V503280;Vida Riesgo;M;18/04/1979;18/02/2016;18/02/2031;49.000,00;59,15;Zamora
V507779;Vida Hipoteca;H;02/04/1971;15/06/2019;15/06/2034;136.000,00;431,32;Madrid
V505386;Vida Hipoteca;M;13/07/1978;10/06/2018;10/06/2033;121.000,00;189,66;Madrid
V503311;Vida Hipoteca;M;08/03/1975;06/07/2016;06/07/2031;121.000,00;214,01;Cuenca
V506292;Vida Hipoteca;H;01/05/1979;17/05/2024;17/05/2049;269.000,00;652,39;Cuenca
V506610;Vida Hipoteca;M;10/04/1966;13/06/2020;13/06/2045;111.000,00;584,97;Madrid
V507226;Vida Riesgo;H;22/10/1967;18/06/2018;18/06/2038;102.000,00;398,51;Cádiz
V503954;Vida Hipoteca;M;24/05/1973;09/08/2018;09/08/2048;56.000,00;137,74;Teruel
V501346;Vida Hipoteca;H;16/12/1978;12/02/2020;12/02/2045;191.000,00;332,90;Murcia
V507049;Vida Hipoteca;H;01/03/1979;21/10/2024;21/10/2044;165.000,00;421,00;Barcelona
V502363;Vida Hipoteca;M;05/04/1987;02/07/2017;02/07/2037;193.000,00;132,99;Santa Cruz de Tenerife
V503568;Vida Hipoteca;M;10/05/1992;01/10/2023;01/10/2043;247.000,00;187,70;Madrid
V503013;Vida Riesgo;H;07/11/1988;21/10/2017;21/10/2032;58.000,00;35,82;Murcia
V501750;Vida Hipoteca;M;20/10/1968;02/04/2015;02/04/2045;153.000,00;418,04;León
V504935;Vida Riesgo;H;31/07/1969;07/10/2021;07/10/2031;65.000,00;289,25;Toledo
V500282;Vida Riesgo;M;07/07/1973;06/04/2015;06/04/2035;51.000,00;93,45;A Coruña
V502338;Vida Riesgo;H;14/05/1985;13/08/2023;13/08/2033;63.000,00;85,74;Ciudad Real
V507252;Vida Hipoteca;H;15/05/1961;24/09/2017;24/09/2032;237.000,00;1.503,90;Murcia
V506145;Vida Hipoteca;M;03/12/1949;03/10/2016;03/10/2046;217.000,00;3.353,56;Málaga
V501646;Vida Riesgo;M;14/05/1994;20/12/2023;20/12/2038;96.000,00;62,65;Alicante
V500351;Vida Riesgo;H;15/07/1987;11/03/2019;11/03/2029;38.000,00;29,53;Zaragoza
V504062;Vida Hipoteca;M;16/09/1981;29/03/2022;29/03/2052;243.000,00;401,53;Madrid
V501254;Vida Hipoteca;H;09/11/1979;08/08/2019;08/08/2049;123.000,00;190,10;Almería
V503895;Vida Hipoteca;H;25/03/1975;14/02/2021;14/02/2046;101.000,00;263,31;Cádiz
V505345;Vida Hipoteca;H;23/03/1971;28/01/2023;28/01/2048;154.000,00;666,07;Palencia
V502093;Vida Hipoteca;Mujer;31/07/1962;11/02/2016;11/02/2031;121.000,00;603,84;Valencia
V500277;Vida Hipoteca;H;13/03/1969;10/04/2016;10/04/2031;74.000,00;213,28;Cáceres
V507607;Vida Hipoteca;M;22/02/1980;21/10/2018;21/10/2043;115.000,00;162,09;Cuenca
V505873;Vida Riesgo;H;31/08/1988;19/12/2019;19/12/2034;43.000,00;32,42;Ourense
V500707;Vida Hipoteca;M;17/11/1972;03/12/2021;03/12/2046;181.000,00;616,66;Sevilla
V505050;Vida Hipoteca;Mujer;25/05/1969;06/04/2019;06/04/2034;125.000,00;456,58;A Coruña
V506520;Vida Hipoteca;H;28/10/1966;11/05/2020;11/05/2035;183.000,00;913,30;Ceuta
V505091;Vida Riesgo;M;16/08/1976;11/04/2020;11/04/2030;114.000,00;245,61;Valencia
V502378;Vida Riesgo;M;26/05/1964;19/04/2022;19/04/2032;65.000,00;470,02;Asturias
V501277;Vida Riesgo;M;18/09/1979;15/03/2019;15/03/2034;18.000,00;27,22;Barcelona
V502542;Vida Hipoteca;H;26/04/1976;22/01/2023;22/01/2048;135.000,00;378,13;Illes Balears
V507884;Vida Hipoteca;H;22/11/1996;24/05/2024;24/05/2039;114.000,00;62,24;Barcelona
V505814;Vida Hipoteca;M;14/07/1985;05/12/2024;05/12/2039;663.000,00;994,72;Madrid
V501145;Vida Hipoteca;H;12/03/1974;26/12/2015;26/12/2045;220.000,00;404,63;León
V500893;Vida Riesgo;H;30/04/1979;28/01/2022;28/01/2032;102.000,00;203,50;Albacete
V506679;Vida Riesgo;H;20/09/1977;14/06/2016;14/06/2036;152.000,00;215,57;Madrid
V505138;Vida Riesgo;H;13/12/1979;26/09/2021;26/09/2041;49.000,00;90,09;Asturias
V503076;Vida Hipoteca;H;08/07/1976;10/12/2018;10/12/2033;116.000,00;225,14;Navarra
V504630;Vida Hipoteca;H;09/07/1970;29/06/2010;29/06/2020;127.000,00;306,61;Madrid
V504284;Vida Riesgo;H;17/07/1964;13/07/2016;13/07/2031;63.000,00;275,66;Málaga
V503237;Vida Hipoteca;H;04/07/1992;03/08/2023;03/08/2038;189.000,00;139,87;Asturias
V501113;Vida Riesgo;H;11/12/2000;29/03/2024;29/03/2044;96.000,00;36,66;Sevilla
V503308;Vida Riesgo;M;21/07/1990;06/10/2019;06/10/2029;86.000,00;54,29;Lugo
V505454;Vida Riesgo;M;12/02/1983;08/06/2021;08/06/2031;29.000,00;39,71;Barcelona
V506785;Vida Hipoteca;M;26/04/1968;20/03/2016;20/03/2041;190.000,00;587,24;Granada
V503471;Vida Hipoteca;H;01/01/1970;02/04/2015;02/04/2030;152.000,00;375,07;Badajoz
V500504;Vida Riesgo;M;11/05/1976;15/12/2019;15/12/2034;93.000,00;199,39;Madrid
V503202;Vida Riesgo;M;16/08/1979;12/06/2023;12/06/2043;23.000,00;50,28;Asturias
V500820;Vida Hipoteca;H;10/01/1987;28/08/2021;28/08/2051;88.000,00;88,07;Salamanca
V503116;Vida Hipoteca;M;15/06/1994;02/01/2022;02/01/2052;316.000,00;173,24;Jaén
V504918;Vida Riesgo;M;06/10/1990;19/12/2017;19/12/2037;44.000,00;23,42;Barcelona
V507698;Vida Hipoteca;Mujer;08/12/1968;26/09/2023;26/09/2038;229.000,00;1.272,49;Madrid
V506793;Vida Riesgo;M;20/07/1977;06/04/2019;06/04/2034;49.000,00;89,51;Valladolid
V503079;Vida Hipoteca;M;08/01/1964;03/03/2020;03/03/2045;87.000,00;542,24;Guadalajara
V501142;Vida Hipoteca;M;10/03/1969;03/10/2024;03/10/2039;111.000,00;658,35;Madrid
V505608;Vida Hipoteca;H;18/03/1989;19/05/2021;19/05/2051;192.000,00;155,87;Las Palmas
V502776;Vida Hipoteca;H;10/10/1971;01/01/2016;01/01/2036;59.000,00;133,48;Bizkaia
V501016;Vida Hipoteca;H;23/05/1985;10/08/2023;10/08/2053;113.000,00;153,34;Almería
V504842;Vida Hipoteca;H;26/06/1978;19/11/2019;19/11/2044;143.000,00;254,38;Madrid
V506233;Vida Riesgo;H;01/11/1963;10/11/2017;10/11/2037;79.000,00;411,06;Barcelona
V502170;Vida Hipoteca;H;06/03/1965;20/11/2016;20/11/2041;123.000,00;525,65;Málaga
V506966;Vida Riesgo;H;16/07/1970;06/07/2010;06/07/2020;35.000,00;75,94;Málaga
V503560;Vida Hipoteca;M;03/02/1967;14/01/2019;14/01/2044;173.000,00;754,16;Madrid
V501957;Vida Hipoteca;H;04/04/1996;03/02/2015;03/02/2040;163.000,00;42,59;Barcelona
V500930;Vida Hipoteca;H;24/07/1965;09/10/2020;09/10/2040;157.000,00;903,60;Barcelona
V501549;Vida Riesgo;M;28/11/1971;15/05/2023;15/05/2038;34.000,00;142,26;Tarragona
V505336;Vida Riesgo;M;19/11/1971;07/07/2016;07/07/2026;91.000,00;213,07;A Coruña
V501061;Vida Riesgo;H;15/04/1975;22/04/2016;22/04/2031;88.000,00;151,58;Madrid
V503702;Vida Hipoteca;M;09/09/1981;03/03/2019;03/03/2049;131.000,00;166,98;Barcelona
V501837;Vida Hipoteca;Hombre;12/02/1963;24/10/2020;24/10/2040;266.000,00;1.890,97;Málaga
V503478;Vida Riesgo;M;24/03/1979;01/08/2018;01/08/2028;62.000,00;92,70;Palencia
V506623;Vida Riesgo;Mujer;28/12/1981;19/12/2017;19/12/2027;43.000,00;48,24;Madrid
V507204;Vida Hipoteca;M;29/10/1966;05/10/2023;05/10/2043;124.000,00;826,01;Zaragoza
V507133;Vida Hipoteca;H;12/03/1978;01/05/2015;01/05/2040;83.000,00;102,77;Bizkaia
V505156;Vida Riesgo;M;15/03/1980;07/02/2023;07/02/2038;58.000,00;117,22;Madrid
V506468;Vida Hipoteca;H;02/01/1980;24/01/2018;24/01/2038;53.000,00;71,00;Alicante
V500436;Vida Hipoteca;Mujer;03/04/1978;27/04/2020;27/04/2050;100.000,00;188,28;Teruel
V505543;Vida Hipoteca;H;01/11/2007;26/06/2022;26/06/2037;104.000,00;691,55;Alicante
V503949;Vida Riesgo;H;20/06/1986;21/08/2021;21/08/2031;36.000,00;37,71;Lleida
V507959;Vida Riesgo;M;27/04/1969;10/05/2022;10/05/2042;56.000,00;267,86;Soria
V504554;Vida Hipoteca;M;22/10/1983;17/04/2021;17/04/2036;265.000,00;338,06;Cantabria
V505313;Vida Hipoteca;H;22/03/1977;19/09/2022;19/09/2037;165.000,00;415,77;Cádiz
V503920;Vida Hipoteca;M;19/05/1966;20/12/2020;20/12/2040;276.000,00;1.506,52;Murcia
V502094;Vida Hipoteca;H;21/08/1981;01/02/2020;01/02/2045;274.000,00;379,31;Teruel
V504349;Vida Hipoteca;M;29/06/1985;12/07/2022;12/07/2037;300.000,00;368,30;Madrid
V504814;Vida Riesgo;H;04/12/1985;27/07/2024;27/07/2039;53.000,00;74,61;Barcelona
V501503;Vida Hipoteca;M;10/10/1965;02/06/2017;02/06/2042;89.000,00;378,24;Barcelona
V503404;Vida Riesgo;H;09/01/1973;03/02/2019;03/02/2039;138.000,00;365,08;Illes Balears
V500212;Vida Hipoteca;H;17/07/1989;23/12/2024;23/12/2044;86.000,00;92,17;Málaga
V507729;Vida Hipoteca;m;26/05/1967;20/06/2015;20/06/2045;94.000,00;294,77;Lugo
V505994;Vida Hipoteca;Mujer;01/08/1975;08/03/2023;08/03/2043;304.000,00;916,05;Badajoz
V504331;Vida Hipoteca;H;05/12/1987;28/05/2021;28/05/2036;199.000,00;180,56;Toledo
V506841;Vida Hipoteca;H;23/02/1963;21/10/2017;21/10/2037;208.000,00;1.142,02;Santa Cruz de Tenerife
V504881;Vida Hipoteca;M;17/01/1989;06/02/2016;06/02/2041;92.000,00;48,34;Cáceres
V501605;Vida Hipoteca;Hombre;19/12/1985;01/11/2020;01/11/2035;127.000,00;129,68;Cuenca
V506796;Vida Hipoteca;H;07/10/1958;03/08/2015;03/08/2045;122.000,00;805,13;Valencia
V501967;Vida Riesgo;H;24/06/1970;14/06/2010;14/06/2020;41.000,00;193,85;Sevilla
V503826;Vida Hipoteca;H;17/10/1982;19/08/2022;19/08/2047;180.000,00;280,45;Sevilla
V507009;Vida Hipoteca;M;19/01/1987;01/10/2016;01/10/2036;178.000,00;117,15;Cuenca
V504940;Vida Riesgo;h;02/06/1963;21/08/2019;21/08/2034;56.000,00;351,10;Castellón
V504241;Vida Hipoteca;H;22/05/1975;08/04/2019;08/04/2049;135.000,00;296,53;Madrid
V500921;Vida Riesgo;H;07/08/1982;01/03/2024;01/03/2039;65.000,00;117,28;Sevilla
V507936;Vida Riesgo;H;15/03/1986;22/04/2023;22/04/2033;318.000,00;392,69;Madrid
V503413;Vida Riesgo;H;30/10/1963;04/04/2016;04/04/2031;80.000,00;363,41;Las Palmas
V505920;Vida Riesgo;M;06/05/1980;29/01/2017;29/01/2037;64.000,00;76,58;A Coruña
V507859;Vida Hipoteca;M;19/04/1973;23/04/2022;23/04/2042;328.000,00;1.114,34;Málaga
V503731;Vida Riesgo;H;27/02/1977;07/04/2017;07/04/2037;30.000,00;47,82;Illes Balears
V501027;Vida Riesgo;M;08/10/1977;20/12/2022;20/12/2042;127.000,00;312,07;Barcelona
V504305;Vida Riesgo;H;22/06/1977;17/11/2020;17/11/2030;97.000,00;204,63;Granada
V504658;Vida Hipoteca;H;24/07/1989;19/05/2024;19/05/2054;165.000,00;167,79;Cáceres
V506442;Vida Hipoteca;M;07/07/1984;14/01/2020;14/01/2045;173.000,00;186,72;Barcelona
V500061;Vida Hipoteca;H;26/04/1982;30/10/2022;30/10/2042;690.000,00;1.138,40;Girona
V501765;Vida Hipoteca;H;16/05/1969;04/01/2017;04/01/2032;175.000,00;529,09;Pontevedra
V505089;Vida Riesgo;M;09/09/1999;03/08/2019;03/08/2029;71.000,00;20,31;A Coruña
V503275;Vida Hipoteca;M;21/06/1960;28/09/2016;28/09/2041;148.000,00;931,89;Barcelona
V507141;Vida Riesgo;H ;21/04/1980;11/09/2017;11/09/2027;49.000,00;62,00;Sevilla
V500349;Vida Riesgo;H;28/12/1964;14/10/2020;14/10/2030;35.000,00;211,66;Santa Cruz de Tenerife
V500931;Vida Riesgo;Mujer;20/02/1985;12/08/2016;12/08/2031;30.000,00;22,96;Madrid
V500862;Vida Riesgo;H;19/04/1983;11/04/2020;11/04/2040;28.000,00;34,21;Pontevedra
V502840;Vida Riesgo;H;01/02/1963;21/05/2023;21/05/2043;65.000,00;576,41;Castellón
V501492;Vida Riesgo;H;05/03/1978;06/12/2023;06/12/2033;55.000,00;141,67;Barcelona
V504724;Vida Riesgo;H;13/07/1981;13/12/2023;13/12/2043;29.000,00;56,25;Badajoz
V500037;Vida Riesgo;M;06/02/1980;26/08/2023;26/08/2038;67.000,00;143,12;Valencia
V506296;Vida Riesgo;H;05/09/1965;28/04/2016;28/04/2036;21.000,00;81,97;A Coruña
V500263;Vida Hipoteca;M;07/08/1990;16/03/2023;16/03/2048;69.000,00;58,13;Zaragoza
V504720;Vida Riesgo;M;28/03/1975;11/08/2018;11/08/2038;76.000,00;159,89;Illes Balears
V502486;Vida Riesgo;H;09/05/1975;11/04/2023;11/04/2043;70.000,00;216,82;Cantabria
V504109;Vida Hipoteca;H;18/05/1988;20/09/2023;20/09/2043;94.000,00;99,91;Illes Balears
V502034;Vida Hipoteca;Mujer;07/10/1977;12/01/2018;12/01/2043;154.000,00;248,77;Melilla
V502292;Vida Riesgo;M;09/02/1970;13/06/2024;13/06/2044;114.000,00;609,28;Sevilla
V503494;Vida Riesgo;H;13/06/1977;17/03/2024;17/03/2044;66.000,00;185,18;Teruel
V505118;Vida Hipoteca;H;05/09/1967;26/03/2018;26/03/2038;87.000,00;337,00;Málaga
V501489;Vida Riesgo;H;23/01/2001;03/05/2021;03/05/2041;89.000,00;26,28;Pontevedra
V501281;Vida Hipoteca;H;24/01/1983;07/06/2019;07/06/2034;226.000,00;262,12;Sevilla
V503888;Vida Hipoteca;M;27/05/1989;19/05/2019;19/05/2039;79.000,00;53,22;Lleida
V503694;Vida Riesgo;M;14/11/1976;09/08/2016;09/08/2026;108.000,00;166,76;Zamora
V505283;Vida Riesgo;H;30/03/1974;30/08/2019;30/08/2034;114.000,00;285,36;Valencia
V507932;Vida Riesgo;M;03/04/1976;24/02/2019;24/02/2039;25.000,00;50,49;Córdoba
V503425;Vida Hipoteca;H;29/08/1967;26/06/2019;26/06/2049;132.000,00;569,65;Madrid
V500085;Vida Riesgo;H;07/04/1989;03/09/2018;03/09/2033;17.000,00;10,91;Tarragona
V503392;Vida Hipoteca;M;07/04/1976;26/01/2020;26/01/2035;181.000,00;394,93;Guadalajara
V507475;Vida Hipoteca;H;09/12/1991;20/05/2017;20/05/2047;80.000,00;36,67;Pontevedra
V503411;Vida Riesgo;M;25/03/1974;02/03/2022;02/03/2037;44.000,00;136,45;Madrid
V504257;Vida Riesgo;M;14/01/1980;03/05/2018;03/05/2028;206.000,00;281,56;Madrid
V506089;Vida Hipoteca;M;24/05/1967;16/07/2023;16/07/2053;116.000,00;722,70;Barcelona
V500836;Vida Riesgo;M;18/04/1969;21/08/2015;21/08/2030;80.000,00;216,59;Madrid
V500826;Vida Hipoteca;H;10/01/1972;07/08/2018;07/08/2038;313.000,00;864,40;Zaragoza
V507392;Vida Riesgo;M;10/05/1974;02/12/2018;02/12/2038;71.000,00;165,29;Valencia
V501890;Vida Riesgo;M;05/02/1994;08/06/2022;08/06/2037;147.000,00;86,15;Lugo
V502684;Vida Hipoteca;H;20/11/1964;21/04/2015;21/04/2045;310.000,00;1.186,63;Madrid
V506834;Vida Riesgo;M;16/06/1985;20/11/2021;20/11/2031;47.000,00;54,80;A Coruña
V505955;Vida Hipoteca;H;13/11/1988;02/03/2020;02/03/2045;174.000,00;131,16;Granada
V503932;Vida Riesgo;M;21/03/1977;24/08/2021;24/08/2036;54.000,00;124,25;Navarra
V503937;Vida Riesgo;M;13/03/1975;17/03/2015;17/03/2035;82.000,00;129,64;Madrid
V504625;Vida Riesgo;H;01/09/1976;25/11/2020;25/11/2035;67.000,00;151,65;Madrid
V501926;Vida Hipoteca;M;01/06/1976;17/08/2022;17/08/2042;112.000,00;299,90;Santa Cruz de Tenerife
V505776;Vida Riesgo;M;14/02/1984;21/04/2021;21/04/2036;46.000,00;57,18;Bizkaia
V505470;Vida Hipoteca;M;20/01/1997;28/12/2020;28/12/2045;106.000,00;42,74;Illes Balears
V502644;Vida Hipoteca;H;26/05/1983;15/04/2019;15/04/2034;272.000,00;302,88;Sevilla
V503026;Vida Hipoteca;M;21/04/1969;09/04/2022;09/04/2037;86.000,00;408,95;Guadalajara
V507921;Vida Hipoteca;M;24/06/1983;16/06/2019;16/06/2034;133.000,00;149,24;Alicante
V502105;Vida Hipoteca;Hombre;26/03/1985;03/05/2017;03/05/2042;195.000,00;157,43;Barcelona
V503618;Vida Riesgo;H;14/07/1990;12/03/2015;12/03/2030;20.000,00;8,58;Málaga
V502199;Vida Hipoteca;M;17/09/1983;29/07/2015;29/07/2045;151.000,00;119,42;Barcelona
V506491;Vida Hipoteca;H;31/03/1986;29/09/2019;29/09/2044;281.000,00;255,39;Málaga
V504886;Vida Riesgo;M;07/04/1969;17/09/2015;17/09/2035;314.000,00;857,82;Málaga
V505975;Vida Hipoteca;H;12/01/1968;11/04/2015;11/04/2040;216.000,00;631,49;Madrid
V501014;Vida Hipoteca;M;28/08/1970;18/08/2010;18/08/2020;65.000,00;155,89;Huesca
V500770;Vida Riesgo;Mujer;16/11/1986;28/05/2017;28/05/2037;27.000,00;19,06;Murcia
V504309;Vida Hipoteca;H;05/03/1966;17/10/2015;17/10/2030;139.000,00;497,29;Toledo
V506492;Vida Hipoteca;H;11/05/1964;06/03/2018;06/03/2033;132.000,00;674,84;Valencia
V500745;Vida Riesgo;H;18/06/1974;02/05/2021;02/05/2036;38.000,00;107,65;Alicante
V504819;Vida Riesgo;H;11/12/1971;20/05/2019;20/05/2034;44.000,00;130,78;Zamora
V505908;Vida Hipoteca;M;22/10/1981;11/03/2022;11/03/2052;145.000,00;236,62;Barcelona
V500832;Vida Hipoteca;H;09/07/1976;04/08/2020;04/08/2035;182.000,00;406,33;Madrid
V505712;Vida Riesgo;M;22/12/1961;23/07/2022;23/07/2037;64.000,00;581,51;Madrid
V501826;Vida Hipoteca;M;24/10/1996;18/12/2016;18/12/2036;334.000,00;97,62;Madrid
V504418;Vida Hipoteca;H;03/03/1972;12/03/2024;12/03/2054;83.000,00;364,31;Soria
V507428;Vida Hipoteca;H;26/04/1964;03/03/2021;03/03/2036;135.000,00;893,07;Barcelona
V500794;Vida Hipoteca;H;22/08/1980;16/02/2024;16/02/2039;156.000,00;331,35;Madrid
V501794;Vida Riesgo;H;21/04/1989;28/04/2021;28/04/2036;57.000,00;45,69;Salamanca
V502789;Vida Hipoteca;M;03/06/1987;01/07/2022;01/07/2047;309.000,00;321,15;Asturias
V507757;Vida Hipoteca;H;13/02/1972;07/09/2020;07/09/2040;93.000,00;304,25;Ciudad Real
V505717;Vida Riesgo;M;17/03/1970;26/10/2024;26/10/2034;67.000,00;366,45;Córdoba
V507275;Vida Hipoteca;M;29/05/1965;17/12/2019;17/12/2044;358.000,00;1.947,91;A Coruña
V503476;Vida Riesgo;M;25/05/1966;08/02/2017;08/02/2027;97.000,00;380,80;Almería
V503528;Vida Riesgo;H;10/04/1977;30/03/2018;30/03/2028;58.000,00;99,47;Toledo
V500193;Vida Riesgo;M;06/06/1969;13/02/2016;13/02/2036;29.000,00;80,87;Madrid
V502615;Vida Hipoteca;M;04/07/1976;20/09/2016;20/09/2031;152.000,00;244,45;Badajoz
V504334;Vida Hipoteca;H;31/03/1967;13/05/2020;13/05/2035;278.000,00;1.339,39;Bizkaia
V505260;Vida Hipoteca;H;27/02/1971;01/12/2024;01/12/2039;98.000,00;498,52;Barcelona
V506715;Vida Hipoteca;M;19/08/1983;22/09/2015;22/09/2040;82.000,00;66,13;Segovia
V503706;Vida Hipoteca;H;30/01/1991;02/06/2017;02/06/2047;86.000,00;42,53;Illes Balears
V500788;Vida Hipoteca;M;24/06/1977;05/10/2020;05/10/2040;148.000,00;308,97;Barcelona
V501327;Vida Hipoteca;H;10/08/1981;24/05/2019;24/05/2039;94.000,00;122,98;Murcia
V501913;Vida Riesgo;H;02/04/1976;17/02/2023;17/02/2038;99.000,00;280,53;Albacete
V501052;Vida Riesgo;H;08/12/1969;10/04/2017;10/04/2037;83.000,00;244,57;Valencia
V504673;Vida Riesgo;M;10/06/1972;03/08/2016;03/08/2031;74.000,00;166,30;Madrid
V500335;Vida Riesgo;M;17/04/1957;20/07/2016;20/07/2026;63.000,00;511,35;Barcelona
V505014;Vida Hipoteca;H;21/08/1945;19/02/2015;19/02/2040;172.000,00;3.334,08;Murcia
V504448;Vida Riesgo;H;15/10/1986;17/07/2021;17/07/2041;23.000,00;23,26;Huelva
V505513;Vida Riesgo;H;28/12/1974;08/02/2021;08/02/2036;48.000,00;127,49;Barcelona
V500827;Vida Hipoteca;M;06/04/1975;09/12/2015;09/12/2040;230.000,00;384,73;Málaga
V505797;Vida Hipoteca;H;28/05/1987;26/04/2022;26/04/2047;94.000,00;96,35;Alicante
V504798;Vida Hipoteca;Hombre;28/08/1984;20/05/2024;20/05/2049;197.000,00;303,97;Granada
V505477;Vida Riesgo;M;15/01/1976;14/06/2019;14/06/2034;111.000,00;234,28;Soria
V501822;Vida Riesgo;M;07/03/1984;04/09/2019;04/09/2034;62.000,00;66,76;Málaga
V500224;Vida Hipoteca;H;18/05/1987;11/05/2024;11/05/2044;179.000,00;218,79;Bizkaia
V506123;Vida Riesgo;H;28/11/1973;25/11/2023;25/11/2043;293.000,00;1.081,88;Madrid
V504203;Vida Hipoteca;M;10/06/1981;10/11/2020;10/11/2050;304.000,00;457,01;Huelva
V501754;Vida Riesgo;H;19/08/1980;20/10/2019;20/10/2039;45.000,00;66,22;Albacete
V507753;Vida Riesgo;H;27/05/1983;13/01/2022;13/01/2032;32.000,00;45,00;Cádiz
V500939;Vida Riesgo;M;12/10/1980;13/05/2021;13/05/2031;46.000,00;76,35;Soria
V505327;Vida Hipoteca;H;22/06/1982;25/02/2022;25/02/2047;163.000,00;250,54;Bizkaia
V506242;Vida Hipoteca;M;07/11/1996;11/01/2023;11/01/2038;107.000,00;52,19;Valencia
V507662;Vida Riesgo;M;02/08/1965;13/02/2018;13/02/2033;37.000,00;169,58;Valencia
V506605;Vida Riesgo;H;05/10/1959;24/04/2023;24/04/2043;85.000,00;993,80;Castellón
V504550;Vida Riesgo;m;03/09/1975;23/08/2020;23/08/2030;53.000,00;127,73;Almería
V503304;Vida Riesgo;H;10/02/1991;25/04/2021;25/04/2036;38.000,00;26,10;Alicante
V507111;Vida Riesgo;H;07/04/1969;10/06/2017;10/06/2037;47.000,00;148,71;Granada
V504670;Vida Riesgo;M;09/04/1959;11/10/2015;11/10/2035;24.000,00;154,18;A Coruña
V507650;Vida Hipoteca;M;06/07/1972;02/09/2016;02/09/2031;65.000,00;146,20;Valencia
V500384;Vida Hipoteca;M;17/07/1968;25/06/2016;25/06/2031;159.000,00;493,19;Las Palmas
V506775;Vida Hipoteca;H;02/08/1997;08/11/2023;08/11/2048;157.000,00;77,17;Salamanca
V505962;Vida Hipoteca;H;22/07/1964;06/03/2016;06/03/2046;153.000,00;649,00;Lleida
V503059;Vida Riesgo;H;09/10/1959;10/06/2016;10/06/2026;108.000,00;703,68;Las Palmas
V507144;Vida Riesgo;m;17/07/1982;29/06/2020;29/06/2035;35.000,00;46,45;Las Palmas
V505500;Vida Hipoteca;M;08/04/1978;28/12/2020;28/12/2045;96.000,00;191,14;Araba/Álava
V503406;Vida Riesgo;M;02/09/1986;28/12/2021;28/12/2041;127.000,00;134,77;Madrid
V502682;Vida Riesgo;H;26/12/1983;05/04/2018;05/04/2028;123.000,00;119,43;Madrid
V500636;Vida Riesgo;H;01/03/1972;30/08/2022;30/08/2032;63.000,00;242,83;Madrid
V500655;Vida Hipoteca;M;23/09/1994;28/06/2020;28/06/2045;63.000,00;29,67;Valencia
V504906;Vida Riesgo;H;24/02/1973;22/05/2022;22/05/2032;187.000,00;647,65;Asturias
V507632;Vida Riesgo;Hombre;06/09/1958;28/08/2020;28/08/2030;100.000,00;1.022,76;Madrid
V503656;Vida Riesgo;M;29/08/1982;30/08/2020;30/08/2040;70.000,00;93,31;Valencia
V501691;Vida Riesgo;Mujer;08/02/1971;06/02/2015;06/02/2025;39.000,00;86,50;Barcelona
V507791;Vida Hipoteca;M;24/09/1983;17/02/2018;17/02/2043;131.000,00;128,54;Barcelona
V501208;Vida Hipoteca;H;21/06/1983;26/10/2021;26/10/2041;173.000,00;237,45;Cantabria
V506470;Vida Riesgo;M;03/09/1968;09/05/2017;09/05/2027;97.000,00;320,41;Málaga
V507735;Vida Hipoteca;M;04/08/1972;05/05/2020;05/05/2040;261.000,00;796,66;Burgos
V504873;Vida Hipoteca;M;28/06/1972;23/04/2015;23/04/2040;211.000,00;423,42;Málaga
V501082;Vida Hipoteca;M;21/10/1985;03/08/2021;03/08/2036;154.000,00;169,98;Zaragoza
V503798;Vida Riesgo;m;12/04/1985;28/04/2018;28/04/2038;17.000,00;14,86;Barcelona
V500616;Vida Riesgo;M;27/09/1972;23/12/2017;23/12/2037;98.000,00;241,61;Lleida
V507166;Vida Hipoteca;M;21/10/1991;18/04/2023;18/04/2053;92.000,00;70,50;Madrid
V501937;Vida Riesgo;M;09/12/1984;19/12/2021;19/12/2041;54.000,00;66,24;Madrid
V506004;Vida Hipoteca;H;17/06/1962;30/03/2022;30/03/2052;75.000,00;636,62;Huelva
V504496;Vida Riesgo;H;21/10/1972;14/06/2015;14/06/2025;15.000,00;29,66;Navarra
V505268;Vida Hipoteca;H;13/12/1975;17/04/2015;17/04/2040;303.000,00;452,56;Lleida
V503460;Vida Hipoteca;H;23/05/1977;11/01/2021;11/01/2046;206.000,00;443,34;Guadalajara
V500642;Vida Hipoteca;M;25/12/1970;15/12/2010;15/12/2020;160.000,00;284,96;Almería
V506896;Vida Riesgo;M;13/02/1982;14/12/2024;14/12/2039;149.000,00;299,43;Cádiz
V507830;Vida Riesgo;H;08/02/1994;29/06/2015;29/06/2030;67.000,00;21,75;Lleida
V504475;Vida Riesgo;M;27/06/1959;20/11/2015;20/11/2030;52.000,00;331,05;Barcelona
V506359;Vida Hipoteca;M;06/10/1983;25/03/2020;25/03/2035;124.000,00;145,05;Huesca
V503756;Vida Hipoteca;M;31/01/1994;16/08/2019;16/08/2034;268.000,00;123,81;Valencia
V505217;Vida Hipoteca;Mujer;23/03/2001;29/06/2024;29/06/2044;217.000,00;82,68;Valladolid
V501259;Vida Hipoteca;H;08/06/1990;24/08/2024;24/08/2039;189.000,00;182,50;La Rioja
V504782;Vida Riesgo;H;28/01/1960;18/10/2019;18/10/2029;66.000,00;557,21;Bizkaia
V506333;Vida Hipoteca;H;05/08/1959;02/10/2018;02/10/2033;99.000,00;796,96;Málaga
V503295;Vida Riesgo;M;05/03/1986;26/06/2019;26/06/2034;66.000,00;59,02;Zaragoza
V507377;Vida Hipoteca;H;01/12/1983;15/07/2019;15/07/2039;78.000,00;84,90;A Coruña
V506769;Vida Hipoteca;H;21/05/1972;24/10/2021;24/10/2041;133.000,00;468,06;Alicante
V506774;Vida Riesgo;M;18/03/1982;12/06/2015;12/06/2025;38.000,00;33,77;Huesca
V503534;Vida Hipoteca;M;11/02/1985;30/10/2024;30/10/2054;129.000,00;198,88;Illes Balears
V502001;Vida Riesgo;M;26/01/1965;01/09/2015;01/09/2025;158.000,00;614,21;Teruel
V506877;Vida Riesgo;H;29/05/1993;17/10/2021;17/10/2036;21.000,00;12,36;Burgos
V501229;Vida Hipoteca;H;21/05/1979;04/09/2016;04/09/2031;118.000,00;148,06;Barcelona
V504837;Vida Hipoteca;M;09/09/1969;09/06/2024;09/06/2049;120.000,00;663,90;Illes Balears
V505317;Vida Riesgo;H;26/09/1977;29/01/2022;29/01/2042;190.000,00;434,03;Lugo
V500756;Vida Hipoteca;H;02/12/1992;12/08/2022;12/08/2052;186.000,00;122,33;Málaga
V501295;Vida Riesgo;M;24/06/1973;14/06/2017;14/06/2037;13.000,00;28,78;Madrid
V507851;Vida Hipoteca;H;16/06/1961;16/07/2015;16/07/2035;64.000,00;334,55;Melilla
V506245;Vida Riesgo;M;06/08/1972;31/07/2023;31/07/2038;67.000,00;269,10;León
V502283;Vida Hipoteca;M;15/04/1968;03/02/2023;03/02/2048;123.000,00;683,72;Madrid
V506742;Vida Riesgo;M;17/11/1979;29/07/2019;29/07/2039;46.000,00;70,81;Santa Cruz de Tenerife
V503919;Vida Hipoteca;H;30/01/1977;03/06/2024;03/06/2049;89.000,00;262,36;Sevilla
V502850;Vida Hipoteca;H;14/11/1968;18/11/2015;18/11/2030;181.000,00;518,65;Girona
V507343;Vida Hipoteca;M;12/11/1968;06/02/2018;06/02/2038;234.000,00;810,27;Santa Cruz de Tenerife
V504767;Vida Hipoteca;M;14/08/1984;23/03/2023;23/03/2043;104.000,00;145,88;Palencia
V505670;Vida Riesgo;H;21/08/1979;06/01/2019;06/01/2034;59.000,00;88,39;Barcelona
V503779;Vida Hipoteca;H;19/08/1957;27/06/2024;27/06/2049;211.000,00;3.267,11;Barcelona
V506578;Vida Riesgo;M;29/03/1984;26/07/2018;26/07/2038;59.000,00;57,52;Zaragoza
V505506;Vida Riesgo;H;20/12/1978;03/07/2024;03/07/2034;97.000,00;245,28;Pontevedra
V505422;Vida Hipoteca;H;03/07/1974;17/06/2023;17/06/2043;151.000,00;510,65;Sevilla
V500581;Vida Hipoteca;M;20/02/1950;18/04/2015;18/04/2045;123.000,00;1.648,40;Valencia
V503330;Vida Hipoteca;M;25/09/1980;04/09/2022;04/09/2047;70.000,00;130,40;Segovia
V505318;Vida Hipoteca;M;17/07/1975;27/02/2016;27/02/2046;139.000,00;231,33;Las Palmas
V501739;Vida Hipoteca;H;21/11/1989;19/09/2019;19/09/2039;159.000,00;105,76;Alicante
V504647;Vida Hipoteca;H;23/04/1986;11/06/2024;11/06/2049;168.000,00;226,47;Valencia
V507924;Vida Riesgo;H;01/03/1981;14/12/2021;14/12/2031;64.000,00;108,10;Sevilla
V507258;Vida Riesgo;M;19/07/1983;23/01/2018;23/01/2028;81.000,00;80,27;Barcelona
V500904;Vida Riesgo;M;06/05/1971;31/12/2020;31/12/2040;43.000,00;154,31;Madrid
V506628;Vida Riesgo;M;30/10/1978;15/03/2024;15/03/2039;44.000,00;109,75;Granada
V504136;Vida Riesgo;H;03/10/1962;26/11/2022;26/11/2037;42.000,00;367,71;Barcelona
V502372;Vida Hipoteca;H;25/02/1976;03/03/2020;03/03/2045;181.000,00;402,34;Huesca
V506609;Vida Hipoteca;H;17/11/1981;14/09/2019;14/09/2044;247.000,00;324,19;Santa Cruz de Tenerife
V505067;Vida Hipoteca;H;25/12/1978;26/06/2017;26/06/2042;144.000,00;200,28;Barcelona
V500861;Vida Riesgo;H;10/09/1972;11/08/2019;11/08/2034;215.000,00;611,33;Madrid
V507432;Vida Hipoteca;H;05/04/1969;08/06/2020;08/06/2040;59.000,00;240,96;Badajoz
V502107;Vida Riesgo;M;04/11/1967;10/07/2015;10/07/2025;70.000,00;212,37;Santa Cruz de Tenerife
V504525;Vida Riesgo;M;18/03/1976;03/02/2022;03/02/2042;96.000,00;249,94;Barcelona
V500023;Vida Riesgo;M;31/03/1980;09/11/2015;09/11/2025;88.000,00;95,70;Madrid
V507622;Vida Hipoteca;M;19/05/1976;12/10/2020;12/10/2050;155.000,00;355,81;Alicante
V507119;Vida Hipoteca;M;01/06/1989;11/11/2019;11/11/2039;175.000,00;122,68;Sevilla
V507878;Vida Hipoteca;H;04/12/1976;18/11/2022;18/11/2037;87.000,00;227,97;Madrid
V501473;Vida Riesgo;H;13/11/1987;24/05/2015;24/05/2025;94.000,00;51,43;Granada
V507383;Vida Hipoteca;H;22/12/1988;09/07/2018;09/07/2033;252.000,00;163,65;Madrid
V505399;Vida Hipoteca;M;06/05/1979;15/05/2022;15/05/2047;100.000,00;204,24;Zaragoza
V504433;Vida Hipoteca;H;13/08/1963;05/01/2016;05/01/2031;121.000,00;548,19;Navarra
V502807;Vida Hipoteca;H;10/04/1974;01/11/2019;01/11/2039;85.000,00;215,39;Alicante
V503012;Vida Riesgo;M;16/12/1978;02/01/2017;02/01/2037;49.000,00;65,56;Illes Balears
V501166;Vida Hipoteca;H;30/03/1987;08/08/2024;08/08/2044;197.000,00;248,65;Madrid
V504034;Vida Riesgo;H;09/11/1982;21/09/2022;21/09/2037;83.000,00;129,61;Valencia
V501954;Vida Hipoteca;M;13/09/1993;15/10/2019;15/10/2044;82.000,00;39,69;Santa Cruz de Tenerife
V502762;Vida Hipoteca;H;27/12/1968;24/08/2023;24/08/2053;104.000,00;570,89;Salamanca
V506228;Vida Riesgo;H;24/12/1975;08/12/2023;08/12/2038;51.000,00;158,40;Cáceres
V504162;Vida Riesgo;M;17/04/1980;08/01/2023;08/01/2033;34.000,00;67,71;Pontevedra
V503353;Vida Riesgo;M;29/10/1974;28/02/2016;28/02/2031;64.000,00;113,22;Salamanca
V503246;Vida Hipoteca;H;31/10/1978;25/07/2019;25/07/2039;174.000,00;292,43;Murcia
V504482;Vida Hipoteca;H;04/09/1973;13/12/2021;13/12/2041;208.000,00;663,74;Palencia
V502434;Vida Riesgo;M;14/03/1989;23/06/2018;23/06/2033;69.000,00;43,80;Granada
V504691;Vida Hipoteca;M;06/11/1968;28/10/2023;28/10/2043;106.000,00;597,76;Girona
V505599;Vida Riesgo;M;04/11/1987;22/08/2021;22/08/2036;69.000,00;64,33;Barcelona
V505855;Vida Hipoteca;M;24/08/1956;20/05/2023;20/05/2038;148.000,00;2.268,19;Barcelona
V502791;Vida Hipoteca;H;21/04/1974;17/05/2016;17/05/2036;82.000,00;154,47;Ourense
V504811;Vida Riesgo;H ;19/11/1977;07/12/2015;07/12/2025;84.000,00;112,39;Asturias
V507124;Vida Hipoteca;M;11/02/1979;26/01/2017;26/01/2032;85.000,00;112,85;Barcelona
V500535;Vida Hipoteca;M;04/12/1967;23/02/2017;23/02/2047;248.000,00;857,93;Huelva
V506352;Vida Hipoteca;M;12/10/1972;28/12/2019;28/12/2044;208.000,00;606,25;Barcelona
V501667;Vida Hipoteca;M;02/12/1966;09/03/2021;09/03/2051;202.000,00;1.072,74;Madrid
V505795;Vida Hipoteca;M;30/12/1973;03/05/2017;03/05/2047;119.000,00;249,67;Cádiz
V501756;Vida Hipoteca;H;02/12/1980;13/04/2021;13/04/2036;29.000,00;47,24;Valencia
V507269;Vida Riesgo;Mujer;26/03/1984;26/08/2024;26/08/2039;49.000,00;80,20;Barcelona
V505443;Vida Hipoteca;M;01/09/1967;20/02/2024;20/02/2049;135.000,00;864,75;Barcelona
V501187;Vida Hipoteca;M;04/10/1983;09/07/2016;09/07/2046;135.000,00;115,27;Bizkaia
V500910;Vida Hipoteca;H;20/10/1967;18/08/2024;18/08/2049;191.000,00;1.261,12;Almería
V501197;Vida Hipoteca;H;13/08/1976;10/03/2020;10/03/2050;156.000,00;333,83;Navarra
V504363;Vida Riesgo;H;24/01/1965;12/07/2019;12/07/2034;37.000,00;199,76;Madrid
V504585;Vida Riesgo;H;12/09/1975;01/12/2015;01/12/2030;27.000,00;43,45;Madrid
V501729;Vida Hipoteca;M;13/04/1980;02/01/2021;02/01/2036;181.000,00;304,01;Murcia
V506201;Vida Hipoteca;m;08/10/1980;12/03/2019;12/03/2044;290.000,00;400,54;Cáceres
V505341;Vida Riesgo;H;27/10/1979;17/05/2020;17/05/2030;63.000,00;104,32;Ávila
V507852;Vida Hipoteca;Hombre;06/12/1989;03/08/2024;03/08/2044;211.000,00;211,63;Sevilla
V505320;Vida Hipoteca;H;09/03/1993;17/01/2021;17/01/2046;157.000,00;88,37;Las Palmas
V505265;Vida Hipoteca;M;20/03/1988;03/09/2021;03/09/2051;125.000,00;113,20;A Coruña
V503445;Vida Hipoteca;H;09/05/1969;30/10/2022;30/10/2037;184.000,00;913,59;Madrid
V503979;Vida Riesgo;H;17/03/1988;29/08/2022;29/08/2042;82.000,00;80,80;Bizkaia
V504960;Vida Hipoteca;M;23/06/1982;12/03/2024;12/03/2054;120.000,00;219,38;Alicante
V505380;Vida Hipoteca;M;16/02/1978;14/09/2021;14/09/2041;124.000,00;265,40;Valladolid
V505449;Vida Hipoteca;H;12/10/1984;19/05/2019;19/05/2049;185.000,00;184,61;Málaga
V506311;Vida Riesgo;M;14/03/1977;05/02/2022;05/02/2042;53.000,00;126,93;Soria
V504552;Vida Riesgo;M;28/06/1980;02/02/2018;02/02/2033;51.000,00;65,68;Madrid
V504299;Vida Hipoteca;H;15/07/1987;21/09/2017;21/09/2042;152.000,00;104,27;Valladolid
V501552;Vida Riesgo;H;14/08/1990;05/03/2018;05/03/2028;56.000,00;30,71;Melilla
V505267;Vida Hipoteca;M;18/08/1993;03/12/2020;03/12/2040;83.000,00;44,51;Zaragoza
V503095;Vida Hipoteca;M;22/06/1992;22/10/2022;22/10/2047;213.000,00;147,91;Madrid
V500879;Vida Riesgo;H;31/12/1979;28/12/2016;28/12/2026;90.000,00;110,09;Melilla
V506411;Vida Riesgo;M;28/01/1996;21/04/2024;21/04/2039;88.000,00;51,11;Ávila
V500766;Vida Hipoteca;H;31/08/1981;17/04/2018;17/04/2033;113.000,00;133,98;Madrid
V507361;Vida Hipoteca;H;24/05/1978;17/03/2024;17/03/2044;83.000,00;214,91;Bizkaia
V503991;Vida Riesgo;H;01/09/1971;02/08/2022;02/08/2042;68.000,00;271,71;Asturias
V504151;Vida Riesgo;M;10/05/1976;24/07/2015;24/07/2025;160.000,00;236,17;Bizkaia
V501913;Vida Riesgo;H;02/04/1976;17/02/2023;17/02/2038;99.000,00;280,53;Albacete
V507674;Vida Riesgo;Mujer;01/07/2003;11/09/2021;11/09/2036;66.000,00;16,34;Madrid
V507021;Vida Hipoteca;M;20/06/1986;03/02/2024;03/02/2054;361.000,00;465,93;Cuenca
V502392;Vida Riesgo;Hombre;12/05/1977;27/09/2017;27/09/2037;67.000,00;109,28;Las Palmas
V502870;Vida Hipoteca;M;10/02/1970;11/03/2019;11/03/2034;133.000,00;454,50;Valencia
V505862;Vida Riesgo;M;22/12/1995;24/10/2019;24/10/2029;40.000,00;15,99;Palencia
V503025;Vida Riesgo;H;24/06/1987;19/04/2018;19/04/2033;68.000,00;49,22;Las Palmas
V505083;Vida Riesgo;H;05/08/1985;06/04/2024;06/04/2039;52.000,00;73,36;Pontevedra
V507245;Vida Hipoteca;H;24/11/1986;11/02/2024;11/02/2039;217.000,00;270,52;Granada
V505980;Vida Hipoteca;M;13/10/1965;11/11/2016;11/11/2041;74.000,00;299,74;Barcelona
V503861;Vida Riesgo;H;24/11/1989;21/01/2018;21/01/2033;66.000,00;38,10;Almería
V501609;Vida Hipoteca;H;27/12/1972;22/10/2019;22/10/2034;191.000,00;538,47;Zamora
V505802;Vida Riesgo;M;27/11/1976;15/02/2023;15/02/2033;161.000,00;431,36;Huelva
V506682;Vida Riesgo;M;14/05/1978;29/10/2015;29/10/2030;120.000,00;152,71;Sevilla
V505319;Vida Hipoteca;M;13/07/1982;28/07/2023;28/07/2048;357.000,00;616,04;Córdoba
V507102;Vida Hipoteca;M ;31/05/1984;08/08/2023;08/08/2053;77.000,00;113,50;Barcelona
V504598;Vida Riesgo;H;17/04/1996;02/07/2022;02/07/2032;73.000,00;35,70;Asturias
V504170;Vida Hipoteca;H;25/07/1983;30/01/2019;30/01/2049;81.000,00;87,41;Granada
V503206;Vida Riesgo;M;10/10/1973;19/12/2023;19/12/2033;55.000,00;206,56;Madrid
V506544;Vida Riesgo;M;30/11/1978;11/07/2016;11/07/2036;26.000,00;33,52;Teruel
V507114;Vida Riesgo;M;11/02/1986;05/02/2021;05/02/2031;40.000,00;41,25;Zaragoza
V500803;Vida Hipoteca;M;24/10/1963;26/04/2015;26/04/2035;217.000,00;911,36;Valencia
V507424;Vida Hipoteca;H;17/11/1976;18/01/2021;18/01/2046;155.000,00;348,97;Alicante
V505931;Vida Riesgo;M;06/04/1967;02/08/2017;02/08/2027;112.000,00;425,45;Cáceres
V500439;Vida Hipoteca;M;24/07/1988;29/03/2018;29/03/2043;240.000,00;157,65;Alicante
V506273;Vida Hipoteca;M;27/05/1979;12/03/2017;12/03/2032;256.000,00;335,16;León
V503818;Vida Riesgo;H;10/06/1983;08/09/2016;08/09/2036;61.000,00;54,28;Alicante
V502780;Vida Riesgo;H;05/02/1986;27/12/2024;27/12/2034;47.000,00;67,56;Ceuta
V503915;Vida Riesgo;H;13/08/1976;04/07/2019;04/07/2039;33.000,00;66,62;Sevilla
V504461;Vida Hipoteca;H;17/07/1966;25/03/2015;25/03/2035;170.000,00;561,91;Ceuta
V507901;Vida Riesgo;H;29/03/1965;02/07/2023;02/07/2038;32.000,00;238,62;Valencia
V501051;Vida Hipoteca;M;19/08/1979;08/11/2023;08/11/2043;99.000,00;223,89;A Coruña
V501336;Vida Hipoteca;M;11/09/1958;08/01/2015;08/01/2040;195.000,00;1.233,70;Barcelona
V502436;Vida Hipoteca;H;05/07/1970;24/12/2018;24/12/2033;209.000,00;678,24;Cádiz
V507919;Vida Riesgo;H;26/03/1987;29/04/2024;29/04/2044;36.000,00;44,42;Barcelona
V507324;Vida Hipoteca;H;16/07/1981;08/06/2016;08/06/2046;93.000,00;95,19;Pontevedra
V506092;Vida Hipoteca;H;30/05/1983;07/10/2023;07/10/2043;109.000,00;177,46;Navarra
V500923;Vida Riesgo;M;16/01/1975;17/10/2021;17/10/2036;44.000,00;123,35;Pontevedra
V506105;Vida Riesgo;H;29/11/1960;16/01/2019;16/01/2034;37.000,00;272,86;Sevilla
V504773;Vida Hipoteca;Mujer;04/09/1982;17/06/2017;17/06/2037;62.000,00;62,86;Toledo
V500127;Vida Hipoteca;H;28/03/1989;14/03/2019;14/03/2034;427.000,00;287,26;Las Palmas
V500327;Vida Hipoteca;M;12/02/1987;18/12/2017;18/12/2042;71.000,00;51,51;Málaga
V502625;Vida Hipoteca;H;01/02/1980;27/01/2024;27/01/2054;161.000,00;356,81;Cádiz
V502925;Vida Hipoteca;M;14/11/1980;10/05/2016;10/05/2041;160.000,00;172,16;Madrid
V506223;Vida Riesgo;H;16/06/1982;04/03/2022;04/03/2037;22.000,00;33,92;Pontevedra
V505509;Vida Riesgo;M;16/08/1968;26/11/2016;26/11/2031;90.000,00;287,33;Murcia
V500779;Vida Hipoteca;H;13/07/1977;08/08/2021;08/08/2046;95.000,00;212,10;Murcia
V502566;Vida Riesgo;M;16/11/2002;12/02/2024;12/02/2044;83.000,00;26,61;Huesca
V505709;Vida Hipoteca;H;14/12/1974;25/07/2015;25/07/2045;124.000,00;206,26;Málaga
V501543;Vida Hipoteca;h;28/03/1983;26/07/2020;26/07/2050;110.000,00;138,47;Santa Cruz de Tenerife
V501017;Vida Hipoteca;M;21/04/1982;05/09/2017;05/09/2037;137.000,00;146,06;Madrid
V504133;Vida Riesgo;H;31/07/1974;26/04/2023;26/04/2033;80.000,00;265,55;Melilla
V507221;Vida Hipoteca;M;27/07/1966;25/08/2016;25/08/2046;179.000,00;665,96;Barcelona
V504894;Vida Hipoteca;M;05/12/1962;25/01/2016;25/01/2046;114.000,00;550,09;Valencia
V503147;Vida Riesgo;M;18/12/1974;29/11/2018;29/11/2033;37.000,00;81,73;Girona
V505039;Vida Riesgo;H;20/12/1966;09/04/2024;09/04/2044;60.000,00;412,50;Illes Balears
V500561;Vida Riesgo;M;16/07/1995;13/08/2020;13/08/2040;40.000,00;17,77;Santa Cruz de Tenerife
V502407;Vida Riesgo;H;11/11/1994;06/05/2021;06/05/2041;36.000,00;18,02;Teruel
V507534;Vida Hipoteca;M;07/06/1982;28/08/2021;28/08/2046;330.000,00;488,01;Pontevedra
V502613;Vida Hipoteca;H;06/09/1971;15/08/2022;15/08/2052;155.000,00;620,45;La Rioja
V501131;Vida Riesgo;H;28/10/1965;19/02/2015;19/02/2025;50.000,00;174,27;Toledo
V504727;Vida Riesgo;H;23/07/1977;25/05/2016;25/05/2026;181.000,00;259,03;Madrid
V503363;Vida Hipoteca;M;05/10/1986;14/01/2019;14/01/2034;327.000,00;267,86;Madrid
V503382;Vida Riesgo;M;18/02/1976;16/07/2022;16/07/2037;110.000,00;299,50;Barcelona
V505928;Vida Hipoteca;M;10/10/1981;08/09/2024;08/09/2049;170.000,00;343,94;Barcelona
V502429;Vida Riesgo;M;23/06/1978;07/02/2023;07/02/2038;;135,74;Huelva
V505823;Vida Hipoteca;H;14/05/1973;06/01/2018;06/01/2033;238.000,00;558,10;León
V503975;Vida Hipoteca;M;29/05/1988;18/12/2017;18/12/2047;123.000,00;79,96;Valencia
V505813;Vida Hipoteca;M;20/06/1983;24/04/2023;24/04/2048;79.000,00;123,14;Soria
V503343;Vida Riesgo;H;04/08/1983;06/10/2018;06/10/2038;37.000,00;38,78;Gipuzkoa
V504766;Vida Hipoteca;H;27/03/1992;14/08/2022;14/08/2047;160.000,00;111,58;Málaga
V505053;Vida Hipoteca;H;01/10/1981;04/03/2015;04/03/2045;269.000,00;242,86;Sevilla
V504117;Vida Riesgo;M;17/08/1983;24/03/2016;24/03/2026;56.000,00;47,16;Valladolid
V503340;Vida Hipoteca;M;25/10/1983;11/10/2023;11/10/2043;191.000,00;300,71;Valencia
V507629;Vida Hipoteca;H;27/04/1985;09/11/2023;09/11/2053;235.000,00;327,72;Ávila
V501483;Vida Riesgo;H;27/08/1990;10/10/2019;10/10/2034;34.000,00;21,30;Barcelona
V506989;Vida Hipoteca;M;16/07/2001;27/09/2019;27/09/2034;188.000,00;46,54;Madrid
V501452;Vida Riesgo;M;24/07/1977;23/02/2021;23/02/2041;21.000,00;44,99;Lugo
V502876;Vida Riesgo;H;17/02/1976;01/08/2023;01/08/2038;22.000,00;65,46;A Coruña
V500128;Vida Hipoteca;H;12/10/1958;12/06/2015;12/06/2035;160.000,00;1.041,86;Madrid
V501124;Vida Hipoteca;H;09/06/1995;15/03/2020;15/03/2040;463.000,00;200,35;Pontevedra
V503053;Vida Hipoteca;H;05/03/1991;29/02/2024;29/02/2044;123.000,00;107,04;Valencia
V504234;Vida Hipoteca;H;31/01/1981;18/02/2024;18/02/2044;93.000,00;190,31;Sevilla
V504157;Vida Hipoteca;M;31/12/1972;12/07/2018;12/07/2033;110.000,00;277,93;Sevilla
V505972;Vida Hipoteca;M;11/07/1982;11/12/2022;11/12/2052;169.000,00;276,61;Melilla
V504104;Vida Riesgo;M;18/02/1983;27/02/2021;27/02/2031;59.000,00;78,80;Albacete
V502057;Vida Hipoteca;M;25/01/1973;02/03/2018;02/03/2033;157.000,00;382,50;Santa Cruz de Tenerife
V504467;Vida Hipoteca;M;08/04/1970;29/03/2010;29/03/2020;96.000,00;91,46;Cantabria
V502419;Vida Riesgo;H;10/03/1972;19/06/2018;19/06/2038;99.000,00;266,57;Cádiz
V506846;Vida Riesgo;M;04/06/1974;09/07/2018;09/07/2038;60.000,00;134,24;Madrid
V503774;Vida Riesgo;H;14/12/1973;28/10/2021;28/10/2036;47.000,00;144,92;Valencia
V500692;Vida Hipoteca;H;18/10/1971;04/09/2022;04/09/2037;130.000,00;517,70;Tarragona
V500198;Vida Riesgo;M;12/06/1976;14/05/2016;14/05/2031;114.000,00;178,83;Madrid
V500081;Vida Riesgo;M ;19/12/1968;23/12/2020;23/12/2030;34.000,00;149,07;A Coruña
V500398;Vida Riesgo;H;16/06/1982;13/09/2020;13/09/2030;283.000,00;385,03;Valencia
V507621;Vida Hipoteca;M;08/01/1990;27/12/2024;27/12/2039;289.000,00;297,63;Málaga
V500817;Vida Hipoteca;M;19/08/1968;04/12/2023;04/12/2038;78.000,00;451,91;Sevilla
V500403;Vida Riesgo;M;09/08/1959;21/12/2015;21/12/2025;70.000,00;444,37;Zaragoza
V500891;Vida Hipoteca;H;12/07/1971;03/03/2017;03/03/2032;100.000,00;255,18;Madrid
V503415;Vida Hipoteca;H;20/12/1976;18/09/2020;18/09/2045;128.000,00;277,96;Valencia
V505494;Vida Hipoteca;H;17/11/1973;15/05/2024;15/05/2049;86.000,00;331,33;Valencia
V500003;Vida Riesgo;M;08/08/1970;26/05/2015;26/05/2025;30.000,00;71,24;Pontevedra
V505126;Vida Hipoteca;M;21/01/1970;01/02/2017;01/02/2032;160.000,00;459,40;Zaragoza
V503334;Vida Riesgo;M;28/11/1974;14/11/2019;14/11/2029;68.000,00;163,74;Madrid
V500383;Vida Hipoteca;M;06/08/1966;01/03/2015;01/03/2030;298.000,00;974,83;Illes Balears
V504404;Vida Hipoteca;H;13/08/1966;11/09/2017;11/09/2032;129.000,00;522,55;Ávila
V501786;Vida Hipoteca;H;02/07/1968;19/09/2021;19/09/2041;112.000,00;543,94;Cádiz
V504750;Vida Riesgo;H;14/07/1981;25/11/2016;25/11/2036;55.000,00;58,60;León
V504156;Vida Riesgo;H;02/03/1981;15/11/2024;15/11/2039;34.000,00;73,60;Sevilla
V505532;Vida Riesgo;H;25/01/1987;06/04/2019;06/04/2034;32.000,00;26,03;Ciudad Real
V503241;Vida Hipoteca;M;03/10/1983;22/03/2021;22/03/2036;376.000,00;478,84;Almería
V503342;Vida Hipoteca;H;20/02/1991;08/10/2020;08/10/2040;101.000,00;66,09;Valencia
V500648;Vida Hipoteca;M;22/11/1960;03/04/2015;03/04/2030;546.000,00;2.922,54;Almería
V501620;Vida Riesgo;H;13/04/1983;16/04/2021;16/04/2031;239.000,00;318,70;Cádiz
V507480;Vida Hipoteca;H;12/03/1976;25/02/2019;25/02/2044;172.000,00;349,32;Barcelona
V500550;Vida Hipoteca;M;21/04/1974;05/10/2020;05/10/2045;160.000,00;437,53;Madrid
V507398;Vida Riesgo;H;09/05/1989;06/05/2020;06/05/2030;76.000,00;55,82;Madrid
V500577;Vida Hipoteca;M;17/02/1965;06/07/2019;06/07/2034;135.000,00;723,86;Valencia
V505347;Vida Riesgo;H;08/02/1972;04/04/2024;04/04/2034;147.000,00;652,35;Alicante
V506666;Vida Riesgo;M;13/08/1964;06/01/2015;06/01/2025;327.000,00;1.249,97;Pontevedra
V501390;Vida Hipoteca;M;14/06/1963;02/01/2020;02/01/2040;100.000,00;644,96;Teruel
V501158;Vida Hipoteca;H;11/03/1965;08/11/2020;08/11/2045;100.000,00;598,07;Sevilla
V504419;Vida Hipoteca;M;13/02/1984;02/09/2015;02/09/2030;116.000,00;89,34;Murcia
V502821;Vida Hipoteca;M;24/11/1979;13/11/2024;13/11/2054;73.000,00;175,96;Asturias
V507094;Vida Riesgo;M;07/09/1987;08/06/2018;08/06/2038;27.000,00;19,43;Pontevedra
V500918;Vida Hipoteca;H;07/11/1968;09/01/2017;09/01/2047;131.000,00;414,44;Valencia
V500996;Vida Riesgo;H;05/01/1985;07/12/2023;07/12/2038;72.000,00;103,74;Barcelona
V502920;Vida Hipoteca;H;19/09/1959;12/06/2020;12/06/2050;246.000,00;2.263,04;Cáceres
V505000;Vida Riesgo;H;14/01/1974;15/06/2015;15/06/2035;46.000,00;81,94;Granada
V501676;Vida Hipoteca;H;24/06/1963;03/05/2015;03/05/2035;124.000,00;536,55;Barcelona
V505953;Vida Riesgo;Hombre;26/07/1962;06/12/2017;06/12/2032;24.000,00;139,93;Madrid
V503369;Vida Riesgo;H;13/07/1979;27/08/2018;27/08/2038;89.000,00;130,47;Madrid
V505390;Vida Hipoteca;H;02/07/1982;24/01/2017;24/01/2047;306.000,00;304,53;Araba/Álava
V506940;Vida Hipoteca;M;23/03/1969;17/03/2019;17/03/2049;148.000,00;546,05;Lleida
V507365;Vida Riesgo;H;19/01/1996;30/10/2022;30/10/2037;28.000,00;14,38;Navarra
V501723;Vida Hipoteca;H ;29/06/1988;16/11/2020;16/11/2035;127.000,00;105,00;Pontevedra
V507537;Vida Hipoteca;M;11/05/1974;22/08/2017;22/08/2037;155.000,00;323,62;Barcelona
V501539;Vida Hipoteca;H;20/03/1980;11/07/2016;11/07/2036;223.000,00;257,37;Albacete
V503117;Vida Riesgo;H;22/06/1981;26/01/2018;26/01/2038;44.000,00;52,04;Murcia
V505954;Vida Riesgo;M;20/09/1982;08/02/2017;08/02/2037;39.000,00;38,23;Barcelona
V505022;Vida Riesgo;H;13/06/1982;08/05/2016;08/05/2031;155.000,00;145,79;Málaga
V501344;Vida Hipoteca;Mujer;19/06/1969;16/04/2018;16/04/2043;201.000,00;672,05;Asturias
V501637;Vida Hipoteca;M;16/04/1979;05/05/2019;05/05/2044;193.000,00;306,15;Málaga
V506119;Vida Riesgo;M;02/10/1975;17/12/2023;17/12/2043;36.000,00;114,24;Tarragona
V500790;Vida Riesgo;M ;31/01/1986;14/10/2023;14/10/2038;30.000,00;38,97;Barcelona
V502167;Vida Hipoteca;H;08/07/1976;14/03/2015;14/03/2030;75.000,00;105,88;Tarragona
V507419;Vida Hipoteca;H;28/04/1976;25/09/2018;25/09/2038;124.000,00;240,36;Asturias
V504153;Vida Riesgo;M;15/05/1974;30/06/2015;30/06/2025;57.000,00;99,06;Barcelona
V506595;Vida Riesgo;M;30/07/1978;28/03/2015;28/03/2035;22.000,00;26,16;Girona
V501584;Vida Hipoteca;M;23/04/1969;02/08/2020;02/08/2035;138.000,00;568,49;Sevilla
V506303;Vida Hipoteca;M;27/10/1995;27/11/2023;27/11/2038;485.000,00;278,24;Almería
V502406;Vida Hipoteca;H;25/05/1988;27/12/2022;27/12/2037;174.000,00;173,53;Madrid
V503730;Vida Riesgo;M;23/09/1971;05/11/2016;05/11/2036;87.000,00;212,32;Valencia
V503153;Vida Hipoteca;M;05/09/1979;25/07/2024;25/07/2039;123.000,00;294,32;Lugo
V505895;Vida Riesgo;H;17/05/1980;29/03/2023;29/03/2038;86.000,00;173,28;Teruel
V507356;Vida Hipoteca;H;29/12/1965;01/03/2016;01/03/2036;123.000,00;461,24;Madrid
V501945;Vida Hipoteca;H;04/03/1985;25/03/2024;25/03/2044;208.000,00;303,27;Barcelona
V502781;Vida Riesgo;H;30/10/1986;19/04/2015;19/04/2025;92.000,00;54,53;Valencia
V505902;Vida Riesgo;M;20/06/1980;17/06/2024;17/06/2039;80.000,00;177,41;Madrid
V500341;Vida Hipoteca;M;29/10/1971;25/09/2016;25/09/2046;82.000,00;196,58;Illes Balears
V503020;Vida Riesgo;H;12/05/1973;07/06/2022;07/06/2037;36.000,00;122,94;Asturias
V503648;Vida Hipoteca;Hombre;16/12/1980;25/10/2024;25/10/2039;81.000,00;177,57;Bizkaia
V505681;Vida Hipoteca;M;25/05/1969;13/07/2017;13/07/2037;203.000,00;640,18;Pontevedra
V505597;Vida Riesgo;H;12/04/1983;18/03/2020;18/03/2035;60.000,00;73,02;Las Palmas
V503961;Vida Riesgo;M;01/06/1990;25/01/2020;25/01/2030;51.000,00;33,42;Madrid
V503851;Vida Hipoteca;M;16/01/1985;12/02/2017;12/02/2037;288.000,00;231,93;Illes Balears
V501819;Vida Riesgo;H;30/07/1980;27/06/2016;27/06/2031;62.000,00;69,17;Valencia
V505675;Vida Riesgo;M ;19/09/1973;03/02/2015;03/02/2030;56.000,00;99,42;Cádiz
V500545;Vida Hipoteca;M;22/01/1965;03/03/2016;03/03/2036;217.000,00;881,24;Pontevedra
V505803;Vida Hipoteca;H;08/07/1968;20/03/2019;20/03/2034;295.000,00;1.156,71;Málaga
V505673;Vida Riesgo;Hombre;29/05/1980;14/12/2018;14/12/2033;71.000,00;99,09;Sevilla
V506132;Vida Riesgo;M;27/11/2002;07/02/2021;07/02/2041;50.000,00;12,38;León
V507515;Vida Riesgo;H;13/07/1983;22/07/2018;22/07/2038;21.000,00;21,73;Guadalajara
V504218;Vida Hipoteca;M;14/02/1977;15/09/2017;15/09/2032;230.000,00;381,69;Valencia
V502143;Vida Hipoteca;M;10/08/1962;01/05/2020;01/05/2045;185.000,00;1.318,35;Tarragona
V506559;Vida Riesgo;H;31/12/1984;03/05/2018;03/05/2038;71.000,00;63,65;Santa Cruz de Tenerife
V502833;Vida Riesgo;H;18/07/1991;29/01/2019;29/01/2029;170.000,00;93,07;Cádiz
V502502;Vida Riesgo;H;23/12/1992;25/12/2021;25/12/2036;31.000,00;19,23;Pontevedra
V506654;Vida Hipoteca;M;27/01/1984;02/04/2020;02/04/2035;95.000,00;108,46;Valencia
V500970;Vida Hipoteca;M;27/07/1968;06/10/2015;06/10/2045;150.000,00;436,65;Asturias
V500313;Vida Hipoteca;M;07/08/1972;02/02/2022;02/02/2047;155.000,00;548,44;Badajoz
V505236;Vida Riesgo;H;05/06/1982;07/01/2015;07/01/2035;80.000,00;67,32;Las Palmas
V503297;Vida Riesgo;H;26/11/1971;10/09/2023;10/09/2043;121.000,00;520,64;Granada
V504435;Vida Hipoteca;Hombre;10/11/1981;31/03/2020;31/03/2045;94.000,00;129,45;Cuenca
V503080;Vida Riesgo;M;04/09/1974;31/01/2019;31/01/2029;161.000,00;369,91;Barcelona
V500218;Vida Hipoteca;H;30/06/1994;07/12/2024;07/12/2049;97.000,00;67,98;Barcelona
V502414;Vida Hipoteca;M;08/06/1988;20/06/2024;20/06/2049;110.000,00;124,02;Madrid
V504291;Vida Riesgo;M;12/06/1974;10/01/2018;10/01/2033;65.000,00;139,18;La Rioja
V501812;Vida Hipoteca;H;25/04/1973;28/07/2023;28/07/2048;488.000,00;1.842,92;Murcia
V507006;Vida Hipoteca;M;23/12/1962;16/06/2015;16/06/2035;122.000,00;556,56;Barcelona
V502996;Vida Hipoteca;M;18/09/1962;24/02/2022;24/02/2047;121.000,00;997,11;Sevilla
V507445;Vida Riesgo;H;15/05/1985;29/05/2019;29/05/2039;44.000,00;41,86;Madrid
V506113;Vida Hipoteca;H;20/05/1979;04/06/2023;04/06/2038;102.000,00;227,13;Zaragoza
V507649;Vida Hipoteca;h;03/06/1976;26/12/2022;26/12/2037;125.000,00;344,86;Málaga
V506032;Vida Hipoteca;M;28/11/1973;05/05/2020;05/05/2035;120.000,00;327,47;A Coruña
V505139;Vida Hipoteca;M;27/06/1977;06/11/2019;06/11/2049;109.000,00;210,41;Madrid
V505567;Vida Hipoteca;M;22/02/1969;31/05/2019;31/05/2034;247.000,00;933,67;Alicante
V502979;Vida Riesgo;M;21/02/1964;03/10/2016;03/10/2026;168.000,00;775,50;Sevilla
V503704;Vida Hipoteca;M;31/01/1999;22/09/2023;22/09/2048;96.000,00;41,09;Barcelona
V503462;Vida Hipoteca;H;19/08/1993;31/03/2020;31/03/2035;174.000,00;88,10;Barcelona
V502332;Vida Riesgo;M;07/09/1973;16/02/2021;16/02/2036;67.000,00;199,22;Alicante
V506001;Vida Riesgo;H;26/08/1977;08/03/2021;08/03/2041;43.000,00;91,70;Bizkaia
V504018;Vida Hipoteca;H;13/03/1985;29/03/2020;29/03/2040;203.000,00;210,39;Alicante
V501992;Vida Riesgo;H;18/07/1983;30/03/2023;30/03/2033;23.000,00;35,41;Madrid
V500196;Vida Riesgo;M;05/08/1998;07/10/2020;07/10/2030;79.000,00;27,42;Madrid
V500462;Vida Riesgo;M;27/02/1982;15/03/2018;15/03/2038;31.000,00;34,98;Pontevedra
V506853;Vida Riesgo;H;17/09/1992;03/04/2024;03/04/2039;40.000,00;30,78;Sevilla
V505401;Vida Riesgo;M;08/01/1974;15/12/2021;15/12/2031;68.000,00;210,81;Madrid
V501007;Vida Riesgo;M;24/04/1975;29/10/2017;29/10/2027;68.000,00;133,01;Valencia
V502965;Vida Hipoteca;M;04/01/1972;19/10/2017;19/10/2032;102.000,00;263,53;Badajoz
V502544;Vida Hipoteca;H;10/05/1988;08/08/2015;08/08/2045;115.000,00;61,43;Burgos
V503952;Vida Hipoteca;M;01/11/1974;04/03/2018;04/03/2048;111.000,00;232,83;Granada
V504202;Vida Riesgo;M;21/04/1979;14/10/2018;14/10/2028;106.000,00;160,22;Sevilla
V502010;Vida Riesgo;M;12/09/1988;01/12/2019;01/12/2039;104.000,00;77,86;Madrid
V507338;Vida Hipoteca;M;25/12/1971;16/01/2018;16/01/2033;178.000,00;470,62;Madrid
V503348;Vida Riesgo;M;24/02/2007;04/12/2021;04/12/2031;46.000,00;86,75;Ciudad Real
V505131;Vida Riesgo;M;27/10/1981;26/11/2024;26/11/2044;59.000,00;121,11;Ávila
V507149;Vida Riesgo;M;14/05/1985;26/05/2024;26/05/2034;87.000,00;126,56;Madrid
V500870;Vida Riesgo;M;07/09/1970;28/08/2010;28/08/2020;29.000,00;38,75;Alicante
V505480;Vida Hipoteca;m;24/05/1970;01/04/2016;01/04/2036;167.000,00;433,91;Santa Cruz de Tenerife
V501971;Vida Hipoteca;M;09/04/1975;27/11/2022;27/11/2037;218.000,00;658,93;Madrid
V505303;Vida Hipoteca;M;30/08/1983;28/07/2020;28/07/2050;152.000,00;184,66;Valencia
V506938;Vida Riesgo;H;16/04/1960;26/09/2017;26/09/2032;32.000,00;222,67;Barcelona
V506070;Vida Riesgo;H;08/09/1966;05/02/2019;05/02/2029;55.000,00;249,44;Barcelona
V500058;Vida Riesgo;M;01/01/1983;21/01/2019;21/01/2034;65.000,00;73,42;Pontevedra
V501091;Vida Hipoteca;H;18/11/1963;28/08/2015;28/08/2035;119.000,00;511,37;Toledo
V502149;Vida Hipoteca;H;10/05/1981;30/12/2016;30/12/2046;232.000,00;252,96;A Coruña
V502424;Vida Hipoteca;H;10/06/1975;26/12/2020;26/12/2045;139.000,00;351,80;Ceuta
V507660;Vida Riesgo;M;18/01/1979;31/07/2024;31/07/2034;55.000,00;139,05;Barcelona
V502201;Vida Hipoteca;M;21/01/1984;05/04/2024;05/04/2044;117.000,00;188,07;Badajoz
V500358;Vida Hipoteca;M;12/02/1970;14/10/2016;14/10/2041;141.000,00;392,59;Barcelona
V506874;Vida Hipoteca;M;18/01/1983;03/04/2020;03/04/2040;103.000,00;128,30;Cádiz
V502830;Vida Hipoteca;H;19/01/1991;27/11/2023;27/11/2038;142.000,00;122,18;Barcelona
V507685;Vida Hipoteca;M;10/11/1993;20/05/2018;20/05/2038;194.000,00;82,22;Barcelona
V503557;Vida Riesgo;M;22/03/1981;09/10/2018;09/10/2028;47.000,00;60,28;Ciudad Real
V500562;Vida Riesgo;H;27/09/1974;15/04/2024;15/04/2044;51.000,00;181,40;La Rioja
V502631;Vida Hipoteca;H;28/06/1973;01/06/2015;01/06/2035;108.000,00;200,91;Valencia
V507452;Vida Hipoteca;M;29/11/1971;03/04/2019;03/04/2049;123.000,00;362,67;Alicante
V503326;Vida Riesgo;M;09/09/1991;01/09/2022;01/09/2042;113.000,00;82,91;Girona
V500800;Vida Hipoteca;M;22/04/2001;25/11/2021;25/11/2046;115.000,00;34,90;Sevilla
V503824;Vida Riesgo;M;15/10/1966;18/09/2020;18/09/2040;87.000,00;448,86;Málaga
V507367;Vida Hipoteca;Mujer;25/11/1980;26/04/2023;26/04/2038;91.000,00;176,46;Soria
V501915;Vida Hipoteca;h;25/03/1973;24/06/2016;24/06/2046;235.000,00;489,29;Zamora
V501889;Vida Hipoteca;M;17/04/1983;14/11/2018;14/11/2043;385.000,00;417,57;Barcelona
V503069;Vida Riesgo;M;27/01/1978;07/07/2016;07/07/2026;89.000,00;123,12;Sevilla
V503509;Vida Hipoteca;H;20/10/1992;08/11/2022;08/11/2042;121.000,00;82,04;Valencia
V505364;Vida Riesgo;M;13/01/1984;19/07/2019;19/07/2029;67.000,00;72,26;Madrid
V502704;Vida Riesgo;H;16/03/1974;27/03/2020;27/03/2030;44.000,00;116,03;Alicante
V500867;Vida Hipoteca;M;05/09/1986;12/11/2024;12/11/2044;58.000,00;78,53;Barcelona
V501264;Vida Riesgo;H;10/03/1983;09/08/2022;09/08/2037;53.000,00;79,67;Sevilla
V502269;Vida Riesgo;M;17/04/1986;23/03/2017;23/03/2037;144.000,00;105,24;Madrid
V503366;Vida Riesgo;M;08/02/1978;31/08/2023;31/08/2033;26.000,00;65,86;Barcelona
V503016;Vida Hipoteca;M;17/08/1964;10/03/2018;10/03/2043;101.000,00;505,12;Bizkaia
V507458;Vida Hipoteca;Hombre;07/07/1975;19/12/2017;19/12/2047;160.000,00;311,32;Alicante
V505340;Vida Hipoteca;H;28/04/1978;09/06/2018;09/06/2033;130.000,00;207,34;Zamora
V507910;Vida Riesgo;M;20/03/1993;23/04/2024;23/04/2039;31.000,00;22,96;Sevilla
V505491;Vida Riesgo;M;06/01/1981;29/11/2020;29/11/2030;42.000,00;65,76;Sevilla
V507525;Vida Riesgo;H;28/06/1969;16/02/2019;16/02/2039;72.000,00;257,98;Málaga
V507197;Vida Hipoteca;H;19/11/1980;29/02/2020;28/02/2035;267.000,00;396,61;Albacete
V504181;Vida Riesgo;M;07/05/1984;12/05/2018;12/05/2033;63.000,00;59,81;Cádiz
V504688;Vida Riesgo;M;22/07/1955;29/03/2017;29/03/2032;30.000,00;299,38;Sevilla
V502738;Vida Hipoteca;M;28/01/1971;20/03/2018;20/03/2038;107.000,00;310,11;Segovia
V503172;Vida Hipoteca;H;27/02/1972;07/01/2015;07/01/2030;147.000,00;296,12;Almería
V505441;Vida Hipoteca;H;17/01/1978;06/07/2020;06/07/2045;156.000,00;303,85;Huelva
V503523;Vida Hipoteca;H;02/04/1973;05/06/2019;05/06/2039;105.000,00;280,31;Salamanca
V506805;Vida Hipoteca;M;23/05/1973;05/01/2015;05/01/2045;147.000,00;266,48;Ceuta
V501861;Vida Riesgo;M;30/03/1961;01/02/2016;01/02/2031;63.000,00;351,38;Madrid
V501956;Vida Riesgo;H;20/05/1989;28/08/2023;28/08/2038;42.000,00;40,77;Las Palmas
V502325;Vida Hipoteca;H;22/02/1975;05/03/2020;05/03/2040;126.000,00;305,23;Alicante
V500298;Vida Riesgo;H;27/12/1967;05/08/2021;05/08/2041;181.000,00;908,93;Melilla
V502276;Vida Riesgo;H;10/10/1961;22/03/2020;22/03/2030;42.000,00;318,20;Córdoba
V503329;Vida Riesgo;H;27/04/1981;14/07/2022;14/07/2032;127.000,00;222,38;Córdoba
V501153;Vida Hipoteca;H;24/02/1988;09/09/2022;09/09/2047;193.000,00;191,65;Santa Cruz de Tenerife
V501117;Vida Hipoteca;H;24/09/2002;05/12/2020;05/12/2035;157.000,00;38,87;Araba/Álava
V504768;Vida Hipoteca;M;29/05/1977;15/11/2020;15/11/2035;163.000,00;345,63;Málaga
V503712;Vida Hipoteca;H;03/11/1989;06/01/2017;06/01/2037;110.000,00;58,41;Málaga
V507855;Vida Hipoteca;H;18/08/1984;07/08/2023;07/08/2043;275.000,00;397,88;Madrid
V504176;Vida Hipoteca;H;28/05/1966;24/08/2018;24/08/2043;140.000,00;625,94;Barcelona
V502427;Vida Hipoteca;M;20/07/1989;31/08/2019;31/08/2044;104.000,00;70,88;Guadalajara
V505105;Vida Hipoteca;H;08/10/1986;13/10/2019;13/10/2049;146.000,00;127,34;Madrid
V500657;Vida Riesgo;M;21/09/1991;12/06/2022;12/06/2037;91.000,00;65,33;Barcelona
V501846;Vida Riesgo;M;16/07/1987;05/11/2021;05/11/2036;31.000,00;30,18;A Coruña
V502739;Vida Hipoteca;H;13/12/1982;04/01/2023;04/01/2038;172.000,00;273,06;Murcia
V504581;Vida Riesgo;M;17/08/1980;15/09/2022;15/09/2037;65.000,00;122,51;Barcelona
V504787;Vida Riesgo;M;15/02/1970;12/04/2017;12/04/2037;94.000,00;272,73;Málaga
V504808;Vida Riesgo;H;12/05/1980;19/01/2022;19/01/2042;35.000,00;63,81;Madrid
V505423;Vida Riesgo;H;;28/11/2019;28/11/2034;107.000,00;121,41;Jaén
V501243;Vida Hipoteca;M;29/11/1975;31/08/2016;31/08/2046;143.000,00;240,85;Madrid
V504577;Vida Hipoteca;H;09/06/1986;22/11/2024;22/11/2044;225.000,00;311,63;Barcelona
V501573;Vida Riesgo;H;30/07/1969;25/08/2020;25/08/2035;45.000,00;182,14;Alicante
V501767;Vida Hipoteca;M;02/05/1986;30/07/2022;30/07/2047;169.000,00;193,96;Gipuzkoa
V506137;Vida Riesgo;M;22/05/1977;26/04/2023;26/04/2038;129.000,00;337,23;Cantabria
V501080;Vida Hipoteca;H;08/03/1979;09/05/2024;09/05/2054;140.000,00;343,20;Valencia
V505967;Vida Hipoteca;M;16/10/1987;04/11/2017;04/11/2042;65.000,00;44,08;Asturias
V502689;Vida Riesgo;M;26/05/1976;05/09/2018;05/09/2033;68.000,00;130,35;Murcia
V502826;Vida Hipoteca;H;03/07/1985;27/11/2015;27/11/2045;148.000,00;103,37;Melilla
V506203;Vida Hipoteca;H;30/08/1987;16/09/2023;16/09/2043;143.000,00;161,40;Girona
V501265;Vida Hipoteca;M;23/05/1983;10/05/2019;10/05/2044;116.000,00;130,01;Valencia
V506393;Vida Hipoteca;M;18/01/1969;01/07/2018;01/07/2048;280.000,00;987,37;Las Palmas
V502482;Vida Hipoteca;M;17/09/1977;02/04/2020;02/04/2040;411.000,00;805,64;Jaén
V503193;Vida Riesgo;H;02/06/1974;06/11/2016;06/11/2036;68.000,00;132,07;Lugo
V500912;Vida Riesgo;H;01/02/1969;28/05/2024;28/05/2044;19.000,00;110,33;Granada
V503285;Vida Hipoteca;H;17/08/1976;03/07/2022;03/07/2047;113.000,00;294,09;Madrid
V501746;Vida Hipoteca;H;13/12/1979;08/04/2019;08/04/2044;149.000,00;222,09;Barcelona
V507068;Vida Hipoteca;M;14/07/1991;24/04/2023;24/04/2053;105.000,00;82,44;Madrid
V506172;Vida Riesgo;H;12/04/1971;30/07/2023;30/07/2033;53.000,00;238,12;Madrid
V500881;Vida Hipoteca;H;11/08/1977;14/01/2024;14/01/2039;230.000,00;627,31;Cáceres
V504650;Vida Hipoteca;H;08/05/1987;03/10/2020;03/10/2050;197.000,00;177,66;Palencia
V503735;Vida Riesgo;H;25/07/1973;26/08/2019;26/08/2039;140.000,00;370,98;Soria
V504736;Vida Riesgo;M;28/01/1980;24/09/2019;24/09/2034;77.000,00;118,10;Valencia
V500038;Vida Hipoteca;Mujer;25/05/1962;16/11/2015;16/11/2045;148.000,00;735,11;Madrid
V504603;Vida Hipoteca;M;11/05/1973;06/05/2019;06/05/2034;89.000,00;233,77;Barcelona
V507096;Vida Hipoteca;H;25/10/1965;12/07/2023;12/07/2053;139.000,00;989,24;Jaén
V504501;Vida Hipoteca;H;26/02/1988;02/04/2017;02/04/2032;91.000,00;56,90;La Rioja
V505560;Vida Hipoteca;H;09/07/1970;22/09/2019;22/09/2034;216.000,00;745,97;Madrid
V503052;Vida Hipoteca;H;13/03/1966;17/04/2018;17/04/2033;154.000,00;680,07;Las Palmas
V502725;Vida Riesgo;M;03/02/1990;18/06/2024;18/06/2039;120.000,00;117,46;Zamora
V504730;Vida Hipoteca;H;07/11/1987;02/05/2019;02/05/2039;237.000,00;181,49;Barcelona
V502555;Vida Riesgo;H;05/10/1980;02/02/2023;02/02/2033;57.000,00;109,71;Santa Cruz de Tenerife
V502692;Vida Hipoteca;H;07/02/1963;16/08/2016;16/08/2031;159.000,00;792,68;Valencia
V507013;Vida Riesgo;H;14/10/1970;04/10/2010;04/10/2020;38.000,00;36,01;Bizkaia
V501529;Vida Riesgo;h;18/09/1994;03/12/2022;03/12/2032;65.000,00;37,69;Alicante
V503225;Vida Hipoteca;H;29/06/1974;13/01/2024;13/01/2054;199.000,00;707,34;Sevilla
V503315;Vida Hipoteca;H;06/07/1974;11/01/2016;11/01/2046;108.000,00;194,05;Alicante
V504519;Vida Riesgo;H;12/10/1985;16/01/2015;16/01/2030;56.000,00;35,51;Illes Balears
V500471;Vida Hipoteca;M;06/11/1973;25/06/2018;25/06/2038;328.000,00;768,03;Zamora
V507503;Vida Hipoteca;H;04/06/1979;21/08/2019;21/08/2049;136.000,00;218,76;Araba/Álava
V503987;Vida Riesgo;H;28/09/1985;07/12/2023;07/12/2038;90.000,00;121,89;Barcelona
V507289;Vida Riesgo;M;12/04/1981;09/05/2020;09/05/2035;24.000,00;35,04;Illes Balears
V506553;Vida Hipoteca;H;30/04/1973;13/11/2015;13/11/2040;174.000,00;341,03;Girona
V502503;Vida Hipoteca;H;08/05/2003;07/12/2023;07/12/2038;99.000,00;30,02;Las Palmas
V502766;Vida Hipoteca;H;22/04/1973;21/01/2019;21/01/2034;177.000,00;455,71;Sevilla
V504070;Vida Hipoteca;H;12/05/1985;04/08/2024;04/08/2039;199.000,00;294,39;Toledo
V506077;Vida Riesgo;M;21/08/1971;11/03/2016;11/03/2026;88.000,00;204,73;Girona
V501493;Vida Hipoteca;H;23/09/1991;11/01/2020;11/01/2045;74.000,00;43,24;Valladolid
V507064;Vida Riesgo;Hombre;03/07/1978;02/08/2016;02/08/2026;67.000,00;89,91;Barcelona
V505856;Vida Riesgo;M;23/08/1981;11/11/2020;11/11/2030;33.000,00;48,78;Sevilla
V501955;Vida Riesgo;H;12/06/1971;11/11/2018;11/11/2028;44.000,00;130,53;Madrid
V502632;Vida Riesgo;H;28/07/1972;19/01/2018;19/01/2038;99.000,00;249,10;Salamanca
V504189;Vida Hipoteca;M;20/11/1970;21/07/2021;21/07/2046;76.000,00;297,24;Madrid
V501477;Vida Hipoteca;M;12/04/1973;28/09/2018;28/09/2043;207.000,00;520,08;Barcelona
V502853;Vida Riesgo;H;10/08/1983;18/10/2022;18/10/2037;37.000,00;54,55;Asturias
V504590;Vida Riesgo;Mujer;29/10/1974;26/09/2024;26/09/2044;44.000,00;161,37;Toledo
V507982;Vida Hipoteca;M;31/08/1981;19/08/2024;19/08/2044;225.000,00;457,33;Valencia
V505640;Vida Hipoteca;H;25/04/1970;31/03/2018;31/03/2033;135.000,00;418,39;Sevilla
V506737;Vida Hipoteca;M;11/09/1989;21/02/2020;21/02/2035;96.000,00;67,30;Granada
V503829;Vida Riesgo;M;20/08/1963;26/08/2016;26/08/2036;37.000,00;176,73;Granada
V503777;Vida Riesgo;M;15/02/1974;15/04/2021;15/04/2031;45.000,00;130,64;Valencia
V505882;Vida Hipoteca;M;23/07/1985;24/10/2020;24/10/2040;142.000,00;149,85;Madrid
V503114;Vida Riesgo;H;10/10/1973;28/01/2024;28/01/2039;51.000,00;193,31;Barcelona
V501571;Vida Riesgo;M;11/05/1975;28/05/2016;28/05/2031;91.000,00;157,12;Illes Balears
V506984;Vida Riesgo;H;11/07/1979;19/09/2015;19/09/2035;46.000,00;52,56;Araba/Álava
V501078;Vida Riesgo;H;04/01/1973;04/07/2016;04/07/2026;45.000,00;95,68;Cádiz
V504118;Vida Hipoteca;Mujer;22/04/1972;22/04/2019;22/04/2049;102.000,00;292,05;Asturias
V503128;Vida Riesgo;M;11/12/1960;28/08/2018;28/08/2033;61.000,00;434,19;Sevilla
V501596;Vida Riesgo;H;10/08/1970;25/12/2017;25/12/2037;25.000,00;73,92;Málaga
V501851;Vida Riesgo;H;01/10/1995;13/11/2019;13/11/2029;48.000,00;19,65;Murcia
V505688;Vida Hipoteca;Mujer;07/12/1981;15/10/2024;15/10/2049;144.000,00;289,92;Sevilla
V501362;Vida Hipoteca;H;17/04/1977;02/02/2016;02/02/2046;136.000,00;193,90;Illes Balears
V504937;Vida Riesgo;M;27/01/1990;24/12/2023;24/12/2038;18.000,00;16,93;León
V502770;Vida Hipoteca;M;26/03/1980;24/11/2024;24/11/2049;181.000,00;425,06;Granada
V505453;Vida Hipoteca;M;26/10/1979;28/11/2016;28/11/2031;56.000,00;69,08;Sevilla
V504340;Vida Hipoteca;M;08/05/1972;20/02/2021;20/02/2041;124.000,00;413,39;Alicante
V504120;Vida Hipoteca;H;27/01/1976;14/10/2021;14/10/2036;77.000,00;197,65;Granada
V500799;Vida Riesgo;h;15/07/1988;07/02/2021;07/02/2036;64.000,00;53,74;Albacete
V500719;Vida Hipoteca;H;09/01/1986;05/02/2015;05/02/2045;185.000,00;115,42;Barcelona
V506816;Vida Riesgo;H;11/03/1968;16/04/2022;16/04/2032;74.000,00;387,41;Barcelona
V506790;Vida Riesgo;H;29/07/1967;18/06/2021;18/06/2041;51.000,00;262,32;Barcelona
V506700;Vida Riesgo;Mujer;10/05/1995;18/05/2021;18/05/2031;112.000,00;53,93;Badajoz
V507510;Vida Hipoteca;M ;11/12/1976;07/11/2015;07/11/2030;60.000,00;86,35;Huesca
V503577;Vida Hipoteca;Hombre;23/08/1977;15/07/2022;15/07/2052;142.000,00;339,97;Madrid
V500450;Vida Riesgo;H;06/12/1975;26/05/2020;26/05/2030;69.000,00;159,35;Las Palmas
V506759;Vida Hipoteca;H;19/08/1975;04/04/2017;04/04/2047;94.000,00;170,47;Girona
V506456;Vida Riesgo;M;07/08/1970;28/07/2010;28/07/2020;47.000,00;64,67;Murcia
V501319;Vida Hipoteca;H;13/06/1975;19/01/2017;19/01/2032;214.000,00;387,38;Madrid
V502061;Vida Riesgo;H;15/09/1989;29/03/2020;29/03/2035;26.000,00;18,37;Palencia
V500241;Vida Hipoteca;H;21/11/1967;24/12/2023;24/12/2043;185.000,00;1.147,36;Málaga
V502096;Vida Hipoteca;M;07/05/1983;05/01/2021;05/01/2046;67.000,00;86,79;Barcelona
V500490;Vida Riesgo;H;22/08/1979;14/11/2020;14/11/2030;23.000,00;40,34;Burgos
V501908;Vida Hipoteca;M;17/05/1970;07/05/2010;07/05/2020;100.000,00;378,64;Ciudad Real
V505865;Vida Riesgo;M;17/11/1970;20/05/2016;20/05/2036;222.000,00;559,94;Pontevedra
V501687;Vida Hipoteca;H;05/04/1982;27/09/2022;27/09/2052;267.000,00;439,29;Asturias
V506734;Vida Hipoteca;H;27/04/1968;21/09/2017;21/09/2032;168.000,00;589,97;Guadalajara
V506019;Vida Riesgo;H;03/04/1972;17/10/2018;17/10/2033;40.000,00;110,14;Sevilla
V504048;Vida Hipoteca;M;01/07/1963;22/08/2015;22/08/2045;192.000,00;851,30;Cuenca
V504686;Vida Hipoteca;H;30/08/1973;06/09/2021;06/09/2046;145.000,00;452,78;Sevilla
V505569;Vida Hipoteca;Hombre;01/02/1984;05/09/2018;05/09/2033;111.000,00;110,72;Barcelona
V506275;Vida Riesgo;H;31/01/1971;22/08/2016;22/08/2031;53.000,00;134,25;Barcelona
V500682;Vida Hipoteca;H;21/03/1979;22/05/2020;22/05/2035;87.000,00;151,81;Zaragoza
V504784;Vida Riesgo;M;05/03/1971;24/05/2022;24/05/2037;131.000,00;536,94;Valencia
V500625;Vida Hipoteca;H;17/07/1982;30/05/2020;30/05/2045;170.000,00;224,01;Lugo
V501535;Vida Hipoteca;H;09/08/1982;02/01/2022;02/01/2047;84.000,00;126,09;Madrid
V507536;Vida Riesgo;H;03/05/1986;09/08/2023;09/08/2033;78.000,00;97,66;Barcelona
V501808;Vida Riesgo;M;11/06/1986;15/06/2023;15/06/2033;97.000,00;118,82;Madrid
V504007;Vida Hipoteca;H;20/01/1984;28/07/2023;28/07/2038;150.000,00;227,39;Illes Balears
V506051;Vida Hipoteca;M;20/07/1986;09/06/2023;09/06/2043;132.000,00;160,03;Las Palmas
V500644;Vida Riesgo;H;25/06/1990;30/06/2023;30/06/2033;51.000,00;44,48;Valencia
V506670;Vida Hipoteca;M;05/11/1974;16/05/2015;16/05/2035;199.000,00;328,70;Murcia
V503570;Vida Hipoteca;H;23/11/1971;31/10/2016;31/10/2036;106.000,00;254,75;León
V501247;Vida Riesgo;M;11/02/1970;17/05/2016;17/05/2036;66.000,00;177,50;Pontevedra
V506271;Vida Riesgo;M;07/04/1982;23/09/2024;23/09/2044;60.000,00;116,85;Melilla
V505016;Vida Riesgo;M;20/04/1986;15/12/2022;15/12/2037;33.000,00;39,22;Gipuzkoa
V506394;Vida Hipoteca;H;11/06/1987;14/06/2024;14/06/2049;253.000,00;309,92;Ávila
V500595;Vida Hipoteca;H;15/03/1984;11/02/2024;11/02/2049;107.000,00;167,69;Pontevedra
V502037;Vida Hipoteca;H;28/12/1992;20/03/2016;20/03/2031;370.000,00;140,44;Murcia
V504001;Vida Riesgo;M;26/11/1966;12/01/2016;12/01/2036;53.000,00;181,85;Murcia
V502025;Vida Hipoteca;M;19/03/1982;14/12/2018;14/12/2048;220.000,00;263,35;Valencia
V504383;Vida Riesgo;H;04/06/1969;03/08/2023;03/08/2043;13.000,00;68,44;A Coruña
V500162;Vida Hipoteca;M;01/10/1968;14/11/2016;14/11/2036;62.000,00;195,26;Zaragoza
V500289;Vida Riesgo;M;16/01/1987;26/03/2022;26/03/2032;58.000,00;60,86;Asturias
V507545;Vida Hipoteca;H;20/04/1978;10/05/2018;10/05/2033;125.000,00;198,34;Valencia
V501467;Vida Hipoteca;Hombre;30/04/1982;17/07/2023;17/07/2038;171.000,00;299,38;Málaga
V502145;Vida Riesgo;M;04/04/1982;01/04/2019;01/04/2034;42.000,00;51,37;Alicante
V500352;Vida Riesgo;M;10/11/1979;19/07/2017;19/07/2037;86.000,00;111,60;Alicante
V503500;Vida Hipoteca;H;19/09/1978;15/04/2015;15/04/2045;214.000,00;252,53;Gipuzkoa
V507321;Vida Hipoteca;H;27/05/1986;21/11/2021;21/11/2041;118.000,00;127,02;Almería
V501258;Vida Hipoteca;M;29/04/1985;18/11/2020;18/11/2040;195.000,00;211,10;Huelva
V504769;Vida Hipoteca;M;07/08/1980;29/01/2017;29/01/2032;118.000,00;138,16;Sevilla
V501530;Vida Hipoteca;H;06/06/1997;06/07/2017;06/07/2037;128.000,00;37,19;Málaga
V506056;Vida Riesgo;m;18/07/1977;08/07/2016;08/07/2036;13.000,00;18,82;Barcelona
V502703;Vida Riesgo;H;02/10/1969;08/05/2016;08/05/2036;97.000,00;268,46;Valladolid
V503673;Vida Hipoteca;H;11/02/1990;22/09/2015;22/09/2040;205.000,00;95,29;Zamora
V506914;Vida Riesgo;M;11/06/1979;31/10/2017;31/10/2027;181.000,00;249,29;A Coruña
V500330;Vida Hipoteca;M ;15/08/1957;30/01/2015;30/01/2030;149.000,00;1.038,04;Bizkaia
V503545;Vida Hipoteca;M;16/09/1972;01/03/2015;01/03/2035;249.000,00;484,51;Barcelona
V500880;Vida Hipoteca;M;06/10/1988;27/10/2019;27/10/2034;172.000,00;127,00;Ciudad Real
V505456;Vida Riesgo;M;27/07/1995;05/11/2020;05/11/2030;46.000,00;20,79;Madrid
V504320;Vida Riesgo;M;18/06/1975;06/04/2017;06/04/2037;88.000,00;161,97;Barcelona
V503398;Vida Hipoteca;Mujer;03/11/1986;23/04/2024;23/04/2039;85.000,00;108,27;Bizkaia
V503160;Vida Hipoteca;H;16/01/1981;17/12/2018;17/12/2038;226.000,00;299,01;Madrid
V506140;Vida Hipoteca;M;29/09/1984;13/04/2024;13/04/2044;167.000,00;253,62;Santa Cruz de Tenerife
V506840;Vida Riesgo;H;08/09/1982;10/10/2016;10/10/2036;92.000,00;87,93;Madrid
V503953;Vida Riesgo;M;27/01/1968;25/07/2017;25/07/2032;29.000,00;102,64;Barcelona
V500705;Vida Hipoteca;H;30/05/1969;27/06/2016;27/06/2031;504.000,00;1.452,84;Madrid
V506255;Vida Hipoteca;M;07/11/1971;14/03/2024;14/03/2049;93.000,00;419,63;Pontevedra
V507538;Vida Hipoteca;M;11/12/1991;29/11/2024;29/11/2039;95.000,00;82,55;Ceuta
V502397;Vida Hipoteca;M;24/08/1997;28/07/2016;28/07/2046;57.000,00;15,01;Barcelona
V507493;Vida Hipoteca;M;14/04/1981;15/07/2020;15/07/2040;112.000,00;166,00;Bizkaia
V506598;Vida Riesgo;M;14/05/1985;25/12/2023;25/12/2038;138.000,00;193,74;Girona
V506618;Vida Hipoteca;H;20/07/1975;21/08/2016;21/08/2036;178.000,00;308,42;Madrid
V500305;Vida Hipoteca;M;02/10/1988;;20/11/2039;110.000,00;125,08;Barcelona
V501924;Vida Riesgo;H;08/12/1983;17/02/2024;17/02/2034;65.000,00;104,38;Málaga
V507261;Vida Hipoteca;H;22/09/1965;27/12/2017;27/12/2032;143.000,00;640,58;Huesca
V506550;Vida Hipoteca;H;29/11/1961;20/01/2015;20/01/2030;127.000,00;612,93;Málaga
V505140;Vida Riesgo;H;26/07/1970;31/12/2022;31/12/2037;90.000,00;408,98;Navarra
V502117;Vida Riesgo;H;05/03/1979;03/08/2020;03/08/2035;73.000,00;130,05;Lleida
V507605;Vida Hipoteca;H;30/09/1982;18/04/2022;18/04/2042;172.000,00;261,43;Bizkaia
V506878;Vida Hipoteca;H;22/10/1962;19/04/2015;19/04/2030;214.000,00;977,13;Pontevedra
V503091;Vida Hipoteca;M ;11/10/1985;10/03/2024;10/03/2049;182.000,00;251,14;Tarragona
V501784;Vida Hipoteca;H;14/12/1996;03/02/2024;03/02/2049;92.000,00;48,69;Las Palmas
V503644;Vida Hipoteca;M;05/06/1984;28/03/2020;28/03/2040;193.000,00;213,50;Segovia
V502379;Vida Riesgo;M;29/05/1977;15/08/2015;15/08/2035;62.000,00;84,12;Albacete
V507769;Vida Hipoteca;H;20/11/1984;25/09/2018;25/09/2038;68.000,00;63,65;Bizkaia
V503040;Vida Riesgo;M;29/10/1997;13/08/2024;13/08/2039;32.000,00;16,45;Guadalajara
V501084;Vida Riesgo;H;08/12/1983;23/12/2016;23/12/2026;25.000,00;21,86;Barcelona
V504385;Vida Hipoteca;H;03/02/1971;11/05/2024;11/05/2049;111.000,00;541,47;Navarra
V506668;Vida Riesgo;H;24/04/1982;04/01/2023;04/01/2043;47.000,00;78,77;La Rioja
V500113;Vida Riesgo;M;05/10/1971;16/04/2015;16/04/2035;70.000,00;149,25;Melilla
V502974;Vida Hipoteca;M;19/01/1985;07/03/2018;07/03/2038;169.000,00;148,83;Pontevedra
V500916;Vida Hipoteca;H;16/12/1965;31/08/2015;31/08/2045;142.000,00;511,76;Santa Cruz de Tenerife
V504621;Vida Riesgo;M;26/04/1976;05/05/2015;05/05/2025;31.000,00;45,06;Sevilla
V500018;Vida Riesgo;M;11/11/1981;11/09/2022;11/09/2032;55.000,00;93,24;Las Palmas
V505354;Vida Riesgo;H;11/08/1986;05/06/2016;05/06/2026;126.000,00;83,76;Granada
V501495;Vida Riesgo;H;04/06/1974;01/06/2019;01/06/2039;63.000,00;152,09;Bizkaia
V506457;Vida Hipoteca;M;19/02/1994;06/06/2017;06/06/2042;203.000,00;77,50;Cádiz
V504348;Vida Hipoteca;M;19/10/1988;19/09/2023;19/09/2043;140.000,00;143,52;Madrid
V507628;Vida Riesgo;Mujer;21/08/1978;07/11/2015;07/11/2035;46.000,00;57,33;Salamanca
V505447;Vida Hipoteca;H;18/10/1977;09/11/2015;09/11/2035;220.000,00;294,65;Santa Cruz de Tenerife
V503884;Vida Hipoteca;M;24/01/1994;03/08/2022;03/08/2047;148.000,00;88,12;Barcelona
V503636;Vida Hipoteca;H;07/05/1983;22/08/2023;22/08/2048;165.000,00;267,21;Valencia
V500497;Vida Hipoteca;M;07/11/1988;10/01/2020;10/01/2035;102.000,00;76,07;Pontevedra
V503800;Vida Hipoteca;M;18/07/1973;14/03/2018;14/03/2043;195.000,00;457,49;Barcelona
V501401;Vida Riesgo;M;17/06/1976;26/12/2019;26/12/2034;132.000,00;281,28;Valencia
V507931;Vida Hipoteca;H;30/03/1972;06/04/2024;06/04/2044;76.000,00;333,45;Almería
V507770;Vida Riesgo;M;30/05/1978;19/03/2015;19/03/2025;59.000,00;71,00;Valencia
V503737;Vida Riesgo;H;30/03/1975;20/03/2016;20/03/2026;318.000,00;545,64;Barcelona
V502027;Vida Hipoteca;H;05/02/1966;07/08/2017;07/08/2047;73.000,00;306,52;Málaga
V503878;Vida Riesgo;M;26/06/1977;23/09/2022;23/09/2037;42.000,00;103,58;Cantabria
V502346;Vida Riesgo;M;29/09/1997;11/12/2015;11/12/2030;139.000,00;34,41;Guadalajara
V506235;Vida Hipoteca;M;22/10/1981;04/03/2020;04/03/2045;57.000,00;78,34;Asturias
V503617;Vida Riesgo;M;11/09/1983;20/02/2022;20/02/2042;87.000,00;120,39;Valencia
V507401;Vida Riesgo;H;28/07/1977;15/07/2020;15/07/2035;64.000,00;130,07;Ourense
V506962;Vida Riesgo;H;28/03/1984;29/12/2020;29/12/2030;111.000,00;133,07;Sevilla
V502744;Vida Hipoteca;M;22/09/1978;28/12/2021;28/12/2041;198.000,00;412,84;Bizkaia
V507733;Vida Hipoteca;M;05/04/1973;07/09/2018;07/09/2048;125.000,00;313,06;A Coruña
V503419;Vida Hipoteca;H;22/11/1982;09/04/2017;09/04/2032;406.000,00;397,70;Murcia
V501942;Vida Hipoteca;H;31/07/1971;27/02/2021;27/02/2046;190.000,00;677,44;Illes Balears
V507031;Vida Hipoteca;M;12/12/1982;07/08/2019;07/08/2039;129.000,00;153,27;La Rioja
V503978;Vida Riesgo;M;12/02/1958;11/08/2017;11/08/2027;148.000,00;1.225,68;Madrid
V500382;Vida Riesgo;H;14/10/1967;10/12/2018;10/12/2033;189.000,00;770,66;Málaga
V501331;Vida Hipoteca;H;03/10/1963;27/09/2017;27/09/2042;138.000,00;715,53;Asturias
V501079;Vida Riesgo;M;22/01/1985;09/08/2022;09/08/2032;53.000,00;67,93;Las Palmas
V500686;Vida Hipoteca;M;13/07/1960;06/11/2021;06/11/2041;130.000,00;1.256,97;La Rioja
V507333;Vida Riesgo;M;05/03/1983;23/06/2024;23/06/2044;316.000,00;557,61;Madrid
V502952;Vida Hipoteca;H ;11/03/1971;19/12/2015;19/12/2030;207.000,00;490,59;Ciudad Real
V500643;Vida Hipoteca;H;09/12/1988;17/11/2018;17/11/2043;78.000,00;52,38;Huelva
V502757;Vida Hipoteca;H;26/06/1964;30/11/2015;30/11/2040;69.000,00;287,89;Barcelona
V505718;Vida Riesgo;H;29/12/2024;25/11/2023;25/11/2043;41.000,00;177,12;Santa Cruz de Tenerife
V506555;Vida Hipoteca;H;19/12/1961;06/10/2024;06/10/2054;168.000,00;1.842,55;Pontevedra
V501775;Vida Hipoteca;H;30/04/1972;23/09/2022;23/09/2037;97.000,00;370,81;Madrid
V504090;Vida Hipoteca;H;20/09/1994;03/01/2019;03/01/2034;133.000,00;55,24;Illes Balears
V501880;Vida Hipoteca;H;01/05/1985;05/02/2024;05/02/2039;146.000,00;207,61;Badajoz
V504651;Vida Hipoteca;M;22/04/1979;12/07/2019;12/07/2044;134.000,00;215,67;Navarra
V507132;Vida Riesgo;H;18/11/1976;16/08/2022;16/08/2037;48.000,00;123,50;Madrid
V503194;Vida Hipoteca;M;13/02/1958;18/12/2015;18/12/2040;154.000,00;1.108,36;Cáceres
V501426;Vida Hipoteca;H;24/03/1998;03/02/2021;03/02/2041;183.000,00;67,38;Madrid
V504612;Vida Hipoteca;H;05/05/1988;25/12/2015;25/12/2030;158.000,00;87,26;Bizkaia
V502981;Vida Riesgo;M;21/11/1976;18/06/2016;18/06/2026;153.000,00;233,06;Madrid
V503250;Vida Riesgo;H;21/03/1994;28/11/2015;28/11/2025;135.000,00;44,97;Segovia
V501256;Vida Hipoteca;H;01/07/1985;07/11/2018;07/11/2048;209.000,00;187,61;Toledo
V505009;Vida Hipoteca;H;09/01/1976;10/10/2017;10/10/2042;198.000,00;362,95;Madrid
V507304;Vida Hipoteca;M;15/09/1987;11/10/2020;11/10/2040;302.000,00;264,75;A Coruña
V500500;Vida Hipoteca;H;04/03/1987;14/04/2016;14/04/2046;66.000,00;41,32;Alicante
V506509;Vida Riesgo;H;28/08/1980;12/11/2017;12/11/2032;33.000,00;41,11;Madrid
V502636;Vida Hipoteca;H;01/11/1971;17/11/2017;17/11/2042;148.000,00;390,75;Málaga
V505137;Vida Riesgo;M;14/02/1977;;07/04/2041;44.000,00;98,83;Huelva
V500742;Vida Riesgo;M;25/01/1971;04/11/2022;04/11/2032;222.000,00;954,11;Madrid
V501304;Vida Hipoteca;M;19/07/1976;01/07/2020;01/07/2045;55.000,00;121,54;Málaga
V501385;Vida Riesgo;M;28/10/1982;09/07/2023;09/07/2043;70.000,00;117,29;Albacete
V504860;Vida Hipoteca;H;09/06/1976;03/01/2020;03/01/2035;115.000,00;245,96;Madrid
V501466;Vida Riesgo;H;10/09/1971;13/08/2023;13/08/2043;115.000,00;500,43;Madrid
V506495;Vida Hipoteca;Hombre;27/04/1983;30/10/2024;30/10/2039;72.000,00;129,31;Barcelona
V503209;Vida Hipoteca;H;12/11/1971;21/04/2015;21/04/2035;253.000,00;535,20;Cuenca
V501369;Vida Hipoteca;H;16/08/1974;23/06/2019;23/06/2039;159.000,00;379,29;Madrid
V507897;Vida Hipoteca;M;23/10/1974;01/09/2022;01/09/2042;139.000,00;428,11;Madrid
V501347;Vida Hipoteca;H;28/02/1998;27/12/2022;27/12/2052;283.000,00;123,06;Lugo
V506207;Vida Riesgo;H;18/04/1983;27/02/2023;27/02/2043;40.000,00;62,45;Palencia
V500730;Vida Hipoteca;H;28/11/1991;20/12/2015;20/12/2030;101.000,00;41,15;A Coruña
V505884;Vida Hipoteca;M;11/12/1985;02/05/2020;02/05/2035;173.000,00;169,63;Gipuzkoa
V500868;Vida Riesgo;H;20/05/1987;05/09/2024;05/09/2039;31.000,00;38,92;Huesca
V500542;Vida Riesgo;H;11/07/1982;27/04/2016;27/04/2036;34.000,00;31,70;Barcelona
V504589;Vida Hipoteca;H;10/12/1982;27/11/2016;27/11/2041;70.000,00;66,20;Toledo
V502573;Vida Hipoteca;M;27/04/1967;16/03/2018;16/03/2043;179.000,00;713,14;Navarra
V504302;Vida Riesgo;M;24/11/1966;08/03/2017;08/03/2037;119.000,00;450,57;Madrid
V506301;Vida Hipoteca;M;25/03/1980;29/03/2020;29/03/2050;192.000,00;303,55;Málaga
V505578;Vida Hipoteca;H;05/01/1971;26/12/2010;26/12/2020;172.000,00;132,79;Barcelona
V502698;Vida Hipoteca;H;06/08/1971;12/04/2018;12/04/2033;87.000,00;242,52;Valencia
V504436;Vida Hipoteca;H;18/07/1972;08/12/2016;08/12/2036;316.000,00;724,98;Albacete
V504368;Vida Hipoteca;H;13/05/1966;26/01/2017;26/01/2047;232.000,00;910,38;Soria
V505057;Vida Riesgo;h;30/11/1983;13/10/2020;13/10/2035;41.000,00;49,63;A Coruña
V506886;Vida Riesgo;M;21/05/1973;16/12/2023;16/12/2033;20.000,00;77,59;Alicante
V507402;Vida Riesgo;M;18/01/1985;22/01/2021;22/01/2036;81.000,00;91,14;Madrid
V502389;Vida Riesgo;H;18/11/1986;13/09/2018;13/09/2028;41.000,00;32,31;Segovia
V502568;Vida Hipoteca;M;04/12/1974;21/02/2020;21/02/2050;182.000,00;447,86;Valencia
V500706;Vida Riesgo;H;12/11/1979;01/04/2021;01/04/2041;22.000,00;39,09;Barcelona
V501684;Vida Riesgo;M;02/02/1970;22/09/2018;22/09/2028;55.000,00;180,98;Araba/Álava
V503763;Vida Hipoteca;Mujer;28/04/1975;15/07/2017;15/07/2042;189.000,00;360,38;Pontevedra
V500429;Vida Hipoteca;H;12/11/1985;14/07/2017;14/07/2032;101.000,00;78,57;Zaragoza
V506461;Vida Riesgo;M;26/10/1975;03/04/2022;03/04/2037;24.000,00;65,52;Sevilla
V500367;Vida Riesgo;H;27/06/1983;26/09/2017;26/09/2037;34.000,00;32,94;Pontevedra
V505388;Vida Riesgo;M;24/05/1972;07/12/2017;07/12/2032;133.000,00;336,34;Asturias
V502680;Vida Hipoteca;H;16/10/1979;03/08/2022;03/08/2047;108.000,00;216,40;Córdoba
V502448;Vida Riesgo;M;03/08/1969;05/05/2015;05/05/2035;28.000,00;72,11;Sevilla
V507762;Vida Riesgo;M;;14/07/2024;14/07/2034;95.000,00;61,55;Tarragona
V502216;Vida Riesgo;M;18/08/1974;09/05/2021;09/05/2036;48.000,00;134,27;Lugo
V502642;Vida Hipoteca;M;11/02/1978;17/06/2016;17/06/2036;183.000,00;251,14;Illes Balears
V501505;Vida Riesgo;M;22/10/1975;26/11/2018;26/11/2028;228.000,00;468,51;Bizkaia
V500505;Vida Hipoteca;H;05/09/1970;19/02/2016;19/02/2041;214.000,00;537,48;Valencia
V502026;Vida Hipoteca;M ;03/01/1982;23/09/2017;23/09/2032;105.000,00;115,26;Madrid
V505632;Vida Hipoteca;M;06/01/1975;19/04/2020;19/04/2045;121.000,00;299,46;León
V505298;Vida Hipoteca;H;29/09/1977;27/05/2019;27/05/2039;125.000,00;227,30;Sevilla
V500204;Vida Hipoteca;H;14/01/1985;04/06/2021;04/06/2046;99.000,00;115,01;Cádiz
V502989;Vida Hipoteca;Hombre;25/06/1971;03/12/2022;03/12/2037;139.000,00;580,60;Albacete
V506704;Vida Hipoteca;M;23/01/1977;24/12/2019;24/12/2049;117.000,00;236,79;Albacete
V505485;Vida Riesgo;H;08/03/1980;24/03/2020;24/03/2035;95.000,00;150,60;Cáceres
V502823;Vida Hipoteca;M;28/03/1977;28/04/2015;28/04/2045;225.000,00;301,96;Alicante
V501146;Vida Hipoteca;H;24/03/1983;05/10/2016;05/10/2046;138.000,00;125,83;Salamanca
V505407;Vida Riesgo;H;01/08/1991;11/05/2020;11/05/2030;23.000,00;13,99;Valencia
V500319;Vida Riesgo;H;25/09/1963;14/04/2016;14/04/2036;176.000,00;808,07;Cuenca
V504288;Vida Riesgo;H;26/07/1964;10/12/2017;10/12/2037;37.000,00;182,15;Murcia
V507467;Vida Hipoteca;H;09/12/1971;05/09/2015;05/09/2030;82.000,00;177,98;Segovia
V507711;Vida Hipoteca;M;21/05/1983;28/12/2020;28/12/2050;303.000,00;390,50;Cantabria
V502357;Vida Riesgo;H;29/06/1986;19/11/2017;19/11/2037;76.000,00;57,75;Cáceres
V505460;Vida Hipoteca;H;26/06/1963;21/01/2022;21/01/2037;145.000,00;1.110,43;Valencia
V505514;Vida Hipoteca;M;02/07/1975;25/09/2016;25/09/2036;150.000,00;263,15;Cádiz
V504451;Vida Riesgo;M;01/09/1991;10/04/2023;10/04/2033;68.000,00;52,61;Burgos
V502763;Vida Riesgo;M;12/10/1983;06/12/2020;06/12/2030;39.000,00;48,36;Barcelona
V507889;Vida Hipoteca;M;24/10/2000;29/08/2024;29/08/2054;235.000,00;94,04;Guadalajara
V503356;Vida Hipoteca;M;05/11/1968;10/11/2018;10/11/2038;130.000,00;480,94;Illes Balears
V507029;Vida Hipoteca;M;31/07/1979;12/03/2022;12/03/2037;182.000,00;359,04;Illes Balears
V507183;Vida Riesgo;H;04/06/1991;10/01/2024;10/01/2044;46.000,00;38,74;Madrid
V502990;Vida Hipoteca;M;07/01/1997;24/07/2021;24/07/2041;101.000,00;42,87;Gipuzkoa
V503823;Vida Riesgo;M;06/05/1979;12/06/2015;12/06/2035;92.000,00;104,31;Murcia
V500679;Vida Hipoteca;M;25/08/1964;09/08/2019;09/08/2039;190.000,00;1.069,85;Palencia
V506131;Vida Hipoteca;Mujer;21/10/1970;09/09/2021;09/09/2036;176.000,00;701,18;Madrid
V501416;Vida Hipoteca;M;01/01/1976;24/11/2016;24/11/2036;64.000,00;109,10;Málaga
V507465;Vida Riesgo;Mujer;03/02/1994;21/11/2018;21/11/2028;98.000,00;42,51;Barcelona
V501806;Vida Hipoteca;H;07/02/1979;16/01/2018;16/01/2048;213.000,00;307,47;Valencia
V505950;Vida Hipoteca;M;31/03/1984;01/08/2021;01/08/2041;161.000,00;202,76;Jaén
V502507;Vida Hipoteca;H;01/08/1973;22/04/2022;22/04/2052;85.000,00;281,79;Teruel
V501164;Vida Riesgo;M;31/08/1977;04/04/2022;04/04/2042;132.000,00;308,02;Sevilla
V504850;Vida Hipoteca;H;09/07/1981;03/08/2022;03/08/2047;101.000,00;174,67;Illes Balears
V501681;Vida Riesgo;H;10/09/1982;25/04/2020;25/04/2035;42.000,00;54,21;La Rioja
V503270;Vida Hipoteca;H;05/06/1975;09/09/2021;09/09/2051;158.000,00;425,01;Barcelona
V506473;Vida Hipoteca;M;22/10/1987;08/01/2020;08/01/2040;96.000,00;78,22;Ávila
V505151;Vida Riesgo;M;24/10/1978;20/12/2016;20/12/2036;50.000,00;67,53;Bizkaia
V502685;Vida Riesgo;Mujer;13/06/1972;07/10/2024;07/10/2044;34.000,00;153,00;Burgos
V507331;Vida Riesgo;H;22/12/1970;12/12/2010;12/12/2020;76.000,00;54,50;Málaga
V507443;Vida Hipoteca;Mujer;30/07/1965;22/12/2018;22/12/2033;86.000,00;424,16;Tarragona
V503718;Vida Hipoteca;H;05/04/1985;07/07/2016;07/07/2041;102.000,00;76,61;Madrid
V506889;Vida Hipoteca;M;29/10/1982;14/06/2024;14/06/2054;108.000,00;195,86;Barcelona
V504289;Vida Hipoteca;H;10/07/1978;22/03/2016;22/03/2036;91.000,00;118,21;Huelva
V501440;Vida Riesgo;H;24/02/1969;02/10/2020;02/10/2040;149.000,00;630,95;Murcia
V507838;Vida Riesgo;H;23/03/1976;21/02/2021;21/02/2036;25.000,00;59,98;Tarragona
V506318;Vida Riesgo;H;23/02/1972;20/04/2020;20/04/2040;21.000,00;66,34;Lugo
V504453;Vida Hipoteca;M;17/10/1966;11/05/2018;11/05/2043;144.000,00;607,80;Cantabria
V500553;Vida Riesgo;H;27/12/1982;28/10/2020;28/10/2035;44.000,00;57,82;Las Palmas
V504637;Vida Hipoteca;m;30/08/1950;14/09/2017;14/09/2047;255.000,00;4.011,61;Valencia
V507743;Vida Riesgo;M;29/01/1983;21/09/2023;21/09/2043;72.000,00;120,13;Cáceres
V500537;Vida Hipoteca;H;08/04/1960;16/07/2018;16/07/2033;116.000,00;865,73;Madrid
V507917;Vida Hipoteca;M;13/04/1981;08/06/2018;08/06/2038;192.000,00;238,05;Sevilla
V505876;Vida Riesgo;h;13/06/1986;16/05/2020;16/05/2040;28.000,00;26,39;Bizkaia
V502513;Vida Riesgo;M;30/12/1979;31/07/2019;31/07/2029;32.000,00;48,79;Madrid
V504836;Vida Hipoteca;M;28/05/1975;19/08/2024;19/08/2049;226.000,00;782,12;Tarragona
V503373;Vida Hipoteca;H;23/10/1958;27/08/2016;27/08/2036;195.000,00;1.403,69;A Coruña
V503487;Vida Riesgo;M;10/07/1996;14/08/2024;14/08/2044;44.000,00;25,26;Sevilla
V504114;Vida Hipoteca;M;02/06/1974;10/11/2023;10/11/2048;178.000,00;627,15;Madrid
V500645;Vida Riesgo;M;11/11/1965;20/11/2018;20/11/2038;72.000,00;344,07;Madrid
V500434;Vida Riesgo;H;07/10/1976;07/06/2018;07/06/2033;114.000,00;207,44;Murcia
V507007;Vida Hipoteca;H;16/03/1977;24/07/2016;24/07/2041;184.000,00;275,14;Murcia
V506081;Vida Riesgo;H;15/02/1980;07/02/2018;07/02/2038;28.000,00;37,24;Gipuzkoa
V502891;Vida Hipoteca;H;05/07/1986;20/02/2016;20/02/2046;135.000,00;88,31;Madrid
V505758;Vida Hipoteca;Hombre;16/03/1988;04/04/2021;04/04/2041;169.000,00;147,89;Madrid
V504541;Vida Hipoteca;M;05/04/1967;08/08/2020;08/08/2035;235.000,00;1.154,05;Sevilla
V506211;Vida Hipoteca;M;09/06/1968;05/01/2021;05/01/2046;170.000,00;781,96;Málaga
V501253;Vida Riesgo;m;01/05/1987;11/09/2021;11/09/2036;58.000,00;56,75;Madrid
V507168;Vida Hipoteca;M;15/11/1971;22/12/2017;22/12/2047;121.000,00;321,04;Cuenca
V501783;Vida Riesgo;H;19/11/1969;09/09/2019;09/09/2029;41.000,00;149,00;Zamora
V504144;Vida Riesgo;Mujer;19/02/1994;08/08/2021;08/08/2041;50.000,00;27,22;Madrid
V504535;Vida Hipoteca;M;20/11/1983;21/06/2018;21/06/2033;313.000,00;311,98;Córdoba
V506100;Vida Hipoteca;H;08/06/1977;08/04/2017;08/04/2047;410.000,00;638,44;Barcelona
V502772;Vida Hipoteca;M;18/06/1986;18/07/2024;18/07/2039;170.000,00;228,14;Lleida
V505144;Vida Hipoteca;H;10/10/1998;07/05/2024;07/05/2049;77.000,00;35,68;Illes Balears
V501868;Vida Hipoteca;M;01/04/1981;14/03/2024;14/03/2054;242.000,00;491,24;Illes Balears
V505124;Vida Hipoteca;M;18/03/1985;22/06/2018;22/06/2038;62.000,00;55,23;Palencia
V503899;Vida Hipoteca;M;13/04/1965;06/07/2024;06/07/2039;159.000,00;1.287,78;Valencia
V504882;Vida Hipoteca;H;16/06/1973;22/03/2021;22/03/2046;158.000,00;482,82;Madrid
V502874;Vida Riesgo;Hombre;23/12/1982;15/04/2016;15/04/2036;29.000,00;25,94;Las Palmas
V502202;Vida Hipoteca;M;29/08/1985;08/09/2020;08/09/2050;135.000,00;139,74;Barcelona
V503149;Vida Riesgo;H;11/10/1972;01/02/2016;01/02/2036;47.000,00;98,32;Barcelona
V505978;Vida Riesgo;M;22/12/1981;01/10/2023;01/10/2033;107.000,00;196,52;Illes Balears
V506662;Vida Hipoteca;H;02/07/1982;22/12/2016;22/12/2046;329.000,00;324,93;Madrid
V507260;Vida Hipoteca;H;17/04/1980;17/10/2019;17/10/2049;113.000,00;171,05;Barcelona
V505990;Vida Riesgo;M;13/05/1963;07/11/2020;07/11/2035;106.000,00;740,41;Alicante
V506928;Vida Hipoteca;H;07/06/1979;28/11/2024;28/11/2039;147.000,00;369,88;Jaén
V507170;Vida Riesgo;H;07/07/1992;03/12/2017;03/12/2027;22.000,00;10,05;Castellón
V501776;Vida Riesgo;M;28/11/1967;12/05/2015;12/05/2035;68.000,00;202,34;Madrid
V504405;Vida Riesgo;M;05/10/1970;27/04/2019;27/04/2039;114.000,00;372,69;Barcelona
V502534;Vida Hipoteca;H;11/08/1971;24/11/2021;24/11/2041;82.000,00;310,52;Asturias
V504905;Vida Hipoteca;H;16/07/1988;25/06/2015;25/06/2030;99.000,00;51,52;Pontevedra
V501377;Vida Hipoteca;H ;29/08/1973;06/08/2019;06/08/2049;145.000,00;379,34;Bizkaia
V507041;Vida Hipoteca;M;13/11/1968;17/10/2021;17/10/2036;118.000,00;559,15;Madrid
V505875;Vida Hipoteca;M;28/03/1970;25/07/2021;25/07/2036;285.000,00;1.178,75;Illes Balears
V501950;Vida Hipoteca;H;15/11/1980;13/12/2017;13/12/2037;285.000,00;351,11;Barcelona
V505339;Vida Hipoteca;H;27/02/1972;30/09/2023;30/09/2043;134.000,00;566,76;La Rioja
V506836;Vida Hipoteca;M;09/03/1974;16/11/2017;16/11/2047;182.000,00;393,39;Melilla
V501560;Vida Riesgo;M;17/04/1970;20/10/2017;20/10/2032;57.000,00;170,44;Castellón
V502538;Vida Hipoteca;H;05/06/1986;08/12/2016;08/12/2031;151.000,00;106,46;Sevilla
V504022;Vida Hipoteca;H;26/02/1968;02/03/2017;02/03/2047;116.000,00;394,12;Madrid
V507323;Vida Hipoteca;M;10/04/1987;17/05/2021;17/05/2051;179.000,00;171,27;Barcelona
V501755;Vida Hipoteca;H;19/01/1973;04/06/2020;04/06/2045;159.000,00;469,94;A Coruña
V500558;Vida Riesgo;M;30/06/1959;08/06/2021;08/06/2041;25.000,00;254,95;Murcia
V506192;Vida Hipoteca;M;20/12/1964;25/07/2020;25/07/2040;665.000,00;3.953,34;Sevilla
V501640;Vida Riesgo;M;29/11/1989;07/09/2017;07/09/2027;57.000,00;31,84;Madrid
V500407;Vida Hipoteca;M;06/12/1972;16/01/2019;16/01/2034;219.000,00;581,54;Asturias
V505740;Vida Riesgo;H;10/08/1964;02/06/2015;02/06/2025;36.000,00;142,50;Cádiz
V501285;Vida Hipoteca;H;18/07/1960;22/06/2024;22/06/2044;137.000,00;1.654,01;Burgos
V506756;Vida Riesgo;H;09/07/1978;14/01/2024;14/01/2034;67.000,00;169,13;Navarra
V507307;Vida Riesgo;M;31/10/1977;10/02/2019;10/02/2029;68.000,00;119,74;Huelva
V506134;Vida Hipoteca;M;31/01/1970;23/01/2019;23/01/2039;196.000,00;664,04;Zamora
V507952;Vida Hipoteca;H;21/11/1967;29/12/2017;29/12/2037;100.000,00;372,89;Madrid
V502022;Vida Riesgo;H;09/09/1965;18/09/2015;18/09/2030;81.000,00;299,88;Murcia
V502608;Vida Hipoteca;H;09/11/1981;11/12/2024;11/12/2049;127.000,00;260,83;Segovia
V507593;Vida Riesgo;H;11/06/1977;15/03/2015;15/03/2025;136.000,00;177,53;Illes Balears
V502293;Vida Hipoteca;M;04/05/1967;18/10/2015;18/10/2035;131.000,00;424,56;Ourense
V506108;Vida Riesgo;M;10/04/1966;15/04/2016;15/04/2031;63.000,00;233,12;Barcelona
V503394;Vida Hipoteca;M;22/05/1987;10/02/2018;10/02/2033;224.000,00;160,80;Gipuzkoa
V504968;Vida Riesgo;Mujer;16/03/1992;17/11/2016;17/11/2031;204.000,00;87,58;Melilla
V505818;Vida Hipoteca;H;25/01/1977;24/11/2019;24/11/2034;120.000,00;241,01;Ceuta
V507020;Vida Riesgo;M;30/11/1993;07/02/2018;07/02/2033;23.000,00;9,47;Zaragoza
V504126;Vida Hipoteca;M;07/03/1987;25/02/2018;25/02/2048;154.000,00;112,94;Valencia
V506180;Vida Hipoteca;H;24/12/1982;07/05/2024;07/05/2044;357.000,00;633,37;Granada
V500485;Vida Hipoteca;H;20/01/1981;29/09/2021;29/09/2051;291.000,00;487,38;Barcelona
V501839;Vida Hipoteca;H ;09/11/1970;10/04/2015;10/04/2040;287.000,00;659,73;Barcelona
V504649;Vida Riesgo;H;02/01/1989;09/10/2022;09/10/2032;48.000,00;44,63;Asturias
V502811;Vida Riesgo;H;09/04/1980;18/08/2023;18/08/2033;66.000,00;138,67;Toledo
V507130;Vida Hipoteca;M;26/10/1975;22/03/2022;22/03/2042;140.000,00;381,09;Madrid
V500873;Vida Hipoteca;M;06/02/1985;27/07/2024;27/07/2054;199.000,00;300,46;Bizkaia
V501063;Vida Riesgo;M;17/07/1962;04/02/2021;04/02/2031;280.000,00;2.141,07;Valencia
V505136;Vida Hipoteca;H;21/08/1990;25/05/2024;25/05/2049;187.000,00;173,77;Madrid
V500774;Vida Hipoteca;H;05/07/1994;03/04/2023;03/04/2053;181.000,00;109,82;Las Palmas
V501506;Vida Hipoteca;M;16/11/1991;30/01/2022;30/01/2037;149.000,00;102,37;Madrid
V504225;Vida Hipoteca;H;07/12/1974;04/05/2020;04/05/2040;197.000,00;492,66;León
V506779;Vida Riesgo;H;25/09/1974;06/03/2019;06/03/2029;123.000,00;283,41;Murcia
V502603;Vida Hipoteca;H;01/09/1965;12/04/2020;12/04/2050;125.000,00;683,65;Alicante
V504944;Vida Riesgo;H;22/12/1970;05/12/2015;05/12/2025;73.000,00;175,66;Málaga
V500109;Vida Riesgo;H;19/12/1968;05/12/2015;05/12/2025;36.000,00;102,74;Zaragoza
V501162;Vida Riesgo;H;22/01/1962;10/01/2023;10/01/2038;25.000,00;234,65;Santa Cruz de Tenerife
V504551;Vida Hipoteca;M;08/03/1975;27/11/2021;27/11/2041;73.000,00;204,21;Santa Cruz de Tenerife
V502211;Vida Hipoteca;M;14/09/1971;26/03/2016;26/03/2046;74.000,00;171,80;Alicante
V505620;Vida Riesgo;H;23/01/1985;29/08/2020;29/08/2030;73.000,00;79,31;Cádiz
V501589;Vida Hipoteca;M;10/05/1981;30/04/2017;30/04/2042;359.000,00;402,66;Murcia
V504127;Vida Hipoteca;M;03/05/1964;07/04/2021;07/04/2041;152.000,00;1.012,15;Málaga
V507468;Vida Riesgo;H;05/07/1988;02/01/2022;02/01/2042;92.000,00;83,59;Bizkaia
V500493;Vida Riesgo;H;29/09/1974;07/09/2022;07/09/2042;27.000,00;83,75;Ourense
V501817;Vida Hipoteca;M;10/02/1977;23/08/2020;23/08/2035;118.000,00;251,64;Barcelona
V503660;Vida Hipoteca;H;05/01/1972;16/01/2024;16/01/2054;243.000,00;1.067,18;Málaga
V502856;Vida Hipoteca;H;03/07/1983;01/10/2022;01/10/2047;71.000,00;105,19;Las Palmas
V505376;Vida Hipoteca;H;28/02/1970;04/05/2016;04/05/2046;132.000,00;352,51;Sevilla
V501380;Vida Hipoteca;H;29/12/1977;30/06/2023;30/06/2038;90.000,00;226,86;Almería
V502578;Vida Riesgo;H;08/05/1968;18/01/2019;18/01/2034;26.000,00;101,94;Palencia
V505405;Vida Riesgo;M;11/09/1969;25/04/2021;25/04/2041;37.000,00;156,89;Zaragoza
V502090;Vida Riesgo;M;20/08/1988;24/06/2021;24/06/2036;101.000,00;86,82;Málaga
V506519;Vida Riesgo;M;05/03/1985;06/09/2022;06/09/2032;29.000,00;37,06;Madrid
V504981;Vida Riesgo;M;14/12/1985;06/07/2019;06/07/2034;84.000,00;76,73;Zaragoza
V502038;Vida Riesgo;M;30/03/1981;18/03/2016;18/03/2031;45.000,00;46,34;Bizkaia
V503199;Vida Riesgo;H;18/10/1959;14/06/2015;14/06/2035;173.000,00;1.033,76;Madrid
V504728;Vida Hipoteca;M;27/10/1963;08/04/2020;08/04/2035;140.000,00;895,05;Murcia
V501299;Vida Riesgo;H;16/09/1963;17/07/2024;17/07/2039;107.000,00;993,04;Barcelona
V505725;Vida Riesgo;H;15/11/1969;03/07/2016;03/07/2026;37.000,00;102,67;Valencia
V502450;Vida Riesgo;M;05/09/1992;26/10/2017;26/10/2037;74.000,00;33,05;Soria
V506425;Vida Hipoteca;H;15/06/1965;02/08/2019;02/08/2039;251.000,00;1.317,55;Madrid
V501193;Vida Hipoteca;Mujer;02/03/1964;16/03/2015;16/03/2045;141.000,00;569,04;Cádiz
V501939;Vida Hipoteca;M;10/12/1974;23/11/2015;23/11/2045;104.000,00;178,12;Barcelona
V500933;Vida Hipoteca;m;06/01/1986;08/08/2023;08/08/2043;106.000,00;136,34;Murcia
V500808;Vida Riesgo;M;25/11/1992;20/08/2021;20/08/2041;79.000,00;47,89;Valladolid
V503007;Vida Riesgo;H;29/10/1991;21/08/2023;21/08/2038;36.000,00;28,35;Sevilla
V504198;Vida Hipoteca;H;07/05/1977;15/05/2017;15/05/2047;275.000,00;435,12;Málaga
V504743;Vida Riesgo;M;29/06/1999;09/09/2017;09/09/2032;27.000,00;6,68;Barcelona
V502218;Vida Hipoteca;M;06/03/1980;19/07/2018;19/07/2038;;251,60;Barcelona
V504039;Vida Riesgo;H;22/11/1977;14/06/2019;14/06/2039;89.000,00;160,48;Segovia
V501988;Vida Hipoteca;M ;28/09/1982;20/08/2024;20/08/2044;132.000,00;244,93;A Coruña
V501480;Vida Riesgo;M;25/07/1967;14/03/2023;14/03/2043;44.000,00;262,52;Teruel
V501863;Vida Riesgo;H;10/01/1991;21/06/2018;21/06/2028;285.000,00;154,83;Girona
V506562;Vida Hipoteca;M;16/08/1985;12/02/2023;12/02/2043;142.000,00;181,22;Barcelona
V503580;Vida Riesgo;H;14/11/1983;31/07/2017;31/07/2027;52.000,00;48,12;Palencia
V500056;Vida Hipoteca;M;27/01/1978;02/12/2016;02/12/2041;98.000,00;140,35;León
V503968;Vida Hipoteca;H;06/12/1974;15/11/2021;15/11/2051;131.000,00;373,30;Barcelona
V506350;Vida Riesgo;H;16/05/1976;25/11/2018;25/11/2028;108.000,00;211,45;Sevilla
V502286;Vida Hipoteca;M;02/09/1975;21/03/2017;21/03/2032;160.000,00;288,31;Bizkaia
V507716;Vida Riesgo;M;30/03/1977;09/03/2019;09/03/2039;212.000,00;394,88;León
V502449;Vida Hipoteca;M;19/12/1968;30/03/2019;30/03/2034;299.000,00;1.130,98;Araba/Álava
V506101;Vida Hipoteca;H;03/03/1968;06/11/2017;06/11/2032;245.000,00;880,99;Murcia
V503223;Vida Hipoteca;M;10/10/1984;12/11/2020;12/11/2035;47.000,00;53,24;Toledo
V500596;Vida Riesgo;M;20/12/1972;18/09/2021;18/09/2041;115.000,00;381,93;Madrid
V506811;Vida Hipoteca;M;15/03/1959;10/06/2015;10/06/2030;174.000,00;1.092,75;Guadalajara
V500512;Vida Riesgo;Hombre;30/11/1976;25/11/2024;25/11/2044;38.000,00;118,32;Zamora
V500134;Vida Hipoteca;H;02/08/1981;21/09/2021;21/09/2036;144.000,00;230,11;Santa Cruz de Tenerife
V506523;Vida Hipoteca;H;22/09/1974;26/04/2015;26/04/2035;188.000,00;312,23;Bizkaia
V502971;Vida Hipoteca;M;24/10/1987;24/12/2022;24/12/2037;80.000,00;83,79;Navarra
V507514;Vida Riesgo;H;29/05/1973;16/03/2019;16/03/2039;78.000,00;201,65;Madrid
V503692;Vida Hipoteca;Hombre;14/03/1981;08/03/2024;08/03/2044;234.000,00;476,30;Melilla
V504251;Vida Hipoteca;H;06/08/1967;31/10/2016;31/10/2046;170.000,00;588,85;León
V507473;Vida Riesgo;Hombre;26/11/1960;20/12/2020;20/12/2030;49.000,00;426,04;Jaén
V503775;Vida Riesgo;H;13/06/1988;01/08/2021;01/08/2041;219.000,00;192,98;Melilla
V502938;Vida Riesgo;M;02/12/1952;05/05/2018;05/05/2028;45.000,00;616,75;Barcelona
V501038;Vida Riesgo;H;23/10/1973;08/05/2022;08/05/2042;52.000,00;169,72;Albacete
V507642;Vida Hipoteca;M;04/06/1965;03/09/2017;03/09/2047;178.000,00;796,43;Salamanca
V507558;Vida Hipoteca;H;21/05/1983;10/06/2015;10/06/2030;204.000,00;164,02;Barcelona
V500925;Vida Riesgo;H;14/07/1978;13/02/2021;13/02/2036;41.000,00;80,68;Las Palmas
V503470;Vida Hipoteca;H;26/10/1983;26/03/2016;26/03/2031;70.000,00;58,03;Valencia
V507292;Vida Hipoteca;H;06/02/1986;13/04/2024;13/04/2049;93.000,00;125,86;Valladolid
V504991;Vida Riesgo;M;29/12/1984;08/01/2020;08/01/2035;18.000,00;18,63;Málaga
V501133;Vida Hipoteca;M;27/05/1964;16/08/2016;16/08/2041;255.000,00;1.138,06;Cantabria
V503235;Vida Hipoteca;M;17/08/1971;10/09/2016;10/09/2046;157.000,00;381,45;Alicante
V501594;Vida Riesgo;M;21/07/1965;25/02/2018;25/02/2038;34.000,00;156,70;Murcia
V507809;Vida Riesgo;H;28/02/1976;03/11/2015;03/11/2025;23.000,00;35,35;Madrid
V500530;Vida Riesgo;H;28/10/1967;02/07/2015;02/07/2030;31.000,00;94,02;Barcelona
V500765;Vida Riesgo;H;04/04/1970;16/06/2015;16/06/2025;52.000,00;127,77;Alicante
V507336;Vida Hipoteca;H;25/01/1983;28/10/2021;28/10/2051;439.000,00;623,79;Bizkaia
V503520;Vida Hipoteca;M;17/07/1959;02/05/2024;02/05/2039;219.000,00;2.845,87;Sevilla
V503051;Vida Hipoteca;H;19/12/1983;25/06/2021;25/06/2046;69.000,00;88,24;Araba/Álava
V503525;Vida Hipoteca;H;07/02/1975;30/03/2023;30/03/2038;183.000,00;577,30;Almería
V500950;Vida Hipoteca;M;04/07/1982;26/02/2023;26/02/2043;152.000,00;253,66;Ávila
V507325;Vida Hipoteca;M;29/10/1978;14/03/2017;14/03/2032;166.000,00;228,36;Alicante
V507788;Vida Riesgo;H;15/01/1961;29/05/2024;29/05/2039;64.000,00;736,75;Valladolid
V502699;Vida Riesgo;M;28/06/1958;05/03/2017;05/03/2027;137.000,00;1.059,38;Madrid
V507253;Vida Riesgo;H;15/11/1971;29/12/2019;29/12/2039;63.000,00;198,45;Las Palmas
V503582;Vida Hipoteca;H;07/04/1970;11/10/2022;11/10/2052;97.000,00;443,81;Madrid
V500876;Vida Riesgo;H;22/07/1980;19/01/2017;19/01/2032;63.000,00;73,87;Barcelona
V503848;Vida Hipoteca;M;06/11/1970;17/06/2021;17/06/2036;93.000,00;362,05;A Coruña
V503030;Vida Riesgo;M;07/11/1987;23/10/2022;23/10/2042;89.000,00;91,58;Soria
V500813;Vida Hipoteca;H;12/10/1993;12/02/2023;12/02/2043;94.000,00;59,97;Lugo
V503108;Vida Hipoteca;M;03/07/1982;25/04/2023;25/04/2053;228.000,00;385,83;Ciudad Real
V506828;Vida Hipoteca;M;02/11/1979;19/10/2019;19/10/2049;162.000,00;255,01;Valencia
V502848;Vida Hipoteca;H;14/03/1980;25/02/2024;25/02/2049;161.000,00;355,73;Huelva
V506564;Vida Hipoteca;M;30/11/1988;15/08/2018;15/08/2043;94.000,00;61,88;Zaragoza
V504505;Vida Riesgo;H;21/03/1977;26/10/2018;26/10/2038;73.000,00;132,07;Barcelona
V503591;Vida Riesgo;H;03/12/1993;21/01/2022;21/01/2032;29.000,00;16,71;Las Palmas
V503816;Vida Hipoteca;H;01/01/1900;20/08/2019;20/08/2039;525.000,00;2.440,00;Barcelona
V503041;Vida Hipoteca;H;01/07/1974;13/10/2017;13/10/2037;118.000,00;246,43;Palencia
V502285;Vida Riesgo;M;03/06/1976;19/11/2019;19/11/2029;46.000,00;97,49;Madrid
V501366;Vida Riesgo;H;13/03/1978;26/12/2022;26/12/2042;90.000,00;213,54;Madrid
V504392;Vida Hipoteca;M;14/05/1989;07/08/2016;07/08/2036;105.000,00;56,03;Madrid
V500200;Vida Riesgo;H;25/05/1980;18/04/2021;18/04/2036;50.000,00;85,23;La Rioja
V504471;Vida Hipoteca;H;06/01/1981;09/04/2018;09/04/2038;128.000,00;160,07;Madrid
V500585;Vida Hipoteca;M;19/06/1960;27/11/2017;27/11/2037;87.000,00;605,03;Las Palmas
V506243;Vida Riesgo;H;21/03/1976;09/10/2024;09/10/2044;131.000,00;428,10;Gipuzkoa
V507553;Vida Hipoteca;M;02/03/1977;27/03/2018;27/03/2048;135.000,00;233,47;Bizkaia
V506830;Vida Hipoteca;M;10/12/1955;27/09/2022;27/09/2037;59.000,00;909,01;Asturias
V505836;Vida Hipoteca;M;25/04/1985;31/03/2019;31/03/2049;90.000,00;84,85;Ceuta
V500647;Vida Hipoteca;M;07/08/1979;22/05/2017;22/05/2042;65.000,00;85,08;Barcelona
V503638;Vida Riesgo;H;06/02/1979;23/10/2023;23/10/2038;72.000,00;169,71;Barcelona
V504205;Vida Riesgo;M;15/05/1974;02/01/2017;02/01/2037;59.000,00;116,60;Barcelona
V502227;Vida Riesgo;M ;11/01/1983;08/11/2022;08/11/2037;70.000,00;108,92;Murcia
V506766;Vida Hipoteca;H;02/08/1979;03/04/2021;03/04/2041;184.000,00;334,98;Jaén
V505674;Vida Hipoteca;M ;15/05/1983;08/12/2015;08/12/2030;149.000,00;125,11;Madrid
V507368;Vida Hipoteca;H;20/07/1980;18/01/2021;18/01/2036;176.000,00;290,00;Cuenca
V500630;Vida Riesgo;M;25/08/1985;08/10/2015;08/10/2030;63.000,00;42,96;Alicante
V503963;Vida Hipoteca;H;14/10/1976;15/06/2018;15/06/2043;160.000,00;291,22;Madrid
V504253;Vida Riesgo;M;27/03/1980;18/09/2021;18/09/2031;56.000,00;100,30;Granada
V506302;Vida Riesgo;H;07/09/1977;30/04/2023;30/04/2043;66.000,00;168,42;Barcelona
V507891;Vida Riesgo;H;17/11/1977;06/07/2023;06/07/2043;30.000,00;76,47;Málaga
V507823;Vida Hipoteca;M;22/12/1980;24/06/2022;24/06/2037;152.000,00;272,79;Cantabria
V506278;Vida Hipoteca;M;03/06/1971;08/12/2016;08/12/2041;162.000,00;408,99;Madrid
V502533;Vida Hipoteca;H;10/06/1983;11/01/2018;11/01/2043;231.000,00;230,39;Murcia
V502935;Vida Hipoteca;H;17/12/1967;17/09/2018;17/09/2048;275.000,00;1.083,32;Murcia
V502100;Vida Hipoteca;H;29/07/1960;10/05/2016;10/05/2036;137.000,00;827,55;Palencia
V503432;Vida Hipoteca;H;30/11/1980;03/07/2021;03/07/2036;239.000,00;396,89;Huelva
V500214;Vida Hipoteca;M;04/07/1974;05/05/2018;05/05/2043;382.000,00;835,84;Valencia
V507699;Vida Hipoteca;Hombre;11/06/1988;20/05/2024;20/05/2049;119.000,00;133,09;Castellón
V502377;Vida Hipoteca;M;30/11/1983;03/10/2016;03/10/2036;73.000,00;62,75;Valencia
V507112;Vida Riesgo;H;20/05/1979;18/10/2023;18/10/2033;40.000,00;91,93;Almería
V502784;Vida Hipoteca;M;25/12/1969;12/06/2015;12/06/2030;167.000,00;419,66;Murcia
V502802;Vida Hipoteca;H;10/01/1974;12/10/2018;12/10/2043;191.000,00;451,85;Madrid
V505761;Vida Hipoteca;H;16/10/1966;10/10/2016;10/10/2036;153.000,00;564,68;Barcelona
V507397;Vida Riesgo;H;23/01/1984;27/06/2024;27/06/2034;126.000,00;206,36;Almería
V504821;Vida Riesgo;H;25/03/1970;15/03/2010;15/03/2020;119.000,00;541,03;Lleida
V503876;Vida Hipoteca;M;21/08/1988;08/07/2020;08/07/2050;182.000,00;144,15;Huelva
V503651;Vida Hipoteca;H;02/11/1961;02/10/2017;02/10/2042;188.000,00;1.148,70;Madrid
V506084;Vida Riesgo;M;05/02/1995;25/06/2021;25/06/2031;69.000,00;34,26;Barcelona
V502070;Vida Riesgo;H;11/10/1976;20/09/2020;20/09/2040;30.000,00;66,24;Valencia
V505610;Vida Hipoteca;M;23/02/1978;27/04/2021;27/04/2051;95.000,00;196,50;Málaga
V502832;Vida Riesgo;H;09/10/1966;07/09/2016;07/09/2026;74.000,00;271,47;Granada
V503914;Vida Riesgo;H;29/03/1988;05/03/2018;05/03/2033;37.000,00;24,84;Madrid
V502521;Vida Hipoteca;H;01/12/1980;23/04/2019;23/04/2044;94.000,00;129,47;Málaga
V505402;Vida Riesgo;M;18/11/1985;08/08/2022;08/08/2037;222.000,00;265,32;Barcelona
V504704;Vida Hipoteca;M;16/12/1983;13/10/2023;13/10/2038;127.000,00;197,65;Barcelona
V505115;Vida Riesgo;H;15/11/1967;30/08/2016;30/08/2031;30.000,00;100,04;Valencia
V506063;Vida Riesgo;H;29/08/1985;31/08/2020;31/08/2040;107.000,00;110,56;Barcelona
V501947;Vida Riesgo;H;27/10/1977;30/03/2023;30/03/2038;40.000,00;100,16;Madrid
V504593;Vida Riesgo;M;14/02/1971;23/01/2024;23/01/2034;46.000,00;218,23;Sevilla
V503766;Vida Riesgo;H;08/04/1981;30/09/2022;30/09/2037;76.000,00;136,12;Sevilla
V507955;Vida Hipoteca;M;29/09/1972;06/11/2016;06/11/2041;124.000,00;277,61;Barcelona
V502337;Vida Riesgo;H;19/01/1967;11/06/2016;11/06/2036;64.000,00;224,62;Alicante
V501668;Vida Riesgo;H;;06/10/2024;06/10/2034;96.000,00;153,88;Madrid
V503964;Vida Riesgo;M;27/06/1981;25/02/2020;25/02/2030;62.000,00;87,42;Araba/Álava
V507516;Vida Riesgo;M;18/08/1996;22/06/2021;22/06/2036;56.000,00;24,39;Salamanca
V506611;Vida Hipoteca;H;27/05/1993;18/11/2018;18/11/2033;211.000,00;97,00;Sevilla
V504700;Vida Riesgo;M;25/10/1973;17/07/2022;17/07/2042;128.000,00;424,47;Barcelona
V500066;Vida Hipoteca;M;10/12/1979;23/05/2022;23/05/2047;373.000,00;725,63;Ceuta
V500451;Vida Riesgo;m;14/12/1979;26/08/2023;26/08/2043;56.000,00;121,12;Zaragoza
V507945;Vida Riesgo;H;18/07/1989;06/09/2023;06/09/2038;38.000,00;36,46;Sevilla
V503088;Vida Hipoteca;M;24/08/1985;15/05/2023;15/05/2038;55.000,00;71,58;Málaga
V502258;Vida Hipoteca;M;08/04/1976;31/05/2016;31/05/2036;163.000,00;260,65;Ciudad Real
V500125;Vida Hipoteca;M;11/11/1977;07/12/2023;07/12/2053;103.000,00;272,53;Illes Balears
V504239;Vida Hipoteca;H;20/09/1969;20/02/2017;20/02/2042;253.000,00;750,72;Lleida
V503502;Vida Hipoteca;H;24/05/1972;06/03/2021;06/03/2041;86.000,00;286,59;Madrid
V503764;Vida Hipoteca;H;21/10/1999;27/10/2024;27/10/2054;184.000,00;81,34;Badajoz
V507799;Vida Riesgo;M;26/07/1990;17/09/2015;17/09/2025;31.000,00;13,85;Alicante
V501797;Vida Riesgo;M;31/10/1978;01/02/2023;01/02/2043;43.000,00;97,51;Navarra
V502764;Vida Hipoteca;H;09/05/1971;12/02/2016;12/02/2036;231.000,00;547,00;Sevilla
V503179;Vida Hipoteca;H;20/05/1975;23/08/2022;23/08/2047;135.000,00;395,28;Barcelona
V506601;Vida Riesgo;Mujer;29/01/1969;18/02/2017;18/02/2032;158.000,00;494,83;Soria
V507454;Vida Riesgo;H;21/10/1993;01/10/2021;01/10/2036;81.000,00;45,92;Cádiz
V503550;Vida Hipoteca;H;27/09/1973;16/06/2019;16/06/2049;181.000,00;464,74;Araba/Álava
V506676;Vida Riesgo;H;24/05/1976;06/05/2024;06/05/2034;56.000,00;173,87;Albacete
V503747;Vida Riesgo;H;11/01/1989;26/08/2024;26/08/2044;42.000,00;45,73;A Coruña
V501627;Vida Hipoteca;H;18/02/1973;12/04/2015;12/04/2040;109.000,00;206,58;Toledo
V501194;Vida Riesgo;M;06/06/1978;14/12/2022;14/12/2037;29.000,00;67,28;Valencia
V505600;Vida Riesgo;M;25/10/1986;17/12/2023;17/12/2038;90.000,00;111,52;Toledo
V505240;Vida Hipoteca;H;24/07/1980;07/03/2021;07/03/2046;101.000,00;168,13;Bizkaia
V504778;Vida Riesgo;M;28/03/1993;10/11/2017;10/11/2037;55.000,00;23,51;Huesca
V504185;Vida Riesgo;H;06/03/1987;20/02/2017;20/02/2037;54.000,00;36,34;Guadalajara
V506365;Vida Riesgo;M;02/02/1980;24/02/2021;24/02/2031;128.000,00;221,27;Pontevedra
V503298;Vida Riesgo;M;01/08/1961;18/12/2015;18/12/2035;88.000,00;471,82;Murcia
V500972;Vida Hipoteca;M;06/05/1981;13/11/2023;13/11/2038;152.000,00;297,43;Bizkaia
V501692;Vida Hipoteca;M;10/04/1980;16/10/2022;16/10/2052;140.000,00;273,85;Girona
V506616;Vida Hipoteca;H;04/11/1987;09/12/2020;09/12/2040;193.000,00;169,56;Toledo
V501182;Vida Riesgo;H;01/08/1987;17/06/2024;17/06/2044;85.000,00;102,97;Burgos
V504028;Vida Hipoteca;H;12/01/1987;13/04/2024;13/04/2039;128.000,00;160,05;Bizkaia
V504719;Vida Hipoteca;M;29/12/1988;20/06/2022;20/06/2042;207.000,00;187,71;Zaragoza
V503338;Vida Hipoteca;M;04/08/1988;03/06/2016;03/06/2041;149.000,00;83,64;Barcelona
V502339;Vida Riesgo;H;14/05/1978;15/03/2022;15/03/2032;91.000,00;199,11;Cuenca
V502618;Vida Hipoteca;M;13/03/1985;14/09/2023;14/09/2043;286.000,00;397,79;Madrid
V505369;Vida Hipoteca;M;18/05/1979;01/06/2019;01/06/2039;209.000,00;331,17;Granada
V501978;Vida Riesgo;M;25/10/1974;20/03/2020;20/03/2030;71.000,00;177,47;Santa Cruz de Tenerife
V502311;Vida Hipoteca;M;18/06/1976;26/03/2022;26/03/2042;94.000,00;242,45;Murcia
V504516;Vida Hipoteca;M;10/06/1964;22/02/2016;22/02/2046;233.000,00;995,10;Madrid
V502878;Vida Riesgo;M;11/04/1980;20/12/2016;20/12/2026;117.000,00;139,51;Santa Cruz de Tenerife
V503880;Vida Hipoteca;M;27/07/1983;18/06/2024;18/06/2049;292.000,00;497,61;Granada
V500140;Vida Riesgo;M;24/08/1996;10/11/2020;10/11/2040;69.000,00;28,48;Madrid
V503986;Vida Hipoteca;M;08/08/1977;29/07/2020;29/07/2035;139.000,00;282,67;Teruel
V505586;Vida Hipoteca;M;04/01/1976;09/06/2017;09/06/2032;67.000,00;119,49;A Coruña
V502510;Vida Riesgo;M;23/05/1969;15/12/2015;15/12/2035;57.000,00;157,26;Barcelona
V501501;Vida Hipoteca;H;13/10/1979;19/04/2015;19/04/2045;126.000,00;135,92;Madrid
V503745;Vida Hipoteca;M;22/10/1981;07/12/2016;07/12/2046;355.000,00;370,51;Málaga
V505007;Vida Riesgo;H;12/08/1967;23/12/2016;23/12/2031;48.000,00;168,07;Castellón
V500105;Vida Hipoteca;H;15/07/1981;29/10/2021;29/10/2051;106.000,00;171,58;Madrid
V502774;Vida Riesgo;M;08/10/1980;19/11/2021;19/11/2031;31.000,00;53,82;Illes Balears
V502937;Vida Hipoteca;M;03/08/1992;03/03/2023;03/03/2038;144.000,00;102,12;Zaragoza
V507517;Vida Riesgo;M;22/11/1982;26/04/2022;26/04/2037;50.000,00;75,20;Ciudad Real
V505038;Vida Riesgo;M;07/02/1971;19/03/2016;19/03/2036;70.000,00;170,74;Málaga
V503222;Vida Riesgo;M;31/05/1976;15/09/2022;15/09/2042;158.000,00;425,99;Madrid
V501520;Vida Riesgo;M;16/02/2003;29/04/2021;29/04/2031;44.000,00;10,89;Valencia
V502830;Vida Hipoteca;H;19/01/1991;27/11/2023;27/11/2038;142.000,00;122,18;Barcelona
V507535;Vida Hipoteca;M;23/06/1991;08/10/2015;08/10/2040;218.000,00;90,59;Araba/Álava
V505731;Vida Riesgo;H;24/07/1970;14/07/2010;14/07/2020;77.000,00;162,64;Cádiz
V507759;Vida Hipoteca;H;11/02/1962;25/07/2015;25/07/2035;68.000,00;336,90;Málaga
V503374;Vida Riesgo;M;30/05/1966;23/04/2018;23/04/2038;54.000,00;234,48;Granada
V506757;Vida Hipoteca;M;31/05/1976;10/05/2015;10/05/2045;105.000,00;151,55;Alicante
V507345;Vida Riesgo;H;10/03/1963;17/01/2019;17/01/2029;100.000,00;608,04;Cáceres
V501148;Vida Riesgo;M;30/11/1981;10/04/2023;10/04/2033;105.000,00;186,12;Sevilla
V502319;Vida Riesgo;H;05/09/1969;13/06/2020;13/06/2030;111.000,00;437,98;Soria
V505468;Vida Riesgo;H;04/07/1973;04/06/2019;04/06/2039;48.000,00;125,36;Cantabria
V505488;Vida Hipoteca;M;29/11/1974;18/11/2020;18/11/2050;150.000,00;393,54;Madrid
V504446;Vida Hipoteca;M;27/11/1978;23/02/2016;23/02/2036;224.000,00;279,81;Lugo
V504006;Vida Hipoteca;M;09/06/2000;01/12/2020;01/12/2040;259.000,00;77,83;Málaga
V505141;Vida Hipoteca;M;19/02/1972;26/09/2024;26/09/2044;253.000,00;1.166,37;Tarragona
V504614;Vida Hipoteca;H;04/04/1975;11/05/2019;11/05/2049;110.000,00;246,20;Barcelona
V504372;Vida Hipoteca;M;19/07/1970;15/09/2022;15/09/2042;149.000,00;661,53;Madrid
V507308;Vida Riesgo;M;23/09/1988;28/06/2024;28/06/2044;90.000,00;99,16;Alicante
V504145;Vida Riesgo;M;02/12/1995;16/06/2023;16/06/2038;93.000,00;50,93;Cantabria
V507240;Vida Riesgo;H;05/07/1982;06/06/2016;06/06/2031;105.000,00;98,94;Valencia
V503654;Vida Riesgo;H;14/04/1976;20/04/2016;20/04/2036;35.000,00;55,36;Málaga
V505181;Vida Hipoteca;H;24/04/1968;01/02/2016;01/02/2046;98.000,00;299,65;Alicante
V504149;Vida Riesgo;M;14/08/1983;30/04/2017;30/04/2027;48.000,00;44,42;Alicante
V505196;Vida Hipoteca;H;05/01/1993;30/05/2019;30/05/2044;115.000,00;57,15;Madrid
V501586;Vida Hipoteca;M;07/09/1980;07/10/2019;07/10/2044;296.000,00;432,33;Alicante
V502883;Vida Riesgo;H;23/12/1967;26/09/2023;26/09/2043;109.000,00;657,20;Jaén
V502064;Vida Riesgo;Mujer;11/08/1968;21/08/2018;21/08/2028;70.000,00;259,26;Murcia
V505596;Vida Riesgo;H;01/08/1976;25/11/2016;25/11/2036;57.000,00;92,48;Toledo
V504914;Vida Hipoteca;M;19/02/1994;01/06/2021;01/06/2051;261.000,00;139,81;Cuenca
V505264;Vida Hipoteca;H;23/06/1980;10/12/2023;10/12/2038;64.000,00;135,68;Santa Cruz de Tenerife
V501567;Vida Hipoteca;M;16/07/1983;19/09/2024;19/09/2049;165.000,00;288,11;Albacete
V500639;Vida Riesgo;H;10/07/1977;27/08/2020;27/08/2040;76.000,00;156,65;Lleida
V501604;Vida Hipoteca;H;13/01/1973;25/10/2021;25/10/2051;109.000,00;363,12;Madrid
V505146;Vida Hipoteca;M;26/01/1974;16/01/2017;16/01/2047;317.000,00;644,65;Alicante
V504347;Vida Hipoteca;M;04/12/1974;10/04/2023;10/04/2048;292.000,00;937,62;Cádiz
V507816;Vida Riesgo;M;09/01/1967;19/02/2019;19/02/2039;36.000,00;159,21;Madrid
V505885;Vida Riesgo;H;25/08/1986;28/04/2016;28/04/2036;76.000,00;49,91;Madrid
V505052;Vida Riesgo;H;03/04/1973;01/08/2024;01/08/2044;122.000,00;504,74;Illes Balears
V500025;Vida Hipoteca;H;06/01/1983;08/09/2015;08/09/2045;74.000,00;62,69;Guadalajara
V501429;Vida Riesgo;H;30/08/1970;05/02/2022;05/02/2037;118.000,00;492,63;Madrid
V502125;Vida Riesgo;M;02/03/1971;22/06/2015;22/06/2030;71.000,00;161,71;Alicante
V506392;Vida Riesgo;H;14/05/1959;14/02/2016;14/02/2031;73.000,00;479,08;Almería
V501409;Vida Riesgo;H;23/08/1976;28/08/2020;28/08/2030;86.000,00;191,08;Burgos
V506332;Vida Riesgo;H;10/05/1992;16/09/2017;16/09/2037;63.000,00;28,65;Madrid
V503183;Vida Riesgo;M;04/04/1970;25/03/2010;25/03/2020;50.000,00;279,34;Lugo
V506557;Vida Hipoteca;H;16/08/1982;22/02/2018;22/02/2048;144.000,00;155,42;Barcelona
V503566;Vida Riesgo;M;16/02/1970;28/01/2018;28/01/2038;48.000,00;148,98;Sevilla
V503017;Vida Hipoteca;M;23/06/1978;15/06/2019;15/06/2034;276.000,00;473,64;Navarra
V500272;Vida Hipoteca;H;23/12/1975;03/01/2019;03/01/2044;183.000,00;373,98;Granada
V503659;Vida Riesgo;M;22/07/1968;14/10/2017;14/10/2027;65.000,00;224,99;Barcelona
V503063;Vida Riesgo;M;06/12/1965;25/09/2017;25/09/2032;73.000,00;314,42;Sevilla
V506384;Vida Hipoteca;H;09/07/1967;04/01/2018;04/01/2033;81.000,00;312,10;Madrid
V500905;Vida Riesgo;H;27/04/1976;31/01/2020;31/01/2040;60.000,00;130,49;Bizkaia
V504406;Vida Riesgo;M;03/08/1980;03/09/2023;03/09/2043;195.000,00;400,30;Barcelona
V505080;Vida Riesgo;M;28/11/1980;14/04/2022;14/04/2037;64.000,00;113,61;Murcia
V503125;Vida Riesgo;H;25/04/1990;09/05/2024;09/05/2034;57.000,00;54,25;Almería
V504337;Vida Hipoteca;H;15/10/1983;01/10/2020;01/10/2040;129.000,00;157,42;Girona
V506538;Vida Hipoteca;M;22/11/1980;19/07/2020;19/07/2050;137.000,00;210,14;Valencia
V502943;Vida Riesgo;M;01/03/1965;11/11/2016;11/11/2031;65.000,00;277,54;Almería
V505047;Vida Hipoteca;H;20/12/1973;01/04/2019;01/04/2044;116.000,00;286,95;La Rioja
V500507;Vida Hipoteca;H;30/06/1980;08/11/2017;08/11/2032;88.000,00;111,04;Valencia
V501086;Vida Hipoteca;M;29/05/1976;24/05/2018;24/05/2043;152.000,00;284,22;Bizkaia
V500898;Vida Hipoteca;M;22/09/1979;11/11/2016;11/11/2031;263.000,00;325,70;Albacete
V505970;Vida Hipoteca;H;02/01/1965;12/07/2016;12/07/2046;149.000,00;626,77;Cádiz
V503444;Vida Riesgo;M;24/08/1977;02/12/2017;02/12/2032;54.000,00;87,29;Madrid
V504840;Vida Riesgo;M;13/03/1987;02/04/2020;02/04/2030;81.000,00;70,90;Asturias
V501179;Vida Riesgo;M;26/03/1967;13/08/2017;13/08/2032;47.000,00;179,46;Alicante
V502326;Vida Hipoteca;H;19/05/1970;23/11/2019;23/11/2039;97.000,00;343,98;Ourense
V504353;Vida Hipoteca;M;20/11/1980;19/09/2017;19/09/2032;133.000,00;160,44;Madrid
V502633;Vida Riesgo;M;26/06/1958;06/02/2017;06/02/2037;85.000,00;653,39;Cáceres
V500764;Vida Riesgo;M;07/01/1971;14/04/2020;14/04/2035;95.000,00;329,86;Bizkaia
V501515;Vida Hipoteca;H;12/04/1973;04/08/2017;04/08/2032;123.000,00;280,29;Barcelona
V504369;Vida Riesgo;H;30/04/1982;23/06/2016;23/06/2036;23.000,00;22,09;Barcelona
V506522;Vida Hipoteca;H;20/12/1981;12/09/2022;12/09/2037;243.000,00;408,33;Madrid
V500306;Vida Hipoteca;H;25/01/1969;12/01/2022;12/01/2047;138.000,00;656,11;Cádiz
V503345;Vida Hipoteca;H;16/06/1977;17/03/2024;17/03/2039;242.000,00;678,57;Alicante
V503993;Vida Hipoteca;M;05/05/1965;17/08/2015;17/08/2045;132.000,00;499,64;Valladolid
V502110;Vida Hipoteca;H;25/02/1971;05/03/2022;05/03/2047;142.000,00;572,39;Badajoz
V504356;Vida Riesgo;H;03/03/1972;16/10/2020;16/10/2030;55.000,00;180,76;Bizkaia
V503015;Vida Hipoteca;M;13/12/1974;20/09/2020;20/09/2050;117.000,00;301,80;Zaragoza
V505847;Vida Riesgo;M;13/08/1993;26/06/2023;26/06/2043;52.000,00;34,71;Cantabria
V503754;Vida Hipoteca;H;25/02/1969;03/01/2024;03/01/2039;71.000,00;396,29;Santa Cruz de Tenerife
V503998;Vida Riesgo;H;09/02/1986;07/07/2024;07/07/2044;35.000,00;48,28;Murcia
V507354;Vida Riesgo;H;04/07/1986;25/09/2023;25/09/2033;127.000,00;158,47;Asturias
V500502;Vida Hipoteca;H;20/03/1988;05/11/2021;05/11/2036;189.000,00;173,69;Sevilla
V507207;Vida Riesgo;M;20/08/2001;01/11/2019;01/11/2039;91.000,00;22,53;A Coruña
V503553;Vida Riesgo;M;13/10/1973;27/03/2015;27/03/2030;47.000,00;83,98;Ciudad Real
V501651;Vida Hipoteca;H;17/01/1981;10/08/2019;10/08/2049;95.000,00;132,76;Málaga
V502047;Vida Riesgo;M;09/06/1966;11/02/2017;11/02/2032;126.000,00;493,26;Madrid
V505231;Vida Hipoteca;H;01/04/1976;21/07/2021;21/07/2036;377.000,00;934,48;Ciudad Real
V506963;Vida Riesgo;M;16/07/1997;31/05/2024;31/05/2044;92.000,00;47,62;Gipuzkoa
V506199;Vida Riesgo;H;22/01/1985;29/09/2023;29/09/2043;96.000,00;135,55;Cádiz
V503376;Vida Riesgo;M;06/05/1969;02/04/2023;02/04/2033;28.000,00;144,21;Bizkaia
V500252;Vida Riesgo;M;28/03/1970;18/03/2010;18/03/2020;24.000,00;36,54;Madrid
V503526;Vida Riesgo;M;10/08/1955;01/04/2019;01/04/2039;47.000,00;553,71;Madrid
V506858;Vida Hipoteca;m;04/03/1961;09/01/2015;09/01/2045;157.000,00;804,83;Málaga
V503073;Vida Hipoteca;M;04/02/1975;29/11/2016;29/11/2041;210.000,00;387,14;Lleida
V504310;Vida Riesgo;Mujer;17/03/1993;04/11/2023;04/11/2033;155.000,00;110,42;Málaga
V504971;Vida Riesgo;H;04/12/1991;10/09/2022;10/09/2032;43.000,00;30,99;Sevilla
V507620;Vida Riesgo;M;28/02/1989;29/09/2023;29/09/2033;55.000,00;54,81;Madrid
V502769;Vida Hipoteca;H;28/06/1988;22/05/2016;22/05/2046;208.000,00;117,45;Castellón
V500239;Vida Hipoteca;M;27/02/1982;29/02/2016;28/02/2041;169.000,00;160,33;Cuenca
V506469;Vida Riesgo;M;18/01/1962;23/11/2021;23/11/2036;61.000,00;520,59;Santa Cruz de Tenerife
V501221;Vida Hipoteca;H;21/04/1963;29/01/2015;29/01/2040;136.000,00;584,48;La Rioja
V501233;Vida Hipoteca;M;18/10/1993;27/04/2016;27/04/2036;176.000,00;62,94;Madrid
V502116;Vida Riesgo;M;03/04/1975;26/12/2015;26/12/2030;83.000,00;139,48;Valencia
V505767;Vida Riesgo;M;14/09/1969;27/04/2015;27/04/2035;21.000,00;53,46;Tarragona
V500895;Vida Riesgo;M;27/04/1980;25/03/2019;25/03/2029;73.000,00;105,07;Melilla
V507610;Vida Hipoteca;Hombre;15/05/1984;26/07/2024;26/07/2039;83.000,00;133,31;Alicante
V506014;Vida Riesgo;H;23/05/1982;06/01/2019;06/01/2029;57.000,00;67,57;Barcelona
V501953;Vida Hipoteca;H;28/12/1986;09/11/2022;09/11/2052;168.000,00;186,73;Valencia
V506041;Vida Riesgo;H;28/12/1986;26/12/2023;26/12/2043;104.000,00;127,23;Cuenca
V501211;Vida Hipoteca;H;26/06/1988;20/07/2020;20/07/2045;259.000,00;208,38;Ourense
V502042;Vida Riesgo;H;16/09/1975;08/04/2020;08/04/2040;46.000,00;107,05;Cádiz
V506540;Vida Riesgo;M;06/06/1970;27/10/2015;27/10/2035;50.000,00;124,89;Barcelona
V507363;Vida Hipoteca;H;02/04/1984;23/08/2023;23/08/2048;165.000,00;247,45;Valladolid
V502112;Vida Riesgo;M;22/01/1988;24/11/2021;24/11/2031;106.000,00;99,18;Barcelona
V500854;Vida Hipoteca;M;05/03/1976;13/06/2024;13/06/2039;192.000,00;612,64;Madrid
V505235;Vida Hipoteca;H;27/03/1962;04/04/2015;04/04/2030;122.000,00;582,81;Santa Cruz de Tenerife
V500415;Vida Hipoteca;H;07/03/1970;08/04/2019;08/04/2034;147.000,00;502,63;Sevilla
V506507;Vida Riesgo;H;16/05/1992;08/06/2016;08/06/2026;48.000,00;19,56;Barcelona
V501337;Vida Riesgo;H;02/05/1989;03/07/2021;03/07/2041;54.000,00;43,84;Pontevedra
V504224;Vida Hipoteca;M;09/10/1972;07/02/2023;07/02/2053;185.000,00;703,09;Madrid
V504856;Vida Riesgo;M;08/11/1970;04/11/2022;04/11/2037;67.000,00;293,19;Valencia
V502488;Vida Hipoteca;H;24/08/1980;01/09/2023;01/09/2053;60.000,00;122,49;Madrid
V504428;Vida Riesgo;m;06/09/1959;27/09/2023;27/09/2043;67.000,00;817,79;Valencia
V503207;Vida Riesgo;H;09/01/1976;22/08/2021;22/08/2031;29.000,00;73,84;Soria
V501043;Vida Hipoteca;H;14/06/1991;16/05/2020;16/05/2045;204.000,00;125,66;Madrid
V505344;Vida Hipoteca;M;16/04/1963;12/02/2019;12/02/2044;264.000,00;1.601,15;Málaga
V507727;Vida Riesgo;M;17/10/1971;22/09/2018;22/09/2038;242.000,00;688,99;Ciudad Real
V506707;Vida Hipoteca;H;17/08/1974;01/04/2021;01/04/2051;152.000,00;421,49;Valencia
V502750;Vida Hipoteca;H;27/06/1984;30/07/2024;30/07/2039;162.000,00;257,84;Almería
V506386;Vida Riesgo;H;06/12/1979;10/11/2023;10/11/2033;74.000,00;163,23;Sevilla
V505195;Vida Hipoteca;H;12/01/1979;22/07/2019;22/07/2034;133.000,00;219,61;Granada
V503803;Vida Riesgo;H;15/02/1967;23/03/2018;23/03/2028;53.000,00;215,02;Asturias
V503806;Vida Riesgo;M;16/05/1971;26/02/2017;26/02/2037;39.000,00;100,72;Illes Balears
V500829;Vida Riesgo;H;12/04/1967;23/08/2018;23/08/2038;18.000,00;74,70;Bizkaia
V501122;Vida Riesgo;M;04/05/1977;26/02/2017;26/02/2037;224.000,00;348,34;Gipuzkoa
V507820;Vida Riesgo;Mujer;25/03/1988;16/02/2023;16/02/2043;58.000,00;59,37;Las Palmas
V504455;Vida Riesgo;H;05/03/1984;17/03/2022;17/03/2042;13.000,00;17,37;Santa Cruz de Tenerife
V501855;Vida Hipoteca;M;02/09/1962;25/01/2023;25/01/2053;391.000,00;3.496,70;La Rioja
V505343;Vida Riesgo;M;14/11/1984;29/08/2018;29/08/2028;75.000,00;69,87;Melilla
V502417;Vida Hipoteca;H;20/02/1975;01/10/2017;01/10/2042;243.000,00;479,21;Valencia
V500268;Vida Hipoteca;H;25/10/1968;18/03/2016;18/03/2036;69.000,00;204,31;Barcelona
V507870;Vida Hipoteca;M;23/03/1972;24/06/2020;24/06/2045;330.000,00;1.051,31;Navarra
V501540;Vida Riesgo;H;04/02/1979;07/02/2016;07/02/2036;53.000,00;64,91;Murcia
V504890;Vida Hipoteca;Mujer;03/12/1983;27/09/2024;27/09/2044;223.000,00;377,61;Las Palmas
V503078;Vida Hipoteca;H;09/09/1985;20/08/2024;20/08/2044;152.000,00;219,53;A Coruña
V503439;Vida Riesgo;H;23/09/1985;11/07/2020;11/07/2040;98.000,00;99,46;Córdoba
V501664;Vida Riesgo;M;25/10/1977;03/05/2021;03/05/2041;216.000,00;460,13;Zaragoza
V503320;Vida Hipoteca;H;29/09/1987;11/04/2024;11/04/2044;141.000,00;165,85;Barcelona
V502865;Vida Hipoteca;M;19/06/1978;17/05/2021;17/05/2046;427.000,00;863,76;A Coruña
V506080;Vida Riesgo;M;04/08/1979;16/05/2017;16/05/2027;45.000,00;58,86;Barcelona
V505647;Vida Riesgo;H;26/10/1978;30/01/2018;30/01/2033;81.000,00;120,17;Madrid
V506524;Vida Hipoteca;H;28/12/1966;21/05/2019;21/05/2034;183.000,00;828,91;Sevilla
V507527;Vida Hipoteca;M;27/01/1992;31/01/2021;31/01/2046;319.000,00;198,01;Barcelona
V500536;Vida Riesgo;H;05/03/1967;03/11/2024;03/11/2044;50.000,00;354,57;Málaga
V507151;Vida Riesgo;H;21/02/1975;17/09/2015;17/09/2035;68.000,00;112,74;Granada
V504531;Vida Hipoteca;H;23/07/1973;26/02/2022;26/02/2052;169.000,00;554,27;Bizkaia
V500605;Vida Hipoteca;M;05/06/1974;09/11/2020;09/11/2035;134.000,00;365,64;Navarra
V504414;Vida Riesgo;H;10/11/1973;11/11/2022;11/11/2042;49.000,00;166,36;Málaga
V507154;Vida Hipoteca;H;05/12/1978;25/06/2021;25/06/2051;103.000,00;202,12;Madrid
V501927;Vida Hipoteca;H;28/10/1976;13/08/2023;13/08/2048;111.000,00;312,20;Ciudad Real
V507116;Vida Riesgo;M;16/02/1969;20/09/2017;20/09/2037;59.000,00;193,42;Valencia
V506200;Vida Riesgo;Mujer;07/12/1984;29/08/2019;29/08/2039;30.000,00;30,26;Alicante
V501407;Vida Hipoteca;M;18/05/1971;06/04/2015;06/04/2040;119.000,00;261,51;Valencia
V502405;Vida Riesgo;H;05/02/1973;12/12/2024;12/12/2044;60.000,00;259,46;Madrid
V503602;Vida Hipoteca;M;06/02/1971;27/01/2011;27/01/2021;183.000,00;844,45;Ourense
V501898;Vida Riesgo;H;15/12/1988;18/09/2020;18/09/2035;59.000,00;46,25;Cádiz
V504606;Vida Hipoteca;H;10/02/1984;27/09/2016;27/09/2031;112.000,00;94,55;Badajoz
V505666;Vida Hipoteca;H;28/06/1986;26/12/2022;26/12/2037;171.000,00;200,51;Málaga
V506182;Vida Riesgo;H;14/07/1982;22/02/2020;22/02/2035;54.000,00;69,60;León
V503242;Vida Hipoteca;M;09/10/1989;16/04/2016;16/04/2036;138.000,00;69,31;Madrid
V500380;Vida Hipoteca;M;03/06/1980;25/02/2016;25/02/2031;136.000,00;149,42;Las Palmas
V501249;Vida Hipoteca;H;20/08/1969;10/05/2021;10/05/2046;101.000,00;432,02;Granada
V501210;Vida Riesgo;H;27/10/1999;12/01/2023;12/01/2043;30.000,00;11,37;Santa Cruz de Tenerife
V502058;Vida Hipoteca;M;03/10/1996;28/12/2024;28/12/2039;98.000,00;56,95;Valencia
V506741;Vida Riesgo;H;03/06/1978;17/08/2021;17/08/2031;129.000,00;267,56;Alicante
V501710;Vida Hipoteca;H;15/09/1975;12/01/2016;12/01/2046;139.000,00;225,70;Córdoba
V506326;Vida Riesgo;H;10/02/2002;03/08/2023;03/08/2043;32.000,00;10,47;Badajoz
V503102;Vida Hipoteca;Mujer;16/06/1977;15/04/2015;15/04/2030;84.000,00;110,31;Ávila
V504723;Vida Hipoteca;H;06/09/1971;14/04/2023;14/04/2048;87.000,00;368,42;Illes Balears
V507233;Vida Riesgo;M;30/06/1977;18/03/2015;18/03/2035;29.000,00;37,72;Málaga
V507357;Vida Riesgo;M;29/08/1980;07/10/2023;07/10/2033;152.000,00;312,60;Málaga
V501140;Vida Riesgo;M;07/01/1979;27/12/2021;27/12/2041;51.000,00;103,69;Barcelona
V503600;Vida Hipoteca;M;15/05/1972;23/12/2021;23/12/2046;188.000,00;671,94;Gipuzkoa
V505042;Vida Hipoteca;M;08/03/1978;24/01/2016;24/01/2031;226.000,00;298,13;Salamanca
V506281;Vida Riesgo;M;07/04/1976;20/10/2016;20/10/2036;36.000,00;59,51;Tarragona
V501593;Vida Riesgo;M;11/02/1969;02/06/2017;02/06/2027;122.000,00;390,34;Zamora
V504961;Vida Riesgo;M;12/11/1978;25/07/2022;25/07/2032;51.000,00;110,30;Málaga
V501793;Vida Hipoteca;M;13/04/1979;26/01/2017;26/01/2042;114.000,00;149,24;Murcia
V507051;Vida Riesgo;M;25/02/1987;13/04/2019;13/04/2039;29.000,00;23,46;Lleida
V506160;Vida Hipoteca;M;24/04/1994;26/02/2021;26/02/2046;298.000,00;153,83;La Rioja
V506652;Vida Hipoteca;H;22/01/1977;15/12/2019;15/12/2049;118.000,00;238,38;Madrid
V504796;Vida Hipoteca;H;13/06/1985;17/01/2022;17/01/2047;361.000,00;426,98;Zamora
V500717;Vida Riesgo;Hombre;18/04/1967;03/11/2017;03/11/2037;24.000,00;92,91;Las Palmas
V506915;Vida Riesgo;H;06/04/1984;14/12/2023;14/12/2033;76.000,00;116,89;Salamanca
V507216;Vida Hipoteca;H;20/12/2024;16/11/2023;16/11/2053;198.000,00;460,54;Santa Cruz de Tenerife
V505968;Vida Hipoteca;M;22/09/1990;18/12/2022;18/12/2037;137.000,00;111,86;Las Palmas
V501238;Vida Hipoteca;H;16/04/2001;28/06/2019;28/06/2049;172.000,00;42,58;Granada
V504221;Vida Hipoteca;M;16/03/1972;01/08/2024;01/08/2054;119.000,00;538,29;Gipuzkoa
V503905;Vida Riesgo;M;26/10/1983;13/05/2021;13/05/2031;30.000,00;38,46;Illes Balears
V502917;Vida Hipoteca;M;15/09/1973;08/11/2024;08/11/2044;165.000,00;672,19;Córdoba
V502926;Vida Hipoteca;M;20/07/1979;02/12/2024;02/12/2044;103.000,00;256,84;Madrid
V503118;Vida Hipoteca;M;02/02/1983;09/02/2020;09/02/2050;350.000,00;429,07;Tarragona
V500256;Vida Riesgo;M;03/04/1984;06/07/2024;06/07/2039;39.000,00;62,95;Sevilla
V505949;Vida Riesgo;M;05/02/1981;14/05/2019;14/05/2034;24.000,00;32,72;Cantabria
V504493;Vida Riesgo;H;23/06/1983;10/01/2023;10/01/2033;24.000,00;36,49;Alicante
V501577;Vida Hipoteca;H;26/05/1974;29/01/2015;29/01/2035;132.000,00;220,89;Girona
V506983;Vida Riesgo;H;22/01/1960;06/04/2015;06/04/2025;94.000,00;540,61;Santa Cruz de Tenerife
V500582;Vida Hipoteca;H ;30/12/1970;15/09/2020;15/09/2050;162.000,00;584,07;Sevilla
V500091;Vida Riesgo;Mujer;09/04/1976;10/03/2018;10/03/2033;75.000,00;139,40;Barcelona
V500083;Vida Riesgo;H;03/01/1969;30/06/2015;30/06/2025;87.000,00;238,50;Cuenca
V505903;Vida Riesgo;H;21/08/1972;29/11/2019;29/11/2039;37.000,00;108,44;Alicante
V504112;Vida Riesgo;Mujer;10/03/1966;21/11/2016;21/11/2026;40.000,00;156,91;Alicante
V507850;Vida Hipoteca;H;22/07/1990;09/12/2018;09/12/2043;174.000,00;102,38;Granada
V503255;Vida Riesgo;M;03/06/1975;20/08/2019;20/08/2034;136.000,00;307,29;Zaragoza
V503119;Vida Riesgo;H;28/12/1972;17/04/2016;17/04/2031;85.000,00;177,73;Girona
V502205;Vida Hipoteca;H;06/05/1967;07/05/2018;07/05/2038;226.000,00;909,55;Girona
V507640;Vida Hipoteca;H;17/09/1974;28/03/2023;28/03/2043;236.000,00;769,45;Valencia
V501374;Vida Hipoteca;M;29/10/1975;17/06/2016;17/06/2031;151.000,00;251,73;Sevilla
V505409;Vida Hipoteca;M;20/04/1999;23/09/2024;23/09/2049;383.000,00;175,32;Valladolid
V501770;Vida Riesgo;M;03/07/1999;13/09/2017;13/09/2027;115.000,00;28,47;Castellón
V507027;Vida Riesgo;H;21/01/1980;19/10/2021;19/10/2041;59.000,00;108,09;Castellón
V501565;Vida Riesgo;M;04/08/1987;27/07/2022;27/07/2037;55.000,00;56,69;Badajoz
V505086;Vida Riesgo;Hombre;08/06/1960;18/05/2020;18/05/2030;20.000,00;172,08;Pontevedra
V500971;Vida Riesgo;H;03/04/1973;10/10/2015;10/10/2025;100.000,00;195,63;Madrid
V500658;Vida Hipoteca;M;27/01/1988;24/07/2021;24/07/2046;184.000,00;167,11;Sevilla
V504478;Vida Riesgo;H;10/12/1979;18/05/2024;18/05/2034;41.000,00;94,44;Málaga
V505338;Vida Hipoteca;M;09/06/1971;04/02/2021;04/02/2041;162.000,00;581,58;Segovia
V507238;Vida Riesgo;M;05/11/1965;15/05/2022;15/05/2037;26.000,00;167,27;Girona
V507787;Vida Hipoteca;H;10/12/1971;03/02/2023;03/02/2043;153.000,00;623,54;Madrid
V501731;Vida Riesgo;H;24/10/1971;22/07/2017;22/07/2032;126.000,00;324,29;A Coruña
V502138;Vida Hipoteca;M;27/05/1970;25/09/2016;25/09/2046;174.000,00;470,75;Alicante
V506818;Vida Hipoteca;H;15/07/1976;23/12/2023;23/12/2043;262.000,00;778,71;Cádiz
V503830;Vida Riesgo;H;25/09/1980;23/06/2022;23/06/2042;87.000,00;159,34;Cádiz
V506573;Vida Hipoteca;M;10/04/1995;29/08/2024;29/08/2049;232.000,00;148,67;A Coruña
V500102;Vida Hipoteca;M;27/03/1979;22/02/2020;22/02/2040;164.000,00;279,85;Las Palmas
V507222;Vida Hipoteca;M;25/04/1978;24/03/2024;24/03/2054;202.000,00;527,48;Lleida
V506258;Vida Riesgo;M;04/10/1974;12/05/2018;12/05/2028;56.000,00;120,15;Las Palmas
V502505;Vida Hipoteca;M;16/05/1966;18/04/2018;18/04/2048;168.000,00;731,15;Las Palmas
V503060;Vida Hipoteca;H;08/10/1968;27/04/2015;27/04/2035;326.000,00;898,46;Tarragona
V500614;Vida Hipoteca;M;30/11/1982;03/03/2021;03/03/2036;132.000,00;179,75;Alicante
V505648;Vida Riesgo;H;17/10/1982;13/02/2020;13/02/2040;35.000,00;44,04;Málaga
V500913;Vida Hipoteca;M;17/12/1987;22/08/2024;22/08/2039;170.000,00;202,53;Bizkaia
V505247;Vida Riesgo;M;10/05/1970;09/07/2016;09/07/2036;26.000,00;69,36;Murcia
V503181;Vida Riesgo;M;09/10/1979;06/02/2020;06/02/2040;77.000,00;125,06;Bizkaia
V502532;Vida Riesgo;M;23/03/1978;10/09/2015;10/09/2030;91.000,00;115,88;Asturias
V506187;Vida Riesgo;H ;01/05/1979;01/09/2015;01/09/2025;91.000,00;105,28;Ciudad Real
V504518;Vida Hipoteca;Mujer;11/11/1984;10/04/2023;10/04/2048;100.000,00;137,96;Málaga
V500593;Vida Riesgo;M;07/10/1983;26/05/2022;26/05/2032;44.000,00;61,88;Málaga
V506095;Vida Hipoteca;H;19/03/1984;24/12/2023;24/12/2048;86.000,00;133,14;Pontevedra
V502086;Vida Hipoteca;H;04/07/1970;24/01/2021;24/01/2041;229.000,00;887,53;Barcelona
V501136;Vida Hipoteca;M;19/03/1976;19/03/2024;19/03/2044;92.000,00;286,84;Illes Balears
V501999;Vida Hipoteca;M;04/06/1971;10/07/2022;10/07/2037;132.000,00;535,57;Valencia
V500588;Vida Hipoteca;M;13/03/1971;14/12/2019;14/12/2039;144.000,00;478,68;Toledo
V506953;Vida Riesgo;M;28/11/1968;28/07/2020;28/07/2040;47.000,00;200,06;A Coruña
V505094;Vida Riesgo;H;25/09/1968;06/09/2017;06/09/2037;91.000,00;307,50;Sevilla
V502501;Vida Hipoteca;M;11/04/1984;22/02/2021;22/02/2041;317.000,00;383,67;A Coruña
V506961;Vida Hipoteca;H;27/01/1968;15/08/2020;15/08/2050;145.000,00;665,58;La Rioja
V502463;Vida Hipoteca;M;05/07/1981;07/11/2017;07/11/2037;154.000,00;178,25;Barcelona
V504256;Vida Hipoteca;M;28/04/1966;05/01/2024;05/01/2039;152.000,00;1.079,75;Córdoba
V507066;Vida Riesgo;H;15/09/1991;04/09/2020;04/09/2035;54.000,00;33,40;Santa Cruz de Tenerife
V501169;Vida Riesgo;M;30/10/1976;01/10/2021;01/10/2036;56.000,00;134,39;Asturias
V503150;Vida Hipoteca;M;09/10/1976;17/11/2015;17/11/2045;107.000,00;156,62;Murcia
V504570;Vida Hipoteca;H;18/04/1979;29/04/2023;29/04/2048;133.000,00;295,87;Sevilla
V505830;Vida Hipoteca;M;10/10/1977;10/02/2017;10/02/2032;204.000,00;304,59;Madrid
V505377;Vida Riesgo;M;06/02/1976;04/03/2016;04/03/2031;30.000,00;47,68;Pontevedra
V502144;Vida Riesgo;M;16/11/1969;17/01/2021;17/01/2036;152.000,00;620,49;Madrid
V507457;Vida Hipoteca;M;22/08/1977;18/11/2018;18/11/2038;171.000,00;300,08;Sevilla
V505305;Vida Hipoteca;M;27/03/1985;14/07/2021;14/07/2051;222.000,00;255,97;Zaragoza
V501339;Vida Hipoteca;H;22/11/1968;28/06/2021;28/06/2051;214.000,00;986,05;Zaragoza
V506893;Vida Riesgo;M;28/07/1961;06/09/2018;06/09/2033;83.000,00;561,23;Almería
V507499;Vida Hipoteca;m;06/09/1991;04/08/2018;04/08/2038;100.000,00;51,91;Madrid
V502836;Vida Riesgo;H;12/05/1981;29/03/2019;29/03/2039;30.000,00;39,57;Granada
V505218;Vida Hipoteca;H;01/01/1900;10/03/2019;10/03/2034;86.000,00;146,82;Alicante
V506370;Vida Riesgo;H;12/11/1980;15/12/2021;15/12/2031;31.000,00;53,72;Tarragona
V506594;Vida Riesgo;H;12/10/1987;22/07/2016;22/07/2036;119.000,00;72,40;Córdoba
V502924;Vida Riesgo;M;17/02/1969;28/04/2019;28/04/2029;66.000,00;247,86;Madrid
V502898;Vida Hipoteca;H;01/08/1970;04/12/2015;04/12/2045;178.000,00;442,65;Navarra
V504477;Vida Riesgo;H;21/09/1993;10/10/2015;10/10/2035;88.000,00;30,23;Valencia
V503278;Vida Hipoteca;M;02/09/1975;22/12/2017;22/12/2032;454.000,00;872,31;Cádiz
V502863;Vida Riesgo;H;11/05/1967;23/08/2023;23/08/2043;69.000,00;435,05;Melilla
V504857;Vida Riesgo;Hombre;25/05/1980;13/02/2018;13/02/2038;28.000,00;36,44;Girona
V507199;Vida Riesgo;H;14/07/1985;27/09/2015;27/09/2030;38.000,00;26,10;Araba/Álava
V506792;Vida Hipoteca;H;08/07/1990;24/05/2020;24/05/2050;79.000,00;52,78;Soria
V501301;Vida Hipoteca;M;13/08/1984;05/05/2018;05/05/2048;106.000,00;98,22;Madrid
V501785;Vida Hipoteca;M;05/07/1975;09/01/2021;09/01/2046;130.000,00;328,19;Valencia
V502369;Vida Hipoteca;M;24/06/1984;20/12/2023;20/12/2053;279.000,00;421,94;Madrid
V506795;Vida Hipoteca;H;24/02/1969;01/02/2017;01/02/2047;162.000,00;502,42;Las Palmas
V507701;Vida Hipoteca;M;02/08/1961;22/12/2016;22/12/2041;168.000,00;981,61;Barcelona
V506979;Vida Hipoteca;M;28/12/1980;04/03/2024;04/03/2049;270.000,00;558,82;Pontevedra
V507092;Vida Riesgo;M;07/08/1989;24/06/2019;24/06/2034;108.000,00;72,16;Teruel
V502490;Vida Hipoteca;H;10/08/1972;13/10/2020;13/10/2035;123.000,00;389,23;Castellón
V501527;Vida Riesgo;M;23/06/1967;08/05/2017;08/05/2037;90.000,00;329,05;Madrid
V506125;Vida Riesgo;H;16/12/2004;27/02/2023;27/02/2043;63.000,00;15,60;Málaga
V506726;Vida Riesgo;M;31/03/1967;12/11/2019;12/11/2029;96.000,00;443,23;Palencia
V503501;Vida Hipoteca;M;07/03/1960;27/03/2016;27/03/2041;127.000,00;785,18;A Coruña
V500750;Vida Hipoteca;M;26/07/1964;16/07/2015;16/07/2045;126.000,00;505,66;Madrid
V502398;Vida Riesgo;h;25/09/1976;04/02/2019;04/02/2029;41.000,00;79,15;Tarragona
V503971;Vida Hipoteca;H;01/07/1989;02/11/2021;02/11/2036;109.000,00;89,76;Córdoba
V505696;Vida Hipoteca;H;25/03/1977;11/09/2020;11/09/2050;188.000,00;398,68;Las Palmas
V505106;Vida Riesgo;M;07/06/1994;31/01/2023;31/01/2043;60.000,00;36,12;Madrid
V505793;Vida Riesgo;H;21/08/1996;10/10/2024;10/10/2044;60.000,00;34,57;Lugo
V505965;Vida Hipoteca;M;03/04/1972;20/02/2017;20/02/2037;363.000,00;868,44;Sevilla
V501989;Vida Hipoteca;H;02/11/1977;20/01/2018;20/01/2048;90.000,00;144,77;Cádiz
V507017;Vida Riesgo;H;13/05/1979;20/01/2023;20/01/2038;85.000,00;183,71;Araba/Álava
V500713;Vida Riesgo;M;13/01/1974;29/07/2015;29/07/2025;81.000,00;145,82;Barcelona
V506515;Vida Hipoteca;H;20/07/1981;13/03/2023;13/03/2038;85.000,00;154,41;Sevilla
V500397;Vida Riesgo;H;10/03/1967;01/01/2017;01/01/2037;38.000,00;138,22;Bizkaia
V500389;Vida Riesgo;H;09/08/1973;06/06/2019;06/06/2039;56.000,00;145,09;Asturias
V503236;Vida Hipoteca;H;12/11/1971;24/10/2024;24/10/2049;230.000,00;1.092,22;Alicante
V500188;Vida Riesgo;H;25/07/1970;15/07/2010;15/07/2020;112.000,00;263,11;Valencia
V505017;Vida Riesgo;H;16/02/1981;07/05/2019;07/05/2029;30.000,00;40,72;Murcia
V500320;Vida Riesgo;H;09/04/1976;09/08/2016;09/08/2026;25.000,00;40,63;Illes Balears
V506856;Vida Hipoteca;H;20/09/1971;19/05/2021;19/05/2046;105.000,00;377,00;Santa Cruz de Tenerife
V506784;Vida Riesgo;H;24/01/1992;12/11/2024;12/11/2039;38.000,00;32,55;Zaragoza
V505295;Vida Riesgo;M;12/09/1970;07/02/2020;07/02/2030;31.000,00;108,89;Bizkaia
V500122;Vida Riesgo;M;14/09/1990;14/12/2020;14/12/2030;63.000,00;43,45;Navarra
V506153;Vida Riesgo;H;04/04/1967;05/09/2017;05/09/2037;52.000,00;199,18;Las Palmas
V504163;Vida Riesgo;H;11/03/1986;07/01/2017;07/01/2027;87.000,00;63,01;Albacete
V506308;Vida Riesgo;H;07/07/1980;15/08/2022;15/08/2037;20.000,00;37,78;Murcia
V500804;Vida Hipoteca;H;06/11/1980;19/07/2018;19/07/2048;75.000,00;97,40;Teruel
V501810;Vida Riesgo;H;02/10/1967;01/12/2021;01/12/2031;75.000,00;394,89;Gipuzkoa
V506069;Vida Hipoteca;M;14/12/1973;26/08/2017;26/08/2042;61.000,00;131,93;Sevilla
V503173;Vida Hipoteca;H;29/01/1994;29/06/2018;29/06/2033;69.000,00;28,97;Madrid
V502279;Vida Hipoteca;M;03/03/1954;12/02/2017;12/02/2037;246.000,00;2.732,73;Bizkaia
V501375;Vida Riesgo;M;05/04/1973;22/04/2019;22/04/2029;147.000,00;388,14;Murcia
V500373;Vida Hipoteca;H;14/10/1965;03/07/2020;03/07/2050;271.000,00;1.495,51;Alicante
V504667;Vida Hipoteca;M;05/01/1971;10/01/2018;10/01/2043;216.000,00;619,26;Salamanca
V505010;Vida Riesgo;H;28/06/1976;10/12/2022;10/12/2042;50.000,00;136,63;Sevilla
V504822;Vida Hipoteca;M;18/07/1966;11/10/2016;11/10/2031;79.000,00;297,78;Barcelona
V500271;Vida Hipoteca;M;27/12/1970;06/09/2017;06/09/2032;105.000,00;292,97;Guadalajara
V505741;Vida Riesgo;M;15/06/1979;18/09/2019;18/09/2034;43.000,00;69,44;Barcelona
V502362;Vida Riesgo;Mujer;28/07/1975;17/03/2019;17/03/2029;35.000,00;75,30;Sevilla
V501669;Vida Riesgo;M;25/09/2000;06/12/2023;06/12/2043;56.000,00;21,20;Cantabria
V504335;Vida Hipoteca;H;25/11/1980;26/05/2021;26/05/2036;141.000,00;232,34;Málaga
V507078;Vida Riesgo;M;22/03/1976;13/03/2018;13/03/2028;22.000,00;41,09;Madrid
V507351;Vida Riesgo;H;12/04/1993;09/04/2024;09/04/2044;97.000,00;71,25;Bizkaia
V506220;Vida Riesgo;H;20/08/1984;11/03/2020;11/03/2035;37.000,00;40,06;Santa Cruz de Tenerife
V502271;Vida Riesgo;M;04/12/1966;15/01/2015;15/01/2025;38.000,00;119,64;Madrid
V501917;Vida Hipoteca;H;16/12/1974;26/01/2016;26/01/2046;96.000,00;166,67;Murcia
V502710;Vida Riesgo;H;24/08/1972;12/02/2017;12/02/2037;54.000,00;124,72;Málaga
V502690;Vida Hipoteca;H;22/09/1987;09/07/2022;09/07/2037;198.000,00;200,93;Madrid
V501854;Vida Riesgo;M;09/04/1984;06/02/2018;06/02/2038;38.000,00;35,52;Valencia
V505690;Vida Riesgo;H;25/07/1976;06/05/2022;06/05/2037;145.000,00;374,33;Cuenca
V501966;Vida Hipoteca;H;28/07/1980;31/08/2021;31/08/2046;188.000,00;325,80;Barcelona
V505077;Vida Riesgo;H;15/08/1985;31/05/2024;31/05/2034;86.000,00;122,60;Madrid
V503590;Vida Hipoteca;h;14/05/1972;29/09/2015;29/09/2035;182.000,00;383,02;Málaga
V507601;Vida Riesgo;M;10/07/1975;27/12/2015;27/12/2025;79.000,00;129,82;A Coruña
V500460;Vida Riesgo;H;27/04/1989;14/08/2021;14/08/2031;115.000,00;94,38;Madrid
V506455;Vida Riesgo;h;14/02/1970;06/11/2020;06/11/2030;87.000,00;342,01;Pontevedra
V503090;Vida Hipoteca;M;27/12/1969;23/02/2016;23/02/2046;267.000,00;711,73;Málaga
V503263;Vida Riesgo;H;03/02/1966;22/04/2018;22/04/2028;47.000,00;209,65;Lugo
V502461;Vida Riesgo;H;28/07/1976;24/05/2024;24/05/2044;42.000,00;128,98;Huesca
V507173;Vida Hipoteca;H;18/09/1992;21/11/2020;21/11/2035;134.000,00;77,47;Pontevedra
V507322;Vida Hipoteca;H;15/03/1975;06/06/2020;06/06/2045;78.000,00;192,13;Madrid
V506424;Vida Riesgo;M;12/06/1995;12/04/2019;12/04/2034;73.000,00;29,18;Santa Cruz de Tenerife
V504595;Vida Hipoteca;H;04/11/2000;16/01/2019;16/01/2034;154.000,00;38,13;Las Palmas
V506472;Vida Hipoteca;H;04/07/1973;13/12/2024;13/12/2054;111.000,00;463,79;Madrid
V502048;Vida Hipoteca;H;24/07/1977;12/02/2015;12/02/2045;285.000,00;365,68;Barcelona
V500572;Vida Riesgo;M;09/01/1964;20/09/2018;20/09/2033;35.000,00;192,79;Madrid
V507076;Vida Riesgo;H;21/06/1983;02/05/2024;02/05/2044;78.000,00;132,60;Madrid
V505996;Vida Hipoteca;M;09/09/1967;03/12/2019;03/12/2034;129.000,00;576,39;Cantabria
V501779;Vida Riesgo;M;19/10/1974;12/12/2023;12/12/2033;99.000,00;340,24;Lleida
V503776;Vida Riesgo;H;20/10/1991;03/04/2023;03/04/2038;67.000,00;51,18;Las Palmas
V500609;Vida Hipoteca;M;14/07/1990;07/04/2023;07/04/2043;196.000,00;166,89;Barcelona
V500741;Vida Hipoteca;H;04/09/1968;03/12/2024;03/12/2049;253.000,00;1.589,99;Asturias
V501185;Vida Riesgo;H;06/01/1968;22/12/2015;22/12/2035;68.000,00;211,24;Sevilla
V506026;Vida Riesgo;M;08/03/1984;14/12/2017;14/12/2037;186.000,00;172,96;Zamora
V502387;Vida Hipoteca;H;21/04/1996;10/02/2018;10/02/2048;143.000,00;48,11;Lugo
V501206;Vida Riesgo;M;16/02/1969;17/01/2023;17/01/2033;17.000,00;87,63;Barcelona
V506637;Vida Riesgo;H;24/08/1970;14/01/2017;14/01/2027;68.000,00;184,93;Lugo
V502252;Vida Riesgo;M;16/10/1971;19/12/2021;19/12/2031;52.000,00;195,08;Madrid
V506925;Vida Riesgo;H;31/01/1979;09/01/2019;09/01/2034;25.000,00;39,29;Cantabria
V505216;Vida Hipoteca;H;20/07/1988;14/12/2023;14/12/2038;112.000,00;119,64;Málaga
V506141;Vida Riesgo;H;28/10/1972;11/07/2018;11/07/2033;53.000,00;135,89;Girona
V505786;Vida Riesgo;H;29/07/1970;19/07/2010;19/07/2020;34.000,00;258,24;Alicante
V505023;Vida Riesgo;M;28/06/1981;07/07/2019;07/07/2034;32.000,00;42,72;Cádiz
V500055;Vida Riesgo;M;27/04/1978;26/01/2021;26/01/2041;40.000,00;79,83;Barcelona
V506494;Vida Riesgo;M;18/09/1975;23/02/2018;23/02/2038;56.000,00;108,78;Madrid
V505956;Vida Hipoteca;M;21/10/1972;29/05/2016;29/05/2041;142.000,00;304,66;Madrid
V505036;Vida Hipoteca;M;14/11/1965;16/01/2016;16/01/2046;76.000,00;284,95;Burgos
V504867;Vida Riesgo;Hombre;19/12/1972;06/01/2018;06/01/2028;99.000,00;240,14;Ávila
V502087;Vida Riesgo;M;02/06/1985;02/11/2023;02/11/2033;37.000,00;51,09;Teruel
V500522;Vida Riesgo;H;11/04/1957;24/08/2018;24/08/2033;40.000,00;388,52;Barcelona
V503336;Vida Hipoteca;M;19/05/1970;17/04/2019;17/04/2044;102.000,00;343,60;Lleida
V504587;Vida Riesgo;H;29/03/1972;06/11/2020;06/11/2030;94.000,00;308,56;Sevilla
V506448;Vida Hipoteca;H;30/12/1962;09/02/2015;09/02/2045;161.000,00;711,98;Ciudad Real
V504311;Vida Riesgo;H;19/03/1974;27/09/2017;27/09/2032;68.000,00;144,95;Barcelona
V501849;Vida Hipoteca;H;23/12/1980;20/10/2023;20/10/2053;277.000,00;556,10;Alicante
V501322;Vida Riesgo;M;30/11/1977;11/01/2023;11/01/2043;63.000,00;153,69;Alicante
V507539;Vida Hipoteca;M;13/09/1975;22/04/2020;22/04/2035;342.000,00;799,06;Melilla
V500538;Vida Riesgo;M;24/10/1972;20/04/2020;20/04/2030;77.000,00;229,81;Toledo
V507738;Vida Riesgo;M;23/03/1980;12/04/2024;12/04/2039;40.000,00;89,18;Bizkaia
V503768;Vida Hipoteca;H;17/01/1977;22/10/2015;22/10/2040;108.000,00;153,51;Barcelona
V501261;Vida Riesgo;H;19/01/1972;10/11/2016;10/11/2026;18.000,00;42,79;Madrid
V503448;Vida Riesgo;Mujer;13/04/1980;09/06/2017;09/06/2032;30.000,00;37,21;Lugo
V505208;Vida Hipoteca;M;30/08/1955;22/01/2016;22/01/2041;72.000,00;643,89;Palencia
V503595;Vida Hipoteca;M;21/06/1977;17/09/2022;17/09/2047;248.000,00;611,47;León
V505649;Vida Hipoteca;Hombre;14/04/1986;17/09/2016;17/09/2036;147.000,00;102,92;Barcelona
V504101;Vida Riesgo;Hombre;23/08/1962;22/02/2016;22/02/2036;47.000,00;233,87;Bizkaia
V500897;Vida Hipoteca;M;06/10/1965;17/02/2016;17/02/2046;203.000,00;773,83;Madrid
V502316;Vida Riesgo;M;21/03/1981;25/10/2023;25/10/2043;70.000,00;137,84;Madrid
V507206;Vida Riesgo;M;07/05/1977;17/09/2018;17/09/2028;25.000,00;44,33;Soria
V504248;Vida Hipoteca;M ;17/01/2002;18/03/2024;18/03/2054;140.000,00;48,56;Barcelona
V502127;Vida Riesgo;H;09/08/1978;07/02/2019;07/02/2029;44.000,00;72,50;Santa Cruz de Tenerife
V505549;Vida Hipoteca;M;20/04/1973;08/12/2016;08/12/2046;65.000,00;139,83;Valencia
V503313;Vida Hipoteca;H;07/02/1970;10/05/2020;10/05/2035;144.000,00;543,66;Valencia
V506905;Vida Riesgo;H;30/04/1982;13/12/2019;13/12/2034;117.000,00;150,95;Madrid
V500844;Vida Hipoteca;M;21/12/1967;20/03/2020;20/03/2035;55.000,00;246,01;Granada
V506533;Vida Riesgo;Mujer;29/11/1988;03/06/2022;03/06/2042;36.000,00;32,74;Valencia
V502393;Vida Riesgo;H;17/09/1972;20/07/2020;20/07/2040;88.000,00;270,61;Madrid
V501916;Vida Riesgo;H;03/02/1970;21/12/2019;21/12/2039;31.000,00;113,37;Burgos
V500174;Vida Hipoteca;H;23/04/1980;28/03/2022;28/03/2047;172.000,00;320,04;Barcelona
V500276;Vida Riesgo;M;22/12/1993;08/05/2017;08/05/2037;47.000,00;18,07;Barcelona
V507723;Vida Hipoteca;H;27/02/1987;07/03/2023;07/03/2043;236.000,00;265,82;Ciudad Real
V506168;Vida Hipoteca;M;06/09/1984;09/06/2020;09/06/2050;219.000,00;241,15;Murcia
V502209;Vida Riesgo;M;13/11/1971;29/12/2016;29/12/2026;58.000,00;141,67;Guadalajara
V504701;Vida Riesgo;H;27/10/1992;12/06/2023;12/06/2033;58.000,00;41,28;Alicante
V500694;Vida Riesgo;H;05/04/1979;31/01/2019;31/01/2029;217.000,00;337,67;Illes Balears
V506263;Vida Riesgo;M;20/06/1998;21/03/2023;21/03/2038;74.000,00;31,97;Ceuta
V503130;Vida Riesgo;H;13/02/1975;08/09/2021;08/09/2031;85.000,00;234,61;Gipuzkoa
V502310;Vida Riesgo;H;10/06/1956;17/10/2017;17/10/2032;50.000,00;484,96;Málaga
V505898;Vida Riesgo;H;13/08/1975;10/01/2017;10/01/2027;92.000,00;163,86;Guadalajara
V506714;Vida Riesgo;H;04/12/1995;09/06/2018;09/06/2028;71.000,00;25,36;Madrid
V507834;Vida Hipoteca;H ;11/03/1978;22/06/2024;22/06/2044;46.000,00;123,94;Valencia
V503240;Vida Hipoteca;H;02/01/1974;02/08/2019;02/08/2049;137.000,00;347,67;Córdoba
V502129;Vida Riesgo;H;13/03/1965;03/04/2016;03/04/2026;50.000,00;202,16;Barcelona
V500185;Vida Hipoteca;M;17/06/1975;19/12/2015;19/12/2040;286.000,00;471,63;Cáceres
V505896;Vida Hipoteca;M;21/11/1969;03/12/2015;03/12/2045;285.000,00;751,55;Ciudad Real
V500738;Vida Hipoteca;H;15/06/1976;25/02/2016;25/02/2031;193.000,00;297,08;A Coruña
V503982;Vida Hipoteca;H;30/08/1980;17/01/2016;17/01/2041;230.000,00;245,32;Murcia
V501870;Vida Hipoteca;M;18/01/1995;06/01/2019;06/01/2039;177.000,00;71,55;Córdoba
V502162;Vida Hipoteca;H;10/11/1979;12/10/2018;12/10/2038;82.000,00;118,16;Barcelona
V507389;Vida Riesgo;H;21/12/1994;11/06/2024;11/06/2039;37.000,00;23,88;Salamanca
V501694;Vida Hipoteca;M;12/03/1965;19/10/2024;19/10/2044;161.000,00;1.346,25;Santa Cruz de Tenerife
V503166;Vida Riesgo;H;15/01/1981;03/05/2019;03/05/2034;44.000,00;60,12;Sevilla
V506554;Vida Riesgo;H;09/12/1970;06/04/2020;06/04/2030;86.000,00;300,11;Melilla
V505904;Vida Hipoteca;H;26/10/1975;29/09/2016;29/09/2036;147.000,00;251,26;Valencia
V502161;Vida Riesgo;H;30/01/1962;08/03/2020;08/03/2040;65.000,00;478,33;Pontevedra
V500725;Vida Hipoteca;Mujer;02/12/1984;08/06/2023;08/06/2048;156.000,00;217,12;Ávila
V500435;Vida Hipoteca;Hombre;07/12/1977;28/08/2015;28/08/2040;302.000,00;393,05;Lugo
V504179;Vida Hipoteca;H;22/05/1980;28/11/2018;28/11/2038;217.000,00;302,17;Madrid
V506236;Vida Hipoteca;H;17/07/1982;28/12/2016;28/12/2041;227.000,00;223,72;Zaragoza
V502349;Vida Riesgo;Mujer;30/12/1972;20/09/2021;20/09/2036;45.000,00;149,20;Soria
V504115;Vida Riesgo;M;13/01/1966;09/04/2018;09/04/2038;95.000,00;424,56;Madrid
V505678;Vida Riesgo;H;24/08/1975;14/12/2015;14/12/2035;13.000,00;21,07;Barcelona
V504281;Vida Hipoteca;M;20/07/1976;18/03/2021;18/03/2051;231.000,00;542,23;Málaga
V506371;Vida Riesgo;M;12/04/1995;23/03/2024;23/03/2044;77.000,00;47,53;Lleida
V505329;Vida Riesgo;Hombre;16/07/1980;24/04/2024;24/04/2039;30.000,00;65,30;Barcelona
V504429;Vida Riesgo;H;19/11/1972;02/11/2019;02/11/2039;69.000,00;196,78;La Rioja
V501255;Vida Hipoteca;M;29/04/1978;03/11/2020;03/11/2035;203.000,00;397,08;Cádiz
V503983;Vida Hipoteca;M;24/04/1989;10/08/2015;10/08/2040;191.000,00;94,10;Málaga
V504604;Vida Riesgo;H;21/02/1971;24/07/2020;24/07/2035;18.000,00;63,33;Murcia
V507596;Vida Hipoteca;H;16/03/1991;08/07/2023;08/07/2043;197.000,00;161,86;Barcelona
V506458;Vida Riesgo;H;24/03/1971;13/06/2019;13/06/2029;106.000,00;336,79;Cáceres
V507248;Vida Hipoteca;H;04/03/1982;12/01/2023;12/01/2048;286.000,00;485,95;León
V502838;Vida Hipoteca;H;01/01/1973;31/10/2020;31/10/2040;146.000,00;448,68;Alicante
V502875;Vida Riesgo;M;07/12/1974;24/01/2020;24/01/2030;37.000,00;90,39;Girona
V506695;Vida Hipoteca;M;04/08/1985;27/10/2022;27/10/2037;113.000,00;141,04;Alicante
V502719;Vida Hipoteca;H;11/01/1971;01/01/2011;01/01/2021;128.000,00;407,28;Madrid
V501782;Vida Riesgo;H;24/01/1973;10/05/2019;10/05/2029;164.000,00;442,07;Barcelona
V503310;Vida Hipoteca;M;29/01/1978;03/10/2022;03/10/2052;123.000,00;289,11;Sevilla
V507305;Vida Hipoteca;M;29/11/1988;08/09/2024;08/09/2049;139.000,00;153,29;Lugo
V507193;Vida Riesgo;H;11/09/1987;28/04/2020;28/04/2035;114.000,00;96,24;Madrid
V506142;Vida Riesgo;H;05/07/1987;09/05/2022;09/05/2042;30.000,00;30,57;Huesca
V502122;Vida Hipoteca;H;27/12/1994;19/06/2018;19/06/2048;351.000,00;136,09;Málaga
V507348;Vida Hipoteca;H;04/12/1975;21/04/2018;21/04/2038;206.000,00;398,26;Sevilla
V502388;Vida Hipoteca;M;;16/12/2022;16/12/2052;108.000,00;319,58;Madrid
V507229;Vida Riesgo;M;30/06/1969;05/12/2017;05/12/2037;84.000,00;271,69;Las Palmas
V500307;Vida Hipoteca;M ;10/07/1972;24/09/2016;24/09/2041;183.000,00;413,36;Ciudad Real
V507746;Vida Hipoteca;H;24/04/1990;01/10/2022;01/10/2047;129.000,00;107,13;Valencia
V504089;Vida Hipoteca;H;07/09/2001;07/01/2022;07/01/2042;118.000,00;35,02;Araba/Álava
V500922;Vida Hipoteca;M;08/08/1971;23/07/2018;23/07/2033;242.000,00;690,49;Alicante
V507326;Vida Hipoteca;M;05/11/1967;01/09/2024;01/09/2044;197.000,00;1.300,34;Burgos
V505643;Vida Riesgo;H;16/12/1978;19/09/2018;19/09/2033;155.000,00;239,83;Alicante
V505872;Vida Hipoteca;M;04/06/1972;02/12/2018;02/12/2038;188.000,00;515,73;Ceuta
V507639;Vida Hipoteca;H;06/09/1975;10/07/2020;10/07/2035;89.000,00;212,17;Granada
V504113;Vida Hipoteca;H;13/08/1969;20/08/2017;20/08/2047;134.000,00;418,43;Soria
V501743;Vida Hipoteca;M;08/09/1986;19/12/2018;19/12/2033;115.000,00;94,24;Alicante
V502115;Vida Riesgo;M;24/09/1983;23/02/2018;23/02/2028;54.000,00;53,07;Madrid
V504325;Vida Hipoteca;m;16/01/1977;25/12/2019;25/12/2034;83.000,00;168,29;Castellón
V507718;Vida Hipoteca;M;08/11/1975;17/12/2023;17/12/2048;170.000,00;534,89;A Coruña
V504817;Vida Hipoteca;M;22/01/1980;27/01/2024;27/01/2054;105.000,00;233,29;Valencia
V506256;Vida Hipoteca;H;22/01/1973;21/10/2021;21/10/2046;146.000,00;484,93;Murcia
V505984;Vida Hipoteca;H;24/11/1972;14/03/2016;14/03/2031;309.000,00;646,15;Málaga
V501860;Vida Hipoteca;H;27/05/1984;29/05/2019;29/05/2049;69.000,00;71,27;Madrid
V501226;Vida Hipoteca;H;18/04/1986;06/08/2017;06/08/2032;180.000,00;135,74;Valladolid
V502773;Vida Riesgo;M;04/04/1984;07/03/2023;07/03/2043;42.000,00;60,53;Barcelona
V503690;Vida Hipoteca;M;09/10/1969;20/06/2020;20/06/2040;146.000,00;572,46;A Coruña
V502564;Vida Hipoteca;M ;16/09/1972;18/04/2021;18/04/2051;107.000,00;350,58;Zaragoza
V507934;Vida Riesgo;H;28/07/1990;07/04/2022;07/04/2042;107.000,00;83,42;Sevilla
V505222;Vida Hipoteca;M;07/02/1991;12/06/2020;12/06/2035;366.000,00;233,68;Barcelona
V504511;Vida Hipoteca;H;12/05/1995;15/11/2017;15/11/2037;107.000,00;38,23;Asturias
V505686;Vida Riesgo;H;21/12/1983;08/08/2016;08/08/2026;40.000,00;33,77;Asturias
V503559;Vida Riesgo;H;31/03/1995;18/10/2021;18/10/2036;31.000,00;15,61;Murcia
V504058;Vida Riesgo;H;02/06/1999;03/07/2019;03/07/2034;82.000,00;23,83;Cádiz
V505593;Vida Riesgo;M;31/01/1980;13/05/2019;13/05/2039;50.000,00;74,28;Alicante
V504359;Vida Hipoteca;M;08/09/1981;11/08/2019;11/08/2034;159.000,00;210,45;Valencia
V500393;Vida Hipoteca;M;07/01/1974;07/03/2016;07/03/2041;133.000,00;252,45;Madrid
V503837;Vida Riesgo;H;04/09/1983;04/12/2018;04/12/2033;34.000,00;35,86;Barcelona
V500846;Vida Riesgo;H;16/08/1990;23/08/2022;23/08/2042;56.000,00;44,88;Cáceres
V504387;Vida Hipoteca;M;27/10/1991;03/12/2022;03/12/2037;171.000,00;126,77;Zamora
V505383;Vida Riesgo;M;25/05/1967;15/08/2020;15/08/2035;100.000,00;486,11;Asturias
V506395;Vida Hipoteca;M;20/10/1975;12/01/2020;12/01/2045;279.000,00;631,35;Huesca
V506022;Vida Hipoteca;M;18/08/1974;24/09/2016;24/09/2036;202.000,00;381,45;Murcia
V502653;Vida Hipoteca;M;16/03/1969;29/07/2015;29/07/2040;127.000,00;344,68;Santa Cruz de Tenerife
V503163;Vida Hipoteca;H;10/06/1987;31/08/2023;31/08/2053;163.000,00;186,77;Barcelona
V507582;Vida Hipoteca;H;31/12/1979;14/04/2016;14/04/2031;59.000,00;67,97;Cuenca
V505121;Vida Riesgo;H;03/10/1969;31/05/2021;31/05/2041;123.000,00;523,36;Zaragoza
V503621;Vida Riesgo;H;07/09/1961;20/08/2019;20/08/2034;35.000,00;254,20;Madrid
V501399;Vida Riesgo;M;19/04/1969;07/06/2016;07/06/2031;73.000,00;211,46;Valencia
V504476;Vida Riesgo;M;28/11/1988;16/04/2022;16/04/2042;-71.000,00;63,88;Córdoba
V504003;Vida Riesgo;H;03/09/1977;23/11/2015;23/11/2035;80.000,00;108,62;Barcelona
V502240;Vida Hipoteca;M;03/08/1982;01/10/2018;01/10/2048;153.000,00;174,36;Albacete
V500967;Vida Hipoteca;M;05/05/1984;02/12/2018;02/12/2048;216.000,00;215,14;Murcia
V506511;Vida Riesgo;H;20/12/1973;06/03/2022;06/03/2032;91.000,00;288,78;A Coruña
V506546;Vida Hipoteca;M;04/04/1976;22/02/2023;22/02/2048;152.000,00;431,07;Las Palmas
V502726;Vida Hipoteca;Mujer;31/10/1964;19/08/2016;19/08/2031;131.000,00;564,07;Cantabria
V506109;Vida Hipoteca;H;01/12/2001;26/01/2022;26/01/2037;-153.000,00;44,73;Zaragoza
V500566;Vida Hipoteca;H;10/05/1983;11/08/2024;11/08/2049;121.000,00;212,64;Sevilla
V501026;Vida Riesgo;M;15/10/1983;19/11/2015;19/11/2035;58.000,00;46,79;A Coruña
V505215;Vida Riesgo;M;02/06/1975;24/10/2024;24/10/2034;26.000,00;91,28;Málaga
V504995;Vida Riesgo;M;06/04/1970;15/08/2019;15/08/2039;30.000,00;104,97;La Rioja
V504631;Vida Hipoteca;M;25/12/1975;27/01/2024;27/01/2049;208.000,00;653,47;Toledo
V503843;Vida Hipoteca;H;24/07/1973;10/02/2021;10/02/2046;184.000,00;552,10;Jaén
V502999;Vida Hipoteca;m;14/03/1994;09/02/2022;09/02/2042;81.000,00;45,78;Ceuta
V507123;Vida Hipoteca;M;17/10/1974;29/09/2015;29/09/2030;188.000,00;321,91;Sevilla
V506640;Vida Hipoteca;M;17/07/1987;12/04/2021;12/04/2036;-308.000,00;285,69;Illes Balears
V504643;Vida Riesgo;H;03/07/2006;01/04/2022;01/04/2037;159.000,00;643,47;León
V500459;Vida Riesgo;H;14/03/1982;31/08/2022;31/08/2032;48.000,00;78,86;Pontevedra
V505404;Vida Riesgo;M;27/08/1989;18/07/2022;18/07/2042;21.000,00;18,12;Barcelona
V500211;Vida Hipoteca;M;18/01/1984;05/11/2022;05/11/2042;78.000,00;111,22;Valencia
V505033;Vida Hipoteca;Mujer;20/09/1974;16/09/2016;16/09/2036;162.000,00;303,01;Alicante
V503482;Vida Hipoteca;M;23/08/1971;19/09/2021;19/09/2036;147.000,00;546,71;Huelva
V503717;Vida Riesgo;M;04/09/1970;25/08/2010;25/08/2020;72.000,00;95,30;Bizkaia
V502221;Vida Riesgo;H;04/07/1974;15/10/2015;15/10/2025;78.000,00;137,38;Cádiz
V501311;Vida Riesgo;H;06/11/1971;18/03/2020;18/03/2030;60.000,00;192,93;Valencia
V500192;Vida Riesgo;M;18/10/1974;09/06/2015;09/06/2030;118.000,00;196,81;Madrid
V506286;Vida Hipoteca;M;02/01/1978;13/01/2022;13/01/2042;429.000,00;954,31;Barcelona
V501928;Vida Riesgo;M;31/08/1986;26/01/2015;26/01/2025;28.000,00;16,51;Santa Cruz de Tenerife
V507580;Vida Riesgo;M;09/10/1974;14/07/2015;14/07/2035;48.000,00;80,88;Valencia
V505312;Vida Hipoteca;H;10/01/1985;06/12/2021;06/12/2051;83.000,00;100,75;Sevilla
V501137;Vida Hipoteca;H;11/03/1968;27/04/2020;27/04/2045;54.000,00;239,11;Alicante
V505521;Vida Riesgo;H;23/06/1976;17/01/2017;17/01/2037;72.000,00;119,37;Huelva
V500229;Vida Hipoteca;M;08/07/1973;11/08/2019;11/08/2039;86.000,00;227,94;Murcia
V506713;Vida Hipoteca;M;20/11/1970;10/11/2010;10/11/2020;203.000,00;130,32;Barcelona
V506902;Vida Hipoteca;M;03/07/1979;14/05/2021;14/05/2051;88.000,00;162,84;Valencia
V501241;Vida Riesgo;M;16/09/1985;12/11/2023;12/11/2043;64.000,00;86,41;Sevilla
V500597;Vida Hipoteca;H;16/10/1983;31/10/2023;31/10/2043;125.000,00;198,11;Cáceres
V502809;Vida Riesgo;M;07/01/1976;04/06/2016;04/06/2036;67.000,00;109,55;Melilla
V500154;Vida Hipoteca;M;26/03/1983;10/04/2023;10/04/2038;523.000,00;828,97;Las Palmas
V505550;Vida Hipoteca;H;07/08/1972;26/10/2016;26/10/2041;119.000,00;269,03;Toledo
V503475;Vida Riesgo;M;01/06/1987;21/12/2019;21/12/2034;27.000,00;22,65;La Rioja
V504980;Vida Riesgo;H;16/09/1962;20/03/2015;20/03/2035;70.000,00;320,09;Madrid
V501205;Vida Hipoteca;H;16/02/1977;12/05/2015;12/05/2045;109.000,00;148,13;Huesca
V505455;Vida Riesgo;Hombre;13/02/1984;09/05/2018;09/05/2033;26.000,00;25,15;Huelva
V503066;Vida Riesgo;M;26/05/1983;24/04/2023;24/04/2033;61.000,00;95,63;Santa Cruz de Tenerife
V507825;Vida Hipoteca;M;14/03/1981;09/08/2016;09/08/2041;169.000,00;180,65;Madrid
V500074;Vida Hipoteca;M;08/10/1975;07/10/2019;07/10/2039;158.000,00;350,54;Pontevedra
V504904;Vida Riesgo;H;26/05/1987;19/01/2020;19/01/2040;89.000,00;75,27;Pontevedra
V504510;Vida Hipoteca;M;08/01/1994;17/10/2021;17/10/2041;86.000,00;48,04;Barcelona
V501459;Vida Riesgo;M;28/05/1978;24/04/2024;24/04/2044;43.000,00;112,21;Valencia
V501230;Vida Hipoteca;H;10/12/1980;01/04/2023;01/04/2048;215.000,00;413,13;Araba/Álava
V505026;Vida Riesgo;M;02/07/1971;02/07/2017;02/07/2027;41.000,00;107,84;Barcelona
V505745;Vida Hipoteca;M;22/07/1992;05/05/2021;05/05/2036;310.000,00;188,73;Granada
V502688;Vida Hipoteca;H;27/01/1981;26/06/2024;26/06/2054;114.000,00;240,61;A Coruña
V500233;Vida Riesgo;H;10/12/1979;17/09/2019;17/09/2039;55.000,00;85,18;Barcelona
V506164;Vida Hipoteca;M;19/04/1964;07/11/2022;07/11/2047;201.000,00;1.536,47;Sevilla
V500082;Vida Hipoteca;H;07/10/1989;20/01/2020;20/01/2045;115.000,00;79,54;Badajoz
V503841;Vida Hipoteca;H;14/01/1980;11/12/2017;11/12/2047;201.000,00;265,78;Castellón
V506173;Vida Riesgo;H;11/12/1958;04/10/2017;04/10/2032;25.000,00;195,43;Sevilla
V504899;Vida Riesgo;H;29/03/2004;10/06/2022;10/06/2037;37.000,00;9,16;Araba/Álava
V504978;Vida Hipoteca;M;15/01/1995;31/10/2021;31/10/2046;312.000,00;160,35;Málaga
V505729;Vida Hipoteca;H;02/05/1972;12/02/2022;12/02/2052;230.000,00;834,38;Madrid
V503661;Vida Hipoteca;M;25/10/1975;24/12/2021;24/12/2051;251.000,00;669,53;Barcelona
V501054;Vida Hipoteca;M;27/04/1982;07/11/2018;07/11/2038;96.000,00;112,90;Badajoz
V500290;Vida Hipoteca;H;02/06/1986;20/05/2020;20/05/2040;109.000,00;103,09;Málaga
V500914;Vida Riesgo;M;26/04/1984;20/11/2021;20/11/2031;106.000,00;136,16;Lugo
V506052;Vida Riesgo;M;04/12/1978;15/01/2018;15/01/2038;122.000,00;178,73;Barcelona
V507420;Vida Riesgo;H;22/01/1987;16/10/2024;16/10/2044;208.000,00;270,96;Málaga
V505189;Vida Riesgo;H;14/04/1979;13/12/2018;13/12/2028;95.000,00;145,84;Valencia
V501111;Vida Hipoteca;H;09/04/1972;16/08/2021;16/08/2036;125.000,00;437,23;Jaén
V505985;Vida Riesgo;M;19/06/1981;12/04/2021;12/04/2031;87.000,00;135,26;Madrid
V504210;Vida Hipoteca;M;26/08/1983;15/10/2019;15/10/2039;133.000,00;151,28;Valencia
V501572;Vida Hipoteca;M;22/05/2001;25/06/2022;25/06/2052;164.000,00;51,93;Salamanca
V507259;Vida Riesgo;M;24/03/1975;15/01/2021;15/01/2031;44.000,00;113,92;Zaragoza
V504561;Vida Hipoteca;M;27/06/1981;08/11/2021;08/11/2046;187.000,00;304,69;Pontevedra
V503780;Vida Hipoteca;H;17/07/1986;10/04/2024;10/04/2044;108.000,00;140,70;Sevilla
V507033;Vida Hipoteca;M;07/02/1990;21/10/2023;21/10/2048;186.000,00;171,96;Barcelona
V504263;Vida Riesgo;M;26/06/1982;10/02/2016;10/02/2031;29.000,00;26,65;Cádiz
V506551;Vida Riesgo;H;14/02/1979;01/06/2020;01/06/2030;33.000,00;58,19;La Rioja
V507784;Vida Riesgo;Hombre;11/10/1957;01/12/2019;01/12/2039;65.000,00;673,95;Málaga
V506464;Vida Riesgo;H;02/09/1974;29/01/2018;29/01/2038;53.000,00;111,84;Cádiz
V506409;Vida Hipoteca;H;05/03/1972;23/10/2021;23/10/2041;178.000,00;637,69;Illes Balears
V504993;Vida Hipoteca;H;27/04/1963;03/10/2019;03/10/2039;111.000,00;708,91;Las Palmas
V505705;Vida Hipoteca;M;01/09/1988;25/12/2016;25/12/2041;165.000,00;96,52;Valencia
V505197;Vida Riesgo;M;01/01/1992;20/11/2015;20/11/2035;17.000,00;6,83;Valencia
V506848;Vida Hipoteca;M;25/04/1984;11/09/2022;11/09/2052;90.000,00;123,86;Málaga
V500920;Vida Hipoteca;H;27/05/1983;13/02/2021;13/02/2051;471.000,00;612,76;Barcelona
V506710;Vida Hipoteca;M;20/11/1976;30/08/2016;30/08/2036;125.000,00;193,70;Huesca
V501555;Vida Riesgo;M;30/08/1981;07/12/2015;07/12/2035;172.000,00;166,92;Alicante
V500598;Vida Riesgo;H;07/12/1977;17/04/2023;17/04/2038;33.000,00;82,19;Barcelona
V503762;Vida Riesgo;M;30/06/1969;28/04/2015;28/04/2035;35.000,00;90,70;Barcelona
V506039;Vida Riesgo;H;02/03/1970;10/02/2024;10/02/2039;98.000,00;506,34;La Rioja
V500257;Vida Riesgo;M;10/11/1974;29/12/2016;29/12/2036;278.000,00;526,47;Murcia
V500255;Vida Hipoteca;H;17/12/1977;17/11/2020;17/11/2040;139.000,00;281,33;Cuenca
V504823;Vida Hipoteca;H;06/03/1977;29/05/2016;29/05/2036;71.000,00;105,05;Valencia
V506849;Vida Hipoteca;H;05/10/1972;18/03/2017;18/03/2032;218.000,00;502,60;Madrid
V507131;Vida Hipoteca;H;05/05/1962;28/03/2022;28/03/2047;275.000,00;2.356,80;Sevilla
V506641;Vida Riesgo;M;04/04/1984;18/07/2022;18/07/2032;83.000,00;113,33;Sevilla
V507042;Vida Hipoteca;H;01/07/1982;01/08/2016;01/08/2036;157.000,00;150,00;Zaragoza
V506274;Vida Hipoteca;H;02/04/1979;03/12/2016;03/12/2031;70.000,00;90,71;Teruel
V500768;Vida Hipoteca;H;27/12/1971;13/10/2016;13/10/2046;197.000,00;467,75;Alicante
V506244;Vida Hipoteca;M;11/02/1996;06/10/2024;06/10/2044;95.000,00;57,19;Bizkaia
V506315;Vida Riesgo;M;21/10/1987;18/03/2021;18/03/2031;136.000,00;122,66;Barcelona
V502539;Vida Hipoteca;H;12/08/1984;27/11/2019;27/11/2039;124.000,00;131,24;A Coruña
V501726;Vida Hipoteca;M;07/05/1974;17/05/2020;17/05/2050;51.000,00;134,47;Madrid
V506691;Vida Riesgo;M;07/06/1975;22/12/2017;22/12/2032;20.000,00;39,21;A Coruña
V505573;Vida Hipoteca;M;13/05/1990;10/06/2024;10/06/2049;116.000,00;110,74;Madrid
V500110;Vida Hipoteca;M;23/04/1966;11/10/2024;11/10/2039;121.000,00;918,48;Alicante
V501679;Vida Hipoteca;H;16/02/1984;13/08/2020;13/08/2050;181.000,00;212,12;Salamanca
V501696;Vida Riesgo;M;30/09/1989;16/04/2021;16/04/2036;35.000,00;26,94;Ávila
V503272;Vida Riesgo;H;29/09/1976;19/10/2022;19/10/2042;42.000,00;110,97;Málaga
V503068;Vida Hipoteca;M;29/04/1964;14/01/2020;14/01/2050;70.000,00;420,30;Barcelona
V504054;Vida Riesgo;H;08/11/1966;15/08/2021;15/08/2036;67.000,00;371,29;Alicante
V505322;Vida Riesgo;H;03/11/1976;28/07/2023;28/07/2038;45.000,00;125,94;Salamanca
V500712;Vida Riesgo;H;01/11/1984;26/07/2020;26/07/2035;30.000,00;32,96;Asturias
V506971;Vida Riesgo;M;12/04/1977;27/01/2023;27/01/2033;60.000,00;155,05;Castellón
V507828;Vida Hipoteca;H;29/09/1988;25/02/2019;25/02/2044;88.000,00;61,49;Castellón
V501479;Vida Hipoteca;H;09/06/1965;31/08/2017;31/08/2037;143.000,00;638,57;Salamanca
V503705;Vida Riesgo;H;04/11/1959;03/05/2018;03/05/2028;41.000,00;311,89;Huelva
V501019;Vida Riesgo;H;17/10/1994;27/10/2023;27/10/2033;43.000,00;26,73;Araba/Álava
V505256;Vida Riesgo;H;10/02/1995;10/12/2015;10/12/2030;47.000,00;14,55;Málaga
V507688;Vida Riesgo;M;26/09/1966;02/04/2017;02/04/2032;162.000,00;625,55;Málaga
V505056;Vida Hipoteca;H;10/03/1985;01/02/2016;01/02/2046;320.000,00;233,15;Tarragona
V502707;Vida Hipoteca;M;22/08/1965;13/10/2016;13/10/2036;122.000,00;496,88;Lleida
V503641;Vida Riesgo;M;17/10/1978;28/11/2018;28/11/2028;20.000,00;31,90;Barcelona
V503450;Vida Hipoteca;M;21/02/1994;15/01/2017;15/01/2042;75.000,00;27,69;Tarragona
V503778;Vida Hipoteca;Hombre;14/04/1960;30/04/2016;30/04/2031;126.000,00;778,25;Cantabria
V500270;Vida Hipoteca;M;07/09/1985;17/05/2017;17/05/2037;221.000,00;172,24;Cádiz
V507774;Vida Riesgo;M;19/03/1990;24/01/2017;24/01/2037;280.000,00;144,66;Valencia
V500063;Vida Hipoteca;H;29/12/1974;27/04/2016;27/04/2031;232.000,00;410,26;Granada
V506537;Vida Hipoteca;H;16/01/1980;17/04/2016;17/04/2041;158.000,00;181,49;Ceuta
V501094;Vida Riesgo;H;08/05/1981;04/01/2015;04/01/2030;32.000,00;29,48;A Coruña
V503606;Vida Riesgo;H;20/12/1998;02/03/2017;02/03/2027;90.000,00;22,28;Barcelona
V504988;Vida Hipoteca;M;16/07/1987;14/12/2021;14/12/2036;245.000,00;240,69;Barcelona
V505391;Vida Riesgo;M ;26/08/1975;25/08/2020;25/08/2040;102.000,00;246,44;Bizkaia
V506687;Vida Hipoteca;H;31/08/1969;23/02/2020;23/02/2050;121.000,00;465,78;Pontevedra
V500778;Vida Hipoteca;H;09/06/1982;07/02/2024;07/02/2044;80.000,00;145,56;Murcia
V507328;Vida Riesgo;H;24/03/1984;29/04/2022;29/04/2032;129.000,00;173,34;Bizkaia
V507444;Vida Hipoteca;H;27/10/1980;26/10/2022;26/10/2047;141.000,00;263,88;Murcia
V506313;Vida Hipoteca;M;08/08/1978;04/07/2016;04/07/2031;193.000,00;255,14;Cádiz
V500036;Vida Hipoteca;M;07/03/1970;28/08/2024;28/08/2054;69.000,00;373,08;Murcia
V504339;Vida Hipoteca;H;08/03/1988;22/02/2016;22/02/2036;158.000,00;89,68;Guadalajara
V504178;Vida Hipoteca;M;02/07/1967;20/12/2016;20/12/2041;129.000,00;455,72;Castellón
V503332;Vida Riesgo;M;17/11/1973;30/03/2017;30/03/2027;157.000,00;330,07;Murcia
V502993;Vida Hipoteca;H;02/10/1967;05/08/2019;05/08/2044;98.000,00;423,46;Madrid
V507867;Vida Riesgo;H;05/12/1990;22/09/2020;22/09/2035;28.000,00;18,58;Navarra
V500860;Vida Hipoteca;H;14/11/1981;06/12/2023;06/12/2038;153.000,00;287,87;Madrid
V504468;Vida Riesgo;M;01/10/1981;13/02/2020;13/02/2035;85.000,00;116,87;Illes Balears
V506099;Vida Hipoteca;H;16/03/1994;14/03/2021;14/03/2036;62.000,00;32,42;Sevilla
V501850;Vida Riesgo;H;22/02/1970;17/06/2016;17/06/2031;154.000,00;416,11;Teruel
V503094;Vida Hipoteca;H;08/02/1974;23/10/2018;23/10/2038;118.000,00;278,00;A Coruña
V501361;Vida Hipoteca;H;10/06/1968;01/10/2024;01/10/2044;197.000,00;1.244,49;Murcia
V507476;Vida Hipoteca;H;28/12/1980;08/01/2023;08/01/2053;170.000,00;319,02;Málaga
V507314;Vida Riesgo;M;20/08/1995;21/08/2021;21/08/2036;88.000,00;42,30;Granada
V504847;Vida Riesgo;Mujer;22/10/1970;10/06/2015;10/06/2025;65.000,00;152,19;Barcelona
V506651;Vida Hipoteca;M;04/10/1970;28/12/2017;28/12/2047;251.000,00;733,13;Málaga
V507388;Vida Hipoteca;H;03/09/1978;10/07/2021;10/07/2036;197.000,00;396,43;Valencia
V505133;Vida Hipoteca;H;03/04/1982;30/08/2021;30/08/2041;137.000,00;205,80;Sevilla
V501234;Vida Riesgo;H;25/11/1978;19/04/2020;19/04/2030;52.000,00;92,50;Segovia
V503744;Vida Hipoteca;M;01/03/1987;07/03/2024;07/03/2044;153.000,00;187,54;Barcelona
V506728;Vida Riesgo;H;18/04/1973;19/09/2018;19/09/2028;54.000,00;135,20;Valencia
V506655;Vida Riesgo;H;26/09/1979;03/02/2024;03/02/2034;85.000,00;194,43;Teruel
V506321;Vida Riesgo;M;20/09/1980;28/12/2021;28/12/2041;43.000,00;75,66;Madrid
V506420;Vida Hipoteca;Hombre;18/01/1992;14/06/2023;14/06/2038;147.000,00;111,81;A Coruña
V504975;Vida Hipoteca;M;29/01/1984;07/11/2020;07/11/2050;181.000,00;217,34;Barcelona
V502595;Vida Hipoteca;H;18/06/1972;01/01/2015;01/01/2040;126.000,00;246,90;Teruel
V501862;Vida Riesgo;H;28/09/1982;13/08/2024;13/08/2044;67.000,00;124,12;Madrid
V502767;Vida Riesgo;M;19/01/1988;29/08/2024;29/08/2034;104.000,00;123,14;Bizkaia
V504572;Vida Riesgo;H;13/04/1968;17/01/2016;17/01/2036;22.000,00;67,21;Madrid
V504321;Vida Riesgo;H;30/07/1968;24/09/2022;24/09/2042;28.000,00;147,25;Soria
V500632;Vida Hipoteca;M;28/11/1983;12/05/2016;12/05/2041;170.000,00;141,40;Segovia
V500216;Vida Hipoteca;Mujer;03/09/1989;13/11/2022;13/11/2042;250.000,00;221,40;La Rioja
V501053;Vida Hipoteca;M;18/10/1967;19/11/2019;19/11/2034;148.000,00;653,11;Teruel
V501883;Vida Hipoteca;H;30/11/1990;11/06/2017;11/06/2037;208.000,00;104,55;Guadalajara
V507868;Vida Hipoteca;H;21/02/1978;10/12/2019;10/12/2044;217.000,00;399,41;Cádiz
V507890;Vida Hipoteca;H;27/05/1964;02/08/2017;02/08/2042;114.000,00;552,18;Valladolid
V502885;Vida Riesgo;M;13/03/1951;26/12/2016;26/12/2026;65.000,00;919,36;Bizkaia
V500180;Vida Hipoteca;M;16/03/1962;11/03/2015;11/03/2035;74.000,00;352,42;Pontevedra
V502966;Vida Riesgo;M;28/05/1985;10/05/2018;10/05/2038;40.000,00;34,70;Barcelona
V502793;Vida Hipoteca;M;23/04/1973;13/08/2020;13/08/2040;231.000,00;678,93;Almería
V502949;Vida Riesgo;H;19/04/1970;09/04/2010;09/04/2020;71.000,00;252,39;Málaga
V507627;Vida Hipoteca;M;25/04/1985;21/05/2015;21/05/2030;267.000,00;181,34;Madrid
V502142;Vida Hipoteca;H;23/04/1978;30/12/2023;30/12/2048;260.000,00;665,81;Bizkaia
V506821;Vida Hipoteca;Mujer;26/01/1976;29/08/2021;29/08/2036;214.000,00;543,63;Córdoba
V504734;Vida Riesgo;H;31/10/1968;05/02/2015;05/02/2025;86.000,00;231,34;Valencia
V500044;Vida Hipoteca;H;12/03/1974;09/01/2016;09/01/2041;172.000,00;317,39;Valencia
V505594;Vida Hipoteca;H;17/12/1986;23/12/2021;23/12/2051;155.000,00;160,30;Cáceres
V504360;Vida Hipoteca;M;11/06/1980;27/11/2021;27/11/2051;127.000,00;227,13;Madrid
V505184;Vida Hipoteca;H;12/02/1976;21/12/2020;21/12/2050;142.000,00;338,94;Badajoz
V504624;Vida Hipoteca;M;15/06/1977;26/02/2023;26/02/2043;162.000,00;415,34;A Coruña
V505334;Vida Hipoteca;H;13/03/1978;14/10/2019;14/10/2049;182.000,00;329,01;Madrid
V507957;Vida Riesgo;H;07/07/1989;08/02/2015;08/02/2030;130.000,00;60,33;Bizkaia
V502944;Vida Riesgo;M;04/07/1970;05/09/2017;05/09/2032;73.000,00;212,13;Asturias
V504946;Vida Hipoteca;M;29/11/1979;31/12/2017;31/12/2037;271.000,00;363,89;Castellón
V504190;Vida Riesgo;H;28/11/1962;01/06/2020;01/06/2040;45.000,00;314,84;Huelva
V506319;Vida Riesgo;M;22/11/1957;14/03/2019;14/03/2029;54.000,00;521,74;Barcelona
V506542;Vida Hipoteca;H;07/06/1986;22/12/2023;22/12/2048;121.000,00;155,06;Sevilla
V503973;Vida Hipoteca;H;25/06/1973;17/04/2015;17/04/2030;118.000,00;217,35;Cuenca
V507340;Vida Riesgo;M;26/04/1966;20/06/2024;20/06/2044;56.000,00;413,82;Guadalajara
V500332;Vida Riesgo;H;28/06/1980;23/03/2022;23/03/2042;39.000,00;71,38;Barcelona
V503104;Vida Riesgo;H;18/02/1974;22/07/2015;22/07/2025;58.000,00;103,36;Sevilla
V502079;Vida Riesgo;H;21/02/1967;10/06/2016;10/06/2031;110.000,00;383,00;Málaga
V506888;Vida Hipoteca;M;02/03/1977;01/06/2016;01/06/2046;124.000,00;183,75;Barcelona
V503307;Vida Hipoteca;M;03/02/1974;08/07/2018;08/07/2043;181.000,00;416,40;Badajoz
V504470;Vida Hipoteca;H;11/08/1973;11/10/2022;11/10/2037;131.000,00;450,99;Bizkaia
V501421;Vida Riesgo;M;01/11/1980;15/02/2019;15/02/2034;44.000,00;60,09;Las Palmas
V504504;Vida Riesgo;H;29/05/1991;09/05/2020;09/05/2040;58.000,00;35,81;Alicante
V503771;Vida Riesgo;H;08/11/1984;07/03/2017;07/03/2027;139.000,00;114,35;Cáceres
V504781;Vida Hipoteca;M;14/02/1961;27/11/2021;27/11/2046;315.000,00;2.910,83;Zaragoza
V504514;Vida Hipoteca;M;29/08/1982;30/08/2023;30/08/2048;224.000,00;385,25;Segovia
V501413;Vida Riesgo;H;23/11/1991;06/09/2018;06/09/2038;18.000,00;9,25;Zamora
V500144;Vida Riesgo;M;03/09/1984;29/04/2019;29/04/2034;74.000,00;74,17;Huesca
V501574;Vida Hipoteca;H;23/02/1985;13/08/2022;13/08/2052;136.000,00;173,22;Bizkaia
V502313;Vida Hipoteca;m;20/01/1972;20/10/2016;20/10/2046;257.000,00;607,80;La Rioja
V500986;Vida Hipoteca;M;26/06/1982;07/06/2023;07/06/2048;171.000,00;292,74;Murcia
V504110;Vida Hipoteca;H;22/02/1967;18/10/2016;18/10/2041;63.000,00;226,07;Valencia
V507262;Vida Hipoteca;H;26/10/1969;09/05/2021;09/05/2051;110.000,00;463,09;A Coruña
V500528;Vida Hipoteca;H;14/05/1979;24/05/2022;24/05/2052;73.000,00;149,14;Madrid
V504487;Vida Hipoteca;M;15/02/1975;12/03/2016;12/03/2036;360.000,00;622,74;Murcia
V504949;Vida Riesgo;M;28/01/1972;08/12/2018;08/12/2038;58.000,00;164,14;Las Palmas
V506873;Vida Riesgo;H;01/11/1986;05/01/2020;05/01/2040;32.000,00;28,30;Madrid
V500801;Vida Hipoteca;Hombre;06/09/1960;19/03/2019;19/03/2034;200.000,00;1.526,08;Cádiz
V503997;Vida Riesgo;M ;25/02/1986;08/07/2021;08/07/2031;43.000,00;45,80;Castellón
V506043;Vida Hipoteca;H;27/07/1979;27/01/2024;27/01/2049;108.000,00;250,16;Lugo
V506222;Vida Hipoteca;H;19/08/1989;10/04/2024;10/04/2049;159.000,00;159,28;Barcelona
V506747;Vida Riesgo;M;21/07/1970;11/07/2010;11/07/2020;34.000,00;15,04;Málaga
V500387;Vida Riesgo;H;04/04/1961;01/04/2016;01/04/2036;82.000,00;463,21;Barcelona
V506327;Vida Riesgo;M;16/08/1978;10/11/2021;10/11/2041;65.000,00;135,17;Madrid
V507617;Vida Hipoteca;H;27/06/1985;20/05/2020;20/05/2035;192.000,00;196,53;Pontevedra
V507548;Vida Riesgo;M;16/08/1979;06/08/2023;06/08/2038;64.000,00;141,67;Barcelona
V500835;Vida Riesgo;M;25/03/1966;24/12/2020;24/12/2040;23.000,00;127,30;Salamanca
V507659;Vida Hipoteca;H;26/05/1984;06/09/2018;06/09/2033;279.000,00;271,00;Pontevedra
V507947;Vida Hipoteca;M;09/04/1952;08/10/2021;08/10/2051;109.000,00;2.112,88;Cádiz
V500190;Vida Riesgo;M;15/10/1981;22/09/2019;22/09/2029;28.000,00;37,11;Girona
V505790;Vida Hipoteca;Mujer;30/01/1984;20/11/2016;20/11/2041;146.000,00;125,12;Zamora
V503693;Vida Hipoteca;M;19/09/1995;08/07/2018;08/07/2048;309.000,00;113,12;Madrid
V504460;Vida Riesgo;H;05/03/1981;23/08/2024;23/08/2044;42.000,00;89,09;León
V507012;Vida Hipoteca;H;07/12/1974;18/12/2024;18/12/2049;83.000,00;307,50;Badajoz
V501159;Vida Hipoteca;H;29/09/1959;28/12/2016;28/12/2036;187.000,00;1.279,47;Sevilla
V504341;Vida Hipoteca;H;06/07/1978;11/03/2021;11/03/2051;130.000,00;257,90;Huelva
V504977;Vida Hipoteca;H;10/08/1962;29/03/2020;29/03/2040;106.000,00;749,60;Murcia
V500274;Vida Hipoteca;H;23/04/1976;18/10/2016;18/10/2031;117.000,00;192,61;Santa Cruz de Tenerife
V500147;Vida Hipoteca;H;23/09/1992;25/04/2024;25/04/2044;155.000,00;119,75;Granada
V505225;Vida Riesgo;H;19/01/1976;14/07/2023;14/07/2033;42.000,00;125,30;Huesca
V500294;Vida Riesgo;M;07/11/1965;24/03/2021;24/03/2036;83.000,00;484,42;Melilla
V504420;Vida Hipoteca;H;17/02/1997;08/06/2019;08/06/2034;60.000,00;21,05;Segovia
V504866;Vida Hipoteca;M;29/09/1986;14/06/2019;14/06/2039;297.000,00;252,34;Zamora
V502847;Vida Hipoteca;M;05/05/1970;20/06/2020;20/06/2040;107.000,00;399,71;Sevilla
V502587;Vida Hipoteca;H;19/03/1967;10/02/2016;10/02/2031;170.000,00;572,01;Murcia
V501715;Vida Hipoteca;M;18/09/1976;29/09/2023;29/09/2043;138.000,00;396,14;Madrid
V506820;Vida Hipoteca;M;13/08/1983;06/12/2023;06/12/2053;205.000,00;332,61;Las Palmas
V503182;Vida Riesgo;H;22/12/1973;15/01/2017;15/01/2037;77.000,00;157,84;Madrid
V504996;Vida Riesgo;H;24/11/1982;21/10/2018;21/10/2033;57.000,00;63,57;Cádiz
V502000;Vida Hipoteca;H;28/06/1965;25/01/2018;25/01/2038;142.000,00;653,33;Barcelona
V506912;Vida Hipoteca;H;23/09/1977;11/08/2016;11/08/2041;63.000,00;90,50;Sevilla
V503898;Vida Riesgo;M;21/03/1968;04/05/2016;04/05/2026;162.000,00;510,20;Sevilla
V502053;Vida Hipoteca;H;14/03/1977;27/05/2022;27/05/2042;149.000,00;366,24;Barcelona
V500974;Vida Riesgo;M;27/04/1974;14/03/2015;14/03/2030;94.000,00;159,99;Huesca
V503216;Vida Hipoteca;M;10/05/1974;27/02/2024;27/02/2049;174.000,00;632,17;León
V504199;Vida Riesgo;H;29/08/1989;10/06/2024;10/06/2034;39.000,00;39,53;Madrid
V506354;Vida Riesgo;M;21/08/1962;26/07/2018;26/07/2028;49.000,00;299,70;Burgos
V501921;Vida Hipoteca;H;18/07/1987;01/04/2016;01/04/2046;119.000,00;71,97;Ceuta
V505566;Vida Hipoteca;H;13/03/1979;17/09/2019;17/09/2039;145.000,00;239,28;Ceuta
V500041;Vida Riesgo;M;01/03/1983;12/03/2024;12/03/2034;93.000,00;160,35;Bizkaia
V505482;Vida Hipoteca;H;22/09/1957;15/10/2022;15/10/2047;342.000,00;4.546,31;Valencia
V507817;Vida Hipoteca;H;15/01/1970;01/12/2020;01/12/2035;342.000,00;1.361,78;Madrid
V500377;Vida Hipoteca;H;30/09/1990;02/01/2016;02/01/2041;183.000,00;82,55;A Coruña
V501278;Vida Hipoteca;H;10/10/1979;19/04/2017;19/04/2032;145.000,00;185,58;Barcelona
V502194;Vida Riesgo;H;11/04/1978;20/06/2023;20/06/2043;82.000,00;201,36;Las Palmas
V503709;Vida Riesgo;H;20/06/1965;11/01/2017;11/01/2027;69.000,00;291,15;Castellón
V507254;Vida Hipoteca;M;08/07/1971;14/01/2015;14/01/2045;235.000,00;500,66;Zaragoza
V502004;Vida Hipoteca;H;10/12/1961;30/10/2019;30/10/2044;118.000,00;852,42;Zaragoza
V507710;Vida Hipoteca;M;30/05/1980;21/07/2019;21/07/2039;107.000,00;157,11;Murcia
V503503;Vida Riesgo;M;23/03/1983;26/04/2020;26/04/2040;13.000,00;16,04;Castellón
V503137;Vida Hipoteca;M;13/02/1983;06/06/2018;06/06/2048;125.000,00;132,52;Barcelona
V507883;Vida Riesgo;M;18/06/1994;23/10/2023;23/10/2033;81.000,00;51,73;Bizkaia
V500205;Vida Hipoteca;M;07/03/1987;03/02/2021;03/02/2046;135.000,00;127,09;Valencia
V501068;Vida Hipoteca;M;07/09/1974;29/04/2021;29/04/2036;316.000,00;877,81;Cádiz
V506171;Vida Hipoteca;H;12/04/1974;08/09/2017;08/09/2042;139.000,00;293,33;León
V503152;Vida Riesgo;M;16/06/1981;03/05/2015;03/05/2035;94.000,00;88,23;Girona
V504071;Vida Hipoteca;M;14/12/1985;22/06/2017;22/06/2042;181.000,00;139,07;Girona
V505557;Vida Riesgo;M;22/09/1973;29/09/2018;29/09/2028;118.000,00;285,54;Madrid
V503185;Vida Riesgo;M;20/02/1972;23/10/2020;23/10/2040;98.000,00;323,51;La Rioja
V504300;Vida Hipoteca;M;29/03/1979;20/01/2020;20/01/2035;165.000,00;279,27;Valencia
V507687;Vida Hipoteca;M;08/09/1982;20/07/2022;20/07/2042;249.000,00;388,74;Murcia
V503792;Vida Hipoteca;H;04/09/1982;20/07/2016;20/07/2031;77.000,00;72,27;A Coruña
V502718;Vida Riesgo;H;07/05/1973;30/04/2018;30/04/2038;358.000,00;863,40;Granada
V502672;Vida Hipoteca;H ;11/06/1961;04/02/2019;04/02/2034;343.000,00;2.428,78;Cuenca
V502459;Vida Hipoteca;H;14/10/1977;08/10/2023;08/10/2043;131.000,00;344,02;Valencia
V501982;Vida Riesgo;H;30/07/1960;31/03/2022;31/03/2032;97.000,00;966,40;Málaga
V507911;Vida Hipoteca;M;24/01/1975;30/06/2022;30/06/2037;114.000,00;338,58;A Coruña
V500740;Vida Riesgo;M;09/06/1978;04/02/2023;04/02/2038;110.000,00;258,10;Asturias
V501032;Vida Riesgo;M;17/12/1970;03/03/2022;03/03/2037;81.000,00;331,73;Madrid
V502121;Vida Hipoteca;M;11/06/1978;28/02/2015;28/02/2030;178.000,00;212,70;Asturias
V505520;Vida Hipoteca;M;20/02/1974;17/01/2017;17/01/2037;54.000,00;109,19;Barcelona
V507286;Vida Hipoteca;H;26/08/1972;04/10/2020;04/10/2050;187.000,00;588,33;Asturias
V503046;Vida Riesgo;H;28/10/1978;19/08/2017;19/08/2027;53.000,00;75,65;Granada
V501725;Vida Hipoteca;H;18/10/1978;05/05/2019;05/05/2044;259.000,00;428,44;Alicante
V504079;Vida Riesgo;H;11/11/1981;27/03/2016;27/03/2036;74.000,00;72,46;Barcelona
V502254;Vida Hipoteca;H;20/08/1974;16/03/2022;16/03/2052;420.000,00;1.262,43;Valencia
V502915;Vida Hipoteca;H;23/02/1982;14/01/2022;14/01/2042;143.000,00;223,79;Valladolid
